Set parameter NodefileStart to value 6
Read parameters from file gurobi.env
Restricted license - for non-production use only - expires 2027-11-29
Set parameter OutputFlag to value 1
Set parameter Threads to value 4
Set parameter TimeLimit to value 19800
Set parameter MIPGap to value 5e-05
Set parameter MIPFocus to value 2
Set parameter NonConvex to value 2
Set parameter BestBdStop to value 2.7426211734693878e-02
Gurobi Optimizer version 13.0.3 build v13.0.3rc0 (linux64 - "Ubuntu 24.04.5 LTS")

CPU model: AMD EPYC 7763 64-Core Processor, instruction set [SSE2|AVX|AVX2]
Thread count: 2 physical cores, 4 logical processors, using up to 4 threads

Non-default parameters:
TimeLimit  19800
BestBdStop  2.7426211734693878e-02
MIPGap  5e-05
MIPFocus  2
NodefileStart  6
NonConvex  2
Threads  4

Optimize a model with 165 rows, 135 columns and 976 nonzeros (Max)
Model fingerprint: 0x7dff5fb5
Model has 1 linear objective coefficients
Model has 50 quadratic constraints
Variable types: 65 continuous, 70 integer (70 binary)
Coefficient statistics:
  Matrix range     [5e-01, 1e+00]
  QMatrix range    [1e+00, 1e+00]
  QLMatrix range   [1e+00, 1e+00]
  Objective range  [1e+00, 1e+00]
  Bounds range     [5e-01, 1e+00]
  RHS range        [1e+00, 1e+00]

Found heuristic solution: objective -0.0000000
Presolve time: 0.00s
Presolved: 365 rows, 136 columns, 1376 nonzeros
Presolved model has 50 bilinear constraint(s)

Solving non-convex MIQCP to global optimality

Variable types: 66 continuous, 70 integer (70 binary)
Root relaxation presolve removed 50 rows and 1 columns
Root relaxation presolved: 315 rows, 135 columns, 1326 nonzeros


Root relaxation: objective 2.500000e-01, 113 iterations, 0.00 seconds (0.00 work units)

    Nodes    |    Current Node    |     Objective Bounds      |     Work
 Expl Unexpl |  Obj  Depth IntInf | Incumbent    BestBd   Gap | It/Node Time

     0     0    0.25000    0   43   -0.00000    0.25000      -     -    0s
     0     0    0.15000    0  101   -0.00000    0.15000      -     -    0s
     0     0    0.14286    0   95   -0.00000    0.14286      -     -    0s
     0     0    0.14007    0   96   -0.00000    0.14007      -     -    0s
     0     0    0.13216    0   95   -0.00000    0.13216      -     -    0s
     0     0    0.13172    0  100   -0.00000    0.13172      -     -    0s
     0     0    0.13172    0   86   -0.00000    0.13172      -     -    0s
     0     0    0.12500    0   95   -0.00000    0.12500      -     -    0s
     0     0    0.12500    0  100   -0.00000    0.12500      -     -    0s
     0     0    0.12500    0   90   -0.00000    0.12500      -     -    0s
     0     0    0.12500    0   48   -0.00000    0.12500      -     -    0s
     0     0    0.12500    0   50   -0.00000    0.12500      -     -    0s
     0     0    0.12500    0   50   -0.00000    0.12500      -     -    0s
     0     0    0.12500    0   50   -0.00000    0.12500      -     -    0s
     0     0    0.12500    0   50   -0.00000    0.12500      -     -    0s
     0     0    0.12500    0   50   -0.00000    0.12500      -     -    0s
     0     0    0.12500    0   50   -0.00000    0.12500      -     -    0s
     0     0    0.12500    0   50   -0.00000    0.12500      -     -    0s
     0     0    0.12500    0   50   -0.00000    0.12500      -     -    0s
     0     2    0.12500    0   50   -0.00000    0.12500      -     -    0s
H  154   186                       0.0000000    0.12500      -  32.1    0s
*  566   565              74       0.0000001    0.12500      -  22.7    0s
H 1175   921                       0.0000001    0.12500      -  25.7    1s
H 1519  1166                       0.0051299    0.12500  2337%  26.0    1s
H 2613  1474                       0.0077629    0.11678  1404%  26.9    2s
H 2663  1452                       0.0077630    0.10364  1235%  27.2    2s
H 2686  1432                       0.0078072    0.10364  1227%  27.4    2s
H 2727  1381                       0.0078186    0.10364  1226%  27.6    2s
H 3197  1532                       0.0082624    0.09974  1107%  28.5    2s
H 3242  1589                       0.0082624    0.09974  1107%  28.5    2s
H 4784  2488                       0.0082624    0.09081   999%  30.6    3s
 11863  6636 infeasible   45         0.00826    0.07906   857%  29.8    5s
H13083  7076                       0.0083154    0.07845   843%  29.9    5s
H13319  7353                       0.0083154    0.07834   842%  29.8    5s
*15889  7759             151       0.0111061    0.07689   592%  28.8    6s
*15890  7759             152       0.0111065    0.07689   592%  28.8    6s
*15891  7759             152       0.0111069    0.07689   592%  28.8    6s
*15926  7646             162       0.0114616    0.07689   571%  28.7    6s
H16289  7828                       0.0114616    0.07683   570%  28.8    6s
H17726  7721                       0.0119622    0.07542   530%  29.0    6s
H17803  7897                       0.0119622    0.07542   530%  29.0    6s
H21532 10039                       0.0148252    0.07402   399%  29.9    9s
 25380 10579    0.03191   36   60    0.01483    0.07154   383%  30.3   10s
H27284 11318                       0.0148252    0.07110   380%  30.7   10s
 41148 17487     cutoff   29         0.01483    0.06884   364%  31.7   15s
 57321 25485    0.03464   30   52    0.01483    0.06636   348%  32.6   20s
*72524 31824              88       0.0148588    0.06496   337%  33.0   24s
*72528 31824              87       0.0148592    0.06496   337%  33.0   24s
 74799 33111    0.05015   30   57    0.01486    0.06479   336%  33.0   25s
H75091 32929                       0.0150468    0.06479   331%  33.0   25s
H87348 38556                       0.0150767    0.06391   324%  33.1   28s
 92724 41145    0.04160   32   56    0.01508    0.06351   321%  33.2   30s
H93239 37927                       0.0179243    0.06350   254%  33.2   30s
H93725 37694                       0.0181166    0.06349   250%  33.2   30s
H96801 38849                       0.0181166    0.06329   249%  33.2   31s
 109563 43573    0.02050   40   55    0.01812    0.06231   244%  33.0   35s
 125313 49857    0.01935   42   59    0.01812    0.06167   240%  33.1   40s
 142550 56321    0.05164   30   54    0.01812    0.06113   237%  33.1   45s
 161244 62968    0.02930   37   50    0.01812    0.06056   234%  33.0   50s
H166061 64176                       0.0184352    0.06043   228%  33.0   51s
H166358 64176                       0.0184352    0.06041   228%  33.0   51s
 173134 66791    0.01976   46   53    0.01844    0.06021   227%  33.1   55s
 191153 72972    0.02061   34   56    0.01844    0.05970   224%  33.1   60s
 209211 78842     cutoff   40         0.01844    0.05924   221%  33.1   65s
 227352 84669    0.02101   40   49    0.01844    0.05882   219%  33.2   70s
H230372 85625                       0.0184352    0.05876   219%  33.2   70s
 243328 90145    0.04223   36   54    0.01844    0.05846   217%  33.2   75s
H243332 84509                       0.0208845    0.05846   180%  33.2   75s
H250486 86358                       0.0208845    0.05826   179%  33.1   77s
H250541 86545                       0.0208845    0.05826   179%  33.1   77s
 258561 88963     cutoff   39         0.02088    0.05806   178%  33.1   80s
 273901 93341    0.02410   33   54    0.02088    0.05769   176%  33.1   85s
 292141 98778     cutoff   45         0.02088    0.05736   175%  33.1   90s
 309845 103734    0.02827   38   59    0.02088    0.05698   173%  33.1   95s
 327594 108699    0.04371   29   54    0.02088    0.05665   171%  33.0  100s
 345397 113885    0.02393   52   47    0.02088    0.05634   170%  33.0  105s
 363271 119075    0.02196   34   52    0.02088    0.05606   168%  33.0  110s
 381286 123982    0.05294   28   71    0.02088    0.05576   167%  32.9  115s
 399142 128889    0.02183   39   47    0.02088    0.05543   165%  32.9  120s
 414777 133138    0.03674   33   51    0.02088    0.05518   164%  32.9  125s
 429604 137216    0.03878   44   61    0.02088    0.05497   163%  32.9  130s
 446765 142016    0.04258   33   61    0.02088    0.05475   162%  32.9  135s
H449041 142576                       0.0208845    0.05472   162%  33.0  135s
H457058 143468                       0.0211572    0.05461   158%  33.0  138s
H457062 143586                       0.0211572    0.05461   158%  33.0  138s
H457497 143777                       0.0211572    0.05460   158%  33.0  138s
H458795 144022                       0.0211572    0.05458   158%  33.0  139s
 460060 144354    0.02944   32   58    0.02116    0.05456   158%  33.0  140s
 476472 148740    0.04657   36   55    0.02116    0.05438   157%  33.0  145s
 493543 153599    0.02544   37   42    0.02116    0.05418   156%  33.0  150s
 511286 158643    0.02222   39   58    0.02116    0.05398   155%  33.0  155s
H511671 144984                       0.0240432    0.05397   124%  33.0  155s
 526899 148559    0.04514   35   60    0.02404    0.05377   124%  33.0  160s
 544964 152654    0.04615   34   55    0.02404    0.05356   123%  33.0  165s
 562273 156294    0.02952   37   54    0.02404    0.05336   122%  33.0  170s
 576897 159404    0.02877   42   52    0.02404    0.05320   121%  33.0  175s
 594629 162977    0.02960   55   49    0.02404    0.05299   120%  33.0  180s
 613148 166959    0.03483   39   53    0.02404    0.05277   119%  33.0  185s
H626117 169562                       0.0240432    0.05261   119%  33.0  188s
 628325 169990     cutoff   32         0.02404    0.05259   119%  33.0  190s
H630241 170347                       0.0240432    0.05257   119%  33.0  190s
 644989 173125    0.02521   33   54    0.02404    0.05241   118%  33.0  195s
 663125 176650     cutoff   43         0.02404    0.05222   117%  32.9  200s
 681079 180328     cutoff   33         0.02404    0.05202   116%  32.9  205s
 699230 183858     cutoff   41         0.02404    0.05184   116%  32.9  210s
 717500 187783    0.04674   31   59    0.02404    0.05168   115%  32.9  215s
 735388 191032     cutoff   39         0.02404    0.05152   114%  32.8  220s
 753531 194344    0.02563   39   55    0.02404    0.05136   114%  32.8  225s
 769872 197442    0.03406   38   58    0.02404    0.05122   113%  32.8  230s
 788017 200668    0.05002   31   47    0.02404    0.05105   112%  32.7  235s
 805925 203884     cutoff   34         0.02404    0.05091   112%  32.7  240s
 824279 207266     cutoff   44         0.02404    0.05075   111%  32.7  245s
 840606 210202     cutoff   36         0.02404    0.05062   111%  32.7  250s
 854964 213016     cutoff   46         0.02404    0.05051   110%  32.7  255s
 871405 216120 infeasible   43         0.02404    0.05038   110%  32.7  260s
 888058 218873     cutoff   31         0.02404    0.05026   109%  32.7  265s
 905008 221897 infeasible   37         0.02404    0.05012   108%  32.6  270s
 920715 224907     cutoff   33         0.02404    0.05000   108%  32.6  275s
 938691 227757    0.03497   34   52    0.02404    0.04987   107%  32.6  280s
 955237 230641     cutoff   38         0.02404    0.04976   107%  32.6  285s
 972214 233414    0.03992   33   55    0.02404    0.04963   106%  32.6  290s
 988725 235986    0.02670   48   54    0.02404    0.04952   106%  32.6  295s
 1005059 238802 infeasible   33         0.02404    0.04942   106%  32.6  300s
 1023029 241829     cutoff   39         0.02404    0.04932   105%  32.5  305s
 1036380 243877    0.03973   32   47    0.02404    0.04923   105%  32.5  310s
 1052373 246570     cutoff   42         0.02404    0.04913   104%  32.5  315s
 1069229 249241    0.02525   45   61    0.02404    0.04903   104%  32.5  320s
 1083798 251492     cutoff   39         0.02404    0.04894   104%  32.5  325s
 1101829 254491    0.04510   35   64    0.02404    0.04883   103%  32.5  330s
 1118599 256948     cutoff   38         0.02404    0.04873   103%  32.4  335s
 1135467 259416     cutoff   39         0.02404    0.04864   102%  32.4  340s
 1152282 261911    0.03845   40   59    0.02404    0.04854   102%  32.4  345s
 1168615 264374 infeasible   38         0.02404    0.04845   102%  32.4  350s
 1184378 267115    0.03499   35   64    0.02404    0.04837   101%  32.4  355s
 1196421 269084     cutoff   37         0.02404    0.04830   101%  32.4  360s
 1212658 271499     cutoff   34         0.02404    0.04822   101%  32.4  365s
 1228765 273654    0.03292   38   60    0.02404    0.04814   100%  32.3  370s
 1245706 275982    0.03125   32   60    0.02404    0.04806   100%  32.3  375s
 1260584 278568    0.03970   35   51    0.02404    0.04798   100%  32.3  380s
 1279338 280644    0.02488   44   50    0.02404    0.04788  99.1%  32.3  385s
 1297429 283518    0.03346   41   57    0.02404    0.04780  98.8%  32.3  390s
 1315299 285942 infeasible   32         0.02404    0.04771  98.4%  32.3  395s
 1333628 288583    0.02704   35   55    0.02404    0.04762  98.1%  32.3  400s
 1351102 291117     cutoff   36         0.02404    0.04754  97.7%  32.2  405s
 1369059 293914    0.03067   32   55    0.02404    0.04745  97.3%  32.2  410s
 1387611 296680     cutoff   36         0.02404    0.04736  97.0%  32.2  415s
 1400652 298592     cutoff   45         0.02404    0.04730  96.7%  32.2  420s
 1418854 301249    0.03400   39   59    0.02404    0.04721  96.3%  32.2  425s
 1437249 304056    0.02426   37   50    0.02404    0.04711  96.0%  32.2  430s
 1455016 306486     cutoff   35         0.02404    0.04703  95.6%  32.2  435s
 1473766 309446     cutoff   43         0.02404    0.04694  95.2%  32.2  440s
 1492123 312094    0.02833   37   52    0.02404    0.04686  94.9%  32.1  445s
 1509601 314434     cutoff   42         0.02404    0.04677  94.5%  32.1  450s
 1528333 317159 infeasible   35         0.02404    0.04669  94.2%  32.1  455s
 1545643 319725     cutoff   46         0.02404    0.04661  93.9%  32.1  460s
 1563696 322383    0.02755   39   54    0.02404    0.04653  93.5%  32.1  465s
 1578500 324589    0.02956   49   55    0.02404    0.04647  93.3%  32.1  470s
 1596790 327317    0.03528   39   55    0.02404    0.04640  93.0%  32.1  475s
 1614688 330030     cutoff   44         0.02404    0.04632  92.7%  32.1  480s
 1632968 332031    0.02479   39   56    0.02404    0.04625  92.4%  32.1  485s
 1651217 334624     cutoff   40         0.02404    0.04619  92.1%  32.1  490s
 1669860 336760     cutoff   43         0.02404    0.04612  91.8%  32.1  495s
 1685780 338822    0.03318   36   47    0.02404    0.04605  91.5%  32.1  500s
 1703117 341236     cutoff   39         0.02404    0.04598  91.2%  32.1  505s
 1721404 343690     cutoff   39         0.02404    0.04592  91.0%  32.1  510s
 1739782 345870    0.03925   27   62    0.02404    0.04584  90.7%  32.0  515s
 1754530 347842    0.02665   32   52    0.02404    0.04579  90.4%  32.0  520s
H1756016 348028                       0.0240432    0.04578  90.4%  32.0  520s
 1770260 349965     cutoff   41         0.02404    0.04573  90.2%  32.0  525s
H1781617 351309                       0.0240432    0.04569  90.0%  32.0  528s
 1786321 352018    0.02502   35   51    0.02404    0.04567  89.9%  32.0  530s
 1804711 354305    0.03927   36   59    0.02404    0.04560  89.7%  32.0  535s
 1822575 356704    0.03207   36   56    0.02404    0.04554  89.4%  32.0  540s
 1840828 358733    0.03889   35   60    0.02404    0.04547  89.1%  32.0  545s
 1858735 360686    0.04313   29   52    0.02404    0.04540  88.8%  32.0  550s
 1877120 363249     cutoff   39         0.02404    0.04533  88.5%  32.0  555s
 1895180 365419    0.03102   32   55    0.02404    0.04525  88.2%  32.0  560s
 1913066 367575     cutoff   37         0.02404    0.04519  87.9%  32.0  565s
 1927129 369536    0.03319   35   53    0.02404    0.04514  87.7%  31.9  570s
 1946178 371125    0.03544   29   53    0.02404    0.04508  87.5%  31.9  575s
 1964060 372969    0.02483   34   57    0.02404    0.04501  87.2%  31.9  580s
 1982278 374994    0.02536   35   51    0.02404    0.04495  86.9%  31.9  585s
 2000312 377414    0.02986   41   50    0.02404    0.04488  86.7%  31.9  590s
 2019069 379859    0.02948   36   60    0.02404    0.04483  86.5%  31.9  595s
 2036815 381874     cutoff   35         0.02404    0.04476  86.2%  31.9  600s
 2055030 384036     cutoff   39         0.02404    0.04470  85.9%  31.9  605s
 2073070 386302     cutoff   43         0.02404    0.04464  85.7%  31.9  610s
 2091558 388311    0.03881   31   57    0.02404    0.04458  85.4%  31.9  615s
 2106471 390033    0.02808   33   55    0.02404    0.04453  85.2%  31.9  620s
 2124269 391985    0.02533   41   51    0.02404    0.04448  85.0%  31.9  625s
 2140112 393981     cutoff   38         0.02404    0.04442  84.8%  31.8  630s
 2157147 395903    0.03076   39   54    0.02404    0.04437  84.5%  31.8  635s
 2175261 398120    0.02682   39   60    0.02404    0.04431  84.3%  31.8  640s
 2193258 400065     cutoff   36         0.02404    0.04425  84.0%  31.8  645s
 2210872 402132    0.02460   46   58    0.02404    0.04419  83.8%  31.8  650s
 2228598 404096     cutoff   45         0.02404    0.04413  83.5%  31.8  655s
 2246779 406364    0.02593   35   53    0.02404    0.04408  83.3%  31.8  660s
 2261783 407857    0.02704   28   64    0.02404    0.04402  83.1%  31.8  665s
 2279913 409850    0.02430   45   51    0.02404    0.04397  82.9%  31.8  670s
 2297652 411976    0.02576   38   51    0.02404    0.04391  82.6%  31.8  675s
 2315825 413872     cutoff   44         0.02404    0.04385  82.4%  31.8  680s
 2334249 415862    0.03376   28   57    0.02404    0.04379  82.1%  31.8  685s
 2352366 417746    0.03611   31   59    0.02404    0.04374  81.9%  31.8  690s
 2370645 419964    0.02429   41   60    0.02404    0.04368  81.7%  31.8  695s
 2388574 421627    0.02410   34   51    0.02404    0.04363  81.5%  31.8  700s
 2407373 423719    0.02691   38   50    0.02404    0.04358  81.3%  31.7  705s
 2422521 425319    0.03108   33   55    0.02404    0.04354  81.1%  31.7  710s
 2441104 427406     cutoff   48         0.02404    0.04348  80.8%  31.7  715s
 2458733 429667     cutoff   46         0.02404    0.04343  80.6%  31.7  720s
 2476945 432091    0.03076   41   57    0.02404    0.04338  80.4%  31.7  725s
 2494857 434010    0.03314   34   54    0.02404    0.04332  80.2%  31.7  730s
 2513307 436225    0.04087   39   59    0.02404    0.04327  80.0%  31.7  735s
 2531391 438204     cutoff   43         0.02404    0.04321  79.7%  31.7  740s
 2549985 440246    0.02640   42   55    0.02404    0.04316  79.5%  31.7  745s
 2566034 442439    0.03335   42   60    0.02404    0.04312  79.3%  31.6  750s
 2581247 444288    0.03702   29   58    0.02404    0.04308  79.2%  31.6  755s
 2598858 446105     cutoff   45         0.02404    0.04302  78.9%  31.6  760s
 2617531 448522    0.02750   33   57    0.02404    0.04297  78.7%  31.6  765s
 2636221 450400    0.02808   34   54    0.02404    0.04292  78.5%  31.6  770s
 2654173 452242     cutoff   44         0.02404    0.04287  78.3%  31.6  775s
 2672031 453999    0.02406   63   28    0.02404    0.04283  78.1%  31.6  780s
 2690266 455852     cutoff   60         0.02404    0.04278  77.9%  31.6  785s
 2708120 457710     cutoff   33         0.02404    0.04273  77.7%  31.6  790s
 2726741 459557    0.02511   45   60    0.02404    0.04268  77.5%  31.6  795s
 2745264 461816    0.02926   36   54    0.02404    0.04262  77.3%  31.6  800s
 2759490 463244    0.02970   31   52    0.02404    0.04259  77.1%  31.5  805s
 2777214 464781    0.03070   36   54    0.02404    0.04254  76.9%  31.5  810s
 2795350 466659     cutoff   41         0.02404    0.04249  76.7%  31.5  815s
 2813774 468415    0.02797   43   54    0.02404    0.04243  76.5%  31.5  820s
 2832151 470538    0.02957   40   53    0.02404    0.04238  76.3%  31.5  825s
 2849879 472117    0.02486   52   57    0.02404    0.04233  76.1%  31.5  830s
 2868613 473983    0.02740   36   59    0.02404    0.04228  75.9%  31.5  835s
 2886499 476030    0.03416   28   69    0.02404    0.04224  75.7%  31.5  840s
 2905139 477896    0.02657   36   66    0.02404    0.04218  75.5%  31.5  845s
 2922736 479909     cutoff   34         0.02404    0.04214  75.3%  31.5  850s
 2938806 482074    0.02714   40   57    0.02404    0.04210  75.1%  31.4  855s
 2955970 484076    0.04002   38   61    0.02404    0.04206  74.9%  31.4  860s
 2972534 485911    0.02508   48   50    0.02404    0.04202  74.8%  31.4  865s
 2991970 487993     cutoff   47         0.02404    0.04197  74.6%  31.4  870s
 3008091 489385    0.02575   44   56    0.02404    0.04193  74.4%  31.4  875s
 3026228 491101     cutoff   29         0.02404    0.04189  74.2%  31.4  880s
 3044832 493116     cutoff   36         0.02404    0.04184  74.0%  31.4  885s
 3062679 494972    0.02999   38   52    0.02404    0.04180  73.8%  31.4  890s
 3081295 496964    0.02921   40   54    0.02404    0.04175  73.6%  31.4  895s
 3099369 498771     cutoff   40         0.02404    0.04170  73.5%  31.4  900s
 3117801 500585    0.02426   45   52    0.02404    0.04166  73.3%  31.3  905s
 3132485 502120     cutoff   43         0.02404    0.04163  73.1%  31.3  910s
H3146070 445613                       0.0261904    0.04160  58.8%  31.3  913s
 3148364 445727    0.03048   30   58    0.02619    0.04159  58.8%  31.3  915s
 3165962 446490    0.02805   45   48    0.02619    0.04153  58.6%  31.3  920s
 3184003 447570     cutoff   30         0.02619    0.04148  58.4%  31.3  925s
 3201991 448533    0.03712   39   44    0.02619    0.04142  58.2%  31.3  930s
 3220040 449395     cutoff   45         0.02619    0.04136  57.9%  31.3  935s
 3237906 449996    0.02957   40   60    0.02619    0.04131  57.7%  31.3  940s
H3243512 450398                       0.0261905    0.04129  57.6%  31.3  941s
H3244730 450434                       0.0261905    0.04128  57.6%  31.3  942s
 3251572 450792    0.02644   29   52    0.02619    0.04126  57.6%  31.2  945s
 3269904 451564     cutoff   40         0.02619    0.04121  57.3%  31.2  950s
 3287267 452352    0.03052   33   51    0.02619    0.04116  57.1%  31.2  955s
 3303879 453115     cutoff   41         0.02619    0.04111  56.9%  31.2  960s
 3320319 454141    0.03592   34   62    0.02619    0.04106  56.8%  31.2  965s
 3338809 455056     cutoff   40         0.02619    0.04101  56.6%  31.2  970s
 3356960 456096    0.03261   39   56    0.02619    0.04095  56.4%  31.2  975s
 3375243 456781    0.02837   33   54    0.02619    0.04090  56.2%  31.2  980s
 3392170 457888     cutoff   30         0.02619    0.04085  56.0%  31.1  985s
 3410857 459111    0.03219   38   55    0.02619    0.04080  55.8%  31.1  990s
 3428990 459768    0.02621   37   57    0.02619    0.04075  55.6%  31.1  995s
 3445438 460829    0.02669   56   20    0.02619    0.04070  55.4%  31.1 1000s
 3463359 461780    0.03894   32   61    0.02619    0.04066  55.2%  31.1 1005s
 3481526 462802    0.02782   42   57    0.02619    0.04061  55.0%  31.1 1010s
 3496464 463591    0.02794   35   55    0.02619    0.04056  54.9%  31.1 1015s
 3514429 464402    0.03418   36   63    0.02619    0.04052  54.7%  31.1 1020s
 3532897 465357    0.02780   44   63    0.02619    0.04046  54.5%  31.0 1025s
 3551012 466727    0.03670   47   57    0.02619    0.04042  54.3%  31.0 1030s
 3569346 467557    0.03689   35   55    0.02619    0.04037  54.1%  31.0 1035s
 3587350 468623     cutoff   42         0.02619    0.04032  54.0%  31.0 1040s
 3605633 469363    0.02734   31   56    0.02619    0.04028  53.8%  31.0 1045s
 3623323 470104    0.02668   40   54    0.02619    0.04023  53.6%  31.0 1050s
 3640478 471153     cutoff   37         0.02619    0.04018  53.4%  31.0 1055s
 3658337 472030    0.02710   25   54    0.02619    0.04014  53.3%  30.9 1060s
 3675815 472634    0.03832   47   64    0.02619    0.04009  53.1%  30.9 1065s
 3689900 473219     cutoff   29         0.02619    0.04005  52.9%  30.9 1070s
 3707958 474070    0.02848   33   60    0.02619    0.04000  52.7%  30.9 1075s
 3723641 474939     cutoff   35         0.02619    0.03997  52.6%  30.9 1080s
 3741740 475760     cutoff   31         0.02619    0.03992  52.4%  30.9 1085s
 3759642 477386    0.02661   64   15    0.02619    0.03988  52.3%  30.9 1090s
 3776847 478229    0.03714   29   54    0.02619    0.03983  52.1%  30.8 1095s
 3794359 478843    0.03909   31   60    0.02619    0.03979  51.9%  30.8 1100s
 3810859 479662    0.02677   33   57    0.02619    0.03975  51.8%  30.8 1105s
 3827038 480120     cutoff   38         0.02619    0.03971  51.6%  30.8 1110s
 3844242 481059     cutoff   41         0.02619    0.03966  51.4%  30.8 1115s
 3862025 481836    0.02695   35   41    0.02619    0.03962  51.3%  30.8 1120s
 3872962 482258    0.03383   43   48    0.02619    0.03959  51.2%  30.8 1125s
 3890532 482655    0.03197   30   49    0.02619    0.03954  51.0%  30.8 1130s
 3908097 483561     cutoff   38         0.02619    0.03950  50.8%  30.7 1135s
 3925638 484507     cutoff   42         0.02619    0.03946  50.7%  30.7 1140s
 3943295 485239     cutoff   42         0.02619    0.03941  50.5%  30.7 1145s
 3961090 486084    0.02711   42   58    0.02619    0.03937  50.3%  30.7 1150s
 3978556 486995    0.02838   47   57    0.02619    0.03933  50.2%  30.7 1155s
 3996108 488296    0.02903   39   59    0.02619    0.03929  50.0%  30.7 1160s
 4013106 489103    0.02735   42   55    0.02619    0.03925  49.9%  30.6 1165s
 4030610 489845     cutoff   43         0.02619    0.03921  49.7%  30.6 1170s
 4048409 490605     cutoff   45         0.02619    0.03917  49.5%  30.6 1175s
 4065919 491862     cutoff   41         0.02619    0.03913  49.4%  30.6 1180s
 4080634 492575     cutoff   48         0.02619    0.03909  49.3%  30.6 1185s
 4098306 493423     cutoff   46         0.02619    0.03905  49.1%  30.6 1190s
 4116297 494726     cutoff   43         0.02619    0.03901  48.9%  30.6 1195s
 4134343 496111    0.02709   50   40    0.02619    0.03897  48.8%  30.5 1200s
 4152582 496989    0.03728   35   47    0.02619    0.03893  48.6%  30.5 1205s
 4170608 497953    0.03584   46   54    0.02619    0.03889  48.5%  30.5 1210s
 4188428 498960    0.03622   34   54    0.02619    0.03885  48.3%  30.5 1215s
 4207085 500231    0.02875   36   51    0.02619    0.03881  48.2%  30.5 1220s
 4225118 501108     cutoff   36         0.02619    0.03877  48.0%  30.5 1225s
 4244088 502442     cutoff   39         0.02619    0.03873  47.9%  30.4 1230s
 4262401 503714     cutoff   39         0.02619    0.03869  47.7%  30.4 1235s
 4276498 504514    0.03083   41   59    0.02619    0.03866  47.6%  30.4 1240s
 4294309 505339    0.03845   39   61    0.02619    0.03862  47.5%  30.4 1245s
 4311501 506384    0.03045   39   50    0.02619    0.03859  47.3%  30.4 1250s
 4329055 507097    0.02938   36   63    0.02619    0.03855  47.2%  30.4 1255s
 4344043 508171    0.02669   41   31    0.02619    0.03852  47.1%  30.3 1260s
 4361863 508935    0.03252   36   53    0.02619    0.03849  46.9%  30.3 1265s
 4379283 509864     cutoff   50         0.02619    0.03845  46.8%  30.3 1270s
 4396490 510878     cutoff   58         0.02619    0.03841  46.7%  30.3 1275s
 4414394 511919     cutoff   39         0.02619    0.03837  46.5%  30.3 1280s
 4432145 512740    0.02960   59   13    0.02619    0.03834  46.4%  30.3 1285s
 4450402 513693    0.03217   40   61    0.02619    0.03830  46.2%  30.3 1290s
 4466267 515536    0.03477   35   57    0.02619    0.03827  46.1%  30.2 1295s
 4483274 516440 infeasible   57         0.02619    0.03823  46.0%  30.2 1300s
 4501226 517718     cutoff   39         0.02619    0.03820  45.8%  30.2 1305s
 4519682 519273    0.02768   46   52    0.02619    0.03816  45.7%  30.2 1310s
 4538563 520584     cutoff   33         0.02619    0.03813  45.6%  30.2 1315s
 4558409 521805     cutoff   52         0.02619    0.03809  45.4%  30.2 1320s
 4577476 523297 infeasible   45         0.02619    0.03806  45.3%  30.1 1325s
 4597219 524818     cutoff   44         0.02619    0.03802  45.2%  30.1 1330s
 4616377 526384    0.03011   34   57    0.02619    0.03798  45.0%  30.1 1335s
 4635792 528121    0.03557   35   63    0.02619    0.03795  44.9%  30.1 1340s
 4651436 529208    0.03516   40   55    0.02619    0.03792  44.8%  30.1 1345s
 4670577 530650    0.02661   75    9    0.02619    0.03789  44.7%  30.0 1350s
 4689744 532257     cutoff   31         0.02619    0.03786  44.5%  30.0 1355s
 4709450 533717     cutoff   41         0.02619    0.03782  44.4%  30.0 1360s
 4728606 534805     cutoff   42         0.02619    0.03779  44.3%  30.0 1365s
 4748704 536388    0.03731   39   58    0.02619    0.03775  44.2%  30.0 1370s
 4768388 538839    0.02799   42   55    0.02619    0.03772  44.0%  29.9 1375s
 4787764 541123     cutoff   47         0.02619    0.03769  43.9%  29.9 1380s
 4805849 543085     cutoff   41         0.02619    0.03767  43.8%  29.9 1385s
 4825866 544882     cutoff   33         0.02619    0.03764  43.7%  29.9 1390s
 4842794 546468    0.03470   34   60    0.02619    0.03761  43.6%  29.8 1395s
 4862685 549134    0.02680   31   55    0.02619    0.03758  43.5%  29.8 1400s
 4882754 551577    0.02693   66   25    0.02619    0.03755  43.4%  29.8 1405s
 4903197 553828    0.03752   72   35    0.02619    0.03752  43.3%  29.7 1410s
 4923108 555478     cutoff   38         0.02619    0.03749  43.1%  29.7 1415s
 4942752 556858     cutoff   54         0.02619    0.03746  43.0%  29.7 1420s
 4962633 558224     cutoff   35         0.02619    0.03742  42.9%  29.7 1425s
 4982468 559538     cutoff   35         0.02619    0.03739  42.8%  29.7 1430s
 5002275 560778     cutoff   47         0.02619    0.03736  42.6%  29.7 1435s
 5021764 562097     cutoff   38         0.02619    0.03732  42.5%  29.6 1440s
 5037826 563308    0.02655   38   48    0.02619    0.03730  42.4%  29.6 1445s
 5057796 564726     cutoff   34         0.02619    0.03726  42.3%  29.6 1450s
H5069290 565723                       0.0261905    0.03725  42.2%  29.6 1452s
 5075575 566382    0.03521   32   57    0.02619    0.03724  42.2%  29.6 1455s
 5095960 568563     cutoff   38         0.02619    0.03721  42.1%  29.6 1460s
 5115613 569574    0.02676   41   56    0.02619    0.03717  41.9%  29.5 1465s
 5135265 571719    0.03182   43   44    0.02619    0.03714  41.8%  29.5 1470s
 5155262 573149    0.03116   32   51    0.02619    0.03711  41.7%  29.5 1475s
 5175018 574291    0.03490   44   46    0.02619    0.03708  41.6%  29.5 1480s
 5194975 575943    0.02687   48   42    0.02619    0.03705  41.5%  29.5 1485s
 5213785 577309     cutoff   41         0.02619    0.03702  41.4%  29.4 1490s
 5231672 578235     cutoff   45         0.02619    0.03699  41.2%  29.4 1495s
 5252064 579507    0.03276   29   53    0.02619    0.03696  41.1%  29.4 1500s
 5269823 580879     cutoff   40         0.02619    0.03693  41.0%  29.4 1505s
 5289660 581808    0.02703   78   17    0.02619    0.03690  40.9%  29.4 1510s
H5292628 582025                       0.0261905    0.03690  40.9%  29.4 1510s
 5306833 583082    0.03088   43   56    0.02619    0.03688  40.8%  29.4 1515s
 5326923 584541     cutoff   46         0.02619    0.03685  40.7%  29.3 1520s
 5346527 585740    0.02942   40   57    0.02619    0.03682  40.6%  29.3 1525s
 5366977 587007     cutoff   75         0.02619    0.03679  40.5%  29.3 1530s
 5386946 588511    0.02636   38   53    0.02619    0.03676  40.4%  29.3 1535s
 5403653 589859    0.02989   46   53    0.02619    0.03674  40.3%  29.3 1540s
 5423772 591503    0.03528   42   57    0.02619    0.03671  40.2%  29.3 1545s
 5444552 593496    0.02799   83   37    0.02619    0.03668  40.1%  29.2 1550s
 5465092 594753    0.02865   29   47    0.02619    0.03666  40.0%  29.2 1555s
 5485949 596063    0.02721   38   59    0.02619    0.03663  39.9%  29.2 1560s
 5506754 597631    0.03631   36   60    0.02619    0.03660  39.8%  29.2 1565s
 5527400 598723    0.02643   43   61    0.02619    0.03658  39.7%  29.2 1570s
 5547653 600167     cutoff   57         0.02619    0.03655  39.5%  29.1 1575s
 5568571 601743 infeasible   38         0.02619    0.03652  39.4%  29.1 1580s
 5588825 602794    0.02937   45   63    0.02619    0.03649  39.3%  29.1 1585s
 5605580 603750    0.02783   36   54    0.02619    0.03647  39.3%  29.1 1590s
 5626594 605058     cutoff   41         0.02619    0.03644  39.1%  29.1 1595s
 5647487 606337    0.03183   50   46    0.02619    0.03642  39.0%  29.1 1600s
 5667928 607598     cutoff   41         0.02619    0.03639  38.9%  29.0 1605s
 5689072 608817    0.02758   42   41    0.02619    0.03636  38.8%  29.0 1610s
 5709447 610073    0.02723   37   50    0.02619    0.03634  38.7%  29.0 1615s
 5730532 611834 infeasible   40         0.02619    0.03631  38.6%  29.0 1620s
 5748812 612846     cutoff   46         0.02619    0.03629  38.5%  29.0 1625s
 5769445 614154     cutoff   45         0.02619    0.03626  38.4%  29.0 1630s
 5789454 615143     cutoff   42         0.02619    0.03623  38.3%  28.9 1635s
 5808262 616109    0.03563   39   55    0.02619    0.03621  38.3%  28.9 1640s
 5826983 617243    0.02804   48   54    0.02619    0.03619  38.2%  28.9 1645s
 5847552 618815     cutoff   41         0.02619    0.03616  38.1%  28.9 1650s
 5868373 620206    0.03002   45   59    0.02619    0.03614  38.0%  28.9 1655s
 5888645 621277    0.02795   45   58    0.02619    0.03611  37.9%  28.9 1660s
 5909434 622509    0.03195   32   54    0.02619    0.03608  37.8%  28.8 1665s
 5930833 623974     cutoff   33         0.02619    0.03606  37.7%  28.8 1670s
 5950839 625295    0.03438   43   60    0.02619    0.03603  37.6%  28.8 1675s
 5971425 626777    0.03465   31   54    0.02619    0.03601  37.5%  28.8 1680s
 5991711 628291    0.02690   34   56    0.02619    0.03599  37.4%  28.8 1685s
 6009402 629410    0.03321   58   31    0.02619    0.03597  37.3%  28.8 1690s
 6029623 630545     cutoff   38         0.02619    0.03595  37.3%  28.8 1695s
 6050256 632451    0.03269   51   50    0.02619    0.03592  37.2%  28.7 1700s
 6070954 633917     cutoff   59         0.02619    0.03590  37.1%  28.7 1705s
 6091671 635977    0.02717   34   52    0.02619    0.03588  37.0%  28.7 1710s
 6112242 637625     cutoff   36         0.02619    0.03586  36.9%  28.7 1715s
 6132617 639446     cutoff   44         0.02619    0.03584  36.8%  28.7 1720s
 6153346 640726     cutoff   42         0.02619    0.03582  36.7%  28.7 1725s
 6173881 642221    0.02866   43   53    0.02619    0.03579  36.7%  28.6 1730s
 6193847 643453    0.02914   43   41    0.02619    0.03577  36.6%  28.6 1735s
 6211119 644541    0.02649   49   56    0.02619    0.03575  36.5%  28.6 1740s
 6230400 645604    0.03288   45   51    0.02619    0.03573  36.4%  28.6 1745s
 6250044 646899    0.03180   40   64    0.02619    0.03571  36.4%  28.6 1750s
 6271133 648159    0.02805   43   50    0.02619    0.03569  36.3%  28.6 1755s
 6291925 649866     cutoff   42         0.02619    0.03567  36.2%  28.6 1760s
 6312667 651231    0.02719   42   47    0.02619    0.03565  36.1%  28.6 1765s
 6333200 652811 infeasible   44         0.02619    0.03563  36.0%  28.5 1770s
 6354008 653935     cutoff   47         0.02619    0.03561  36.0%  28.5 1775s
 6373803 655235    0.02691   44   51    0.02619    0.03559  35.9%  28.5 1780s
 6395256 656434     cutoff   39         0.02619    0.03557  35.8%  28.5 1785s
 6416240 657512     cutoff   42         0.02619    0.03555  35.7%  28.5 1790s
 6433254 658930    0.03175   91   25    0.02619    0.03553  35.7%  28.5 1795s
 6453771 660065     cutoff   46         0.02619    0.03551  35.6%  28.5 1800s
 6474578 661233    0.03109   48   57    0.02619    0.03549  35.5%  28.5 1805s
 6495107 662463     cutoff   75         0.02619    0.03547  35.4%  28.4 1810s
 6516104 663709     cutoff   45         0.02619    0.03545  35.4%  28.4 1815s
 6536983 664654    0.03088   38   64    0.02619    0.03543  35.3%  28.4 1820s
 6558354 666254     cutoff   47         0.02619    0.03541  35.2%  28.4 1825s
 6579219 667880    0.03504   41   51    0.02619    0.03539  35.1%  28.4 1830s
 6600358 669181     cutoff   40         0.02619    0.03537  35.1%  28.4 1835s
 6621617 670557    0.02904   41   61    0.02619    0.03535  35.0%  28.4 1840s
 6639350 671643    0.02886   32   51    0.02619    0.03533  34.9%  28.3 1845s
 6660404 672795     cutoff   49         0.02619    0.03531  34.8%  28.3 1850s
 6681585 673654     cutoff   47         0.02619    0.03529  34.7%  28.3 1855s
 6702829 674801     cutoff   47         0.02619    0.03527  34.7%  28.3 1860s
 6722372 675786    0.02910   48   62    0.02619    0.03525  34.6%  28.3 1865s
 6743053 676858    0.02767   45   54    0.02619    0.03523  34.5%  28.3 1870s
 6763029 678137    0.03174   49   54    0.02619    0.03522  34.5%  28.3 1875s
 6783798 679225     cutoff   48         0.02619    0.03520  34.4%  28.3 1880s
 6800680 680245    0.03054   51   51    0.02619    0.03518  34.3%  28.3 1885s
 6821509 681520    0.02948   42   52    0.02619    0.03516  34.3%  28.2 1890s
 6842909 682837    0.03332   44   54    0.02619    0.03514  34.2%  28.2 1895s
 6864160 683780     cutoff   47         0.02619    0.03512  34.1%  28.2 1900s
 6885385 685146     cutoff   43         0.02619    0.03510  34.0%  28.2 1905s
 6906910 686622    0.03240   48   50    0.02619    0.03508  34.0%  28.2 1910s
 6928035 687966    0.03004   45   60    0.02619    0.03507  33.9%  28.2 1915s
 6948869 688999    0.02783   63   50    0.02619    0.03505  33.8%  28.2 1920s
 6965668 689797    0.03443   49   58    0.02619    0.03503  33.8%  28.2 1925s
 6986311 691365    0.03497   32   61    0.02619    0.03501  33.7%  28.1 1930s
 7007861 692926    0.02679   63   15    0.02619    0.03499  33.6%  28.1 1935s
 7028869 694002     cutoff   43         0.02619    0.03497  33.5%  28.1 1940s
 7050019 695659     cutoff   49         0.02619    0.03496  33.5%  28.1 1945s
 7071257 697044    0.02896   39   53    0.02619    0.03494  33.4%  28.1 1950s
 7092091 697996    0.03323   40   53    0.02619    0.03492  33.3%  28.1 1955s
 7113248 699193     cutoff   37         0.02619    0.03490  33.3%  28.1 1960s
 7134482 700341    0.03014   51   55    0.02619    0.03488  33.2%  28.1 1965s
 7155270 701345    0.03302   39   57    0.02619    0.03486  33.1%  28.0 1970s
 7176427 702625    0.02777   43   52    0.02619    0.03485  33.1%  28.0 1975s
 7192624 703891    0.02981   39   56    0.02619    0.03483  33.0%  28.0 1980s
 7213402 704974    0.02766   50   59    0.02619    0.03481  32.9%  28.0 1985s
 7231856 706060    0.02777   39   56    0.02619    0.03480  32.9%  28.0 1990s
 7253060 707164     cutoff   40         0.02619    0.03478  32.8%  28.0 1995s
 7273790 708028     cutoff   35         0.02619    0.03476  32.7%  28.0 2000s
 7294213 708736    0.03416   31   64    0.02619    0.03475  32.7%  28.0 2005s
 7314989 709782     cutoff   40         0.02619    0.03473  32.6%  28.0 2010s
 7336318 710873     cutoff   48         0.02619    0.03471  32.5%  27.9 2015s
 7357497 711672    0.02712   49   49    0.02619    0.03469  32.5%  27.9 2020s
 7378295 712806    0.02671   40   54    0.02619    0.03468  32.4%  27.9 2025s
 7399020 713800     cutoff   46         0.02619    0.03466  32.3%  27.9 2030s
 7419917 715049    0.02663   46   50    0.02619    0.03465  32.3%  27.9 2035s
 7436656 715942    0.02934   49   55    0.02619    0.03463  32.2%  27.9 2040s
 7457930 716816    0.02648   41   45    0.02619    0.03461  32.2%  27.9 2045s
 7478282 717557     cutoff   54         0.02619    0.03460  32.1%  27.9 2050s
 7499867 718354     cutoff   38         0.02619    0.03458  32.0%  27.9 2055s
 7520815 719235     cutoff   39         0.02619    0.03456  32.0%  27.9 2060s
 7541691 720133     cutoff   38         0.02619    0.03454  31.9%  27.9 2065s
 7563186 721258    0.02763   64   15    0.02619    0.03453  31.8%  27.8 2070s
 7584155 722042    0.02922   49   28    0.02619    0.03451  31.8%  27.8 2075s
 7605571 723020    0.03449   44   56    0.02619    0.03449  31.7%  27.8 2080s
 7626759 723726    0.03211   40   54    0.02619    0.03448  31.6%  27.8 2085s
 7643801 724569     cutoff   51         0.02619    0.03446  31.6%  27.8 2090s
 7665499 725421     cutoff   50         0.02619    0.03445  31.5%  27.8 2095s
 7686850 726221     cutoff   44         0.02619    0.03443  31.5%  27.8 2100s
 7708346 727183     cutoff   41         0.02619    0.03441  31.4%  27.8 2105s
 7728722 728061    0.02883   78   19    0.02619    0.03440  31.3%  27.8 2110s
 7750397 728886    0.02818   46   59    0.02619    0.03438  31.3%  27.8 2115s
 7768644 729572     cutoff   47         0.02619    0.03437  31.2%  27.7 2120s
 7787966 730223     cutoff   40         0.02619    0.03435  31.2%  27.7 2125s
 7808521 730964    0.02883   49   52    0.02619    0.03433  31.1%  27.7 2130s
 7828957 731741     cutoff   44         0.02619    0.03432  31.0%  27.7 2135s
 7845194 732445     cutoff   43         0.02619    0.03431  31.0%  27.7 2140s
 7864337 733044    0.03200   44   56    0.02619    0.03429  30.9%  27.7 2145s
 7883909 733617    0.03162   39   56    0.02619    0.03428  30.9%  27.7 2150s
 7903711 734478    0.03311   38   51    0.02619    0.03426  30.8%  27.7 2155s
 7923327 735217    0.02903   40   55    0.02619    0.03425  30.8%  27.7 2160s
 7942995 735785     cutoff   46         0.02619    0.03423  30.7%  27.7 2165s
 7962704 736558    0.02820   40   54    0.02619    0.03421  30.6%  27.7 2170s
 7982271 737207     cutoff   44         0.02619    0.03420  30.6%  27.7 2175s
 8001677 737879     cutoff   45         0.02619    0.03418  30.5%  27.7 2180s
 8021106 738701    0.02851   43   59    0.02619    0.03417  30.5%  27.6 2185s
 8040878 739455     cutoff   43         0.02619    0.03416  30.4%  27.6 2190s
 8057064 740075    0.03032   36   60    0.02619    0.03414  30.4%  27.6 2195s
 8075797 740705    0.02623   45   52    0.02619    0.03413  30.3%  27.6 2200s
 8095776 741504    0.02956   45   57    0.02619    0.03412  30.3%  27.6 2205s
 8115478 742167    0.02727   39   56    0.02619    0.03410  30.2%  27.6 2210s
 8135020 743022     cutoff   51         0.02619    0.03409  30.1%  27.6 2215s
 8154902 743707    0.02790   42   54    0.02619    0.03407  30.1%  27.6 2220s
 8174845 745039     cutoff   38         0.02619    0.03406  30.0%  27.6 2225s
 8194337 746067    0.03020   86   19    0.02619    0.03404  30.0%  27.6 2230s
 8213389 746775    0.02756   60   43    0.02619    0.03403  29.9%  27.6 2235s
 8233386 747715    0.03400   53   52    0.02619    0.03401  29.9%  27.6 2240s
 8252913 748680     cutoff   40         0.02619    0.03400  29.8%  27.5 2245s
 8268698 749415    0.03398   38   58    0.02619    0.03399  29.8%  27.5 2250s
 8285224 749830    0.03300   42   43    0.02619    0.03398  29.7%  27.5 2255s
 8306696 750345     cutoff   36         0.02619    0.03396  29.7%  27.5 2260s
 8327310 751060     cutoff   49         0.02619    0.03395  29.6%  27.5 2265s
 8347154 751390     cutoff   43         0.02619    0.03393  29.6%  27.5 2270s
 8368236 752175    0.02722   36   61    0.02619    0.03392  29.5%  27.5 2275s
 8388664 753160    0.02848   46   57    0.02619    0.03390  29.4%  27.5 2280s
 8408304 753727     cutoff   43         0.02619    0.03389  29.4%  27.5 2285s
 8428759 753900    0.02733   39   55    0.02619    0.03388  29.3%  27.5 2290s
 8449649 754266     cutoff   46         0.02619    0.03386  29.3%  27.5 2295s
 8470962 754861    0.02841   78   17    0.02619    0.03384  29.2%  27.4 2300s
 8488466 755865    0.02678   40   52    0.02619    0.03383  29.2%  27.4 2305s
 8509282 756723     cutoff   50         0.02619    0.03382  29.1%  27.4 2310s
 8530621 757313     cutoff   43         0.02619    0.03381  29.1%  27.4 2315s
 8552152 758453     cutoff   49         0.02619    0.03379  29.0%  27.4 2320s
 8573071 758801    0.03109   32   49    0.02619    0.03377  29.0%  27.4 2325s
 8594693 759513    0.02663   46   56    0.02619    0.03376  28.9%  27.4 2330s
 8615467 760063    0.03057   50   48    0.02619    0.03375  28.8%  27.4 2335s
 8635728 760700     cutoff   36         0.02619    0.03373  28.8%  27.4 2340s
 8657804 761495     cutoff   46         0.02619    0.03372  28.7%  27.4 2345s
 8678489 762053    0.02954   36   49    0.02619    0.03371  28.7%  27.4 2350s
 8696414 762577     cutoff   41         0.02619    0.03369  28.6%  27.4 2355s
 8717435 763048    0.03215   45   52    0.02619    0.03368  28.6%  27.3 2360s
 8738636 763618     cutoff   49         0.02619    0.03366  28.5%  27.3 2365s
 8759217 764188    0.02928   53   59    0.02619    0.03365  28.5%  27.3 2370s
 8780219 765169     cutoff   39         0.02619    0.03364  28.4%  27.3 2375s
 8801676 765856     cutoff   44         0.02619    0.03362  28.4%  27.3 2380s
 8820990 766744    0.02835   41   54    0.02619    0.03361  28.3%  27.3 2385s
 8841836 767366     cutoff   44         0.02619    0.03359  28.3%  27.3 2390s
 8863360 767709    0.02653   41   54    0.02619    0.03358  28.2%  27.3 2395s
 8880892 768236    0.02854   39   64    0.02619    0.03357  28.2%  27.3 2400s
 8901468 768829    0.03355   38   57    0.02619    0.03355  28.1%  27.3 2405s
 8923286 769450    0.03021   38   56    0.02619    0.03354  28.1%  27.3 2410s
 8945099 769890    0.02823   43   55    0.02619    0.03352  28.0%  27.3 2415s
 8966510 770440    0.03068   49   66    0.02619    0.03351  27.9%  27.2 2420s
 8987905 771104     cutoff   40         0.02619    0.03350  27.9%  27.2 2425s
 9009301 771779    0.02666   46   52    0.02619    0.03348  27.8%  27.2 2430s
 9030920 772716    0.02829   45   57    0.02619    0.03347  27.8%  27.2 2435s
 9052616 773377     cutoff   41         0.02619    0.03345  27.7%  27.2 2440s
 9074263 774715     cutoff   46         0.02619    0.03344  27.7%  27.2 2445s
 9092476 777453    0.02765   83   15    0.02619    0.03343  27.7%  27.2 2450s
 9115654 782045    0.03313   39   56    0.02619    0.03343  27.6%  27.2 2455s
 9135770 783362     cutoff   40         0.02619    0.03342  27.6%  27.1 2460s
 9156229 783722    0.02902   43   53    0.02619    0.03341  27.6%  27.1 2465s
 9177347 784267    0.02800   44   56    0.02619    0.03340  27.5%  27.1 2470s
 9198662 784953    0.03171   48   42    0.02619    0.03339  27.5%  27.1 2475s
 9220117 785671     cutoff   50         0.02619    0.03337  27.4%  27.1 2480s
 9240530 786011 infeasible   36         0.02619    0.03336  27.4%  27.1 2485s
 9261523 786566     cutoff   47         0.02619    0.03335  27.3%  27.1 2490s
 9279786 787223    0.02746   52   57    0.02619    0.03334  27.3%  27.1 2495s
 9301365 787676     cutoff   73         0.02619    0.03333  27.2%  27.1 2500s
 9323041 788373    0.03102   40   39    0.02619    0.03331  27.2%  27.1 2505s
 9344154 789136    0.03330   34   48    0.02619    0.03330  27.1%  27.1 2510s
 9364568 789891    0.02808   57   42    0.02619    0.03329  27.1%  27.0 2515s
 9386095 790266     cutoff   47         0.02619    0.03328  27.1%  27.0 2520s
 9408315 791056    0.02967   45   57    0.02619    0.03326  27.0%  27.0 2525s
 9430089 791737     cutoff   43         0.02619    0.03325  27.0%  27.0 2530s
 9451696 792162     cutoff   43         0.02619    0.03324  26.9%  27.0 2535s
 9473401 792910    0.02776   36   53    0.02619    0.03322  26.9%  27.0 2540s
 9490157 793224     cutoff   54         0.02619    0.03321  26.8%  27.0 2545s
 9512327 793739     cutoff   58         0.02619    0.03320  26.8%  27.0 2550s
 9534029 794283     cutoff   40         0.02619    0.03319  26.7%  27.0 2555s
 9556531 794759    0.03287   40   53    0.02619    0.03317  26.7%  27.0 2560s
 9578785 795434    0.02978   52   51    0.02619    0.03316  26.6%  27.0 2565s
 9600417 795750     cutoff   44         0.02619    0.03315  26.6%  27.0 2570s
 9622695 796356     cutoff   44         0.02619    0.03313  26.5%  26.9 2575s
 9644416 797166    0.02833   44   45    0.02619    0.03312  26.5%  26.9 2580s
 9666590 797793     cutoff   55         0.02619    0.03311  26.4%  26.9 2585s
 9689115 798563    0.02793   51   55    0.02619    0.03309  26.4%  26.9 2590s
 9711070 799471     cutoff   40         0.02619    0.03308  26.3%  26.9 2595s
 9729594 799843     cutoff   41         0.02619    0.03307  26.3%  26.9 2600s
 9750944 800818     cutoff   40         0.02619    0.03306  26.2%  26.9 2605s
 9771945 801244     cutoff   45         0.02619    0.03305  26.2%  26.9 2610s
 9793386 801708     cutoff   47         0.02619    0.03304  26.1%  26.9 2615s
 9814953 802273    0.02662   42   54    0.02619    0.03303  26.1%  26.9 2620s
 9837248 802785    0.02714   43   51    0.02619    0.03301  26.0%  26.9 2625s
 9858720 803021     cutoff   43         0.02619    0.03300  26.0%  26.9 2630s
 9877934 803436    0.02768   45   55    0.02619    0.03299  26.0%  26.8 2635s
 9895447 803874    0.03210   43   59    0.02619    0.03298  25.9%  26.8 2640s
 9917584 804378     cutoff   60         0.02619    0.03297  25.9%  26.8 2645s
 9940225 804787     cutoff   37         0.02619    0.03295  25.8%  26.8 2650s
 9962328 805276     cutoff   31         0.02619    0.03294  25.8%  26.8 2655s
 9984544 805863    0.03280   43   45    0.02619    0.03293  25.7%  26.8 2660s
 10006353 806462    0.02956   49   34    0.02619    0.03292  25.7%  26.8 2665s
 10028836 806874     cutoff   41         0.02619    0.03290  25.6%  26.8 2670s
 10051267 807390    0.02679   46   54    0.02619    0.03289  25.6%  26.8 2675s
 10073307 807826     cutoff   36         0.02619    0.03288  25.5%  26.8 2680s
 10095740 808416    0.02915   42   58    0.02619    0.03287  25.5%  26.8 2685s
 10115745 809108    0.03274   34   63    0.02619    0.03286  25.5%  26.8 2690s
 10136396 809619     cutoff   44         0.02619    0.03284  25.4%  26.7 2695s
 10158921 810381    0.03248   36   53    0.02619    0.03283  25.4%  26.7 2700s
 10181096 811172    0.03203   66   34    0.02619    0.03282  25.3%  26.7 2705s
 10203501 811862     cutoff   53         0.02619    0.03281  25.3%  26.7 2710s
 10226033 812413    0.02719   44   52    0.02619    0.03280  25.2%  26.7 2715s
 10247899 812941    0.02665   46   56    0.02619    0.03279  25.2%  26.7 2720s
 10270278 813331    0.02855   43   52    0.02619    0.03277  25.1%  26.7 2725s
 10292986 813812    0.02646   44   56    0.02619    0.03276  25.1%  26.7 2730s
 10315116 814337 infeasible   42         0.02619    0.03275  25.0%  26.7 2735s
 10333340 814958    0.03264   36   55    0.02619    0.03274  25.0%  26.7 2740s
 10356147 815447     cutoff   47         0.02619    0.03273  25.0%  26.7 2745s
 10378251 815771     cutoff   49         0.02619    0.03271  24.9%  26.6 2750s
 10400819 816313    0.02892   44   53    0.02619    0.03270  24.9%  26.6 2755s
 10423419 816642    0.02674   43   56    0.02619    0.03269  24.8%  26.6 2760s
 10442980 817214    0.03019   82   26    0.02619    0.03268  24.8%  26.6 2765s
 10466082 818291    0.02863   85   16    0.02619    0.03267  24.7%  26.6 2770s
 10489220 819143    0.03011   47   52    0.02619    0.03267  24.7%  26.6 2775s
 10511926 819708     cutoff   43         0.02619    0.03266  24.7%  26.6 2780s
 10533924 819889     cutoff   38         0.02619    0.03264  24.6%  26.6 2785s
 10551786 820250    0.02819   45   54    0.02619    0.03264  24.6%  26.6 2790s
 10574337 820580    0.03151   39   61    0.02619    0.03262  24.6%  26.6 2795s
 10596905 820875     cutoff   41         0.02619    0.03261  24.5%  26.6 2800s
 10619055 821455    0.03074   44   53    0.02619    0.03260  24.5%  26.5 2805s
 10641721 821772    0.03127   38   43    0.02619    0.03259  24.4%  26.5 2810s
 10664375 822550    0.02881   45   53    0.02619    0.03258  24.4%  26.5 2815s
 10686408 823103     cutoff   50         0.02619    0.03257  24.3%  26.5 2820s
 10708843 823366    0.02879   43   57    0.02619    0.03255  24.3%  26.5 2825s
 10731370 824104    0.03241   40   55    0.02619    0.03254  24.2%  26.5 2830s
 10752218 824808     cutoff   42         0.02619    0.03253  24.2%  26.5 2835s
 10771288 825233    0.03159   33   59    0.02619    0.03252  24.2%  26.5 2840s
 10793378 825465     cutoff   49         0.02619    0.03251  24.1%  26.5 2845s
 10815854 825598    0.02848   50   55    0.02619    0.03250  24.1%  26.5 2850s
 10838357 825948    0.02823   34   61    0.02619    0.03249  24.0%  26.5 2855s
 10861074 826388    0.02735   39   53    0.02619    0.03248  24.0%  26.4 2860s
 10883937 826923    0.02621   39   58    0.02619    0.03247  24.0%  26.4 2865s
 10906207 827391    0.02764   48   51    0.02619    0.03245  23.9%  26.4 2870s
 10927996 827807    0.03244   38   53    0.02619    0.03244  23.9%  26.4 2875s
 10946683 828264    0.02974   44   52    0.02619    0.03243  23.8%  26.4 2880s
 10968594 828576    0.03085   31   52    0.02619    0.03242  23.8%  26.4 2885s
 10990990 828985    0.03001   42   54    0.02619    0.03241  23.7%  26.4 2890s
 11013020 829217    0.03145   51   54    0.02619    0.03240  23.7%  26.4 2895s
 11033127 829458    0.03073   31   56    0.02619    0.03239  23.7%  26.4 2900s
 11054923 829706    0.02924   46   55    0.02619    0.03237  23.6%  26.4 2905s
 11077406 829920     cutoff   56         0.02619    0.03236  23.6%  26.4 2910s
 11099816 830018    0.03126   35   53    0.02619    0.03235  23.5%  26.4 2915s
 11121560 830350    0.02653   45   57    0.02619    0.03234  23.5%  26.4 2920s
 11143289 830500    0.02750   46   44    0.02619    0.03233  23.4%  26.3 2925s
 11162380 830691     cutoff   37         0.02619    0.03232  23.4%  26.3 2930s
 11184625 830993     cutoff   35         0.02619    0.03231  23.4%  26.3 2935s
 11207541 831443     cutoff   46         0.02619    0.03230  23.3%  26.3 2940s
 11229795 831737    0.02977   39   54    0.02619    0.03228  23.3%  26.3 2945s
 11252605 832018     cutoff   33         0.02619    0.03227  23.2%  26.3 2950s
 11275162 832450    0.02685   42   57    0.02619    0.03226  23.2%  26.3 2955s
 11297634 832818    0.02761   48   55    0.02619    0.03225  23.1%  26.3 2960s
 11320231 833262     cutoff   45         0.02619    0.03224  23.1%  26.3 2965s
 11342359 833382     cutoff   36         0.02619    0.03222  23.0%  26.3 2970s
 11364867 833668     cutoff   44         0.02619    0.03221  23.0%  26.3 2975s
 11382765 833800    0.02848   41   64    0.02619    0.03220  23.0%  26.3 2980s
 11405202 834014     cutoff   43         0.02619    0.03219  22.9%  26.2 2985s
 11428298 834354     cutoff   41         0.02619    0.03218  22.9%  26.2 2990s
 11450406 834630    0.03057   38   43    0.02619    0.03217  22.8%  26.2 2995s
 11473261 834745    0.02828   41   58    0.02619    0.03216  22.8%  26.2 3000s
 11495514 834923    0.02843   43   57    0.02619    0.03215  22.7%  26.2 3005s
 11518138 835295    0.02640   78   16    0.02619    0.03213  22.7%  26.2 3010s
 11540187 835390    0.03030   46   46    0.02619    0.03212  22.7%  26.2 3015s
 11562511 835449    0.02667   44   55    0.02619    0.03211  22.6%  26.2 3020s
 11577956 835638     cutoff   50         0.02619    0.03210  22.6%  26.2 3025s
 11600781 836056 infeasible   49         0.02619    0.03209  22.5%  26.2 3030s
 11623322 836333     cutoff   40         0.02619    0.03208  22.5%  26.2 3035s
 11645604 836628     cutoff   35         0.02619    0.03207  22.5%  26.2 3040s
 11668799 837037    0.03080   43   56    0.02619    0.03206  22.4%  26.2 3045s
 11691374 837258    0.03059   43   51    0.02619    0.03205  22.4%  26.1 3050s
 11714540 837609     cutoff   62         0.02619    0.03204  22.3%  26.1 3055s
 11737050 837800    0.03039   36   55    0.02619    0.03203  22.3%  26.1 3060s
 11759813 838129     cutoff   47         0.02619    0.03202  22.2%  26.1 3065s
 11779514 838257    0.02707   29   60    0.02619    0.03201  22.2%  26.1 3070s
 11800902 838428    0.02730   44   54    0.02619    0.03200  22.2%  26.1 3075s
 11824231 839009     cutoff   69         0.02619    0.03198  22.1%  26.1 3080s
 11846587 839625    0.03169   30   62    0.02619    0.03197  22.1%  26.1 3085s
 11869284 840209     cutoff   50         0.02619    0.03196  22.0%  26.1 3090s
 11892350 840866     cutoff   53         0.02619    0.03195  22.0%  26.1 3095s
 11915031 841219     cutoff   95         0.02619    0.03194  22.0%  26.1 3100s
 11937911 841449    0.03184   36   57    0.02619    0.03194  21.9%  26.0 3105s
 11960821 841347    0.02717   40   58    0.02619    0.03193  21.9%  26.0 3110s
 11983506 841242     cutoff   48         0.02619    0.03192  21.9%  26.0 3115s
 12002670 841075    0.02657   44   56    0.02619    0.03191  21.8%  26.0 3120s
 12023154 841078    0.03047   40   60    0.02619    0.03190  21.8%  26.0 3125s
 12045595 841058     cutoff   99         0.02619    0.03189  21.8%  26.0 3130s
 12068411 841166    0.02836  103   25    0.02619    0.03188  21.7%  26.0 3135s
 12091017 841215     cutoff   41         0.02619    0.03187  21.7%  26.0 3140s
 12112604 841208    0.02911   32   58    0.02619    0.03186  21.6%  26.0 3145s
 12132679 841447    0.03028   45   60    0.02619    0.03185  21.6%  26.0 3150s
 12155367 841537    0.02993   99   24    0.02619    0.03184  21.6%  26.0 3155s
 12177558 841551     cutoff   45         0.02619    0.03183  21.5%  26.0 3160s
 12200404 841642     cutoff   40         0.02619    0.03182  21.5%  25.9 3165s
 12222737 841713    0.03173   58   42    0.02619    0.03181  21.5%  25.9 3170s
 12241091 841650     cutoff   51         0.02619    0.03180  21.4%  25.9 3175s
 12264073 841849    0.02989   38   59    0.02619    0.03179  21.4%  25.9 3180s
 12286840 841930    0.03125   39   58    0.02619    0.03178  21.3%  25.9 3185s
 12309748 841993    0.02730   41   52    0.02619    0.03177  21.3%  25.9 3190s
 12332913 842084    0.02939   45   53    0.02619    0.03176  21.3%  25.9 3195s
 12356052 841995     cutoff   47         0.02619    0.03175  21.2%  25.9 3200s
 12378288 842397     cutoff   53         0.02619    0.03174  21.2%  25.9 3205s
 12401456 842409    0.02861   54   46    0.02619    0.03173  21.2%  25.9 3210s
 12424576 842456    0.02731   53   20    0.02619    0.03172  21.1%  25.9 3215s
 12446959 842566    0.02816   45   62    0.02619    0.03171  21.1%  25.9 3220s
 12466284 842651     cutoff   46         0.02619    0.03171  21.1%  25.8 3225s
 12489678 842719    0.02747   41   54    0.02619    0.03170  21.0%  25.8 3230s
 12512566 842880    0.03166   92   14    0.02619    0.03169  21.0%  25.8 3235s
 12535803 842990     cutoff   44         0.02619    0.03168  21.0%  25.8 3240s
 12558823 843081     cutoff   43         0.02619    0.03167  20.9%  25.8 3245s
 12581801 843118    0.03147   49   51    0.02619    0.03166  20.9%  25.8 3250s
 12604785 843162     cutoff   49         0.02619    0.03165  20.8%  25.8 3255s
 12627341 842975     cutoff   37         0.02619    0.03164  20.8%  25.8 3260s
 12650356 842945    0.03050   46   56    0.02619    0.03163  20.8%  25.8 3265s
 12673890 842763    0.02773   53   32    0.02619    0.03162  20.7%  25.8 3270s
 12689658 842706    0.02995   44   53    0.02619    0.03161  20.7%  25.8 3275s
 12712850 842881    0.02715   55   55    0.02619    0.03160  20.7%  25.7 3280s
 12735528 842776     cutoff   38         0.02619    0.03159  20.6%  25.7 3285s
 12756442 842782     cutoff   34         0.02619    0.03158  20.6%  25.7 3290s
 12780108 842678     cutoff   50         0.02619    0.03157  20.6%  25.7 3295s
 12803107 842619     cutoff   51         0.02619    0.03156  20.5%  25.7 3300s
 12825713 842555    0.03118   29   62    0.02619    0.03155  20.5%  25.7 3305s
 12848470 842367     cutoff   49         0.02619    0.03154  20.4%  25.7 3310s
 12870237 842377    0.03005   42   58    0.02619    0.03153  20.4%  25.7 3315s
 12892849 842246    0.02683   48   54    0.02619    0.03152  20.4%  25.7 3320s
 12911410 842155     cutoff   43         0.02619    0.03152  20.3%  25.7 3325s
 12934222 841841     cutoff   47         0.02619    0.03151  20.3%  25.7 3330s
 12956880 841725     cutoff   50         0.02619    0.03150  20.3%  25.7 3335s
 12979757 841454     cutoff   55         0.02619    0.03149  20.2%  25.7 3340s
 13002903 841074     cutoff   41         0.02619    0.03148  20.2%  25.7 3345s
 13026081 840987    0.02667   36   54    0.02619    0.03147  20.1%  25.6 3350s
 13047179 840825    0.03024   40   56    0.02619    0.03146  20.1%  25.6 3355s
 13070649 840532    0.02776   41   51    0.02619    0.03145  20.1%  25.6 3360s
 13093547 840513     cutoff  108         0.02619    0.03144  20.0%  25.6 3365s
 13116295 840281     cutoff   48         0.02619    0.03143  20.0%  25.6 3370s
 13135172 840119     cutoff   41         0.02619    0.03142  20.0%  25.6 3375s
 13158154 840120     cutoff   45         0.02619    0.03141  19.9%  25.6 3380s
 13180752 839834 infeasible   49         0.02619    0.03140  19.9%  25.6 3385s
 13203365 839695     cutoff   40         0.02619    0.03139  19.8%  25.6 3390s
 13225620 839450    0.02723   60   47    0.02619    0.03138  19.8%  25.6 3395s
 13245467 839283     cutoff   46         0.02619    0.03137  19.8%  25.6 3400s
 13267918 839076    0.03038   49   46    0.02619    0.03136  19.7%  25.6 3405s
 13290387 838664     cutoff   39         0.02619    0.03135  19.7%  25.6 3410s
 13313336 838582    0.02936   45   55    0.02619    0.03134  19.7%  25.6 3415s
 13336147 838341    0.02906   85   15    0.02619    0.03133  19.6%  25.5 3420s
 13358567 838103    0.02720   45   51    0.02619    0.03132  19.6%  25.5 3425s
 13376625 837819    0.02634   48   55    0.02619    0.03131  19.6%  25.5 3430s
 13399555 837450    0.02847   46   39    0.02619    0.03130  19.5%  25.5 3435s
 13422117 837113     cutoff   59         0.02619    0.03129  19.5%  25.5 3440s
 13445228 836937 infeasible   45         0.02619    0.03128  19.4%  25.5 3445s
 13467652 836737     cutoff   42         0.02619    0.03127  19.4%  25.5 3450s
 13490057 836444     cutoff   53         0.02619    0.03126  19.4%  25.5 3455s
 13513751 836400     cutoff   47         0.02619    0.03125  19.3%  25.5 3460s
 13537258 836142     cutoff   43         0.02619    0.03124  19.3%  25.5 3465s
 13560342 835729    0.03104   34   55    0.02619    0.03123  19.2%  25.5 3470s
 13583322 835357    0.02692   40   53    0.02619    0.03122  19.2%  25.5 3475s
 13604540 835116    0.02716   41   50    0.02619    0.03121  19.2%  25.5 3480s
 13624380 834801    0.02889   52   50    0.02619    0.03120  19.1%  25.5 3485s
 13647973 834498     cutoff   48         0.02619    0.03119  19.1%  25.4 3490s
 13671075 834158     cutoff   45         0.02619    0.03118  19.1%  25.4 3495s
 13694025 833888     cutoff   52         0.02619    0.03117  19.0%  25.4 3500s
 13715437 832916    0.02651   53   54    0.02619    0.03116  19.0%  25.4 3505s
 13738452 832403    0.03023   45   51    0.02619    0.03115  18.9%  25.4 3510s
 13761207 832065    0.02844   49   51    0.02619    0.03114  18.9%  25.4 3515s
 13784743 831788    0.02638   61   56    0.02619    0.03113  18.9%  25.4 3520s
 13802502 831469    0.02787   47   59    0.02619    0.03112  18.8%  25.4 3525s
 13823225 831043    0.02931   40   58    0.02619    0.03111  18.8%  25.4 3530s
 13846247 830559     cutoff   41         0.02619    0.03110  18.8%  25.4 3535s
 13869353 830179    0.02856   36   55    0.02619    0.03109  18.7%  25.4 3540s
 13892572 829898    0.02630   63   24    0.02619    0.03108  18.7%  25.4 3545s
 13915455 829395    0.02814   58   51    0.02619    0.03107  18.6%  25.4 3550s
 13938340 829103    0.02688   37   55    0.02619    0.03106  18.6%  25.4 3555s
 13961899 828796     cutoff   41         0.02619    0.03106  18.6%  25.3 3560s
 13984621 828609     cutoff   41         0.02619    0.03105  18.5%  25.3 3565s
 14008145 828268    0.03059   39   63    0.02619    0.03104  18.5%  25.3 3570s
 14027111 827859     cutoff   43         0.02619    0.03103  18.5%  25.3 3575s
 14050398 827663    0.03024   43   55    0.02619    0.03102  18.4%  25.3 3580s
 14073378 827351    0.02707   43   56    0.02619    0.03101  18.4%  25.3 3585s
 14095780 826831     cutoff   43         0.02619    0.03100  18.3%  25.3 3590s
 14118651 826423    0.02643   46   56    0.02619    0.03099  18.3%  25.3 3595s
 14142167 825980     cutoff   49         0.02619    0.03098  18.3%  25.3 3600s
 14165241 825395     cutoff   40         0.02619    0.03097  18.2%  25.3 3605s
 14188277 824839     cutoff   52         0.02619    0.03096  18.2%  25.3 3610s
 14206368 824575     cutoff   76         0.02619    0.03095  18.2%  25.3 3615s
 14229768 824115    0.03013   41   51    0.02619    0.03094  18.1%  25.3 3620s
 14252430 823625    0.03085   46   45    0.02619    0.03093  18.1%  25.3 3625s
 14275492 823095    0.02898   47   53    0.02619    0.03092  18.1%  25.3 3630s
 14298336 822772     cutoff   48         0.02619    0.03091  18.0%  25.2 3635s
 14320938 822352    0.02780   38   57    0.02619    0.03090  18.0%  25.2 3640s
 14343799 822110     cutoff   42         0.02619    0.03089  18.0%  25.2 3645s
 14366554 821553     cutoff   50         0.02619    0.03088  17.9%  25.2 3650s
 14389309 821210    0.02997   40   57    0.02619    0.03087  17.9%  25.2 3655s
 14409615 820859    0.03080   44   53    0.02619    0.03086  17.8%  25.2 3660s
 14431483 820074    0.03049   44   62    0.02619    0.03086  17.8%  25.2 3665s
 14450413 819727     cutoff   67         0.02619    0.03085  17.8%  25.2 3670s
 14473676 819080    0.03084   47   53    0.02619    0.03084  17.7%  25.2 3675s
 14495940 818404    0.02737   46   54    0.02619    0.03083  17.7%  25.2 3680s
 14518363 817671    0.03064   40   53    0.02619    0.03082  17.7%  25.2 3685s
 14540848 816964     cutoff   55         0.02619    0.03081  17.6%  25.2 3690s
 14564044 816263     cutoff   33         0.02619    0.03080  17.6%  25.2 3695s
 14586841 815628    0.02913   36   60    0.02619    0.03079  17.6%  25.2 3700s
 14609392 815016    0.02921   47   59    0.02619    0.03078  17.5%  25.2 3705s
 14632076 814504    0.03077   80   17    0.02619    0.03077  17.5%  25.1 3710s
 14650108 814179     cutoff   82         0.02619    0.03076  17.5%  25.1 3715s
 14672642 813474     cutoff   41         0.02619    0.03075  17.4%  25.1 3720s
 14694942 812798    0.02908   50   48    0.02619    0.03074  17.4%  25.1 3725s
 14717449 812270    0.02783   37   61    0.02619    0.03073  17.3%  25.1 3730s
 14740262 811796     cutoff   91         0.02619    0.03072  17.3%  25.1 3735s
 14762633 811031    0.02920   48   59    0.02619    0.03071  17.3%  25.1 3740s
 14783288 810603    0.02791   46   51    0.02619    0.03070  17.2%  25.1 3745s
 14804929 809788     cutoff   43         0.02619    0.03070  17.2%  25.1 3750s
 14827554 808965     cutoff   44         0.02619    0.03069  17.2%  25.1 3755s
 14845867 808215    0.03055   39   43    0.02619    0.03068  17.1%  25.1 3760s
 14867482 807509     cutoff   53         0.02619    0.03067  17.1%  25.1 3765s
 14890293 806877    0.02966   43   56    0.02619    0.03066  17.1%  25.1 3770s
 14913477 806246     cutoff   51         0.02619    0.03065  17.0%  25.1 3775s
 14936502 805686     cutoff   39         0.02619    0.03064  17.0%  25.1 3780s
 14959565 804993    0.02661   41   40    0.02619    0.03063  17.0%  25.0 3785s
 14979117 804420     cutoff   52         0.02619    0.03062  16.9%  25.0 3790s
 15001776 803641    0.02823   52   57    0.02619    0.03061  16.9%  25.0 3795s
 15023379 802853     cutoff   39         0.02619    0.03060  16.9%  25.0 3800s
 15045965 802232    0.02809   38   55    0.02619    0.03059  16.8%  25.0 3805s
 15069316 801332    0.02737   45   61    0.02619    0.03058  16.8%  25.0 3810s
 15087756 800756    0.03057   41   54    0.02619    0.03058  16.7%  25.0 3815s
 15110213 800056    0.02656   48   55    0.02619    0.03057  16.7%  25.0 3820s
 15133211 799144     cutoff   46         0.02619    0.03056  16.7%  25.0 3825s
 15155748 798317    0.02757   48   52    0.02619    0.03055  16.6%  25.0 3830s
 15177935 797418    0.02926   47   57    0.02619    0.03054  16.6%  25.0 3835s
 15200631 796830    0.02704   47   51    0.02619    0.03053  16.6%  25.0 3840s
 15223598 796085    0.03049   41   48    0.02619    0.03052  16.5%  25.0 3845s
 15246230 795256    0.02997   35   55    0.02619    0.03051  16.5%  25.0 3850s
 15269073 794696    0.02665   41   53    0.02619    0.03050  16.4%  25.0 3855s
 15291502 794043    0.02715   37   50    0.02619    0.03049  16.4%  24.9 3860s
 15309165 793384    0.02781   42   55    0.02619    0.03048  16.4%  24.9 3865s
 15332465 792482    0.03000   68   54    0.02619    0.03047  16.3%  24.9 3870s
 15354832 791576     cutoff   47         0.02619    0.03046  16.3%  24.9 3875s
 15377327 790605     cutoff   47         0.02619    0.03045  16.3%  24.9 3880s
 15400280 789846     cutoff   47         0.02619    0.03044  16.2%  24.9 3885s
 15422457 788982     cutoff   48         0.02619    0.03043  16.2%  24.9 3890s
 15445331 787964    0.02913   75   31    0.02619    0.03042  16.2%  24.9 3895s
 15467961 786981    0.02735   39   45    0.02619    0.03041  16.1%  24.9 3900s
 15490053 785885     cutoff   46         0.02619    0.03040  16.1%  24.9 3905s
 15513086 785031    0.02907   43   58    0.02619    0.03039  16.0%  24.9 3910s
 15533586 784155     cutoff   44         0.02619    0.03038  16.0%  24.9 3915s
 15556333 783189     cutoff   48         0.02619    0.03037  16.0%  24.9 3920s
 15573913 782281     cutoff   38         0.02619    0.03037  15.9%  24.9 3925s
 15596911 781416    0.02959   45   61    0.02619    0.03036  15.9%  24.9 3930s
 15619673 780396     cutoff   50         0.02619    0.03034  15.9%  24.9 3935s
 15642785 779590     cutoff   52         0.02619    0.03033  15.8%  24.8 3940s
 15666484 778772     cutoff   53         0.02619    0.03033  15.8%  24.8 3945s
 15689505 777796     cutoff   49         0.02619    0.03032  15.7%  24.8 3950s
 15712407 776930    0.02665   47   50    0.02619    0.03031  15.7%  24.8 3955s
 15735460 775890     cutoff   47         0.02619    0.03030  15.7%  24.8 3960s
 15758234 774789     cutoff   41         0.02619    0.03029  15.6%  24.8 3965s
 15781288 773648    0.02689   44   48    0.02619    0.03028  15.6%  24.8 3970s
 15804077 772968    0.02916   41   61    0.02619    0.03027  15.6%  24.8 3975s
 15822722 772307    0.02667   37   46    0.02619    0.03026  15.5%  24.8 3980s
 15844853 771339     cutoff   43         0.02619    0.03025  15.5%  24.8 3985s
 15867907 770537     cutoff   49         0.02619    0.03024  15.5%  24.8 3990s
 15891148 769425    0.02725   33   71    0.02619    0.03023  15.4%  24.8 3995s
 15914207 768596     cutoff   53         0.02619    0.03022  15.4%  24.8 4000s
 15936974 767560    0.02934   35   54    0.02619    0.03021  15.4%  24.8 4005s
 15960264 766436     cutoff   89         0.02619    0.03020  15.3%  24.8 4010s
 15983426 765486    0.02655   38   52    0.02619    0.03019  15.3%  24.7 4015s
 16007076 764506     cutoff   50         0.02619    0.03018  15.3%  24.7 4020s
 16030442 763850    0.03014   41   55    0.02619    0.03017  15.2%  24.7 4025s
 16053131 762802     cutoff   49         0.02619    0.03016  15.2%  24.7 4030s
 16070747 762118     cutoff   47         0.02619    0.03016  15.1%  24.7 4035s
 16094542 761050    0.02950   37   53    0.02619    0.03015  15.1%  24.7 4040s
 16117433 760139    0.02814   37   57    0.02619    0.03014  15.1%  24.7 4045s
 16137988 759162    0.02645   95   14    0.02619    0.03013  15.0%  24.7 4050s
 16161430 758069     cutoff   47         0.02619    0.03012  15.0%  24.7 4055s
 16184189 756994    0.02805   41   53    0.02619    0.03011  15.0%  24.7 4060s
 16206766 755917    0.02952   32   60    0.02619    0.03010  14.9%  24.7 4065s
 16230200 755019    0.02893   37   53    0.02619    0.03009  14.9%  24.7 4070s
 16253402 753948    0.02672   55   52    0.02619    0.03008  14.8%  24.7 4075s
 16276783 752799    0.02959   44   56    0.02619    0.03007  14.8%  24.7 4080s
 16300394 751760    0.02741   40   52    0.02619    0.03006  14.8%  24.7 4085s
 16319166 750798    0.02706   45   56    0.02619    0.03005  14.7%  24.6 4090s
 16342943 749668     cutoff   44         0.02619    0.03004  14.7%  24.6 4095s
 16366379 748666     cutoff   47         0.02619    0.03003  14.7%  24.6 4100s
 16388297 747524    0.02999   37   62    0.02619    0.03002  14.6%  24.6 4105s
 16412042 746424    0.02923   32   54    0.02619    0.03001  14.6%  24.6 4110s
 16435090 745287     cutoff   88         0.02619    0.03000  14.5%  24.6 4115s
 16458484 744062    0.02718   44   48    0.02619    0.02999  14.5%  24.6 4120s
 16481340 742854     cutoff   42         0.02619    0.02998  14.5%  24.6 4125s
 16504541 741601    0.02686   42   57    0.02619    0.02997  14.4%  24.6 4130s
 16528033 740230     cutoff   43         0.02619    0.02996  14.4%  24.6 4135s
 16549649 739177     cutoff   36         0.02619    0.02995  14.3%  24.6 4140s
 16569528 738250     cutoff   43         0.02619    0.02994  14.3%  24.6 4145s
 16592692 736953     cutoff   41         0.02619    0.02993  14.3%  24.6 4150s
 16616227 735952    0.02734   39   54    0.02619    0.02992  14.2%  24.6 4155s
 16639110 734653    0.02879   38   45    0.02619    0.02991  14.2%  24.6 4160s
 16662018 733388     cutoff   45         0.02619    0.02990  14.2%  24.6 4165s
 16684992 731941    0.02637   49   43    0.02619    0.02989  14.1%  24.5 4170s
 16706971 730106     cutoff   98         0.02619    0.02988  14.1%  24.5 4175s
 16727782 728581     cutoff   41         0.02619    0.02987  14.0%  24.5 4180s
 16750930 727259    0.02777   45   63    0.02619    0.02986  14.0%  24.5 4185s
 16773894 725854    0.02939   81   27    0.02619    0.02985  14.0%  24.5 4190s
 16797897 725389    0.02650   40   53    0.02619    0.02984  13.9%  24.5 4195s
 16816905 724108    0.02825   47   57    0.02619    0.02983  13.9%  24.5 4200s
 16840418 722721     cutoff   44         0.02619    0.02982  13.9%  24.5 4205s
 16863896 721530    0.02728   41   54    0.02619    0.02981  13.8%  24.5 4210s
 16886980 719930    0.02766   46   61    0.02619    0.02980  13.8%  24.5 4215s
 16909544 718676    0.02824   49   55    0.02619    0.02979  13.7%  24.5 4220s
 16930984 717438    0.02893   49   49    0.02619    0.02978  13.7%  24.5 4225s
 16954024 716057    0.02802   48   55    0.02619    0.02977  13.7%  24.5 4230s
 16977044 714574    0.02964   35   55    0.02619    0.02976  13.6%  24.5 4235s
 16999252 713403    0.02631   55   53    0.02619    0.02975  13.6%  24.4 4240s
 17018146 712374    0.02632   43   55    0.02619    0.02974  13.6%  24.4 4245s
 17041250 710934     cutoff   43         0.02619    0.02973  13.5%  24.4 4250s
 17065203 709603     cutoff   42         0.02619    0.02972  13.5%  24.4 4255s
 17088198 708070    0.02831   50   54    0.02619    0.02971  13.4%  24.4 4260s
 17111804 706763    0.02970   42   46    0.02619    0.02970  13.4%  24.4 4265s
 17135105 705511    0.02961   39   55    0.02619    0.02969  13.4%  24.4 4270s
 17157991 704024    0.02968   45   61    0.02619    0.02968  13.3%  24.4 4275s
 17181371 702506     cutoff   53         0.02619    0.02967  13.3%  24.4 4280s
 17205313 701475     cutoff   59         0.02619    0.02966  13.2%  24.4 4285s
 17228792 700037     cutoff   52         0.02619    0.02965  13.2%  24.4 4290s
 17249471 698998    0.02945   42   62    0.02619    0.02964  13.2%  24.4 4295s
 17269584 697818    0.02634   40   64    0.02619    0.02963  13.1%  24.4 4300s
 17293410 696330    0.02864   39   64    0.02619    0.02962  13.1%  24.4 4305s
 17314009 695145    0.02754   41   52    0.02619    0.02961  13.1%  24.4 4310s
 17337397 693570    0.02779   41   54    0.02619    0.02960  13.0%  24.4 4315s
 17360827 692011     cutoff   54         0.02619    0.02959  13.0%  24.3 4320s
 17384001 690436    0.02620   45   53    0.02619    0.02958  12.9%  24.3 4325s
 17407376 688809    0.02906   39   51    0.02619    0.02957  12.9%  24.3 4330s
 17430585 687419    0.02845   48   49    0.02619    0.02956  12.9%  24.3 4335s
 17453555 685948    0.02677   48   60    0.02619    0.02955  12.8%  24.3 4340s
 17476864 684560    0.02701   45   54    0.02619    0.02954  12.8%  24.3 4345s
 17497150 683464     cutoff   50         0.02619    0.02953  12.8%  24.3 4350s
 17518319 682133    0.02682   49   51    0.02619    0.02952  12.7%  24.3 4355s
 17541746 680494     cutoff   41         0.02619    0.02951  12.7%  24.3 4360s
 17564707 679066     cutoff   40         0.02619    0.02950  12.6%  24.3 4365s
 17588455 677504     cutoff   51         0.02619    0.02949  12.6%  24.3 4370s
 17612025 675910    0.02902   49   44    0.02619    0.02948  12.6%  24.3 4375s
 17635433 674342     cutoff   51         0.02619    0.02947  12.5%  24.3 4380s
 17658798 672844    0.02736   32   46    0.02619    0.02946  12.5%  24.3 4385s
 17682507 671057     cutoff   44         0.02619    0.02945  12.5%  24.2 4390s
 17706101 669740    0.02703   40   50    0.02619    0.02944  12.4%  24.2 4395s
 17730026 668089    0.02943   46   46    0.02619    0.02943  12.4%  24.2 4400s
 17752913 666192     cutoff   45         0.02619    0.02942  12.3%  24.2 4405s
 17775871 664594     cutoff   52         0.02619    0.02941  12.3%  24.2 4410s
 17794954 663163     cutoff   43         0.02619    0.02940  12.3%  24.2 4415s
 17818728 661666     cutoff   37         0.02619    0.02939  12.2%  24.2 4420s
 17842252 660261     cutoff   48         0.02619    0.02938  12.2%  24.2 4425s
 17866164 658612    0.02707   58   34    0.02619    0.02937  12.1%  24.2 4430s
 17887387 657152     cutoff   54         0.02619    0.02936  12.1%  24.2 4435s
 17909147 655340     cutoff   63         0.02619    0.02935  12.1%  24.2 4440s
 17932472 653911     cutoff   44         0.02619    0.02934  12.0%  24.2 4445s
 17956209 652284    0.02933   42   61    0.02619    0.02933  12.0%  24.2 4450s
 17979218 650748    0.02687   54   53    0.02619    0.02932  11.9%  24.2 4455s
 18002783 648955    0.02692   49   61    0.02619    0.02930  11.9%  24.1 4460s
 18021623 647504    0.02757   40   47    0.02619    0.02930  11.9%  24.1 4465s
 18044653 645750     cutoff   46         0.02619    0.02928  11.8%  24.1 4470s
 18068397 644208    0.02671   47   51    0.02619    0.02927  11.8%  24.1 4475s
 18091927 642538     cutoff   43         0.02619    0.02926  11.7%  24.1 4480s
 18115392 640940    0.02677   38   56    0.02619    0.02925  11.7%  24.1 4485s
 18138782 639282     cutoff   50         0.02619    0.02924  11.6%  24.1 4490s
 18161859 637712    0.02795   46   52    0.02619    0.02923  11.6%  24.1 4495s
 18185114 636073     cutoff   49         0.02619    0.02922  11.6%  24.1 4500s
 18208421 634517    0.02805   83   20    0.02619    0.02921  11.5%  24.1 4505s
 18231765 633028     cutoff   43         0.02619    0.02920  11.5%  24.1 4510s
 18251113 631814    0.02919   39   54    0.02619    0.02919  11.5%  24.1 4515s
 18273567 631235     cutoff   55         0.02619    0.02918  11.4%  24.1 4520s
 18295100 630785     cutoff   49         0.02619    0.02918  11.4%  24.0 4525s
 18316607 629954     cutoff   41         0.02619    0.02917  11.4%  24.0 4530s
 18337548 629212    0.02917   81    6    0.02619    0.02917  11.4%  24.0 4535s
 18358174 628427    0.02835   42   55    0.02619    0.02916  11.4%  24.0 4540s
 18379159 627725    0.02916   82    7    0.02619    0.02916  11.3%  24.0 4545s
 18399932 626726     cutoff   45         0.02619    0.02915  11.3%  24.0 4550s
 18421819 625921 infeasible   41         0.02619    0.02915  11.3%  24.0 4555s
 18443541 625040     cutoff   60         0.02619    0.02914  11.3%  24.0 4560s
 18465356 624169    0.02912   82   10    0.02619    0.02913  11.2%  23.9 4565s
 18487500 623301     cutoff   89         0.02619    0.02912  11.2%  23.9 4570s
 18502853 622628 infeasible   69         0.02619    0.02912  11.2%  23.9 4575s
 18525231 621369    0.02911   85    8    0.02619    0.02911  11.2%  23.9 4580s
 18547489 619768    0.02871   41   50    0.02619    0.02910  11.1%  23.9 4585s
 18571122 617997     cutoff   44         0.02619    0.02909  11.1%  23.9 4590s
 18594632 616783     cutoff   79         0.02619    0.02908  11.0%  23.9 4595s
 18615132 615698     cutoff   86         0.02619    0.02908  11.0%  23.9 4600s
 18635985 614963     cutoff   40         0.02619    0.02907  11.0%  23.9 4605s
 18657724 613978     cutoff   55         0.02619    0.02906  11.0%  23.8 4610s
 18679313 612646    0.02906   80    6    0.02619    0.02906  10.9%  23.8 4615s
 18701267 611507    0.02905   76   13    0.02619    0.02905  10.9%  23.8 4620s
 18721174 609961 infeasible   71         0.02619    0.02904  10.9%  23.8 4625s
 18743563 608255    0.02730   42   54    0.02619    0.02903  10.8%  23.8 4630s
 18767474 606112 infeasible   61         0.02619    0.02902  10.8%  23.8 4635s
 18791994 604431    0.02855   44   62    0.02619    0.02901  10.8%  23.8 4640s
 18817145 603074    0.02900  100    7    0.02619    0.02900  10.7%  23.8 4645s
 18844611 601889     cutoff   45         0.02619    0.02899  10.7%  23.8 4650s
 18871355 600429     cutoff   51         0.02619    0.02899  10.7%  23.8 4655s
 18895472 598456    0.02898  106    5    0.02619    0.02898  10.6%  23.7 4660s
 18919434 596417     cutoff   50         0.02619    0.02897  10.6%  23.7 4665s
 18943427 594405    0.02895   86    7    0.02619    0.02895  10.6%  23.7 4670s
 18961746 593047    0.02676   43   52    0.02619    0.02894  10.5%  23.7 4675s
 18984806 590895    0.02882   44   57    0.02619    0.02893  10.5%  23.7 4680s
 19007449 588767    0.02788   53   56    0.02619    0.02892  10.4%  23.7 4685s
 19031405 586631    0.02822   61   45    0.02619    0.02891  10.4%  23.7 4690s
 19054291 584221    0.02847   43   57    0.02619    0.02890  10.3%  23.7 4695s
 19077967 582167     cutoff   60         0.02619    0.02889  10.3%  23.7 4700s
 19100134 579971    0.02745   34   60    0.02619    0.02888  10.3%  23.7 4705s
 19119854 577954    0.02698   47   57    0.02619    0.02886  10.2%  23.7 4710s
 19142355 575826     cutoff   45         0.02619    0.02885  10.2%  23.7 4715s
 19165309 573413     cutoff   48         0.02619    0.02884  10.1%  23.7 4720s
 19188226 571173    0.02740   51   50    0.02619    0.02883  10.1%  23.7 4725s
 19206390 569712    0.02807   44   59    0.02619    0.02882  10.0%  23.7 4730s
 19228933 567535     cutoff   50         0.02619    0.02880  10.0%  23.6 4735s
 19251312 565331    0.02626   45   59    0.02619    0.02879  9.93%  23.6 4740s
 19275632 563102    0.02858   39   50    0.02619    0.02878  9.88%  23.6 4745s
 19299036 560922    0.02646   45   56    0.02619    0.02877  9.84%  23.6 4750s
 19322712 558859    0.02624   37   55    0.02619    0.02875  9.79%  23.6 4755s
 19345923 556649    0.02836   46   58    0.02619    0.02874  9.74%  23.6 4760s
 19369305 554381     cutoff   43         0.02619    0.02873  9.70%  23.6 4765s
 19393058 552138     cutoff   63         0.02619    0.02872  9.65%  23.6 4770s
 19416414 549764     cutoff   44         0.02619    0.02871  9.60%  23.6 4775s
 19440012 547329    0.02852   49   35    0.02619    0.02869  9.55%  23.6 4780s
 19463952 544929    0.02642   57   37    0.02619    0.02868  9.50%  23.6 4785s
 19483133 543015    0.02730   41   58    0.02619    0.02867  9.46%  23.6 4790s
 19506277 540495     cutoff   68         0.02619    0.02866  9.41%  23.6 4795s
 19528368 537990    0.02864   79   15    0.02619    0.02864  9.36%  23.6 4800s
 19552407 535833    0.02803   42   52    0.02619    0.02863  9.31%  23.5 4805s
 19575821 534762     cutoff   45         0.02619    0.02862  9.26%  23.5 4810s
 19600087 535869    0.02860   95   15    0.02619    0.02861  9.23%  23.5 4815s
 19625936 542403    0.02766  113   10    0.02619    0.02860  9.21%  23.5 4820s
 19651157 546416    0.02764  102   11    0.02619    0.02860  9.21%  23.5 4825s
 19675801 548947     cutoff   98         0.02619    0.02860  9.21%  23.5 4830s
 19700435 551073    0.02645   99   23    0.02619    0.02860  9.21%  23.5 4835s
 19724447 552057     cutoff  100         0.02619    0.02860  9.21%  23.5 4840s
 19744998 552971     cutoff  112         0.02619    0.02860  9.21%  23.4 4845s
 19768493 553487     cutoff  100         0.02619    0.02860  9.21%  23.4 4850s
 19789185 553922     cutoff  102         0.02619    0.02860  9.21%  23.4 4855s
 19812535 554020    0.02636  105   21    0.02619    0.02860  9.21%  23.4 4860s
 19836272 554290     cutoff  105         0.02619    0.02860  9.21%  23.4 4865s
 19859592 554139    0.02643  102   23    0.02619    0.02860  9.21%  23.4 4870s
 19882287 553828    0.02752  101   11    0.02619    0.02860  9.21%  23.4 4875s
 19905364 553889     cutoff  110         0.02619    0.02860  9.20%  23.4 4880s
 19928221 553942    0.02668  105   22    0.02619    0.02860  9.20%  23.3 4885s
 19950977 554201     cutoff  104         0.02619    0.02860  9.20%  23.3 4890s
 19973969 554594    0.02860   97   22    0.02619    0.02860  9.20%  23.3 4895s
 19993116 554714     cutoff  111         0.02619    0.02860  9.20%  23.3 4900s
 20015694 554697 infeasible   49         0.02619    0.02860  9.20%  23.3 4905s
 20039110 555104     cutoff   98         0.02619    0.02860  9.19%  23.3 4910s
 20062003 555941    0.02860  103    7    0.02619    0.02860  9.19%  23.3 4915s
 20085306 556208     cutoff  115         0.02619    0.02860  9.19%  23.3 4920s
 20108859 557013     cutoff   95         0.02619    0.02860  9.19%  23.3 4925s
 20132172 558708    0.02851   98   20    0.02619    0.02860  9.19%  23.2 4930s
 20156135 560165 infeasible   98         0.02619    0.02860  9.19%  23.2 4935s
 20179870 562341    0.02860  101   11    0.02619    0.02860  9.18%  23.2 4940s
 20203124 564130    0.02859   99    7    0.02619    0.02860  9.18%  23.2 4945s
 20223257 565360     cutoff  102         0.02619    0.02860  9.18%  23.2 4950s
 20247349 566883     cutoff  103         0.02619    0.02860  9.18%  23.2 4955s
 20271483 568116 infeasible  105         0.02619    0.02860  9.18%  23.2 4960s
 20295952 569509     cutoff  105         0.02619    0.02860  9.18%  23.2 4965s
 20319996 569891    0.02790  102   11    0.02619    0.02860  9.18%  23.1 4970s
 20344298 570829    0.02859   90   27    0.02619    0.02860  9.18%  23.1 4975s
 20368813 571519     cutoff  104         0.02619    0.02859  9.18%  23.1 4980s
 20392212 572371     cutoff  105         0.02619    0.02859  9.18%  23.1 4985s
 20416338 572850     cutoff  106         0.02619    0.02859  9.18%  23.1 4990s
 20439943 573550     cutoff   91         0.02619    0.02859  9.18%  23.1 4995s
 20463417 573791     cutoff  108         0.02619    0.02859  9.18%  23.1 5000s
 20483460 574912     cutoff   87         0.02619    0.02859  9.18%  23.1 5005s
 20504427 575286    0.02859  104    7    0.02619    0.02859  9.18%  23.1 5010s
 20529205 576039     cutoff   90         0.02619    0.02859  9.18%  23.0 5015s
 20553978 576569    0.02830   96   14    0.02619    0.02859  9.18%  23.0 5020s
 20578887 577273 infeasible  101         0.02619    0.02859  9.18%  23.0 5025s
 20603929 577987    0.02706   83   41    0.02619    0.02859  9.18%  23.0 5030s
 20629475 578930     cutoff  113         0.02619    0.02859  9.18%  23.0 5035s
 20654435 579410     cutoff  114         0.02619    0.02859  9.18%  23.0 5040s
 20679866 580525     cutoff  102         0.02619    0.02859  9.17%  23.0 5045s
 20704978 581270 infeasible  103         0.02619    0.02859  9.17%  23.0 5050s
 20730530 582029    0.02630  107   20    0.02619    0.02859  9.17%  23.0 5055s
 20751965 583076    0.02856  104   22    0.02619    0.02859  9.17%  22.9 5060s
 20777180 582881    0.02645  109   21    0.02619    0.02859  9.17%  22.9 5065s
 20802396 583445    0.02859  103    6    0.02619    0.02859  9.17%  22.9 5070s
 20827556 583860    0.02856  104   18    0.02619    0.02859  9.17%  22.9 5075s
 20852021 583920 infeasible  112         0.02619    0.02859  9.17%  22.9 5080s
 20877983 584134    0.02859  103    8    0.02619    0.02859  9.17%  22.9 5085s
 20903332 584364    0.02857  108    8    0.02619    0.02859  9.17%  22.9 5090s
 20928550 584471     cutoff  106         0.02619    0.02859  9.17%  22.9 5095s
 20953672 584728     cutoff  107         0.02619    0.02859  9.17%  22.9 5100s
 20978664 584777    0.02769  101   14    0.02619    0.02859  9.17%  22.9 5105s
 21000060 585067     cutoff  112         0.02619    0.02859  9.17%  22.8 5110s
 21024952 585522    0.02683  100   22    0.02619    0.02859  9.17%  22.8 5115s
 21049350 585942     cutoff  100         0.02619    0.02859  9.17%  22.8 5120s
 21074065 586277     cutoff  100         0.02619    0.02859  9.17%  22.8 5125s
 21098758 586984 infeasible  107         0.02619    0.02859  9.17%  22.8 5130s
 21123060 587375    0.02859  103    7    0.02619    0.02859  9.17%  22.8 5135s
 21147815 587516     cutoff  102         0.02619    0.02859  9.17%  22.8 5140s
 21172259 587702 infeasible   98         0.02619    0.02859  9.17%  22.8 5145s
 21195951 587766    0.02859  106    8    0.02619    0.02859  9.17%  22.8 5150s
 21217582 587744    0.02859  104    8    0.02619    0.02859  9.16%  22.8 5155s
 21238940 587709    0.02631  104   21    0.02619    0.02859  9.16%  22.8 5160s
 21263412 587601     cutoff  100         0.02619    0.02859  9.16%  22.7 5165s
 21287048 587351    0.02833   87   38    0.02619    0.02859  9.16%  22.7 5170s
 21311592 586884     cutoff  101         0.02619    0.02859  9.16%  22.7 5175s
 21334704 586643    0.02859  106    8    0.02619    0.02859  9.16%  22.7 5180s
 21357820 586380    0.02678  105   21    0.02619    0.02859  9.16%  22.7 5185s
 21381719 586217    0.02859   99   11    0.02619    0.02859  9.16%  22.7 5190s
 21405754 585755    0.02859  112    6    0.02619    0.02859  9.16%  22.7 5195s
 21430265 585317    0.02629  105   24    0.02619    0.02859  9.16%  22.7 5200s
 21450181 584968     cutoff  102         0.02619    0.02859  9.16%  22.7 5205s
 21473765 584624     cutoff  109         0.02619    0.02859  9.16%  22.7 5210s
 21497643 584204    0.02859  103    6    0.02619    0.02859  9.16%  22.7 5215s
 21521906 583753    0.02641  103   23    0.02619    0.02859  9.15%  22.6 5220s
 21545859 583252    0.02784  108   12    0.02619    0.02859  9.15%  22.6 5225s
 21568921 582675     cutoff  115         0.02619    0.02859  9.15%  22.6 5230s
 21591828 581872     cutoff  103         0.02619    0.02859  9.15%  22.6 5235s
 21614208 580960     cutoff   48         0.02619    0.02859  9.15%  22.6 5240s
 21637039 580176 infeasible   96         0.02619    0.02859  9.15%  22.6 5245s
 21660873 579527     cutoff   93         0.02619    0.02858  9.14%  22.6 5250s
 21680161 578821    0.02832  105   25    0.02619    0.02858  9.14%  22.6 5255s
 21701678 577501     cutoff   89         0.02619    0.02858  9.14%  22.6 5260s
 21724200 576402     cutoff  101         0.02619    0.02858  9.13%  22.6 5265s
 21746336 575456 infeasible  106         0.02619    0.02858  9.13%  22.6 5270s
 21769124 574649    0.02858  103    8    0.02619    0.02858  9.13%  22.6 5275s
 21791527 573675    0.02674   95   32    0.02619    0.02858  9.12%  22.6 5280s
 21812196 572269     cutoff  107         0.02619    0.02858  9.11%  22.5 5285s
 21832713 571252     cutoff   41         0.02619    0.02857  9.10%  22.5 5290s
 21854655 570816     cutoff  102         0.02619    0.02857  9.09%  22.5 5295s
 21877570 571150     cutoff  101         0.02619    0.02857  9.09%  22.5 5300s
 21899314 570887     cutoff   90         0.02619    0.02857  9.09%  22.5 5305s
 21920398 570887 infeasible   95         0.02619    0.02857  9.08%  22.5 5310s
 21940550 570744    0.02857   97   12    0.02619    0.02857  9.08%  22.5 5315s
 21964300 570313     cutoff  101         0.02619    0.02857  9.08%  22.5 5320s
 21987039 569451     cutoff   98         0.02619    0.02857  9.07%  22.5 5325s
 22008271 568282    0.02657  100   25    0.02619    0.02856  9.06%  22.5 5330s
 22029570 567330    0.02757   91    4    0.02619    0.02856  9.05%  22.5 5335s
 22050760 566235    0.02856   90   19    0.02619    0.02856  9.04%  22.5 5340s
 22072407 565671    0.02831  102   33    0.02619    0.02856  9.03%  22.5 5345s
 22092165 565038    0.02855   83   24    0.02619    0.02855  9.03%  22.4 5350s
 22113597 564137     cutoff   89         0.02619    0.02855  9.02%  22.4 5355s
 22132351 563514    0.02855  101    7    0.02619    0.02855  9.01%  22.4 5360s
 22151242 562790     cutoff   46         0.02619    0.02855  9.00%  22.4 5365s
 22172595 561898     cutoff  101         0.02619    0.02854  8.99%  22.4 5370s
 22189554 561131     cutoff   52         0.02619    0.02854  8.97%  22.4 5375s
 22209346 560640     cutoff   91         0.02619    0.02854  8.96%  22.4 5380s
 22233292 562877    0.02854  101   14    0.02619    0.02854  8.96%  22.4 5385s
 22258027 564415     cutoff  107         0.02619    0.02854  8.95%  22.4 5390s
 22282323 564847    0.02834  101   26    0.02619    0.02854  8.95%  22.4 5395s
 22306997 565371 infeasible  107         0.02619    0.02854  8.95%  22.4 5400s
 22331906 565632    0.02853  103    6    0.02619    0.02853  8.95%  22.4 5405s
 22356576 565693    0.02654  110    8    0.02619    0.02853  8.95%  22.4 5410s
 22376735 565925 infeasible  109         0.02619    0.02853  8.95%  22.3 5415s
 22401766 566010     cutoff  104         0.02619    0.02853  8.95%  22.3 5420s
 22427090 565275    0.02853  102    8    0.02619    0.02853  8.95%  22.3 5425s
 22450892 564794 infeasible   48         0.02619    0.02853  8.94%  22.3 5430s
 22474898 564937    0.02853  108    9    0.02619    0.02853  8.94%  22.3 5435s
 22499710 565647    0.02675   88   42    0.02619    0.02853  8.93%  22.3 5440s
 22524274 566285     cutoff  112         0.02619    0.02853  8.93%  22.3 5445s
 22548214 565848    0.02852   97    9    0.02619    0.02853  8.93%  22.3 5450s
 22571064 565096    0.02741   49   51    0.02619    0.02853  8.92%  22.3 5455s
 22592763 564417 infeasible   98         0.02619    0.02853  8.92%  22.3 5460s
 22607638 564578     cutoff  108         0.02619    0.02852  8.91%  22.3 5465s
 22629979 564101    0.02851   42   56    0.02619    0.02852  8.91%  22.3 5470s
 22651414 562686    0.02822   32   60    0.02619    0.02852  8.89%  22.3 5475s
 22671513 562278     cutoff  106         0.02619    0.02851  8.87%  22.2 5480s
 22693132 562630     cutoff   31         0.02619    0.02851  8.87%  22.2 5485s
 22717654 564040     cutoff  105         0.02619    0.02851  8.86%  22.2 5490s
 22742741 564235     cutoff  106         0.02619    0.02851  8.86%  22.2 5495s
 22766094 563492    0.02657  110    9    0.02619    0.02851  8.86%  22.2 5500s
 22787630 561921     cutoff   92         0.02619    0.02851  8.85%  22.2 5505s
 22806812 560904    0.02636   99   32    0.02619    0.02850  8.83%  22.2 5510s
 22830575 561976    0.02737   44   52    0.02619    0.02850  8.83%  22.2 5515s
 22850884 563060     cutoff  102         0.02619    0.02850  8.83%  22.2 5520s
 22875634 563857     cutoff  108         0.02619    0.02850  8.82%  22.2 5525s
 22900218 563924     cutoff  110         0.02619    0.02850  8.82%  22.2 5530s
 22924107 562975    0.02850  105   12    0.02619    0.02850  8.82%  22.2 5535s
 22947431 562657    0.02826  102   26    0.02619    0.02850  8.82%  22.2 5540s
 22970159 562427    0.02645  105   20    0.02619    0.02850  8.81%  22.1 5545s
 22994828 563268    0.02826  104   26    0.02619    0.02850  8.81%  22.1 5550s
 23019151 563364    0.02667  103   25    0.02619    0.02850  8.80%  22.1 5555s
 23042110 563018    0.02849  105    7    0.02619    0.02849  8.80%  22.1 5560s
 23063124 562745    0.02665  108   22    0.02619    0.02849  8.79%  22.1 5565s
 23085391 562707     cutoff  114         0.02619    0.02849  8.79%  22.1 5570s
 23103619 562480    0.02794   52   39    0.02619    0.02849  8.78%  22.1 5575s
 23125959 563860     cutoff   51         0.02619    0.02849  8.77%  22.1 5580s
 23151768 564705    0.02849  105    6    0.02619    0.02849  8.77%  22.1 5585s
 23177737 564973    0.02849  101    6    0.02619    0.02849  8.77%  22.1 5590s
 23202439 565230 infeasible  109         0.02619    0.02849  8.77%  22.1 5595s
 23226194 565506 infeasible  109         0.02619    0.02849  8.76%  22.1 5600s
 23250138 565365    0.02657  111   21    0.02619    0.02849  8.76%  22.0 5605s
 23270973 565645     cutoff  107         0.02619    0.02848  8.76%  22.0 5610s
 23295926 566738 infeasible  109         0.02619    0.02848  8.76%  22.0 5615s
 23320574 567606     cutoff  109         0.02619    0.02848  8.76%  22.0 5620s
 23343815 567437     cutoff  112         0.02619    0.02848  8.75%  22.0 5625s
 23363001 566843    0.02643  114   23    0.02619    0.02848  8.75%  22.0 5630s
 23387246 567687    0.02848  107    8    0.02619    0.02848  8.75%  22.0 5635s
 23412887 568585     cutoff  102         0.02619    0.02848  8.75%  22.0 5640s
 23438460 569597 infeasible  111         0.02619    0.02848  8.75%  22.0 5645s
 23463441 570037     cutoff  110         0.02619    0.02848  8.74%  22.0 5650s
 23488271 570806     cutoff  105         0.02619    0.02848  8.74%  22.0 5655s
 23513283 571637    0.02657  106   27    0.02619    0.02848  8.74%  22.0 5660s
 23538814 572839     cutoff  110         0.02619    0.02848  8.74%  21.9 5665s
 23564553 573241     cutoff  112         0.02619    0.02848  8.74%  21.9 5670s
 23590281 574352    0.02848  105    6    0.02619    0.02848  8.74%  21.9 5675s
 23615700 575248    0.02643  114   20    0.02619    0.02848  8.74%  21.9 5680s
 23638170 576538    0.02657  104   28    0.02619    0.02848  8.74%  21.9 5685s
 23663234 577423    0.02685  110   25    0.02619    0.02848  8.73%  21.9 5690s
 23688388 577714    0.02651  109   21    0.02619    0.02848  8.73%  21.9 5695s
 23713349 577602    0.02825  107   28    0.02619    0.02848  8.73%  21.9 5700s
 23737541 578144    0.02761  108   11    0.02619    0.02848  8.73%  21.9 5705s
 23762309 578350    0.02839  111   19    0.02619    0.02848  8.73%  21.9 5710s
 23785303 577999 infeasible  109         0.02619    0.02848  8.73%  21.8 5715s
 23810106 578144    0.02824  101   33    0.02619    0.02848  8.73%  21.8 5720s
 23834255 578743     cutoff  109         0.02619    0.02848  8.72%  21.8 5725s
 23859227 579418     cutoff  114         0.02619    0.02848  8.72%  21.8 5730s
 23879168 579624     cutoff  111         0.02619    0.02847  8.72%  21.8 5735s
 23903289 579411    0.02643  110   21    0.02619    0.02847  8.72%  21.8 5740s
 23927268 579063     cutoff   97         0.02619    0.02847  8.72%  21.8 5745s
 23950233 578856     cutoff  117         0.02619    0.02847  8.72%  21.8 5750s
 23974202 578475     cutoff  103         0.02619    0.02847  8.72%  21.8 5755s
 23998026 578352    0.02847  108    7    0.02619    0.02847  8.71%  21.8 5760s
 24018879 578392    0.02847  105   10    0.02619    0.02847  8.71%  21.8 5765s
 24042117 577983    0.02676  114   23    0.02619    0.02847  8.71%  21.8 5770s
 24065854 577639 infeasible  113         0.02619    0.02847  8.71%  21.7 5775s
 24088770 577543 infeasible  117         0.02619    0.02847  8.70%  21.7 5780s
 24110690 577312    0.02847   95   24    0.02619    0.02847  8.70%  21.7 5785s
 24129049 577135    0.02658   89   36    0.02619    0.02847  8.69%  21.7 5790s
 24151504 577183     cutoff  111         0.02619    0.02846  8.68%  21.7 5795s
 24174483 577776    0.02656  103   25    0.02619    0.02846  8.68%  21.7 5800s
 24197474 578003     cutoff  102         0.02619    0.02846  8.68%  21.7 5805s
 24220365 577727     cutoff  107         0.02619    0.02846  8.67%  21.7 5810s
 24243407 577489    0.02844   94   28    0.02619    0.02846  8.67%  21.7 5815s
 24266025 577290     cutoff   38         0.02619    0.02846  8.67%  21.7 5820s
 24288954 577266    0.02738   46   54    0.02619    0.02846  8.66%  21.7 5825s
 24312494 576892    0.02641  104   24    0.02619    0.02846  8.66%  21.7 5830s
 24335320 576422     cutoff  103         0.02619    0.02846  8.66%  21.6 5835s
 24357222 575830     cutoff  104         0.02619    0.02846  8.65%  21.6 5840s
 24374731 575612     cutoff  107         0.02619    0.02845  8.64%  21.6 5845s
 24394003 574849    0.02834   90   20    0.02619    0.02845  8.63%  21.6 5850s
 24414123 574376    0.02654  106   25    0.02619    0.02845  8.62%  21.6 5855s
 24434431 573938    0.02633   94   30    0.02619    0.02845  8.62%  21.6 5860s
 24455371 573507     cutoff  107         0.02619    0.02844  8.61%  21.6 5865s
 24476012 573522    0.02727  106    7    0.02619    0.02844  8.60%  21.6 5870s
 24498050 573582    0.02844  104    7    0.02619    0.02844  8.59%  21.6 5875s
 24517879 572995     cutoff   49         0.02619    0.02844  8.58%  21.6 5880s
 24536899 572298    0.02807   38   50    0.02619    0.02844  8.57%  21.6 5885s
 24555064 571648 infeasible   39         0.02619    0.02843  8.56%  21.6 5890s
 24575071 571126 infeasible   98         0.02619    0.02843  8.55%  21.6 5895s
 24593075 570907     cutoff  107         0.02619    0.02843  8.54%  21.6 5900s
 24611279 570576    0.02726  102   28    0.02619    0.02843  8.53%  21.6 5905s
 24631503 569851     cutoff  105         0.02619    0.02842  8.53%  21.6 5910s
 24647462 568483    0.02647   51   48    0.02619    0.02842  8.51%  21.6 5915s
 24659105 567592    0.02639   48   57    0.02619    0.02841  8.49%  21.6 5920s
 24673550 566938    0.02702   48   52    0.02619    0.02841  8.48%  21.6 5925s
 24689071 566082    0.02640  110   20    0.02619    0.02841  8.46%  21.6 5930s
 24703707 565373     cutoff   65         0.02619    0.02840  8.44%  21.6 5935s
 24720516 564627     cutoff  114         0.02619    0.02840  8.43%  21.5 5940s
 24735033 563461    0.02823   89   30    0.02619    0.02840  8.42%  21.5 5945s
 24751948 562769    0.02750  105   14    0.02619    0.02839  8.41%  21.5 5950s
 24766050 561482     cutoff   36         0.02619    0.02839  8.39%  21.5 5955s
 24777520 560368    0.02838   98   19    0.02619    0.02838  8.38%  21.5 5960s
 24789963 559383     cutoff  114         0.02619    0.02838  8.36%  21.5 5965s
 24801646 558224     cutoff   35         0.02619    0.02838  8.34%  21.5 5970s
 24815124 557009     cutoff   41         0.02619    0.02837  8.32%  21.5 5975s
 24829639 555898    0.02837  108   10    0.02619    0.02837  8.30%  21.5 5980s
 24842599 554705    0.02759   41   58    0.02619    0.02836  8.29%  21.5 5985s
 24856654 553270     cutoff   44         0.02619    0.02835  8.26%  21.5 5990s
 24868512 552029    0.02835  100   17    0.02619    0.02835  8.24%  21.5 5995s
 24881813 551174 infeasible   94         0.02619    0.02834  8.22%  21.5 6000s
 24898501 550424     cutoff   44         0.02619    0.02834  8.21%  21.5 6005s
 24916399 550303    0.02834  105    7    0.02619    0.02834  8.20%  21.5 6010s
 24938001 550796 infeasible  105         0.02619    0.02834  8.20%  21.5 6015s
 24956923 550453 infeasible   99         0.02619    0.02834  8.19%  21.5 6020s
 24977541 550528 infeasible  100         0.02619    0.02833  8.19%  21.5 6025s
 24998788 550313    0.02833  102    9    0.02619    0.02833  8.18%  21.5 6030s
 25020804 549470    0.02814  108   24    0.02619    0.02833  8.18%  21.5 6035s
 25042785 548907     cutoff   50         0.02619    0.02833  8.17%  21.5 6040s
 25062548 548429 infeasible  106         0.02619    0.02833  8.17%  21.5 6045s
 25085064 547564 infeasible  105         0.02619    0.02833  8.16%  21.4 6050s
 25104975 546188 infeasible  111         0.02619    0.02833  8.15%  21.4 6055s
 25122635 544813    0.02832  102    8    0.02619    0.02832  8.14%  21.4 6060s
 25138534 543285     cutoff   42         0.02619    0.02832  8.13%  21.4 6065s
 25153577 541927     cutoff   43         0.02619    0.02831  8.11%  21.4 6070s
 25166365 540727 infeasible   40         0.02619    0.02831  8.10%  21.4 6075s
 25187164 539495    0.02658  102   22    0.02619    0.02831  8.08%  21.4 6080s
 25205139 538537    0.02668  107   22    0.02619    0.02830  8.07%  21.4 6085s
 25226614 537370    0.02686   99   31    0.02619    0.02830  8.05%  21.4 6090s
 25248216 535757    0.02684  104   30    0.02619    0.02829  8.03%  21.4 6095s
 25270024 534457     cutoff  103         0.02619    0.02829  8.01%  21.4 6100s
 25291731 532106    0.02828   93   17    0.02619    0.02828  8.00%  21.4 6105s
 25313861 529916     cutoff   37         0.02619    0.02828  7.98%  21.4 6110s
 25335420 527168    0.02740   35   53    0.02619    0.02827  7.95%  21.4 6115s
 25356492 524263     cutoff   44         0.02619    0.02827  7.93%  21.4 6120s
 25378500 521367     cutoff   48         0.02619    0.02826  7.90%  21.4 6125s
 25400140 518288     cutoff   48         0.02619    0.02825  7.87%  21.4 6130s
 25418068 515582    0.02635   51   52    0.02619    0.02825  7.86%  21.4 6135s
 25440590 511645     cutoff  119         0.02619    0.02824  7.84%  21.4 6140s
 25461084 508928     cutoff   41         0.02619    0.02824  7.82%  21.3 6145s
 25482798 506185     cutoff  104         0.02619    0.02823  7.78%  21.3 6150s
 25505229 505280    0.02696  101   32    0.02619    0.02822  7.76%  21.3 6155s
 25526911 504429     cutoff  101         0.02619    0.02822  7.74%  21.3 6160s
 25548325 502933     cutoff   40         0.02619    0.02821  7.72%  21.3 6165s
 25570168 501088    0.02657   41   55    0.02619    0.02820  7.69%  21.3 6170s
 25591483 499128     cutoff  108         0.02619    0.02820  7.66%  21.3 6175s
 25613305 496568    0.02812  110   22    0.02619    0.02819  7.63%  21.3 6180s
 25634286 493805     cutoff  106         0.02619    0.02818  7.60%  21.3 6185s
 25655156 491026     cutoff   59         0.02619    0.02817  7.57%  21.3 6190s
 25672556 489573     cutoff   91         0.02619    0.02817  7.55%  21.3 6195s
 25693582 487844 infeasible   55         0.02619    0.02816  7.52%  21.3 6200s
 25713908 485982     cutoff   63         0.02619    0.02815  7.49%  21.3 6205s
 25735365 484076    0.02813   78   32    0.02619    0.02814  7.46%  21.3 6210s
 25756103 481940 infeasible  108         0.02619    0.02814  7.44%  21.3 6215s
 25777186 480067    0.02630   53   56    0.02619    0.02813  7.41%  21.3 6220s
 25799333 477914     cutoff   58         0.02619    0.02812  7.38%  21.3 6225s
 25820874 475880     cutoff   46         0.02619    0.02811  7.35%  21.3 6230s
 25843353 473489    0.02624   42   55    0.02619    0.02810  7.31%  21.3 6235s
 25865785 470989    0.02662   43   56    0.02619    0.02809  7.26%  21.3 6240s
 25883875 468997     cutoff   41         0.02619    0.02808  7.23%  21.2 6245s
 25901056 467268    0.02692   32   41    0.02619    0.02808  7.20%  21.2 6250s
 25924346 464714     cutoff   46         0.02619    0.02806  7.16%  21.2 6255s
 25947251 462207     cutoff   47         0.02619    0.02805  7.11%  21.2 6260s
 25969875 459811     cutoff   82         0.02619    0.02804  7.07%  21.2 6265s
 25992836 456808    0.02795   51   46    0.02619    0.02803  7.02%  21.2 6270s
 26016201 454298    0.02785   59   47    0.02619    0.02802  6.97%  21.2 6275s
 26037456 452100    0.02800   45   57    0.02619    0.02801  6.93%  21.2 6280s
 26059271 450100     cutoff   47         0.02619    0.02799  6.89%  21.2 6285s
 26082193 447437    0.02704   43   54    0.02619    0.02798  6.84%  21.2 6290s
 26105630 444766     cutoff   39         0.02619    0.02797  6.79%  21.2 6295s
 26128955 441955     cutoff   48         0.02619    0.02796  6.75%  21.2 6300s
 26151501 439239    0.02788   40   56    0.02619    0.02795  6.70%  21.2 6305s
 26168930 436910     cutoff   44         0.02619    0.02794  6.66%  21.2 6310s
 26192348 434084    0.02734   36   57    0.02619    0.02792  6.61%  21.2 6315s
 26215208 431410    0.02776   53   54    0.02619    0.02791  6.56%  21.2 6320s
 26237960 428705    0.02769   47   54    0.02619    0.02790  6.51%  21.2 6325s
 26261020 425726     cutoff   50         0.02619    0.02788  6.46%  21.2 6330s
 26283278 422710     cutoff   50         0.02619    0.02787  6.41%  21.2 6335s
 26306144 419502     cutoff   35         0.02619    0.02786  6.36%  21.2 6340s
 26328050 416614    0.02672   40   51    0.02619    0.02784  6.31%  21.2 6345s
 26350957 413508    0.02628   49   52    0.02619    0.02783  6.26%  21.2 6350s
 26373844 410507    0.02730   45   54    0.02619    0.02782  6.21%  21.2 6355s
 26396120 407649    0.02732   43   52    0.02619    0.02780  6.16%  21.2 6360s
 26413977 405149     cutoff   42         0.02619    0.02779  6.12%  21.2 6365s
 26436344 402494     cutoff   96         0.02619    0.02778  6.07%  21.1 6370s
 26459326 399588    0.02754   64   56    0.02619    0.02777  6.02%  21.1 6375s
 26482426 397031     cutoff   48         0.02619    0.02775  5.97%  21.1 6380s
 26502294 394646     cutoff   39         0.02619    0.02774  5.93%  21.1 6385s
 26525090 391933     cutoff   46         0.02619    0.02773  5.88%  21.1 6390s
 26548038 388850     cutoff   41         0.02619    0.02772  5.83%  21.1 6395s
 26570892 385974     cutoff   48         0.02619    0.02771  5.79%  21.1 6400s
 26593324 383014     cutoff   40         0.02619    0.02769  5.74%  21.1 6405s
 26615889 379550    0.02682   44   57    0.02619    0.02768  5.68%  21.1 6410s
 26638692 376363     cutoff   42         0.02619    0.02767  5.63%  21.1 6415s
 26655253 374203    0.02722   48   54    0.02619    0.02766  5.60%  21.1 6420s
 26677388 371094     cutoff   53         0.02619    0.02764  5.54%  21.1 6425s
 26699966 368145     cutoff   38         0.02619    0.02763  5.49%  21.1 6430s
 26722676 364961    0.02761   51   54    0.02619    0.02761  5.44%  21.1 6435s
 26745713 361858    0.02758   77   18    0.02619    0.02760  5.38%  21.1 6440s
 26767876 358729     cutoff   42         0.02619    0.02759  5.34%  21.1 6445s
 26790622 355723    0.02630   41   57    0.02619    0.02758  5.29%  21.1 6450s
 26813517 352518     cutoff   39         0.02619    0.02756  5.24%  21.1 6455s
 26835523 349204     cutoff   36         0.02619    0.02755  5.18%  21.1 6460s
 26857363 346085    0.02715   44   53    0.02619    0.02753  5.13%  21.1 6465s
 26879654 342919    0.02721   46   55    0.02619    0.02752  5.08%  21.1 6470s
 26902086 340026     cutoff   41         0.02619    0.02751  5.03%  21.1 6475s
 26924608 336507     cutoff   43         0.02619    0.02749  4.98%  21.1 6480s
 26945621 333170     cutoff   48         0.02619    0.02748  4.93%  21.0 6485s
 26964683 330333 infeasible   52         0.02619    0.02747  4.89%  21.0 6490s
 26987096 327059     cutoff   41         0.02619    0.02746  4.83%  21.0 6495s
 27009191 323603     cutoff   60         0.02619    0.02744  4.78%  21.0 6500s
 27031451 320042    0.02709   49   54    0.02619    0.02743  4.72%  21.0 6505s

Cutting planes:
  Gomory: 33
  Implied bound: 25
  MIR: 18
  Flow cover: 91
  Inf proof: 2
  RLT: 122
  Relax-and-lift: 27
  BQP: 39

Explored 27033955 nodes (568417346 simplex iterations) in 6505.51 seconds (6831.79 work units)
Thread count was 4 (of 4 available processors)

Solution count 10: 0.0261905 0.0240432 0.0211572 ... 0.0148592

Optimization achieved user objective limit
Best objective 2.619045928042e-02, best bound 2.742614983567e-02, gap 4.7181%
{"verdict": "PROVED", "status": "BOUND_REACHED", "runtime": 6505.50922703743, "objval": 0.0261904592804199, "objbound": 0.027426149835670852, "binaries": 70}
