Set parameter NodefileStart to value 6
Read parameters from file gurobi.env
Restricted license - for non-production use only - expires 2027-11-29
Set parameter OutputFlag to value 1
Set parameter Threads to value 4
Set parameter TimeLimit to value 19800
Set parameter MIPGap to value 5e-05
Set parameter MIPFocus to value 2
Set parameter NonConvex to value 2
Set parameter BestBdStop to value 2.7426211734693878e-02
Gurobi Optimizer version 13.0.3 build v13.0.3rc0 (linux64 - "Ubuntu 24.04.5 LTS")

CPU model: INTEL(R) XEON(R) PLATINUM 8573C, instruction set [SSE2|AVX|AVX2|AVX512]
Thread count: 2 physical cores, 4 logical processors, using up to 4 threads

Non-default parameters:
TimeLimit  19800
BestBdStop  2.7426211734693878e-02
MIPGap  5e-05
MIPFocus  2
NodefileStart  6
NonConvex  2
Threads  4

Optimize a model with 165 rows, 135 columns and 976 nonzeros (Max)
Model fingerprint: 0xcc37b461
Model has 1 linear objective coefficients
Model has 50 quadratic constraints
Variable types: 65 continuous, 70 integer (70 binary)
Coefficient statistics:
  Matrix range     [5e-01, 1e+00]
  QMatrix range    [1e+00, 1e+00]
  QLMatrix range   [1e+00, 1e+00]
  Objective range  [1e+00, 1e+00]
  Bounds range     [5e-01, 1e+00]
  RHS range        [1e+00, 1e+00]

Found heuristic solution: objective -0.0000000
Presolve time: 0.00s
Presolved: 365 rows, 136 columns, 1376 nonzeros
Presolved model has 50 bilinear constraint(s)

Solving non-convex MIQCP to global optimality

Variable types: 66 continuous, 70 integer (70 binary)
Root relaxation presolve removed 50 rows and 1 columns
Root relaxation presolved: 315 rows, 135 columns, 1326 nonzeros


Root relaxation: objective 2.500000e-01, 124 iterations, 0.00 seconds (0.00 work units)

    Nodes    |    Current Node    |     Objective Bounds      |     Work
 Expl Unexpl |  Obj  Depth IntInf | Incumbent    BestBd   Gap | It/Node Time

     0     0    0.25000    0   43   -0.00000    0.25000      -     -    0s
     0     0    0.16667    0   55   -0.00000    0.16667      -     -    0s
     0     0    0.16667    0   70   -0.00000    0.16667      -     -    0s
H    0     0                       0.0000003    0.16667      -     -    0s
     0     0    0.16667    0   88    0.00000    0.16667      -     -    0s
     0     0    0.14852    0   90    0.00000    0.14852      -     -    0s
     0     0    0.14852    0   88    0.00000    0.14852      -     -    0s
     0     0    0.14852    0   89    0.00000    0.14852      -     -    0s
     0     0    0.12500    0   88    0.00000    0.12500      -     -    0s
     0     0    0.12500    0   81    0.00000    0.12500      -     -    0s
     0     0    0.12500    0   86    0.00000    0.12500      -     -    0s
     0     0    0.12500    0   83    0.00000    0.12500      -     -    0s
     0     0    0.12500    0   87    0.00000    0.12500      -     -    0s
     0     0    0.12500    0   42    0.00000    0.12500      -     -    0s
     0     0    0.12500    0   56    0.00000    0.12500      -     -    0s
     0     0    0.12500    0   73    0.00000    0.12500      -     -    0s
     0     0    0.12500    0   52    0.00000    0.12500      -     -    0s
     0     0    0.12500    0   52    0.00000    0.12500      -     -    0s
     0     2    0.12500    0   52    0.00000    0.12500      -     -    0s
H  209   242                       0.0000006    0.12500      -  31.8    0s
H 1187   967                       0.0000006    0.12500      -  26.3    1s
H 1343  1037                       0.0043858    0.10073  2197%  29.8    2s
* 1913  1309             122       0.0045783    0.10073  2100%  29.0    2s
* 1979  1268             122       0.0045785    0.10000  2084%  28.9    2s
H 3043  1680                       0.0072623    0.10000  1277%  31.3    3s
H 3090  1627                       0.0080289    0.09982  1143%  31.3    3s
H 3137  1619                       0.0080289    0.09982  1143%  31.4    3s
H 3281  1622                       0.0080664    0.09982  1137%  31.6    3s
H 3308  1689                       0.0080664    0.09982  1137%  31.6    3s
H 3823  1991                       0.0082076    0.09969  1115%  31.5    3s
H 3984  2071                       0.0082076    0.09941  1111%  31.5    3s
H 4006  1924                       0.0095714    0.09941   939%  31.7    3s
H 4078  1957                       0.0098493    0.09941   909%  32.2    3s
H 4232  2129                       0.0107310    0.09941   826%  32.4    3s
H 4387  2200                       0.0107310    0.09941   826%  32.4    3s
H 4462  2200                       0.0107638    0.09941   824%  32.4    3s
H 5782  2703                       0.0149687    0.09382   527%  33.4    4s
H 6985  3231                       0.0157409    0.08984   471%  33.6    5s
H 6989  3207                       0.0161623    0.08984   456%  33.6    5s
H 7246  3515                       0.0161625    0.08857   448%  33.9    5s
H 7826  3962                       0.0161686    0.08811   445%  34.3    5s
H 8142  4072                       0.0161686    0.08762   442%  34.2    5s
H16589  8355                       0.0161707    0.08119   402%  35.8    9s
 17709  8940    0.04608   24   60    0.01617    0.08083   400%  35.8   10s
H19984  9482                       0.0169821    0.08046   374%  36.3   11s
H21753  9539                       0.0192071    0.07990   316%  36.8   12s
H21805  9694                       0.0192071    0.07990   316%  36.8   12s
 29735 13055    0.02044   34   52    0.01921    0.07669   299%  36.6   15s
H34949 13845                       0.0208950    0.07462   257%  36.3   17s
H34951 13995                       0.0208950    0.07462   257%  36.3   17s
 39894 15904    0.02510   33   51    0.02090    0.07328   251%  36.2   20s
 49807 19500    0.04218   42   59    0.02090    0.07094   239%  35.8   25s
 62880 24478    0.04731   33   62    0.02090    0.06984   234%  35.4   30s
 75835 28845    0.02546   34   49    0.02090    0.06850   228%  35.4   35s
 87301 32780     cutoff   33         0.02090    0.06745   223%  35.6   40s
 99625 36933    0.02635   34   55    0.02090    0.06648   218%  35.4   45s
 109868 41873    0.02850   42   55    0.02090    0.06594   216%  34.7   50s
 122593 46154    0.02112   31   47    0.02090    0.06516   212%  34.6   55s
 134092 49961    0.04269   34   59    0.02090    0.06456   209%  34.5   60s
 147806 53918    0.02214   36   55    0.02090    0.06385   206%  34.4   65s
 160653 57917    0.02300   41   63    0.02090    0.06334   203%  34.4   70s
 172717 61664    0.02565   35   54    0.02090    0.06281   201%  34.4   75s
 185254 65528     cutoff   36         0.02090    0.06244   199%  34.3   80s
 197718 69526     cutoff   44         0.02090    0.06201   197%  34.3   85s
 210677 73797    0.02725   35   56    0.02090    0.06172   195%  34.3   90s
 223393 78152    0.03069   29   58    0.02090    0.06141   194%  34.3   95s
 236053 82047    0.03747   36   55    0.02090    0.06116   193%  34.3  100s
 248454 86082    0.05567   29   64    0.02090    0.06085   191%  34.3  105s
 261431 90079    0.05502   28   60    0.02090    0.06060   190%  34.3  110s
 274189 93655    0.05512   29   56    0.02090    0.06031   189%  34.2  115s
 285802 97197    0.03515   39   54    0.02090    0.06013   188%  34.2  120s
 297923 101047     cutoff   34         0.02090    0.05991   187%  34.2  125s
 309362 104452     cutoff   35         0.02090    0.05971   186%  34.1  130s
 317365 106737    0.03513   40   63    0.02090    0.05955   185%  34.1  135s
 328222 110085    0.02850   36   59    0.02090    0.05938   184%  34.1  140s
 339528 113709    0.04096   30   60    0.02090    0.05919   183%  34.1  145s
 351504 117456     cutoff   35         0.02090    0.05899   182%  34.1  150s
 364028 121034 infeasible   36         0.02090    0.05884   182%  34.2  155s
*368034 117960             143       0.0222672    0.05879   164%  34.1  156s
H368411 118096                       0.0222672    0.05879   164%  34.1  156s
H369702 117803                       0.0224536    0.05874   162%  34.1  157s
H370257 117983                       0.0224536    0.05873   162%  34.1  158s
H371712 111210                       0.0241774    0.05870   143%  34.1  158s
 372963 111651     cutoff   36         0.02418    0.05867   143%  34.1  160s
H375415 112256                       0.0241774    0.05862   142%  34.1  161s
H376466 111927                       0.0243261    0.05860   141%  34.1  162s
H376577 112006                       0.0243261    0.05860   141%  34.1  162s
 380011 112946    0.05564   32   58    0.02433    0.05852   141%  34.1  165s
 391571 115619     cutoff   44         0.02433    0.05828   140%  34.1  170s
 404903 119228 infeasible  114         0.02433    0.05805   139%  34.0  175s
 417376 122591    0.03361   34   53    0.02433    0.05785   138%  34.0  180s
 431232 125927    0.02770   37   56    0.02433    0.05763   137%  34.0  185s
 444430 129242 infeasible   37         0.02433    0.05743   136%  34.0  190s
 456531 132210     cutoff   37         0.02433    0.05726   135%  33.9  195s
 467864 135086    0.03431   37   57    0.02433    0.05708   135%  33.9  200s
 480566 138212     cutoff   49         0.02433    0.05693   134%  33.9  205s
 493276 141460     cutoff   37         0.02433    0.05677   133%  33.9  210s
 505394 144384     cutoff   37         0.02433    0.05665   133%  33.9  215s
 513648 146492    0.04183   34   66    0.02433    0.05654   132%  33.9  220s
 527419 149991    0.04736   36   54    0.02433    0.05638   132%  33.8  225s
 539866 153002     cutoff   40         0.02433    0.05622   131%  33.8  230s
 551051 155580    0.03119   43   56    0.02433    0.05611   131%  33.8  236s
 562830 158262    0.03508   39   52    0.02433    0.05597   130%  33.8  240s
 575219 161395    0.02555   37   52    0.02433    0.05584   130%  33.7  245s
 588444 164606 infeasible   42         0.02433    0.05570   129%  33.7  250s
 601224 167444    0.03355   37   54    0.02433    0.05556   128%  33.7  255s
 615054 170833    0.04315   33   46    0.02433    0.05541   128%  33.7  260s
 627887 174054    0.02822   42   55    0.02433    0.05528   127%  33.7  265s
 639861 177275     cutoff   38         0.02433    0.05517   127%  33.6  270s
 651921 180035    0.02905   39   51    0.02433    0.05507   126%  33.6  275s
 665025 183335    0.04571   33   58    0.02433    0.05496   126%  33.6  280s
 678677 186956    0.03930   36   53    0.02433    0.05484   125%  33.6  285s
 690917 189970    0.02444   34   56    0.02433    0.05474   125%  33.6  290s
 701937 192437    0.04480   29   58    0.02433    0.05466   125%  33.6  295s
 713288 194939    0.04357   35   66    0.02433    0.05461   124%  33.6  300s
 723932 197288    0.03400   38   57    0.02433    0.05452   124%  33.6  305s
 736462 200159    0.02562   36   50    0.02433    0.05442   124%  33.6  310s
 749088 203253    0.02529   35   42    0.02433    0.05433   123%  33.6  315s
 762710 206201    0.02456   49   52    0.02433    0.05423   123%  33.6  320s
 775758 209209    0.03628   27   59    0.02433    0.05414   123%  33.6  325s
 788131 211880     cutoff   42         0.02433    0.05404   122%  33.5  330s
 802753 215314     cutoff   46         0.02433    0.05394   122%  33.5  335s
 817510 218409    0.03008   44   54    0.02433    0.05384   121%  33.5  340s
 831268 221465    0.03717   35   58    0.02433    0.05375   121%  33.5  345s
 845757 224925     cutoff   40         0.02433    0.05366   121%  33.5  350s
 860002 227887    0.03305   37   46    0.02433    0.05356   120%  33.4  355s
 873051 230760    0.03345   35   56    0.02433    0.05346   120%  33.4  360s
 886418 233485    0.02521   27   47    0.02433    0.05337   119%  33.4  365s
 899588 236508     cutoff   35         0.02433    0.05329   119%  33.4  370s
 913428 239645    0.02663   33   50    0.02433    0.05321   119%  33.4  375s
 926864 242698    0.04437   38   57    0.02433    0.05312   118%  33.4  380s
 934548 244432    0.03479   36   57    0.02433    0.05308   118%  33.4  385s
 944713 246901    0.02781   36   60    0.02433    0.05302   118%  33.3  390s
 957982 249427    0.02851   27   51    0.02433    0.05293   118%  33.3  395s
 970424 252366    0.03522   36   52    0.02433    0.05286   117%  33.3  400s
 982076 255201     cutoff   39         0.02433    0.05280   117%  33.3  405s
 996253 258187    0.04452   28   54    0.02433    0.05271   117%  33.3  410s
 1009152 261175    0.03137   37   60    0.02433    0.05264   116%  33.3  415s
 1022694 263731    0.02694   38   51    0.02433    0.05257   116%  33.3  420s
 1035534 266282    0.04211   37   54    0.02433    0.05251   116%  33.3  426s
 1047120 268749    0.04607   35   36    0.02433    0.05244   116%  33.2  430s
 1059977 271496     cutoff   37         0.02433    0.05238   115%  33.2  435s
 1073573 274395    0.02450   41   58    0.02433    0.05231   115%  33.2  440s
 1086097 276817    0.02534   36   56    0.02433    0.05225   115%  33.2  445s
 1099196 279239    0.02436   31   53    0.02433    0.05217   114%  33.2  450s
 1110342 281570    0.02990   37   54    0.02433    0.05212   114%  33.2  455s
 1123740 284331     cutoff   46         0.02433    0.05205   114%  33.2  460s
 1135371 286494    0.03882   35   51    0.02433    0.05199   114%  33.2  465s
 1145025 288774    0.02587   50   51    0.02433    0.05194   114%  33.2  470s
 1157906 291732    0.02695   45   55    0.02433    0.05187   113%  33.1  475s
 1170802 294205     cutoff   35         0.02433    0.05180   113%  33.1  480s
 1184606 297691    0.03185   40   57    0.02433    0.05175   113%  33.1  485s
 1197449 300389    0.02843   38   51    0.02433    0.05169   112%  33.1  490s
 1210159 303155    0.03332   39   52    0.02433    0.05163   112%  33.1  495s
 1223142 305660    0.04136   33   63    0.02433    0.05156   112%  33.1  500s
 1235727 308394     cutoff   39         0.02433    0.05150   112%  33.1  505s
 1248641 310936    0.02840   42   53    0.02433    0.05144   111%  33.0  510s
 1261679 313573     cutoff   36         0.02433    0.05139   111%  33.0  515s
 1274274 315899    0.02439   44   53    0.02433    0.05133   111%  33.0  520s
 1287342 318507    0.04573   32   59    0.02433    0.05127   111%  33.0  525s
H1298889 303612                       0.0258451    0.05123  98.2%  33.0  529s
 1299456 303775 infeasible   35         0.02585    0.05122  98.2%  33.0  530s
H1299901 303773                       0.0258452    0.05122  98.2%  33.0  530s
H1301230 304670                       0.0258456    0.05122  98.2%  33.0  533s
 1305710 304867    0.03814   28   59    0.02585    0.05120  98.1%  33.0  535s
 1317636 307160     cutoff   42         0.02585    0.05114  97.9%  33.0  540s
 1329736 309448     cutoff   38         0.02585    0.05108  97.6%  33.0  545s
 1341834 311824     cutoff   35         0.02585    0.05102  97.4%  32.9  550s
 1351591 313653    0.03847   35   52    0.02585    0.05097  97.2%  32.9  555s
 1365136 316286     cutoff   41         0.02585    0.05091  97.0%  32.9  560s
 1378617 318718     cutoff   35         0.02585    0.05085  96.7%  32.9  565s
 1390977 320827     cutoff   43         0.02585    0.05080  96.5%  32.9  570s
 1404883 323795    0.03561   37   59    0.02585    0.05074  96.3%  32.9  575s
 1417840 325685    0.02690   42   57    0.02585    0.05068  96.1%  32.8  580s
 1430358 328144    0.03412   38   55    0.02585    0.05062  95.9%  32.8  585s
 1443248 330202    0.04447   30   54    0.02585    0.05056  95.6%  32.8  590s
 1456930 332732    0.03517   39   62    0.02585    0.05051  95.4%  32.8  595s
 1469004 334674    0.02618   44   58    0.02585    0.05046  95.2%  32.8  600s
 1481918 336998    0.02849   38   50    0.02585    0.05041  95.0%  32.8  605s
 1492108 338479    0.02797   51   57    0.02585    0.05036  94.9%  32.7  610s
 1507108 341152     cutoff   36         0.02585    0.05030  94.6%  32.7  615s
 1519996 343223     cutoff   35         0.02585    0.05025  94.4%  32.7  620s
 1533565 345438    0.04338   35   59    0.02585    0.05020  94.2%  32.7  625s
 1547043 348155    0.04169   39   51    0.02585    0.05015  94.0%  32.7  630s
 1557577 350160    0.04302   33   55    0.02585    0.05011  93.9%  32.7  635s
 1569152 352065    0.02664   41   56    0.02585    0.05006  93.7%  32.6  640s
 1578874 353783    0.02636   37   54    0.02585    0.05003  93.6%  32.6  645s
 1593669 356098    0.02795   39   58    0.02585    0.04997  93.3%  32.6  650s
 1606869 358463    0.04021   36   65    0.02585    0.04992  93.2%  32.6  655s
 1620383 360525    0.04957   31   67    0.02585    0.04988  93.0%  32.6  660s
 1632102 362365    0.04420   27   66    0.02585    0.04983  92.8%  32.5  665s
 1645526 364743 infeasible   40         0.02585    0.04978  92.6%  32.5  670s
 1658530 366850    0.03924   29   55    0.02585    0.04973  92.4%  32.5  675s
 1671731 369035    0.03329   39   62    0.02585    0.04969  92.2%  32.5  680s
 1686094 371549     cutoff   35         0.02585    0.04963  92.0%  32.5  685s
 1699064 373870    0.02849   37   55    0.02585    0.04959  91.9%  32.5  690s
 1711636 376031    0.02977   41   54    0.02585    0.04955  91.7%  32.5  695s
 1724935 378133    0.02940   38   52    0.02585    0.04951  91.5%  32.4  700s
 1738746 380399     cutoff   42         0.02585    0.04946  91.4%  32.4  705s
 1752305 382786    0.03476   38   56    0.02585    0.04941  91.2%  32.4  710s
 1759032 383994     cutoff   46         0.02585    0.04938  91.1%  32.4  715s
 1772393 386494    0.03009   43   51    0.02585    0.04934  90.9%  32.4  720s
 1784977 389212     cutoff   39         0.02585    0.04930  90.8%  32.4  725s
 1799067 391459    0.04178   29   56    0.02585    0.04925  90.6%  32.3  730s
 1812077 393518    0.03697   35   57    0.02585    0.04921  90.4%  32.3  735s
 1825535 395356     cutoff   41         0.02585    0.04917  90.2%  32.3  740s
 1839087 397717     cutoff   36         0.02585    0.04912  90.1%  32.3  745s
 1851903 399742     cutoff   38         0.02585    0.04908  89.9%  32.3  750s
 1865945 402079    0.04624   37   56    0.02585    0.04904  89.7%  32.3  755s
 1880352 403866    0.03251   33   52    0.02585    0.04900  89.6%  32.2  760s
 1894891 406383     cutoff   38         0.02585    0.04895  89.4%  32.2  765s
 1908326 408378     cutoff   40         0.02585    0.04891  89.2%  32.2  770s
 1921815 410177     cutoff   35         0.02585    0.04887  89.1%  32.2  775s
 1934613 412132     cutoff   36         0.02585    0.04883  88.9%  32.2  780s
 1947920 413860    0.02989   39   61    0.02585    0.04879  88.8%  32.2  785s
 1961483 415966     cutoff   42         0.02585    0.04875  88.6%  32.2  790s
 1974601 418182     cutoff   38         0.02585    0.04871  88.5%  32.2  795s
 1987204 420094    0.02667   47   53    0.02585    0.04867  88.3%  32.2  800s
 1997469 421752    0.02639   53   56    0.02585    0.04864  88.2%  32.1  805s
 2010913 423951    0.02894   44   60    0.02585    0.04860  88.0%  32.1  810s
 2024353 425900     cutoff   42         0.02585    0.04856  87.9%  32.1  815s
 2036945 427660    0.03059   34   62    0.02585    0.04852  87.7%  32.1  820s
 2051086 429687    0.03711   35   48    0.02585    0.04848  87.6%  32.1  825s
 2064143 431484     cutoff   37         0.02585    0.04845  87.4%  32.1  830s
 2078218 433621    0.03716   28   57    0.02585    0.04840  87.3%  32.1  835s
 2091013 435587     cutoff   36         0.02585    0.04837  87.1%  32.0  840s
 2101457 437099     cutoff   42         0.02585    0.04834  87.0%  32.0  845s
 2115197 439317    0.02680   35   53    0.02585    0.04829  86.8%  32.0  850s
 2129405 441609    0.04013   41   51    0.02585    0.04825  86.7%  32.0  855s
 2143142 443537    0.02641   37   56    0.02585    0.04822  86.6%  32.0  860s
 2157100 445631     cutoff   40         0.02585    0.04818  86.4%  32.0  865s
 2171417 447891    0.02831   30   49    0.02585    0.04814  86.3%  32.0  870s
 2185567 449748    0.03376   35   57    0.02585    0.04810  86.1%  31.9  875s
 2198978 451903 infeasible   36         0.02585    0.04806  86.0%  31.9  880s
 2208071 453170    0.03189   35   56    0.02585    0.04804  85.9%  31.9  885s
 2218922 454988     cutoff   45         0.02585    0.04801  85.8%  31.9  890s
 2234410 457357    0.03378   38   51    0.02585    0.04797  85.6%  31.9  895s
 2247195 459231    0.02949   41   53    0.02585    0.04794  85.5%  31.9  900s
 2260711 461356     cutoff   38         0.02585    0.04789  85.3%  31.9  905s
 2276890 463936    0.02627   37   53    0.02585    0.04785  85.1%  31.8  910s
 2290641 466005    0.03720   38   52    0.02585    0.04781  85.0%  31.8  915s
 2304152 468160     cutoff   49         0.02585    0.04778  84.9%  31.8  920s
 2318579 470275    0.03173   37   52    0.02585    0.04775  84.7%  31.8  925s
 2332792 472554    0.03317   27   51    0.02585    0.04771  84.6%  31.8  930s
 2345042 474568    0.02746   63   55    0.02585    0.04768  84.5%  31.8  935s
 2358389 476473     cutoff   40         0.02585    0.04765  84.4%  31.8  940s
 2372499 478728    0.02717   49   54    0.02585    0.04762  84.2%  31.8  945s
 2386521 480860    0.03155   38   61    0.02585    0.04758  84.1%  31.7  950s
 2399725 482902     cutoff   37         0.02585    0.04755  84.0%  31.7  955s
 2413933 485142    0.03910   35   49    0.02585    0.04751  83.8%  31.7  960s
 2425686 486878    0.02903   44   54    0.02585    0.04749  83.7%  31.7  965s
 2435276 488203    0.03261   39   57    0.02585    0.04746  83.6%  31.7  970s
 2449720 490306    0.03435   38   59    0.02585    0.04743  83.5%  31.7  975s
 2464418 492499    0.02770   49   57    0.02585    0.04739  83.4%  31.7  980s
 2480177 494733    0.03612   40   48    0.02585    0.04736  83.3%  31.6  985s
 2494640 496732    0.02963   39   60    0.02585    0.04733  83.1%  31.6  990s
 2510250 498752     cutoff   40         0.02585    0.04729  83.0%  31.6  995s
 2524860 500814     cutoff   41         0.02585    0.04726  82.9%  31.6 1000s
 2539513 503008    0.03040   33   59    0.02585    0.04723  82.7%  31.6 1005s
 2552804 504897 infeasible   36         0.02585    0.04720  82.6%  31.6 1010s
 2567398 507009    0.03948   39   59    0.02585    0.04716  82.5%  31.6 1015s
 2582195 509131     cutoff   39         0.02585    0.04713  82.3%  31.6 1020s
 2596378 511186    0.04331   36   62    0.02585    0.04710  82.2%  31.5 1025s
 2610862 513255    0.03073   41   55    0.02585    0.04707  82.1%  31.5 1030s
 2624998 515555    0.03588   37   60    0.02585    0.04704  82.0%  31.5 1035s
 2636407 517254    0.03519   37   57    0.02585    0.04701  81.9%  31.5 1040s
 2651010 519372    0.02699   47   58    0.02585    0.04698  81.8%  31.5 1045s
 2665276 521823    0.04694   34   60    0.02585    0.04694  81.6%  31.5 1050s
 2679522 524059     cutoff   45         0.02585    0.04691  81.5%  31.5 1055s
 2693839 526060     cutoff   43         0.02585    0.04688  81.4%  31.5 1060s
 2703623 527691    0.03870   36   62    0.02585    0.04686  81.3%  31.5 1065s
 2717269 529726    0.03242   35   40    0.02585    0.04683  81.2%  31.4 1070s
 2730496 531786     cutoff   38         0.02585    0.04680  81.1%  31.4 1075s
 2743171 533751    0.03143   42   60    0.02585    0.04678  81.0%  31.4 1080s
 2756273 535786    0.04001   36   56    0.02585    0.04675  80.9%  31.4 1085s
 2769570 537776 infeasible   36         0.02585    0.04672  80.8%  31.4 1090s
 2780393 539328     cutoff   41         0.02585    0.04670  80.7%  31.4 1095s
 2793572 541034    0.02879   46   51    0.02585    0.04667  80.6%  31.4 1100s
 2805467 542818    0.04376   31   61    0.02585    0.04665  80.5%  31.4 1105s
 2818866 544918    0.03980   30   54    0.02585    0.04662  80.4%  31.4 1110s
 2831476 546854     cutoff   52         0.02585    0.04660  80.3%  31.4 1115s
 2844405 548776    0.03252   38   54    0.02585    0.04657  80.2%  31.3 1120s
 2856885 550583     cutoff   40         0.02585    0.04655  80.1%  31.3 1125s
 2870514 552614 infeasible   44         0.02585    0.04652  80.0%  31.3 1130s
 2884819 554583    0.02593   33   54    0.02585    0.04649  79.9%  31.3 1135s
 2899134 556546    0.03436   38   56    0.02585    0.04647  79.8%  31.3 1140s
H2904470 554212                       0.0259757    0.04645  78.8%  31.3 1142s
H2904698 554259                       0.0259757    0.04645  78.8%  31.3 1142s
H2906228 544730                       0.0263930    0.04645  76.0%  31.3 1143s
 2907568 544929    0.02904   41   53    0.02639    0.04645  76.0%  31.3 1145s
 2921843 547064     cutoff   47         0.02639    0.04641  75.9%  31.3 1150s
 2935876 549219    0.03835   36   61    0.02639    0.04639  75.7%  31.3 1155s
 2949264 551005     cutoff   49         0.02639    0.04636  75.6%  31.3 1160s
 2962488 552978    0.02777   40   47    0.02639    0.04633  75.5%  31.3 1165s
 2977119 554948    0.02689   39   55    0.02639    0.04630  75.4%  31.2 1170s
 2991482 556916    0.03612   40   51    0.02639    0.04627  75.3%  31.2 1175s
 3006278 558988    0.04214   36   61    0.02639    0.04624  75.2%  31.2 1180s
 3017540 560468    0.02998   38   58    0.02639    0.04622  75.1%  31.2 1185s
 3032814 562735     cutoff   38         0.02639    0.04619  75.0%  31.2 1190s
 3043130 564269     cutoff   45         0.02639    0.04617  74.9%  31.2 1195s
 3057871 566250    0.03427   39   60    0.02639    0.04614  74.8%  31.2 1200s
 3072039 568066    0.02732   40   52    0.02639    0.04612  74.7%  31.2 1205s
 3087324 570424     cutoff   41         0.02639    0.04609  74.6%  31.2 1210s
 3101691 572500    0.03816   41   67    0.02639    0.04606  74.5%  31.1 1215s
 3116838 574414    0.03328   40   51    0.02639    0.04603  74.4%  31.1 1220s
 3131889 576529    0.02712   41   46    0.02639    0.04600  74.3%  31.1 1225s
 3146353 578433     cutoff   45         0.02639    0.04597  74.2%  31.1 1230s
 3161826 580417    0.03682   40   53    0.02639    0.04594  74.1%  31.1 1235s
 3178298 582496     cutoff   42         0.02639    0.04591  73.9%  31.1 1240s
 3192325 584332     cutoff   30         0.02639    0.04588  73.8%  31.1 1245s
 3206027 586250     cutoff   43         0.02639    0.04585  73.7%  31.1 1250s
 3220617 588176    0.02676   40   62    0.02639    0.04583  73.6%  31.1 1255s
 3235418 590230    0.02784   42   54    0.02639    0.04580  73.5%  31.1 1260s
 3250402 592182    0.03165   36   54    0.02639    0.04577  73.4%  31.0 1265s
 3264524 594229    0.03675   37   53    0.02639    0.04575  73.3%  31.0 1270s
 3278788 596162     cutoff   43         0.02639    0.04572  73.2%  31.0 1275s
H3293354 597930                       0.0263930    0.04569  73.1%  31.0 1279s
 3293358 597948     cutoff   32         0.02639    0.04569  73.1%  31.0 1280s
 3302006 599153    0.04556   31   50    0.02639    0.04568  73.1%  31.0 1285s
 3317520 601244    0.04323   35   53    0.02639    0.04565  73.0%  31.0 1290s
 3333279 603579     cutoff   48         0.02639    0.04562  72.9%  31.0 1295s
 3347747 605445    0.03164   40   60    0.02639    0.04559  72.8%  31.0 1300s
 3363114 607251    0.04231   39   58    0.02639    0.04556  72.6%  31.0 1305s
 3377420 609189     cutoff   36         0.02639    0.04554  72.5%  31.0 1310s
 3393053 611354    0.02900   42   57    0.02639    0.04551  72.4%  30.9 1315s
 3407772 613196     cutoff   37         0.02639    0.04548  72.3%  30.9 1320s
 3423001 615362    0.02915   39   61    0.02639    0.04546  72.2%  30.9 1325s
 3438387 617544    0.02935   41   54    0.02639    0.04543  72.1%  30.9 1330s
 3451599 619455     cutoff   47         0.02639    0.04541  72.0%  30.9 1335s
 3466282 621309    0.03031   41   51    0.02639    0.04538  71.9%  30.9 1340s
 3481043 623432     cutoff   47         0.02639    0.04535  71.8%  30.9 1345s
 3492611 625014     cutoff   43         0.02639    0.04533  71.8%  30.9 1350s
 3507516 627115    0.02761   41   57    0.02639    0.04531  71.7%  30.9 1355s
 3522266 628921     cutoff   38         0.02639    0.04528  71.6%  30.9 1360s
 3536994 630818     cutoff   39         0.02639    0.04526  71.5%  30.8 1365s
 3551097 632622    0.03820   44   66    0.02639    0.04523  71.4%  30.8 1370s
 3566470 634500     cutoff   32         0.02639    0.04521  71.3%  30.8 1375s
 3581237 636429     cutoff   39         0.02639    0.04518  71.2%  30.8 1380s
 3595790 638276    0.02799   42   56    0.02639    0.04516  71.1%  30.8 1385s
 3610809 640152    0.04400   35   58    0.02639    0.04513  71.0%  30.8 1390s
 3625307 641937 infeasible   38         0.02639    0.04511  70.9%  30.8 1395s
 3640158 644237     cutoff   35         0.02639    0.04509  70.8%  30.8 1400s
 3653103 645767     cutoff   48         0.02639    0.04507  70.7%  30.8 1405s
 3668810 647615    0.03760   36   57    0.02639    0.04504  70.6%  30.8 1410s
 3682986 649572     cutoff   47         0.02639    0.04502  70.6%  30.7 1415s
 3691953 650837    0.02731   37   57    0.02639    0.04500  70.5%  30.7 1420s
 3706123 652643     cutoff   47         0.02639    0.04498  70.4%  30.7 1425s
 3720614 654681    0.03068   36   58    0.02639    0.04496  70.3%  30.7 1430s
 3735426 656645    0.02639   40   54    0.02639    0.04493  70.3%  30.7 1435s
 3748877 658331     cutoff   35         0.02639    0.04491  70.2%  30.7 1440s
 3763322 660044     cutoff   38         0.02639    0.04489  70.1%  30.7 1445s
 3777007 661776    0.02651   34   51    0.02639    0.04487  70.0%  30.7 1450s
H3780386 661708                       0.0264133    0.04486  69.8%  30.7 1451s
H3780642 661768                       0.0264133    0.04486  69.8%  30.7 1451s
 3788162 662769     cutoff   43         0.02641    0.04485  69.8%  30.7 1455s
 3802655 664603    0.02912   50   47    0.02641    0.04483  69.7%  30.7 1460s
 3816499 666301    0.02797   38   57    0.02641    0.04480  69.6%  30.7 1465s
 3831397 668214    0.02675   46   56    0.02641    0.04478  69.5%  30.7 1470s
 3847375 670148     cutoff   41         0.02641    0.04476  69.5%  30.6 1475s
 3860755 671811    0.02892   47   50    0.02641    0.04474  69.4%  30.6 1480s
 3875514 673710    0.03209   38   56    0.02641    0.04471  69.3%  30.6 1485s
 3890293 675393    0.03266   39   54    0.02641    0.04469  69.2%  30.6 1490s
 3905110 677096     cutoff   38         0.02641    0.04466  69.1%  30.6 1495s
 3918965 678803    0.03825   33   52    0.02641    0.04465  69.0%  30.6 1500s
 3929345 680038    0.02748   38   55    0.02641    0.04463  69.0%  30.6 1505s
 3942413 681850     cutoff   38         0.02641    0.04461  68.9%  30.6 1510s
 3955018 683414     cutoff   40         0.02641    0.04459  68.8%  30.6 1515s
 3969828 685317    0.02896   44   57    0.02641    0.04456  68.7%  30.6 1520s
 3984012 687114    0.02865   37   61    0.02641    0.04454  68.6%  30.6 1525s
 3998643 688900    0.02661   33   55    0.02641    0.04452  68.6%  30.5 1530s
 4011995 690697    0.02721   37   53    0.02641    0.04450  68.5%  30.5 1535s
 4027064 692455    0.04357   45   61    0.02641    0.04448  68.4%  30.5 1540s
 4041083 694089     cutoff   49         0.02641    0.04446  68.3%  30.5 1545s
 4054661 695868    0.03297   41   55    0.02641    0.04443  68.2%  30.5 1550s
 4065890 697410     cutoff   41         0.02641    0.04441  68.2%  30.5 1555s
 4080164 699559    0.03817   39   59    0.02641    0.04440  68.1%  30.5 1560s
 4094141 701546    0.02871   33   56    0.02641    0.04438  68.0%  30.5 1565s
 4107999 703365     cutoff   34         0.02641    0.04436  67.9%  30.5 1570s
 4122031 705110    0.03453   30   55    0.02641    0.04433  67.8%  30.5 1575s
 4135243 706964     cutoff   35         0.02641    0.04432  67.8%  30.5 1580s
 4149006 708720    0.03960   35   58    0.02641    0.04430  67.7%  30.5 1585s
 4163113 710469    0.02745   38   63    0.02641    0.04428  67.6%  30.5 1590s
 4177669 712128    0.02843   42   47    0.02641    0.04426  67.6%  30.4 1595s
 4191965 713895     cutoff   35         0.02641    0.04423  67.5%  30.4 1600s
 4200299 714908    0.03528   37   59    0.02641    0.04422  67.4%  30.4 1605s
 4214150 716639    0.03416   32   59    0.02641    0.04420  67.4%  30.4 1610s
 4228681 718385     cutoff   36         0.02641    0.04418  67.3%  30.4 1615s
 4242599 720131     cutoff   46         0.02641    0.04416  67.2%  30.4 1620s
 4257212 722001    0.03699   36   51    0.02641    0.04414  67.1%  30.4 1625s
 4270998 723681    0.03731   41   66    0.02641    0.04412  67.0%  30.4 1630s
 4286719 725558    0.03425   41   56    0.02641    0.04410  67.0%  30.4 1635s
 4301303 727104    0.02809   42   57    0.02641    0.04408  66.9%  30.4 1640s
 4316118 729003    0.03741   32   64    0.02641    0.04406  66.8%  30.4 1645s
 4329921 730585     cutoff   35         0.02641    0.04404  66.7%  30.4 1650s
 4344472 732647    0.03413   39   62    0.02641    0.04402  66.6%  30.4 1655s
 4359140 734518    0.02974   39   62    0.02641    0.04400  66.6%  30.3 1660s
 4373378 736285    0.02710   34   53    0.02641    0.04397  66.5%  30.3 1665s
 4386570 737867     cutoff   31         0.02641    0.04396  66.4%  30.3 1670s
 4401504 739700     cutoff   43         0.02641    0.04394  66.3%  30.3 1675s
 4415902 741369    0.03148   38   53    0.02641    0.04392  66.3%  30.3 1680s
 4430607 743073    0.03082   39   52    0.02641    0.04390  66.2%  30.3 1685s
 4445951 745029    0.04165   39   54    0.02641    0.04387  66.1%  30.3 1691s
 4455283 746184    0.02718   44   47    0.02641    0.04386  66.1%  30.3 1695s
 4470752 748061    0.02735   44   51    0.02641    0.04384  66.0%  30.3 1700s
 4482653 749601    0.02789   37   54    0.02641    0.04383  65.9%  30.3 1705s
 4495267 751384    0.02850   45   45    0.02641    0.04381  65.9%  30.3 1710s
 4507235 752899     cutoff   32         0.02641    0.04379  65.8%  30.3 1715s
 4523524 755003    0.02669   43   53    0.02641    0.04377  65.7%  30.3 1720s
 4538924 756871    0.03268   37   51    0.02641    0.04375  65.6%  30.2 1725s
 4553272 758677    0.02740   42   57    0.02641    0.04373  65.6%  30.2 1730s
 4567161 760407     cutoff   41         0.02641    0.04371  65.5%  30.2 1735s
 4581650 762144    0.04315   30   63    0.02641    0.04369  65.4%  30.2 1740s
 4596054 763938    0.03205   35   55    0.02641    0.04368  65.4%  30.2 1745s
 4610900 765645    0.03365   41   55    0.02641    0.04366  65.3%  30.2 1750s
 4626970 767350    0.02735   31   56    0.02641    0.04364  65.2%  30.2 1755s
 4642262 769333     cutoff   48         0.02641    0.04362  65.1%  30.2 1760s
H4653623 770391                       0.0264174    0.04360  65.0%  30.2 1763s
H4653631 770391                       0.0264174    0.04360  65.0%  30.2 1764s
H4653634 769660                       0.0264388    0.04360  64.9%  30.2 1764s
 4654641 769811    0.03278   38   48    0.02644    0.04360  64.9%  30.2 1765s
 4667613 771357    0.02822   43   60    0.02644    0.04358  64.8%  30.2 1770s
H4684158 773292                       0.0264388    0.04356  64.8%  30.2 1775s
H4684250 773334                       0.0264388    0.04356  64.8%  30.2 1775s
H4693274 774319                       0.0264388    0.04355  64.7%  30.2 1779s
 4693769 774416    0.03575   43   56    0.02644    0.04355  64.7%  30.2 1780s
 4705692 775803    0.03229   30   51    0.02644    0.04353  64.6%  30.2 1785s
 4720917 777712    0.03101   40   56    0.02644    0.04351  64.6%  30.2 1790s
 4734609 779208     cutoff   51         0.02644    0.04349  64.5%  30.1 1795s
 4751039 781036    0.02758   37   59    0.02644    0.04347  64.4%  30.1 1800s
 4766698 782873    0.03291   46   58    0.02644    0.04345  64.3%  30.1 1805s
 4781851 784533    0.04198   37   55    0.02644    0.04343  64.3%  30.1 1810s
 4797222 786387     cutoff   36         0.02644    0.04341  64.2%  30.1 1815s
 4811385 788094     cutoff   41         0.02644    0.04339  64.1%  30.1 1820s
 4826246 789939    0.03240   36   56    0.02644    0.04337  64.1%  30.1 1825s
 4841799 791786    0.02783   37   56    0.02644    0.04335  64.0%  30.1 1830s
 4856810 793357    0.02798   41   59    0.02644    0.04333  63.9%  30.1 1835s
 4871925 794842    0.04008   37   58    0.02644    0.04331  63.8%  30.1 1840s
 4886863 796534     cutoff   41         0.02644    0.04330  63.8%  30.1 1845s
 4896680 797580    0.03040   37   53    0.02644    0.04328  63.7%  30.1 1850s
 4911751 799230    0.03293   34   58    0.02644    0.04326  63.6%  30.0 1855s
 4922465 800424     cutoff   42         0.02644    0.04325  63.6%  30.0 1860s
 4936836 801997    0.03592   47   62    0.02644    0.04323  63.5%  30.0 1865s
 4951477 803551    0.02821   37   52    0.02644    0.04321  63.4%  30.0 1870s
 4966335 805171    0.02837   32   59    0.02644    0.04319  63.4%  30.0 1875s
 4980634 806749    0.03237   36   59    0.02644    0.04318  63.3%  30.0 1880s
 4995648 808402     cutoff   37         0.02644    0.04316  63.2%  30.0 1885s
 5011369 809947    0.03333   37   65    0.02644    0.04314  63.2%  30.0 1890s
 5027147 811654    0.02936   41   55    0.02644    0.04312  63.1%  30.0 1895s
 5042243 813221    0.03370   41   56    0.02644    0.04310  63.0%  30.0 1900s
 5058135 815107    0.03933   44   59    0.02644    0.04308  62.9%  30.0 1905s
 5073010 816765    0.02748   36   54    0.02644    0.04306  62.9%  30.0 1910s
 5087793 818526     cutoff   42         0.02644    0.04304  62.8%  30.0 1915s
 5103520 820098    0.02706   37   53    0.02644    0.04303  62.7%  30.0 1920s
 5118351 821659 infeasible   39         0.02644    0.04301  62.7%  29.9 1925s
 5132390 823137    0.03969   42   54    0.02644    0.04299  62.6%  29.9 1930s
 5147227 824978    0.03696   45   57    0.02644    0.04297  62.5%  29.9 1935s
 5162015 826720    0.03720   36   50    0.02644    0.04295  62.5%  29.9 1940s
 5177208 828445     cutoff   57         0.02644    0.04294  62.4%  29.9 1945s
 5188384 829765    0.02686   53   39    0.02644    0.04292  62.3%  29.9 1950s
 5203645 831177     cutoff   34         0.02644    0.04290  62.3%  29.9 1955s
 5218161 832556    0.03077   37   54    0.02644    0.04289  62.2%  29.9 1960s
 5233282 834297     cutoff   38         0.02644    0.04287  62.1%  29.9 1965s
 5248299 835997     cutoff   48         0.02644    0.04285  62.1%  29.9 1970s
 5263210 837498    0.02731   37   50    0.02644    0.04283  62.0%  29.9 1975s
 5277151 838940    0.03358   45   53    0.02644    0.04282  61.9%  29.9 1980s
 5292022 840416     cutoff   48         0.02644    0.04280  61.9%  29.9 1985s
 5307323 841980    0.03231   44   58    0.02644    0.04278  61.8%  29.9 1990s
 5323027 843673    0.03714   35   56    0.02644    0.04276  61.7%  29.8 1995s
 5337352 845169    0.02789   42   56    0.02644    0.04275  61.7%  29.8 2000s
 5352521 846655     cutoff   44         0.02644    0.04273  61.6%  29.8 2005s
 5367096 848182    0.03332   34   60    0.02644    0.04271  61.5%  29.8 2010s
 5380553 849542    0.03457   45   52    0.02644    0.04270  61.5%  29.8 2015s
 5398231 851225    0.03974   33   58    0.02644    0.04267  61.4%  29.8 2020s
 5412853 853010     cutoff   37         0.02644    0.04266  61.3%  29.8 2025s
 5422435 853927     cutoff   46         0.02644    0.04264  61.3%  29.8 2030s
 5437209 855535    0.02679   42   52    0.02644    0.04263  61.2%  29.8 2035s
 5451776 857020    0.03253   36   52    0.02644    0.04261  61.2%  29.8 2040s
 5467699 859290    0.02652   45   53    0.02644    0.04259  61.1%  29.8 2045s
 5478770 860460    0.03100   42   52    0.02644    0.04258  61.0%  29.8 2050s
 5495001 861963     cutoff   35         0.02644    0.04256  61.0%  29.8 2055s
 5508782 863389    0.02834   37   54    0.02644    0.04254  60.9%  29.8 2060s
 5524521 865165    0.04039   36   57    0.02644    0.04252  60.8%  29.8 2065s
 5538390 866525    0.02755   44   50    0.02644    0.04251  60.8%  29.8 2070s
 5553876 868117     cutoff   40         0.02644    0.04249  60.7%  29.8 2075s
 5568014 869551     cutoff   37         0.02644    0.04248  60.7%  29.7 2080s
 5582305 871036    0.03554   36   53    0.02644    0.04246  60.6%  29.7 2085s
 5593986 872246     cutoff   40         0.02644    0.04245  60.5%  29.7 2090s
 5609204 873672    0.03400   45   63    0.02644    0.04243  60.5%  29.7 2095s
 5623861 875286     cutoff   38         0.02644    0.04241  60.4%  29.7 2100s
 5639702 876946     cutoff   40         0.02644    0.04240  60.4%  29.7 2105s
 5654213 878592    0.02933   43   53    0.02644    0.04238  60.3%  29.7 2110s
 5669275 880106    0.03137   34   59    0.02644    0.04236  60.2%  29.7 2115s
 5684366 881638    0.03411   38   57    0.02644    0.04235  60.2%  29.7 2120s
 5694383 882800    0.03264   34   57    0.02644    0.04233  60.1%  29.7 2125s
 5709492 884438     cutoff   35         0.02644    0.04232  60.1%  29.7 2130s
 5724704 886052    0.02758   36   55    0.02644    0.04230  60.0%  29.7 2135s
 5739047 887539    0.03400   39   53    0.02644    0.04228  59.9%  29.7 2140s
 5753404 889146    0.03925   37   53    0.02644    0.04227  59.9%  29.7 2145s
 5768058 890725    0.03432   38   55    0.02644    0.04225  59.8%  29.7 2150s
 5782659 892032    0.03357   34   56    0.02644    0.04223  59.7%  29.7 2155s
 5797385 893486    0.02678   46   55    0.02644    0.04222  59.7%  29.7 2160s
 5812497 895134    0.03611   38   54    0.02644    0.04220  59.6%  29.7 2165s
 5827320 896577    0.02957   38   58    0.02644    0.04218  59.5%  29.7 2170s
 5841507 898069    0.03365   46   61    0.02644    0.04217  59.5%  29.6 2175s
 5856493 899665    0.02799   35   60    0.02644    0.04215  59.4%  29.6 2180s
 5870643 901191    0.02927   36   55    0.02644    0.04213  59.4%  29.6 2185s
 5885442 902631     cutoff   37         0.02644    0.04212  59.3%  29.6 2190s
 5900203 904227    0.02661   36   58    0.02644    0.04210  59.2%  29.6 2195s
 5915687 905834    0.02958   46   59    0.02644    0.04208  59.2%  29.6 2200s
 5929476 907285     cutoff   36         0.02644    0.04207  59.1%  29.6 2205s
 5938675 908271     cutoff   36         0.02644    0.04206  59.1%  29.6 2210s
 5952807 909456    0.02717   32   57    0.02644    0.04204  59.0%  29.6 2215s
 5966498 910930     cutoff   48         0.02644    0.04203  59.0%  29.6 2220s
 5981972 912481    0.03621   43   61    0.02644    0.04201  58.9%  29.6 2225s
 5996721 913882    0.02773   37   52    0.02644    0.04199  58.8%  29.6 2230s
 6008384 915013    0.04049   45   63    0.02644    0.04198  58.8%  29.6 2235s
 6024356 916630     cutoff   47         0.02644    0.04196  58.7%  29.6 2240s
 6040718 918182     cutoff   44         0.02644    0.04194  58.6%  29.6 2245s
 6056292 919701    0.03475   43   56    0.02644    0.04193  58.6%  29.6 2250s
 6071577 921294     cutoff   38         0.02644    0.04191  58.5%  29.6 2255s
 6086685 922799    0.03198   39   57    0.02644    0.04189  58.5%  29.6 2260s
 6100657 923957    0.02645   49   52    0.02644    0.04188  58.4%  29.6 2265s
 6112930 925147    0.02960   36   55    0.02644    0.04186  58.3%  29.6 2270s
 6128000 926762    0.03014   37   59    0.02644    0.04185  58.3%  29.5 2275s
 6142890 928036     cutoff   46         0.02644    0.04183  58.2%  29.5 2280s
 6158645 929419    0.03366   33   56    0.02644    0.04182  58.2%  29.5 2285s
 6173260 930674     cutoff   40         0.02644    0.04180  58.1%  29.5 2290s
 6188069 932135    0.03572   38   65    0.02644    0.04179  58.1%  29.5 2295s
H6194717 932680                       0.0264388    0.04178  58.0%  29.5 2297s
 6196063 932878     cutoff   38         0.02644    0.04178  58.0%  29.5 2300s
 6209748 934200    0.03286   39   58    0.02644    0.04176  58.0%  29.5 2305s
 6225000 935728     cutoff   35         0.02644    0.04175  57.9%  29.5 2310s
 6239079 937190 infeasible   41         0.02644    0.04173  57.9%  29.5 2315s
 6254426 938634    0.02705   38   52    0.02644    0.04172  57.8%  29.5 2320s
 6269181 940044    0.03704   39   57    0.02644    0.04170  57.7%  29.5 2325s
 6284040 941538    0.04054   36   51    0.02644    0.04168  57.7%  29.5 2330s
 6298745 943049    0.03221   36   57    0.02644    0.04167  57.6%  29.5 2335s
 6313049 944256    0.02804   36   54    0.02644    0.04165  57.6%  29.5 2340s
 6327574 945632    0.03113   43   66    0.02644    0.04164  57.5%  29.5 2345s
 6342620 947052    0.02986   42   42    0.02644    0.04162  57.4%  29.5 2350s
 6357641 948388    0.03608   45   64    0.02644    0.04161  57.4%  29.5 2355s
 6370879 949644    0.03047   44   50    0.02644    0.04160  57.3%  29.5 2360s
 6386327 951066    0.03356   36   53    0.02644    0.04158  57.3%  29.5 2365s
 6395477 951961     cutoff   46         0.02644    0.04157  57.2%  29.5 2370s
 6408697 953155     cutoff   42         0.02644    0.04156  57.2%  29.4 2375s
 6424837 954529    0.03379   38   54    0.02644    0.04154  57.1%  29.4 2380s
 6438943 955902     cutoff   39         0.02644    0.04153  57.1%  29.4 2385s
 6454211 957340    0.02901   49   52    0.02644    0.04151  57.0%  29.4 2390s
 6467883 958598     cutoff   42         0.02644    0.04150  57.0%  29.4 2395s
 6481797 959850     cutoff   44         0.02644    0.04148  56.9%  29.4 2400s
 6496214 961190    0.02769   41   52    0.02644    0.04147  56.8%  29.4 2405s
 6511336 962510     cutoff   41         0.02644    0.04145  56.8%  29.4 2410s
 6525835 963826     cutoff   44         0.02644    0.04144  56.7%  29.4 2415s
 6540432 965079    0.03129   37   50    0.02644    0.04142  56.7%  29.4 2420s
 6554698 966459     cutoff   46         0.02644    0.04141  56.6%  29.4 2425s
 6569200 967803     cutoff   46         0.02644    0.04140  56.6%  29.4 2430s
 6583851 969135    0.02728   35   58    0.02644    0.04138  56.5%  29.4 2435s
 6599789 970945     cutoff   39         0.02644    0.04137  56.5%  29.4 2440s
 6615390 972461    0.03085   36   47    0.02644    0.04135  56.4%  29.4 2445s
 6630220 973826     cutoff   44         0.02644    0.04134  56.3%  29.4 2450s
 6640646 974826    0.03915   31   59    0.02644    0.04133  56.3%  29.4 2455s
 6654810 976023    0.04068   26   50    0.02644    0.04131  56.3%  29.4 2460s
 6669693 977524     cutoff   47         0.02644    0.04130  56.2%  29.4 2465s
 6684153 978863     cutoff   40         0.02644    0.04128  56.2%  29.4 2470s
 6699696 980236    0.03747   41   53    0.02644    0.04127  56.1%  29.4 2475s
 6714967 981540     cutoff   44         0.02644    0.04126  56.0%  29.4 2480s
 6725342 982427     cutoff   43         0.02644    0.04125  56.0%  29.4 2485s
 6740259 983899     cutoff   37         0.02644    0.04123  55.9%  29.3 2490s
 6755346 985164    0.03626   39   68    0.02644    0.04122  55.9%  29.3 2495s
 6770081 986522     cutoff   45         0.02644    0.04120  55.8%  29.3 2500s
 6784884 987918     cutoff   33         0.02644    0.04119  55.8%  29.3 2505s
 6800601 989187    0.03070   44   60    0.02644    0.04117  55.7%  29.3 2510s
 6815136 990553     cutoff   40         0.02644    0.04116  55.7%  29.3 2515s
 6830696 992252    0.02995   38   51    0.02644    0.04114  55.6%  29.3 2520s
 6840923 993127    0.03344   44   56    0.02644    0.04114  55.6%  29.3 2525s
 6856270 994417     cutoff   52         0.02644    0.04112  55.5%  29.3 2530s
 6871054 995606     cutoff   44         0.02644    0.04111  55.5%  29.3 2535s
 6885378 996873    0.03211   35   50    0.02644    0.04109  55.4%  29.3 2540s
 6899226 998035    0.02796   42   60    0.02644    0.04108  55.4%  29.3 2545s
 6913896 999479    0.03113   44   57    0.02644    0.04107  55.3%  29.3 2550s
 6928347 1000692    0.02806   44   55    0.02644    0.04105  55.3%  29.3 2555s
 6942733 1002010    0.03321   40   66    0.02644    0.04104  55.2%  29.3 2560s
 6956756 1003334    0.02813   38   48    0.02644    0.04103  55.2%  29.3 2565s
 6971147 1004613     cutoff   47         0.02644    0.04101  55.1%  29.3 2570s
 6985980 1006008    0.03230   43   53    0.02644    0.04100  55.1%  29.3 2575s
 7000711 1007487    0.02714   44   54    0.02644    0.04099  55.0%  29.3 2580s
 7014925 1008824    0.03380   34   54    0.02644    0.04097  55.0%  29.3 2585s
 7029193 1010114     cutoff   47         0.02644    0.04096  54.9%  29.3 2590s
 7042958 1011616    0.03126   44   54    0.02644    0.04095  54.9%  29.3 2595s
 7057875 1013112     cutoff   44         0.02644    0.04093  54.8%  29.2 2600s
 7069726 1014362     cutoff   47         0.02644    0.04092  54.8%  29.2 2605s
 7082357 1015424     cutoff   37         0.02644    0.04091  54.7%  29.2 2610s
 7096982 1016936     cutoff   40         0.02644    0.04090  54.7%  29.2 2615s
 7111418 1018376    0.02711   42   58    0.02644    0.04088  54.6%  29.2 2620s
 7126219 1019455    0.02802   40   59    0.02644    0.04087  54.6%  29.2 2625s
 7140807 1020662    0.03839   47   58    0.02644    0.04086  54.5%  29.2 2630s
 7155382 1021759     cutoff   44         0.02644    0.04084  54.5%  29.2 2635s
 7169726 1022975     cutoff   42         0.02644    0.04083  54.4%  29.2 2640s
 7184450 1024151     cutoff   35         0.02644    0.04082  54.4%  29.2 2645s
 7200520 1025676    0.04028   33   57    0.02644    0.04080  54.3%  29.2 2650s
 7216019 1027107     cutoff   37         0.02644    0.04079  54.3%  29.2 2655s
 7231703 1028411    0.03633   38   56    0.02644    0.04077  54.2%  29.2 2660s
 7247101 1029623    0.02690   44   55    0.02644    0.04076  54.2%  29.2 2665s
 7262483 1030911     cutoff   43         0.02644    0.04075  54.1%  29.2 2670s
 7278373 1032273    0.03076   37   61    0.02644    0.04073  54.1%  29.2 2675s
 7293498 1033704     cutoff   45         0.02644    0.04072  54.0%  29.2 2680s
 7308641 1034725    0.03397   42   54    0.02644    0.04071  54.0%  29.2 2685s
 7323413 1035968    0.03521   32   57    0.02644    0.04069  53.9%  29.2 2690s
 7333094 1036771    0.03219   43   58    0.02644    0.04068  53.9%  29.2 2695s
 7344775 1037713    0.02926   39   52    0.02644    0.04067  53.8%  29.2 2700s
 7360814 1039056    0.03612   41   56    0.02644    0.04066  53.8%  29.2 2705s
 7375573 1040309    0.03167   39   56    0.02644    0.04065  53.7%  29.2 2710s
 7390138 1041504    0.03794   38   52    0.02644    0.04063  53.7%  29.2 2715s
 7405038 1043180     cutoff   40         0.02644    0.04062  53.6%  29.1 2720s
 7419483 1044525     cutoff   46         0.02644    0.04061  53.6%  29.1 2725s
 7434037 1045726    0.02723   42   55    0.02644    0.04060  53.5%  29.1 2730s
 7448483 1046867    0.02940   38   53    0.02644    0.04058  53.5%  29.1 2735s
 7463704 1048177     cutoff   39         0.02644    0.04057  53.4%  29.1 2740s
 7477739 1049332    0.02705   50   40    0.02644    0.04056  53.4%  29.1 2745s
 7492266 1050574    0.02736   47   55    0.02644    0.04054  53.3%  29.1 2750s
 7503305 1051575    0.02770   48   59    0.02644    0.04053  53.3%  29.1 2755s
 7519060 1052822     cutoff   42         0.02644    0.04052  53.3%  29.1 2760s
 7533279 1053929    0.04050   33   60    0.02644    0.04051  53.2%  29.1 2765s
 7547283 1055090    0.02725   51   47    0.02644    0.04050  53.2%  29.1 2770s
 7560918 1056032     cutoff   41         0.02644    0.04048  53.1%  29.1 2775s
 7575787 1057377    0.02645   34   53    0.02644    0.04047  53.1%  29.1 2780s
 7590720 1058623    0.03126   43   53    0.02644    0.04046  53.0%  29.1 2785s
 7600042 1059516    0.02930   42   54    0.02644    0.04045  53.0%  29.1 2790s
 7612148 1060527     cutoff   40         0.02644    0.04044  53.0%  29.1 2795s
 7626723 1061712     cutoff   45         0.02644    0.04043  52.9%  29.1 2800s
 7639792 1062821    0.02826   41   61    0.02644    0.04042  52.9%  29.1 2805s
 7653196 1063921    0.03215   43   56    0.02644    0.04040  52.8%  29.1 2810s
 7666803 1064975     cutoff   39         0.02644    0.04039  52.8%  29.1 2815s
 7678166 1065934     cutoff   42         0.02644    0.04038  52.7%  29.1 2820s
 7694200 1067221    0.03535   41   55    0.02644    0.04037  52.7%  29.1 2825s
 7707397 1068359    0.03565   36   55    0.02644    0.04036  52.6%  29.1 2830s
 7719080 1069092     cutoff   35         0.02644    0.04035  52.6%  29.1 2835s
 7734177 1070392     cutoff   44         0.02644    0.04033  52.6%  29.0 2840s
 7748006 1071530    0.02740   42   54    0.02644    0.04032  52.5%  29.0 2845s
 7762304 1072683    0.03147   42   54    0.02644    0.04031  52.5%  29.0 2850s
 7773446 1073602     cutoff   43         0.02644    0.04030  52.4%  29.0 2855s
 7788562 1074750     cutoff   40         0.02644    0.04029  52.4%  29.0 2860s
 7801782 1075731    0.03504   42   45    0.02644    0.04028  52.3%  29.0 2865s
 7811543 1076572     cutoff   42         0.02644    0.04027  52.3%  29.0 2870s
 7825462 1077715    0.03199   35   55    0.02644    0.04026  52.3%  29.0 2875s
 7839563 1078847    0.02876   49   53    0.02644    0.04025  52.2%  29.0 2880s
 7853502 1080097     cutoff   35         0.02644    0.04023  52.2%  29.0 2885s
 7868631 1081383 infeasible   52         0.02644    0.04022  52.1%  29.0 2890s
 7882006 1082327    0.03164   36   47    0.02644    0.04021  52.1%  29.0 2895s
 7896701 1083855    0.04001   38   61    0.02644    0.04020  52.0%  29.0 2900s
 7910641 1084927    0.03632   26   72    0.02644    0.04018  52.0%  29.0 2905s
 7925116 1086428    0.02863   43   55    0.02644    0.04017  52.0%  29.0 2910s
 7938608 1087652    0.02826   47   53    0.02644    0.04016  51.9%  29.0 2915s
 7950158 1088582    0.03235   46   58    0.02644    0.04016  51.9%  29.0 2920s
 7963372 1089800    0.03100   37   56    0.02644    0.04015  51.8%  29.0 2925s
 7977964 1090964     cutoff   35         0.02644    0.04013  51.8%  29.0 2930s
 7991476 1092002    0.03099   40   57    0.02644    0.04012  51.8%  29.0 2935s
 8005089 1093087     cutoff   49         0.02644    0.04011  51.7%  29.0 2940s
 8019231 1093973    0.03265   45   64    0.02644    0.04010  51.7%  29.0 2945s
 8033559 1095083    0.03627   34   54    0.02644    0.04009  51.6%  29.0 2950s
 8048457 1096251    0.03459   40   58    0.02644    0.04007  51.6%  29.0 2955s
 8061119 1097363    0.03485   36   33    0.02644    0.04006  51.5%  29.0 2960s
 8072311 1098150     cutoff   41         0.02644    0.04006  51.5%  28.9 2965s
 8086439 1099244    0.02818   41   56    0.02644    0.04004  51.5%  28.9 2970s
 8099583 1100236     cutoff   39         0.02644    0.04003  51.4%  28.9 2975s
 8114179 1101291    0.03238   34   54    0.02644    0.04002  51.4%  28.9 2980s
 8128789 1102433    0.03627   36   56    0.02644    0.04001  51.3%  28.9 2985s
 8143593 1103780    0.03288   36   54    0.02644    0.04000  51.3%  28.9 2990s
 8156786 1104816     cutoff   48         0.02644    0.03999  51.2%  28.9 2995s
 8171290 1106063    0.03313   43   56    0.02644    0.03997  51.2%  28.9 3000s
 8185525 1107291     cutoff   44         0.02644    0.03996  51.2%  28.9 3005s
 8200108 1108330    0.03691   38   52    0.02644    0.03995  51.1%  28.9 3010s
 8215039 1109352    0.03693   25   64    0.02644    0.03994  51.1%  28.9 3015s
 8229629 1110480    0.02661   62   47    0.02644    0.03993  51.0%  28.9 3020s
 8243307 1111367     cutoff   42         0.02644    0.03992  51.0%  28.9 3025s
 8258203 1112387    0.03974   41   59    0.02644    0.03990  50.9%  28.9 3030s
 8271727 1113410    0.02821   39   55    0.02644    0.03989  50.9%  28.9 3035s
 8285887 1114573    0.02733   35   57    0.02644    0.03988  50.8%  28.9 3040s
 8300534 1115576    0.02884   44   46    0.02644    0.03987  50.8%  28.9 3045s
 8314867 1116686     cutoff   45         0.02644    0.03986  50.8%  28.9 3050s
 8324325 1117655     cutoff   45         0.02644    0.03985  50.7%  28.9 3055s
 8337544 1118759     cutoff   31         0.02644    0.03984  50.7%  28.9 3060s
 8352225 1119884    0.03090   46   63    0.02644    0.03983  50.6%  28.9 3065s
 8367104 1120913     cutoff   35         0.02644    0.03982  50.6%  28.9 3070s
 8381432 1121913    0.03493   43   57    0.02644    0.03981  50.6%  28.9 3075s
 8397312 1122998 infeasible   48         0.02644    0.03980  50.5%  28.9 3080s
 8410663 1123957    0.03087   42   47    0.02644    0.03978  50.5%  28.9 3085s
 8425367 1125102     cutoff   41         0.02644    0.03977  50.4%  28.9 3090s
 8440006 1126137    0.03392   34   61    0.02644    0.03976  50.4%  28.8 3095s
 8453606 1127148    0.02711   42   54    0.02644    0.03975  50.3%  28.8 3100s
 8468008 1128347     cutoff   45         0.02644    0.03974  50.3%  28.8 3105s
 8481253 1129254    0.02678   47   52    0.02644    0.03973  50.3%  28.8 3110s
 8496034 1130257    0.03404   33   62    0.02644    0.03972  50.2%  28.8 3115s
 8508457 1131269    0.02817   47   23    0.02644    0.03970  50.2%  28.8 3120s
 8522354 1132152     cutoff   43         0.02644    0.03969  50.1%  28.8 3125s
 8536622 1133227    0.02699   39   43    0.02644    0.03968  50.1%  28.8 3130s
 8545159 1133791     cutoff   38         0.02644    0.03968  50.1%  28.8 3135s
 8557705 1134861    0.02768   42   54    0.02644    0.03967  50.0%  28.8 3140s
 8568688 1135943     cutoff   44         0.02644    0.03966  50.0%  28.8 3145s
 8582111 1136885     cutoff   36         0.02644    0.03965  50.0%  28.8 3150s
 8596428 1137770     cutoff   41         0.02644    0.03964  49.9%  28.8 3155s
 8610985 1138825     cutoff   30         0.02644    0.03962  49.9%  28.8 3160s
 8625114 1139816    0.03128   46   58    0.02644    0.03961  49.8%  28.8 3165s
 8639516 1140934    0.02805   37   52    0.02644    0.03960  49.8%  28.8 3170s
 8655010 1142319    0.03353   43   52    0.02644    0.03959  49.7%  28.8 3175s
 8668834 1143295     cutoff   37         0.02644    0.03958  49.7%  28.8 3180s
 8683572 1144272     cutoff   37         0.02644    0.03957  49.7%  28.8 3185s
 8697836 1145464    0.02664   38   44    0.02644    0.03956  49.6%  28.8 3190s
 8712604 1146869    0.02972   37   59    0.02644    0.03955  49.6%  28.8 3195s
 8727318 1147788     cutoff   44         0.02644    0.03954  49.5%  28.8 3200s
 8741556 1148751    0.02853   48   53    0.02644    0.03953  49.5%  28.8 3205s
 8756423 1149922    0.02891   29   61    0.02644    0.03951  49.5%  28.8 3210s
 8770074 1151031    0.03161   43   57    0.02644    0.03950  49.4%  28.8 3215s
 8784633 1152083    0.02964   36   50    0.02644    0.03949  49.4%  28.8 3220s
 8798709 1153180    0.03084   37   52    0.02644    0.03948  49.3%  28.8 3225s
 8812743 1154220    0.02833   39   56    0.02644    0.03947  49.3%  28.7 3230s
 8822591 1154911    0.02653   39   53    0.02644    0.03946  49.3%  28.7 3235s
 8835885 1155897     cutoff   39         0.02644    0.03945  49.2%  28.7 3240s
 8849364 1156828    0.03510   36   59    0.02644    0.03944  49.2%  28.7 3245s
 8862690 1157664    0.03446   37   57    0.02644    0.03943  49.2%  28.7 3250s
 8876912 1158765     cutoff   42         0.02644    0.03942  49.1%  28.7 3255s
 8893574 1159842    0.02986   45   62    0.02644    0.03941  49.1%  28.7 3260s
 8907567 1160924     cutoff   40         0.02644    0.03940  49.0%  28.7 3265s
 8920720 1161889     cutoff   43         0.02644    0.03939  49.0%  28.7 3270s
 8935270 1162828     cutoff   47         0.02644    0.03938  49.0%  28.7 3275s
 8950035 1163796     cutoff   36         0.02644    0.03937  48.9%  28.7 3280s
 8963897 1164808    0.03147   39   55    0.02644    0.03936  48.9%  28.7 3285s
 8978069 1165791     cutoff   44         0.02644    0.03935  48.8%  28.7 3290s
 8992794 1166738 infeasible   48         0.02644    0.03934  48.8%  28.7 3295s
 9006560 1167627    0.02658   41   54    0.02644    0.03933  48.7%  28.7 3300s
 9020825 1168808    0.03112   36   54    0.02644    0.03932  48.7%  28.7 3305s
 9035410 1169838     cutoff   42         0.02644    0.03931  48.7%  28.7 3310s
 9046764 1170483 infeasible   52         0.02644    0.03930  48.6%  28.7 3315s
 9060032 1171433    0.02697   55   55    0.02644    0.03929  48.6%  28.7 3320s
 9074301 1172502    0.02936   47   56    0.02644    0.03928  48.6%  28.7 3325s
 9087691 1173417    0.02839   44   53    0.02644    0.03927  48.5%  28.7 3330s
 9100767 1174303    0.02728   49   52    0.02644    0.03926  48.5%  28.7 3335s
 9115499 1175387    0.03245   37   52    0.02644    0.03925  48.5%  28.7 3340s
 9129263 1176336    0.03191   47   58    0.02644    0.03924  48.4%  28.7 3345s
 9142791 1177376    0.02754   43   55    0.02644    0.03923  48.4%  28.7 3350s
 9156942 1178388    0.03890   29   58    0.02644    0.03922  48.3%  28.7 3355s
 9170748 1179325     cutoff   40         0.02644    0.03921  48.3%  28.7 3360s
 9185435 1180316    0.02860   44   56    0.02644    0.03920  48.3%  28.7 3365s
 9196617 1181123    0.02676   38   53    0.02644    0.03919  48.2%  28.7 3370s
 9210354 1182224    0.03200   36   52    0.02644    0.03918  48.2%  28.6 3375s
 9225603 1183485    0.03203   45   57    0.02644    0.03917  48.2%  28.6 3380s
 9240359 1184363    0.03314   36   55    0.02644    0.03916  48.1%  28.6 3385s
 9254097 1185256     cutoff   40         0.02644    0.03915  48.1%  28.6 3390s
 9268402 1186411     cutoff   37         0.02644    0.03914  48.0%  28.6 3395s
 9280122 1187247    0.03417   41   57    0.02644    0.03913  48.0%  28.6 3400s
 9292391 1188076     cutoff   42         0.02644    0.03912  48.0%  28.6 3405s
 9306800 1189442    0.03192   43   54    0.02644    0.03911  47.9%  28.6 3410s
 9320392 1190489     cutoff   44         0.02644    0.03910  47.9%  28.6 3415s
 9333995 1191382     cutoff   45         0.02644    0.03910  47.9%  28.6 3420s
 9348145 1192453     cutoff   39         0.02644    0.03909  47.8%  28.6 3425s
 9362868 1193441    0.02691   44   46    0.02644    0.03908  47.8%  28.6 3430s
 9378650 1194477    0.03536   46   55    0.02644    0.03906  47.8%  28.6 3435s
 9393204 1195735    0.02920   45   56    0.02644    0.03905  47.7%  28.6 3440s
 9408406 1196974    0.02756   36   63    0.02644    0.03904  47.7%  28.6 3445s
 9423140 1198103     cutoff   48         0.02644    0.03903  47.6%  28.6 3450s
 9438222 1198963    0.03778   30   61    0.02644    0.03902  47.6%  28.6 3455s
 9451681 1200081     cutoff   35         0.02644    0.03901  47.6%  28.6 3460s
 9465802 1201250    0.02965   45   51    0.02644    0.03901  47.5%  28.6 3465s
 9480655 1202256    0.02747   42   57    0.02644    0.03900  47.5%  28.6 3470s
 9495306 1203419    0.02919   42   53    0.02644    0.03899  47.5%  28.6 3475s
 9509772 1204545     cutoff   40         0.02644    0.03898  47.4%  28.6 3480s
 9518762 1205228     cutoff   41         0.02644    0.03897  47.4%  28.6 3485s
 9532984 1206244     cutoff   49         0.02644    0.03896  47.4%  28.6 3490s
 9547578 1207192     cutoff   42         0.02644    0.03895  47.3%  28.6 3495s
 9561301 1208123     cutoff   46         0.02644    0.03894  47.3%  28.6 3500s
 9574945 1209205    0.03878   44   58    0.02644    0.03893  47.3%  28.6 3505s
 9589034 1210293    0.03563   47   57    0.02644    0.03892  47.2%  28.5 3510s
 9602776 1211233    0.02974   41   53    0.02644    0.03892  47.2%  28.5 3515s
 9617526 1212264    0.02952   46   61    0.02644    0.03891  47.2%  28.5 3520s
 9632236 1213286    0.02655   45   52    0.02644    0.03890  47.1%  28.5 3525s
 9647324 1214236     cutoff   45         0.02644    0.03889  47.1%  28.5 3530s
 9661522 1215296    0.02798   39   56    0.02644    0.03888  47.0%  28.5 3535s
 9675763 1216141     cutoff   34         0.02644    0.03887  47.0%  28.5 3540s
 9690021 1217100    0.02763   44   52    0.02644    0.03886  47.0%  28.5 3545s
 9701142 1217847     cutoff   43         0.02644    0.03885  46.9%  28.5 3550s
 9716664 1218800    0.03256   50   58    0.02644    0.03884  46.9%  28.5 3555s
 9728996 1219839    0.03858   33   52    0.02644    0.03883  46.9%  28.5 3560s
 9744963 1221045    0.03608   41   57    0.02644    0.03882  46.8%  28.5 3565s
 9759711 1221908     cutoff   40         0.02644    0.03881  46.8%  28.5 3570s
 9773916 1222805     cutoff   40         0.02644    0.03880  46.8%  28.5 3575s
 9786947 1223613    0.03495   46   63    0.02644    0.03879  46.7%  28.5 3580s
 9798168 1224345    0.03137   37   59    0.02644    0.03879  46.7%  28.5 3585s
 9812072 1225378    0.02722   45   56    0.02644    0.03878  46.7%  28.5 3590s
 9826648 1226353    0.02863   39   50    0.02644    0.03877  46.6%  28.5 3595s
 9836203 1227112    0.03065   41   58    0.02644    0.03876  46.6%  28.5 3600s
 9850932 1228194    0.03521   38   60    0.02644    0.03875  46.6%  28.5 3605s
 9865607 1229107    0.03377   36   57    0.02644    0.03874  46.5%  28.5 3610s
 9880093 1230085    0.02915   40   39    0.02644    0.03873  46.5%  28.5 3615s
 9893789 1231520    0.03234   36   52    0.02644    0.03873  46.5%  28.5 3620s
 9907876 1232519    0.03761   28   47    0.02644    0.03872  46.4%  28.5 3625s
 9923010 1233433    0.02657   31   60    0.02644    0.03871  46.4%  28.5 3630s
 9937619 1234494    0.03016   43   58    0.02644    0.03870  46.4%  28.5 3635s
 9951925 1235622     cutoff   35         0.02644    0.03869  46.3%  28.5 3640s
 9966750 1236617     cutoff   47         0.02644    0.03868  46.3%  28.4 3645s
 9981241 1237567     cutoff   41         0.02644    0.03867  46.3%  28.4 3650s
 9996673 1238502    0.02813   40   51    0.02644    0.03866  46.2%  28.4 3655s
 10010523 1239278     cutoff   41         0.02644    0.03865  46.2%  28.4 3660s
 10021280 1239930    0.03422   38   56    0.02644    0.03864  46.2%  28.4 3665s
 10034835 1240775    0.03326   36   57    0.02644    0.03863  46.1%  28.4 3670s
 10049059 1241760    0.02837   44   55    0.02644    0.03862  46.1%  28.4 3675s
 10065629 1242668    0.03596   44   58    0.02644    0.03861  46.0%  28.4 3680s
 10080962 1243555    0.03445   35   56    0.02644    0.03860  46.0%  28.4 3685s
 10095226 1244489     cutoff   47         0.02644    0.03859  46.0%  28.4 3690s
 10109894 1245365 infeasible   47         0.02644    0.03858  45.9%  28.4 3695s
 10123662 1246274     cutoff   43         0.02644    0.03857  45.9%  28.4 3700s
 10138402 1247103    0.02865   38   47    0.02644    0.03856  45.9%  28.4 3705s
 10153107 1248012    0.02750   45   55    0.02644    0.03855  45.8%  28.4 3710s
 10166821 1248807    0.03728   33   53    0.02644    0.03855  45.8%  28.4 3715s
 10181023 1249766     cutoff   46         0.02644    0.03854  45.8%  28.4 3720s
 10195951 1250789    0.02843   45   39    0.02644    0.03853  45.7%  28.4 3725s
 10209945 1251727     cutoff   39         0.02644    0.03852  45.7%  28.4 3730s
 10223765 1252644    0.02842   32   55    0.02644    0.03851  45.7%  28.4 3735s
 10236340 1253385    0.03321   39   52    0.02644    0.03850  45.6%  28.4 3740s
 10251180 1254382    0.02842   40   59    0.02644    0.03849  45.6%  28.4 3745s
 10265869 1255334    0.02824   46   54    0.02644    0.03848  45.6%  28.4 3750s
 10281989 1256319    0.02970   40   56    0.02644    0.03847  45.5%  28.4 3755s
 10295772 1257294    0.03825   36   52    0.02644    0.03847  45.5%  28.4 3760s
 10310813 1258729    0.02713   43   52    0.02644    0.03846  45.5%  28.4 3765s
 10325806 1259632     cutoff   41         0.02644    0.03845  45.4%  28.4 3770s
 10341774 1260662 infeasible   34         0.02644    0.03844  45.4%  28.4 3775s
 10356802 1261621    0.03451   43   56    0.02644    0.03843  45.3%  28.3 3780s
 10371750 1262364     cutoff   40         0.02644    0.03842  45.3%  28.3 3785s
 10386792 1263366    0.02755   42   51    0.02644    0.03841  45.3%  28.3 3790s
 10401751 1264355    0.03758   34   56    0.02644    0.03840  45.2%  28.3 3795s
 10417217 1265211     cutoff   45         0.02644    0.03839  45.2%  28.3 3800s
 10432261 1266142    0.03173   40   50    0.02644    0.03838  45.2%  28.3 3805s
 10447610 1267048    0.03076   40   56    0.02644    0.03837  45.1%  28.3 3810s
 10459621 1267628     cutoff   38         0.02644    0.03836  45.1%  28.3 3815s
 10475445 1268728    0.03437   36   54    0.02644    0.03835  45.1%  28.3 3820s
 10491210 1269711     cutoff   41         0.02644    0.03834  45.0%  28.3 3825s
 10506963 1270869     cutoff   48         0.02644    0.03833  45.0%  28.3 3830s
 10522313 1271581    0.03739   49   57    0.02644    0.03832  44.9%  28.3 3835s
 10533101 1272266    0.02880   40   51    0.02644    0.03832  44.9%  28.3 3840s
 10549050 1273197     cutoff   48         0.02644    0.03831  44.9%  28.3 3845s
 10564836 1274162    0.03026   41   51    0.02644    0.03830  44.8%  28.3 3850s
 10581006 1275134     cutoff   46         0.02644    0.03828  44.8%  28.3 3855s
 10596005 1275965    0.02724   41   36    0.02644    0.03828  44.8%  28.3 3860s
 10610960 1276885     cutoff   37         0.02644    0.03827  44.7%  28.3 3865s
 10626576 1278524     cutoff   40         0.02644    0.03826  44.7%  28.3 3870s
 10640254 1279273     cutoff   36         0.02644    0.03825  44.7%  28.3 3875s
 10656332 1280175    0.03035   40   54    0.02644    0.03824  44.6%  28.3 3880s
 10670065 1281106    0.03488   34   53    0.02644    0.03823  44.6%  28.3 3885s
 10686138 1282500    0.03379   39   56    0.02644    0.03822  44.6%  28.3 3890s
 10701753 1283594    0.02908   35   60    0.02644    0.03821  44.5%  28.3 3895s
 10716914 1284623     cutoff   45         0.02644    0.03820  44.5%  28.3 3900s
 10731587 1285567     cutoff   47         0.02644    0.03819  44.5%  28.2 3905s
 10745961 1286330    0.03321   47   56    0.02644    0.03818  44.4%  28.2 3910s
 10760978 1287248     cutoff   53         0.02644    0.03817  44.4%  28.2 3915s
 10776372 1288161    0.03036   42   50    0.02644    0.03816  44.3%  28.2 3920s
 10791373 1288904     cutoff   32         0.02644    0.03815  44.3%  28.2 3925s
 10801848 1289510 infeasible   42         0.02644    0.03815  44.3%  28.2 3930s
 10814352 1290154     cutoff   34         0.02644    0.03814  44.3%  28.2 3935s
 10829648 1290995     cutoff   37         0.02644    0.03813  44.2%  28.2 3940s
 10844943 1291968    0.03395   46   62    0.02644    0.03812  44.2%  28.2 3945s
 10859517 1292951    0.03034   37   54    0.02644    0.03811  44.2%  28.2 3950s
 10873798 1293887     cutoff   44         0.02644    0.03810  44.1%  28.2 3955s
 10887620 1294748    0.03393   37   59    0.02644    0.03810  44.1%  28.2 3960s
 10902212 1295566     cutoff   42         0.02644    0.03809  44.1%  28.2 3965s
 10916223 1296323    0.02712   37   57    0.02644    0.03808  44.0%  28.2 3970s
 10930648 1297002    0.02676   48   55    0.02644    0.03807  44.0%  28.2 3975s
 10944458 1297630    0.03386   41   56    0.02644    0.03806  44.0%  28.2 3980s
 10959222 1298479    0.02712   43   57    0.02644    0.03805  43.9%  28.2 3985s
 10973278 1300096     cutoff   50         0.02644    0.03804  43.9%  28.2 3990s
 10987926 1300985    0.02768   44   49    0.02644    0.03803  43.9%  28.2 3995s
 11002555 1301791    0.02801   50   56    0.02644    0.03802  43.8%  28.2 4000s
 11017258 1302646    0.02720   37   66    0.02644    0.03802  43.8%  28.2 4005s
 11031317 1303432    0.02974   39   58    0.02644    0.03801  43.8%  28.2 4010s
 11045671 1304431    0.03081   36   52    0.02644    0.03800  43.7%  28.2 4015s
 11060163 1305289    0.02809   43   59    0.02644    0.03799  43.7%  28.2 4020s
 11073912 1306070    0.03553   39   54    0.02644    0.03798  43.7%  28.2 4025s
 11088320 1306843    0.02876   49   51    0.02644    0.03797  43.6%  28.2 4030s
 11096548 1307550     cutoff   56         0.02644    0.03797  43.6%  28.2 4035s
 11112227 1308339    0.03163   44   53    0.02644    0.03796  43.6%  28.2 4040s
 11125548 1309453     cutoff   42         0.02644    0.03795  43.5%  28.2 4045s
 11142223 1310379    0.02732   44   53    0.02644    0.03794  43.5%  28.2 4050s
 11156542 1311186    0.03351   33   55    0.02644    0.03793  43.5%  28.1 4055s
 11170598 1312120     cutoff   44         0.02644    0.03793  43.4%  28.1 4060s
 11185302 1312937    0.03366   41   57    0.02644    0.03792  43.4%  28.1 4065s
 11199617 1313718    0.03477   37   57    0.02644    0.03791  43.4%  28.1 4070s
 11214789 1314631     cutoff   32         0.02644    0.03790  43.3%  28.1 4075s
 11229846 1315580     cutoff   43         0.02644    0.03789  43.3%  28.1 4080s
 11243966 1316428     cutoff   46         0.02644    0.03788  43.3%  28.1 4085s
 11258354 1317185    0.03107   38   54    0.02644    0.03787  43.3%  28.1 4090s
 11272894 1317974    0.02682   55   54    0.02644    0.03787  43.2%  28.1 4095s
 11286991 1318747 infeasible   38         0.02644    0.03786  43.2%  28.1 4100s
 11301721 1319437    0.02914   40   60    0.02644    0.03785  43.2%  28.1 4105s
 11317039 1320153    0.02849   43   59    0.02644    0.03784  43.1%  28.1 4110s
 11332363 1320884    0.02845   38   63    0.02644    0.03783  43.1%  28.1 4115s
 11341249 1321324     cutoff   48         0.02644    0.03782  43.1%  28.1 4120s
 11356021 1322614    0.03414   40   36    0.02644    0.03782  43.0%  28.1 4125s
 11371322 1323725    0.03409   42   57    0.02644    0.03781  43.0%  28.1 4130s
 11385432 1324558    0.02718   40   57    0.02644    0.03780  43.0%  28.1 4135s
 11400818 1325388     cutoff   46         0.02644    0.03779  42.9%  28.1 4140s
 11414827 1326125    0.02715   40   54    0.02644    0.03778  42.9%  28.1 4145s
 11430327 1326969     cutoff   41         0.02644    0.03777  42.9%  28.1 4150s
 11444571 1327801    0.03487   42   59    0.02644    0.03776  42.8%  28.1 4155s
 11459709 1328555     cutoff   45         0.02644    0.03776  42.8%  28.1 4160s
 11474527 1329568    0.02787   42   53    0.02644    0.03775  42.8%  28.1 4165s
 11489001 1330375    0.03147   38   63    0.02644    0.03774  42.7%  28.1 4170s
 11503313 1331213    0.02679   40   50    0.02644    0.03773  42.7%  28.1 4175s
 11517798 1331893    0.03403   37   61    0.02644    0.03772  42.7%  28.1 4181s
 11530487 1332636     cutoff   41         0.02644    0.03771  42.6%  28.1 4185s
 11544559 1333387     cutoff   42         0.02644    0.03771  42.6%  28.1 4190s
 11559167 1334148     cutoff   43         0.02644    0.03770  42.6%  28.1 4195s
 11574076 1334685     cutoff   41         0.02644    0.03769  42.5%  28.0 4200s
 11583942 1335152    0.03325   44   61    0.02644    0.03768  42.5%  28.0 4205s
 11598946 1335844    0.03143   44   55    0.02644    0.03767  42.5%  28.0 4210s
 11615661 1336787    0.02818   37   58    0.02644    0.03766  42.5%  28.0 4215s
 11629545 1337608     cutoff   37         0.02644    0.03766  42.4%  28.0 4220s
 11644641 1338299     cutoff   45         0.02644    0.03765  42.4%  28.0 4225s
 11658801 1338880    0.03253   39   60    0.02644    0.03764  42.4%  28.0 4230s
 11674177 1339688    0.03328   40   59    0.02644    0.03763  42.3%  28.0 4235s
 11689388 1340364    0.03017   31   62    0.02644    0.03762  42.3%  28.0 4240s
 11704083 1341351    0.02771   40   57    0.02644    0.03761  42.3%  28.0 4245s
 11718638 1342014    0.03029   41   54    0.02644    0.03760  42.2%  28.0 4250s
 11731653 1342578 infeasible   46         0.02644    0.03760  42.2%  28.0 4255s
 11745523 1343132    0.03381   35   55    0.02644    0.03759  42.2%  28.0 4260s
 11760896 1344007     cutoff   35         0.02644    0.03758  42.1%  28.0 4265s
 11776035 1344644    0.03605   38   58    0.02644    0.03757  42.1%  28.0 4270s
 11787875 1345232    0.02658   45   57    0.02644    0.03756  42.1%  28.0 4275s
 11799507 1345823    0.02872   44   54    0.02644    0.03756  42.1%  28.0 4280s
 11812447 1346521     cutoff   37         0.02644    0.03755  42.0%  28.0 4285s
 11827683 1347113    0.02721   47   62    0.02644    0.03754  42.0%  28.0 4290s
 11843331 1347850    0.03481   38   58    0.02644    0.03753  42.0%  28.0 4295s
 11857900 1348703     cutoff   41         0.02644    0.03752  41.9%  28.0 4300s
 11872400 1349624     cutoff   43         0.02644    0.03751  41.9%  28.0 4305s
 11887015 1350176    0.02648   41   57    0.02644    0.03751  41.9%  28.0 4310s
 11901793 1350809    0.03289   47   48    0.02644    0.03750  41.8%  28.0 4315s
 11915480 1351545     cutoff   39         0.02644    0.03749  41.8%  28.0 4320s
 11929665 1352198     cutoff   38         0.02644    0.03748  41.8%  28.0 4325s
 11945215 1353045     cutoff   41         0.02644    0.03747  41.7%  28.0 4330s
 11960084 1353716    0.03237   41   61    0.02644    0.03746  41.7%  28.0 4335s
 11974562 1354496     cutoff   41         0.02644    0.03745  41.7%  28.0 4340s
 11989807 1355291    0.02807   43   50    0.02644    0.03745  41.6%  28.0 4345s
 12003561 1355926    0.02972   51   28    0.02644    0.03744  41.6%  27.9 4350s
 12017066 1356769     cutoff   36         0.02644    0.03743  41.6%  27.9 4355s
 12030332 1357354    0.03390   35   54    0.02644    0.03742  41.5%  27.9 4360s
 12042813 1357964    0.03368   44   56    0.02644    0.03742  41.5%  27.9 4365s
 12057251 1358715     cutoff   39         0.02644    0.03741  41.5%  27.9 4370s
 12069264 1359406    0.02935   42   56    0.02644    0.03740  41.5%  27.9 4375s
 12084497 1360029     cutoff   43         0.02644    0.03739  41.4%  27.9 4380s
 12099388 1360733     cutoff   39         0.02644    0.03738  41.4%  27.9 4385s
 12113622 1361352    0.02978   31   62    0.02644    0.03737  41.4%  27.9 4390s
 12128839 1362225     cutoff   36         0.02644    0.03737  41.3%  27.9 4395s
 12145136 1363119 infeasible   51         0.02644    0.03736  41.3%  27.9 4400s
 12160885 1363924     cutoff   37         0.02644    0.03735  41.3%  27.9 4405s
 12175706 1364609    0.02830   43   58    0.02644    0.03734  41.2%  27.9 4410s
 12190842 1365278     cutoff   36         0.02644    0.03733  41.2%  27.9 4415s
 12205738 1366030     cutoff   42         0.02644    0.03732  41.2%  27.9 4420s
 12219317 1366718     cutoff   44         0.02644    0.03732  41.1%  27.9 4425s
 12233940 1367406     cutoff   45         0.02644    0.03731  41.1%  27.9 4430s
 12248127 1368088     cutoff   43         0.02644    0.03730  41.1%  27.9 4435s
 12262477 1368834    0.03241   38   62    0.02644    0.03729  41.1%  27.9 4440s
 12276737 1369360 infeasible   49         0.02644    0.03728  41.0%  27.9 4445s
 12288628 1369880     cutoff   42         0.02644    0.03728  41.0%  27.9 4450s
 12303210 1370594     cutoff   44         0.02644    0.03727  41.0%  27.9 4455s
 12318287 1371237    0.02756   37   58    0.02644    0.03726  40.9%  27.9 4460s
 12332401 1371938    0.02728   48   52    0.02644    0.03725  40.9%  27.9 4465s
 12347222 1372626     cutoff   37         0.02644    0.03724  40.9%  27.9 4470s
 12362432 1373597    0.03122   38   55    0.02644    0.03724  40.8%  27.9 4475s
 12373634 1374158    0.03453   50   56    0.02644    0.03723  40.8%  27.9 4480s
 12388933 1374941     cutoff   38         0.02644    0.03722  40.8%  27.9 4485s
 12404460 1375574    0.02689   38   53    0.02644    0.03721  40.7%  27.9 4490s
 12417868 1376015 infeasible   52         0.02644    0.03720  40.7%  27.8 4495s
 12432324 1376491    0.03166   37   47    0.02644    0.03720  40.7%  27.8 4500s
 12447321 1377089    0.03236   38   63    0.02644    0.03719  40.7%  27.8 4505s
 12461851 1378088     cutoff   49         0.02644    0.03718  40.6%  27.8 4510s
 12477054 1378858    0.02940   39   57    0.02644    0.03717  40.6%  27.8 4515s
 12491951 1379536 infeasible   50         0.02644    0.03716  40.6%  27.8 4520s
 12501891 1379967     cutoff   41         0.02644    0.03716  40.5%  27.8 4525s
 12518068 1380699    0.02839   40   53    0.02644    0.03715  40.5%  27.8 4530s
 12532107 1381548    0.03279   42   58    0.02644    0.03714  40.5%  27.8 4535s
 12548572 1382415     cutoff   48         0.02644    0.03713  40.4%  27.8 4540s
 12563505 1383230    0.02799   36   58    0.02644    0.03713  40.4%  27.8 4545s
 12578425 1384196    0.03316   29   60    0.02644    0.03712  40.4%  27.8 4550s
 12593612 1384873     cutoff   42         0.02644    0.03711  40.4%  27.8 4555s
 12608705 1385524    0.03243   33   66    0.02644    0.03710  40.3%  27.8 4560s
 12624269 1386248     cutoff   46         0.02644    0.03709  40.3%  27.8 4565s
 12639513 1387185 infeasible   65         0.02644    0.03709  40.3%  27.8 4570s
 12654040 1388134     cutoff   45         0.02644    0.03708  40.2%  27.8 4575s
 12669737 1388803     cutoff   36         0.02644    0.03707  40.2%  27.8 4580s
 12684589 1389657     cutoff   39         0.02644    0.03706  40.2%  27.8 4585s
 12699772 1390606     cutoff   51         0.02644    0.03706  40.2%  27.8 4590s
 12715396 1391435     cutoff   44         0.02644    0.03705  40.1%  27.8 4595s
 12730438 1392244    0.03087   40   64    0.02644    0.03704  40.1%  27.8 4600s
 12745388 1392905     cutoff   44         0.02644    0.03703  40.1%  27.8 4605s
 12755500 1393363    0.03541   39   59    0.02644    0.03703  40.0%  27.8 4610s
 12767602 1393923    0.03430   49   53    0.02644    0.03702  40.0%  27.8 4615s
 12783846 1394770    0.03658   38   64    0.02644    0.03701  40.0%  27.8 4620s
 12798192 1395473    0.02955   43   52    0.02644    0.03700  40.0%  27.8 4625s
 12811889 1396141     cutoff   38         0.02644    0.03699  39.9%  27.7 4630s
 12827582 1396789    0.02813   42   58    0.02644    0.03699  39.9%  27.7 4635s
 12842347 1397364    0.03286   39   56    0.02644    0.03698  39.9%  27.7 4640s
 12853249 1397964    0.02731   54   47    0.02644    0.03697  39.8%  27.7 4645s
 12869495 1398792     cutoff   50         0.02644    0.03696  39.8%  27.7 4650s
 12883398 1399374     cutoff   42         0.02644    0.03696  39.8%  27.7 4655s
 12898749 1400108     cutoff   41         0.02644    0.03695  39.8%  27.7 4660s
 12914689 1400859    0.02800   41   58    0.02644    0.03694  39.7%  27.7 4665s
 12929708 1401502    0.03047   41   60    0.02644    0.03693  39.7%  27.7 4670s
 12943731 1402080     cutoff   31         0.02644    0.03693  39.7%  27.7 4675s
 12959767 1402737    0.03685   36   56    0.02644    0.03692  39.6%  27.7 4680s
 12975146 1403475     cutoff   39         0.02644    0.03691  39.6%  27.7 4685s
 12990487 1404200     cutoff   43         0.02644    0.03690  39.6%  27.7 4690s
 13005018 1404858     cutoff   46         0.02644    0.03689  39.5%  27.7 4695s
 13015815 1405435     cutoff   39         0.02644    0.03689  39.5%  27.7 4700s
 13027294 1405943     cutoff   46         0.02644    0.03688  39.5%  27.7 4705s
 13042047 1406669     cutoff   41         0.02644    0.03687  39.5%  27.7 4710s
 13056292 1407538    0.03330   36   59    0.02644    0.03686  39.4%  27.7 4715s
 13071467 1408181     cutoff   38         0.02644    0.03686  39.4%  27.7 4720s
 13086850 1408940    0.03228   39   53    0.02644    0.03685  39.4%  27.7 4725s
 13101404 1409592     cutoff   48         0.02644    0.03684  39.3%  27.7 4730s
 13116476 1410476     cutoff   34         0.02644    0.03683  39.3%  27.7 4735s
 13131181 1411142    0.03594   33   60    0.02644    0.03683  39.3%  27.7 4740s
 13146366 1411844     cutoff   49         0.02644    0.03682  39.3%  27.7 4745s
 13161511 1412592     cutoff   43         0.02644    0.03681  39.2%  27.7 4750s
 13175625 1413151    0.02751   39   52    0.02644    0.03680  39.2%  27.7 4755s
 13191476 1413962     cutoff   44         0.02644    0.03679  39.2%  27.7 4760s
 13205612 1414659    0.02850   35   58    0.02644    0.03679  39.1%  27.7 4765s
 13220710 1415325     cutoff   44         0.02644    0.03678  39.1%  27.6 4770s
 13233788 1415892    0.02969   37   53    0.02644    0.03677  39.1%  27.6 4775s
 13244721 1416584    0.02824   43   62    0.02644    0.03677  39.1%  27.6 4780s
 13259833 1417292    0.02960   44   59    0.02644    0.03676  39.0%  27.6 4785s
 13275002 1417841    0.03413   33   66    0.02644    0.03675  39.0%  27.6 4790s
 13290330 1418461     cutoff   45         0.02644    0.03674  39.0%  27.6 4795s
 13305449 1419115    0.02786   42   53    0.02644    0.03673  38.9%  27.6 4800s
 13320652 1419889    0.03120   35   53    0.02644    0.03673  38.9%  27.6 4805s
 13335913 1420537    0.03018   39   57    0.02644    0.03672  38.9%  27.6 4810s
 13351617 1421588     cutoff   39         0.02644    0.03671  38.8%  27.6 4815s
 13366265 1422165    0.02877   41   59    0.02644    0.03670  38.8%  27.6 4820s
 13381709 1422728    0.03477   43   57    0.02644    0.03669  38.8%  27.6 4825s
 13397044 1423249     cutoff   39         0.02644    0.03669  38.8%  27.6 4830s
 13412543 1423850     cutoff   39         0.02644    0.03668  38.7%  27.6 4835s
 13426390 1424540     cutoff   42         0.02644    0.03667  38.7%  27.6 4840s
 13436292 1424987    0.02839   36   55    0.02644    0.03667  38.7%  27.6 4845s
 13448575 1425440     cutoff   47         0.02644    0.03666  38.7%  27.6 4850s
 13462865 1425959    0.02840   38   53    0.02644    0.03665  38.6%  27.6 4855s
 13477939 1426665     cutoff   44         0.02644    0.03665  38.6%  27.6 4860s
 13492901 1427300    0.03637   30   56    0.02644    0.03664  38.6%  27.6 4865s
 13508293 1428027    0.02668   50   53    0.02644    0.03663  38.5%  27.6 4870s
 13522526 1428611    0.03621   41   55    0.02644    0.03662  38.5%  27.6 4875s
 13537136 1429274    0.02731   43   52    0.02644    0.03661  38.5%  27.6 4880s
 13552203 1429894    0.03565   38   62    0.02644    0.03661  38.5%  27.6 4885s
 13567071 1430420    0.03008   43   61    0.02644    0.03660  38.4%  27.6 4890s
 13582297 1431052    0.02810   40   44    0.02644    0.03659  38.4%  27.6 4895s
 13598062 1431786    0.02921   42   52    0.02644    0.03658  38.4%  27.6 4900s
 13612715 1432443     cutoff   48         0.02644    0.03657  38.3%  27.6 4905s
 13627211 1433095    0.03345   48   57    0.02644    0.03657  38.3%  27.6 4910s
 13642551 1433771    0.02977   52   45    0.02644    0.03656  38.3%  27.6 4915s
 13655816 1434213    0.02829   39   56    0.02644    0.03655  38.3%  27.5 4920s
 13670883 1434539    0.02991   39   50    0.02644    0.03654  38.2%  27.5 4925s
 13682640 1435139    0.03652   39   60    0.02644    0.03654  38.2%  27.5 4930s
 13699783 1435887     cutoff   42         0.02644    0.03653  38.2%  27.5 4935s
 13714847 1436633    0.02881   36   62    0.02644    0.03652  38.1%  27.5 4940s
 13724918 1437000     cutoff   45         0.02644    0.03652  38.1%  27.5 4945s
 13740060 1437493    0.03521   37   56    0.02644    0.03651  38.1%  27.5 4950s
 13754788 1438117    0.03437   37   59    0.02644    0.03650  38.1%  27.5 4955s
 13770017 1438772    0.03062   33   54    0.02644    0.03650  38.0%  27.5 4960s
 13784335 1439342     cutoff   45         0.02644    0.03649  38.0%  27.5 4965s
 13799199 1439911    0.02895   33   56    0.02644    0.03648  38.0%  27.5 4970s
 13814545 1440685    0.02887   44   58    0.02644    0.03647  38.0%  27.5 4975s
 13827383 1441098    0.03225   47   53    0.02644    0.03647  37.9%  27.5 4980s
 13841836 1441654    0.02742   41   60    0.02644    0.03646  37.9%  27.5 4985s
 13857046 1442453     cutoff   35         0.02644    0.03645  37.9%  27.5 4990s
 13872048 1443093    0.03083   39   51    0.02644    0.03644  37.8%  27.5 4995s
 13888573 1443853    0.02765   38   57    0.02644    0.03644  37.8%  27.5 5000s
 13904669 1444409     cutoff   45         0.02644    0.03643  37.8%  27.5 5005s
 13919851 1445392    0.03030   47   38    0.02644    0.03642  37.8%  27.5 5010s
 13935219 1445907     cutoff   50         0.02644    0.03641  37.7%  27.5 5015s
 13950790 1446595     cutoff   44         0.02644    0.03641  37.7%  27.5 5020s
 13966379 1447280     cutoff   35         0.02644    0.03640  37.7%  27.5 5025s
 13979287 1447641     cutoff   37         0.02644    0.03639  37.6%  27.5 5030s
 13992957 1448399    0.03137   38   57    0.02644    0.03638  37.6%  27.5 5035s
 14008813 1449042     cutoff   49         0.02644    0.03638  37.6%  27.5 5040s
 14024036 1449591     cutoff   42         0.02644    0.03637  37.6%  27.5 5045s
 14039969 1450201    0.03075   48   54    0.02644    0.03636  37.5%  27.5 5050s
 14055419 1450812    0.02920   42   56    0.02644    0.03635  37.5%  27.5 5055s
 14071241 1451285     cutoff   32         0.02644    0.03635  37.5%  27.5 5060s
 14085963 1451959    0.03086   39   59    0.02644    0.03634  37.4%  27.4 5065s
 14101514 1452454     cutoff   44         0.02644    0.03633  37.4%  27.4 5070s
 14116228 1452893    0.02952   38   52    0.02644    0.03632  37.4%  27.4 5075s
 14131739 1453442     cutoff   40         0.02644    0.03632  37.4%  27.4 5080s
 14146766 1453844    0.02802   38   51    0.02644    0.03631  37.3%  27.4 5085s
 14162141 1454391     cutoff   35         0.02644    0.03630  37.3%  27.4 5090s
 14173860 1454910 infeasible   43         0.02644    0.03629  37.3%  27.4 5095s
 14190895 1455560     cutoff   40         0.02644    0.03629  37.2%  27.4 5100s
 14205292 1456151     cutoff   37         0.02644    0.03628  37.2%  27.4 5105s
 14218737 1456545    0.03396   40   54    0.02644    0.03627  37.2%  27.4 5110s
 14232142 1457163    0.03105   37   44    0.02644    0.03627  37.2%  27.4 5115s
 14247251 1457762     cutoff   41         0.02644    0.03626  37.1%  27.4 5120s
 14261984 1458202    0.02773   45   54    0.02644    0.03625  37.1%  27.4 5125s
 14278140 1458978    0.02904   49   56    0.02644    0.03624  37.1%  27.4 5130s
 14293339 1459855     cutoff   40         0.02644    0.03624  37.1%  27.4 5135s
 14308426 1460481     cutoff   32         0.02644    0.03623  37.0%  27.4 5140s
 14323463 1461078    0.02913   43   57    0.02644    0.03622  37.0%  27.4 5145s
 14335226 1461430    0.03445   43   55    0.02644    0.03622  37.0%  27.4 5150s
 14350374 1462154    0.02946   45   55    0.02644    0.03621  37.0%  27.4 5155s
 14366023 1462742     cutoff   41         0.02644    0.03620  36.9%  27.4 5160s
 14380549 1463147     cutoff   38         0.02644    0.03619  36.9%  27.4 5165s
 14395988 1463614    0.03442   40   51    0.02644    0.03619  36.9%  27.4 5170s
 14406731 1463745     cutoff   46         0.02644    0.03618  36.9%  27.4 5175s
 14423003 1464336    0.03116   30   53    0.02644    0.03617  36.8%  27.4 5180s
 14438448 1464981    0.03197   43   52    0.02644    0.03617  36.8%  27.4 5185s
 14448931 1465338    0.02743   40   55    0.02644    0.03616  36.8%  27.4 5190s
 14463824 1465729     cutoff   40         0.02644    0.03615  36.7%  27.4 5195s
 14479719 1466211    0.02884   36   64    0.02644    0.03615  36.7%  27.4 5200s
 14494622 1466875    0.02799   38   57    0.02644    0.03614  36.7%  27.4 5205s
 14509231 1467322     cutoff   49         0.02644    0.03613  36.7%  27.4 5210s
 14524264 1467781    0.03301   42   61    0.02644    0.03612  36.6%  27.4 5215s
 14540022 1468431     cutoff   48         0.02644    0.03612  36.6%  27.3 5220s
 14553671 1468989    0.03104   41   55    0.02644    0.03611  36.6%  27.3 5225s
 14568904 1469464    0.03057   38   61    0.02644    0.03610  36.6%  27.3 5230s
 14583821 1469967    0.02844   34   57    0.02644    0.03610  36.5%  27.3 5235s
 14599055 1470434    0.02856   38   56    0.02644    0.03609  36.5%  27.3 5240s
 14612267 1470918    0.02814   48   51    0.02644    0.03608  36.5%  27.3 5245s
 14628935 1471465    0.02669   44   46    0.02644    0.03608  36.4%  27.3 5250s
 14644878 1472147    0.03124   33   56    0.02644    0.03607  36.4%  27.3 5255s
 14659600 1472599     cutoff   40         0.02644    0.03606  36.4%  27.3 5260s
 14670974 1473049     cutoff   41         0.02644    0.03606  36.4%  27.3 5265s
 14686025 1473594    0.02836   45   37    0.02644    0.03605  36.3%  27.3 5270s
 14702387 1474696     cutoff   46         0.02644    0.03604  36.3%  27.3 5275s
 14717108 1475083     cutoff   39         0.02644    0.03603  36.3%  27.3 5280s
 14732799 1475520    0.03062   33   62    0.02644    0.03603  36.3%  27.3 5285s
 14748318 1476112    0.02911   41   41    0.02644    0.03602  36.2%  27.3 5290s
 14763886 1476702     cutoff   55         0.02644    0.03601  36.2%  27.3 5295s
 14780434 1477073     cutoff   44         0.02644    0.03600  36.2%  27.3 5300s
 14795278 1477530    0.02793   57   58    0.02644    0.03600  36.2%  27.3 5305s
 14811800 1478441    0.03217   42   51    0.02644    0.03599  36.1%  27.3 5310s
 14827399 1479159    0.03143   39   57    0.02644    0.03598  36.1%  27.3 5315s
 14843093 1479672     cutoff   45         0.02644    0.03597  36.1%  27.3 5320s
 14859009 1480152     cutoff   40         0.02644    0.03597  36.0%  27.3 5325s
 14874889 1480807     cutoff   41         0.02644    0.03596  36.0%  27.3 5330s
 14887977 1481325    0.02816   43   52    0.02644    0.03595  36.0%  27.3 5335s
 14902549 1481887    0.02692   44   60    0.02644    0.03595  36.0%  27.3 5340s
 14919028 1482245     cutoff   48         0.02644    0.03594  35.9%  27.3 5345s
 14935378 1482944    0.03110   34   59    0.02644    0.03593  35.9%  27.3 5350s
 14951759 1483515    0.03046   39   55    0.02644    0.03592  35.9%  27.3 5355s
 14968141 1484225     cutoff   41         0.02644    0.03592  35.8%  27.3 5360s
 14981910 1484695     cutoff   40         0.02644    0.03591  35.8%  27.2 5365s
 14998120 1485369     cutoff   45         0.02644    0.03590  35.8%  27.2 5370s
 15014144 1485774    0.02794   37   56    0.02644    0.03589  35.8%  27.2 5375s
 15029573 1486287     cutoff   43         0.02644    0.03589  35.7%  27.2 5380s
 15045787 1486851     cutoff   41         0.02644    0.03588  35.7%  27.2 5385s
 15061338 1487314    0.02843   53   37    0.02644    0.03587  35.7%  27.2 5390s
 15077285 1487821    0.03337   38   54    0.02644    0.03587  35.7%  27.2 5395s
 15093611 1488386    0.03153   38   53    0.02644    0.03586  35.6%  27.2 5400s
 15104709 1488916    0.02886   37   64    0.02644    0.03585  35.6%  27.2 5405s
 15121121 1489415    0.02777   38   54    0.02644    0.03585  35.6%  27.2 5410s
 15135882 1490013     cutoff   46         0.02644    0.03584  35.6%  27.2 5415s
 15143761 1490204    0.03295   42   52    0.02644    0.03584  35.5%  27.2 5420s
 15161329 1490694     cutoff   45         0.02644    0.03583  35.5%  27.2 5425s
 15174723 1491160    0.03252   43   55    0.02644    0.03582  35.5%  27.2 5430s
 15188826 1491594     cutoff   50         0.02644    0.03581  35.5%  27.2 5435s
 15204308 1492085    0.03300   36   50    0.02644    0.03581  35.4%  27.2 5440s
 15219195 1492758     cutoff   42         0.02644    0.03580  35.4%  27.2 5445s
 15234270 1493193    0.02738   42   57    0.02644    0.03579  35.4%  27.2 5450s
 15249651 1493612    0.02827   44   42    0.02644    0.03579  35.4%  27.2 5455s
 15264859 1494021     cutoff   49         0.02644    0.03578  35.3%  27.2 5460s
 15278930 1494429    0.02954   48   47    0.02644    0.03577  35.3%  27.2 5465s
 15293122 1494858    0.02647   41   55    0.02644    0.03577  35.3%  27.2 5470s
 15310785 1495455     cutoff   42         0.02644    0.03576  35.3%  27.2 5475s
 15326175 1495846    0.03516   35   64    0.02644    0.03575  35.2%  27.2 5480s
 15337544 1496162    0.02693   48   58    0.02644    0.03575  35.2%  27.2 5485s
 15352132 1496552     cutoff   47         0.02644    0.03574  35.2%  27.2 5490s
 15367450 1497181    0.02997   40   51    0.02644    0.03573  35.2%  27.2 5495s
 15382648 1497669     cutoff   42         0.02644    0.03573  35.1%  27.2 5500s
 15398450 1498488    0.02695   60   53    0.02644    0.03572  35.1%  27.2 5505s
 15414615 1498957    0.03245   38   53    0.02644    0.03571  35.1%  27.2 5510s
 15430891 1499735     cutoff   42         0.02644    0.03570  35.0%  27.2 5515s
 15445190 1500073     cutoff   41         0.02644    0.03570  35.0%  27.2 5520s
 15462509 1500601    0.03188   33   56    0.02644    0.03569  35.0%  27.1 5525s
 15478110 1500955     cutoff   43         0.02644    0.03568  35.0%  27.1 5530s
 15494166 1501638    0.03227   41   55    0.02644    0.03568  34.9%  27.1 5535s
 15510111 1502250     cutoff   42         0.02644    0.03567  34.9%  27.1 5540s
 15525032 1502626 infeasible   38         0.02644    0.03566  34.9%  27.1 5545s
 15541031 1503208    0.03143   33   53    0.02644    0.03565  34.9%  27.1 5550s
 15556570 1503728    0.02664   40   54    0.02644    0.03565  34.8%  27.1 5555s
 15572355 1504079    0.02942   41   54    0.02644    0.03564  34.8%  27.1 5560s
 15588183 1504519 infeasible   45         0.02644    0.03563  34.8%  27.1 5565s
 15597300 1504720    0.02655   46   52    0.02644    0.03563  34.8%  27.1 5570s
 15609448 1505169    0.02745   48   54    0.02644    0.03562  34.7%  27.1 5575s
 15625890 1505614     cutoff   60         0.02644    0.03562  34.7%  27.1 5580s
 15641035 1505972    0.03034   44   57    0.02644    0.03561  34.7%  27.1 5585s
 15655569 1506356    0.03110   36   59    0.02644    0.03560  34.7%  27.1 5590s
 15671557 1507211    0.02998   40   56    0.02644    0.03560  34.6%  27.1 5595s
 15687246 1507701     cutoff   37         0.02644    0.03559  34.6%  27.1 5600s
 15703564 1508240     cutoff   43         0.02644    0.03558  34.6%  27.1 5605s
 15719098 1508634     cutoff   45         0.02644    0.03557  34.6%  27.1 5610s
 15734634 1509082    0.02834   38   51    0.02644    0.03557  34.5%  27.1 5615s
 15750142 1509485    0.02752   43   54    0.02644    0.03556  34.5%  27.1 5620s
 15766087 1509922     cutoff   46         0.02644    0.03555  34.5%  27.1 5625s
 15781070 1510363    0.02903   46   59    0.02644    0.03555  34.4%  27.1 5630s
 15792944 1510586     cutoff   42         0.02644    0.03554  34.4%  27.1 5635s
 15809074 1510948    0.02834   47   55    0.02644    0.03553  34.4%  27.1 5640s
 15823820 1511261     cutoff   42         0.02644    0.03553  34.4%  27.1 5645s
 15839158 1511717     cutoff   47         0.02644    0.03552  34.3%  27.1 5650s
 15855041 1512163     cutoff   39         0.02644    0.03551  34.3%  27.1 5655s
 15870355 1513244     cutoff  101         0.02644    0.03551  34.3%  27.1 5660s
 15884877 1513620     cutoff   46         0.02644    0.03550  34.3%  27.1 5665s
 15901195 1514106     cutoff   45         0.02644    0.03549  34.2%  27.1 5670s
 15917360 1514579    0.03328   36   57    0.02644    0.03549  34.2%  27.1 5675s
 15933932 1514965    0.03202   40   57    0.02644    0.03548  34.2%  27.0 5680s
 15949012 1515350     cutoff   40         0.02644    0.03547  34.2%  27.0 5685s
 15964975 1515837    0.03417   42   56    0.02644    0.03546  34.1%  27.0 5690s
 15980849 1516310    0.02799   37   56    0.02644    0.03546  34.1%  27.0 5695s
 15996355 1516595    0.02706   45   57    0.02644    0.03545  34.1%  27.0 5700s
 16011960 1517103     cutoff   45         0.02644    0.03544  34.1%  27.0 5705s
 16027081 1517481    0.03308   47   48    0.02644    0.03544  34.0%  27.0 5710s
 16038162 1517846     cutoff   48         0.02644    0.03543  34.0%  27.0 5715s
 16052972 1518116     cutoff   49         0.02644    0.03543  34.0%  27.0 5720s
 16068633 1518622     cutoff   43         0.02644    0.03542  34.0%  27.0 5725s
 16083920 1519249    0.02842   49   57    0.02644    0.03541  33.9%  27.0 5730s
 16099372 1519559    0.03480   34   56    0.02644    0.03541  33.9%  27.0 5735s
 16114372 1519856    0.02818   48   54    0.02644    0.03540  33.9%  27.0 5740s
 16129272 1520223     cutoff   38         0.02644    0.03539  33.9%  27.0 5745s
 16144648 1520635    0.02669   44   56    0.02644    0.03539  33.8%  27.0 5750s
 16158956 1521261     cutoff   44         0.02644    0.03538  33.8%  27.0 5755s
 16173639 1521784     cutoff   42         0.02644    0.03537  33.8%  27.0 5760s
 16188300 1522140    0.02911   41   63    0.02644    0.03537  33.8%  27.0 5765s
 16202900 1522625    0.02838   33   58    0.02644    0.03536  33.7%  27.0 5770s
 16216435 1522954    0.03388   41   61    0.02644    0.03535  33.7%  27.0 5775s
 16231233 1523372    0.03185   36   51    0.02644    0.03535  33.7%  27.0 5780s
 16245669 1523746 infeasible   36         0.02644    0.03534  33.7%  27.0 5785s
 16260805 1524374    0.02680   45   61    0.02644    0.03534  33.6%  27.0 5790s
 16273607 1524767    0.02833   44   55    0.02644    0.03533  33.6%  27.0 5795s
 16284861 1525068    0.02708   50   54    0.02644    0.03533  33.6%  27.0 5800s
 16300894 1525574 infeasible   51         0.02644    0.03532  33.6%  27.0 5805s
 16316846 1526019    0.02865   36   51    0.02644    0.03531  33.6%  27.0 5810s
 16332473 1526487     cutoff   54         0.02644    0.03530  33.5%  27.0 5815s
 16347449 1526801     cutoff   40         0.02644    0.03530  33.5%  27.0 5820s
 16363532 1527208     cutoff   43         0.02644    0.03529  33.5%  27.0 5825s
 16378684 1527373 infeasible   51         0.02644    0.03528  33.5%  27.0 5830s
 16394420 1527729    0.02795   43   58    0.02644    0.03528  33.4%  27.0 5835s
 16409518 1527917     cutoff   37         0.02644    0.03527  33.4%  27.0 5840s
 16424965 1528290    0.02851   38   56    0.02644    0.03526  33.4%  26.9 5845s
 16440949 1528583    0.03087   39   48    0.02644    0.03526  33.4%  26.9 5850s
 16456394 1528793     cutoff   47         0.02644    0.03525  33.3%  26.9 5855s
 16472138 1529135 infeasible   47         0.02644    0.03524  33.3%  26.9 5860s
 16483740 1529305    0.02669   34   56    0.02644    0.03524  33.3%  26.9 5865s
 16498026 1529490     cutoff   47         0.02644    0.03523  33.3%  26.9 5870s
 16513375 1529867     cutoff   52         0.02644    0.03522  33.2%  26.9 5875s
 16530294 1530283    0.02852   39   52    0.02644    0.03522  33.2%  26.9 5880s
 16544515 1530628    0.02733   53   52    0.02644    0.03521  33.2%  26.9 5885s
 16560269 1531268    0.02662   46   59    0.02644    0.03520  33.2%  26.9 5890s
 16575451 1531712     cutoff   35         0.02644    0.03520  33.1%  26.9 5895s
 16590791 1532146     cutoff   48         0.02644    0.03519  33.1%  26.9 5900s
 16607333 1532497     cutoff   44         0.02644    0.03518  33.1%  26.9 5905s
 16623744 1532938     cutoff   55         0.02644    0.03518  33.1%  26.9 5910s
 16639601 1533127    0.02778   43   57    0.02644    0.03517  33.0%  26.9 5915s
 16654215 1533419    0.02645   51   53    0.02644    0.03516  33.0%  26.9 5920s
 16670054 1533632    0.02959   43   55    0.02644    0.03516  33.0%  26.9 5925s
 16686282 1534282     cutoff   44         0.02644    0.03515  32.9%  26.9 5930s
 16701649 1534629    0.02745   42   55    0.02644    0.03514  32.9%  26.9 5935s
 16716673 1534926    0.03095   49   54    0.02644    0.03514  32.9%  26.9 5940s
 16732879 1535291     cutoff   39         0.02644    0.03513  32.9%  26.9 5945s
 16745327 1535609    0.02765   48   52    0.02644    0.03512  32.8%  26.9 5950s
 16760933 1536000     cutoff   35         0.02644    0.03512  32.8%  26.9 5955s
 16776178 1536320    0.02851   34   55    0.02644    0.03511  32.8%  26.9 5960s
 16791132 1536650     cutoff   40         0.02644    0.03510  32.8%  26.9 5965s
 16809692 1538331 infeasible   80         0.02644    0.03510  32.8%  26.9 5970s
 16827896 1538363     cutoff   75         0.02644    0.03510  32.7%  26.9 5975s
 16839934 1538290    0.02811   38   58    0.02644    0.03509  32.7%  26.8 5980s
 16854853 1538587     cutoff   50         0.02644    0.03509  32.7%  26.8 5985s
 16870802 1539027     cutoff   46         0.02644    0.03508  32.7%  26.8 5990s
 16884951 1539233    0.02707   38   56    0.02644    0.03507  32.7%  26.8 5995s
 16898531 1539412    0.03085   36   64    0.02644    0.03507  32.6%  26.8 6000s
 16912666 1539578    0.02923   42   56    0.02644    0.03506  32.6%  26.8 6005s
 16924818 1539779    0.03037   27   55    0.02644    0.03506  32.6%  26.8 6010s
 16940983 1540082     cutoff   46         0.02644    0.03505  32.6%  26.8 6015s
 16956072 1540447    0.03214   45   45    0.02644    0.03504  32.6%  26.8 6020s
 16971965 1540787     cutoff   47         0.02644    0.03504  32.5%  26.8 6025s
 16982677 1540957    0.03320   37   58    0.02644    0.03503  32.5%  26.8 6030s
 16998688 1541439    0.02769   46   60    0.02644    0.03503  32.5%  26.8 6035s
 17014491 1541782    0.02768   48   54    0.02644    0.03502  32.5%  26.8 6040s
 17029554 1542087    0.03087   36   56    0.02644    0.03501  32.4%  26.8 6045s
 17045216 1542407    0.03223   40   55    0.02644    0.03501  32.4%  26.8 6050s
 17061025 1542772     cutoff   47         0.02644    0.03500  32.4%  26.8 6055s
 17076580 1543112    0.03071   44   54    0.02644    0.03499  32.4%  26.8 6060s
 17092423 1543385    0.02674   48   60    0.02644    0.03499  32.3%  26.8 6065s
 17108149 1543656    0.02730   38   51    0.02644    0.03498  32.3%  26.8 6070s
 17121903 1544175    0.02824   84   22    0.02644    0.03497  32.3%  26.8 6075s
 17138895 1544459     cutoff   45         0.02644    0.03497  32.3%  26.8 6080s
 17155098 1544779    0.03454   41   50    0.02644    0.03496  32.2%  26.8 6085s
 17171372 1545028     cutoff   49         0.02644    0.03495  32.2%  26.8 6090s
 17187126 1545418    0.02845   41   54    0.02644    0.03495  32.2%  26.8 6095s
 17202478 1545669    0.03298   39   58    0.02644    0.03494  32.2%  26.8 6100s
 17218347 1546216    0.02987   51   49    0.02644    0.03493  32.1%  26.8 6105s
 17231338 1546520     cutoff   45         0.02644    0.03493  32.1%  26.8 6110s
 17245596 1546837    0.03204   36   56    0.02644    0.03492  32.1%  26.8 6115s
 17260529 1547076     cutoff   50         0.02644    0.03492  32.1%  26.8 6120s
 17276124 1547535     cutoff   40         0.02644    0.03491  32.0%  26.8 6125s
 17291631 1547802    0.03445   37   56    0.02644    0.03490  32.0%  26.8 6130s
 17306767 1548095    0.03202   40   56    0.02644    0.03490  32.0%  26.8 6135s
 17323107 1548953     cutoff   48         0.02644    0.03489  32.0%  26.7 6140s
 17338783 1549335    0.02816   48   54    0.02644    0.03488  31.9%  26.7 6145s
 17353604 1549526     cutoff   40         0.02644    0.03488  31.9%  26.7 6150s
 17368620 1549769     cutoff   39         0.02644    0.03487  31.9%  26.7 6155s
 17383069 1550004     cutoff   49         0.02644    0.03487  31.9%  26.7 6160s
 17398720 1550480    0.02916   46   60    0.02644    0.03486  31.8%  26.7 6165s
 17414586 1551095     cutoff   42         0.02644    0.03485  31.8%  26.7 6170s
 17430850 1551858     cutoff   37         0.02644    0.03485  31.8%  26.7 6175s
 17445770 1552169    0.03161   42   57    0.02644    0.03484  31.8%  26.7 6180s
 17461793 1552388    0.03034   44   62    0.02644    0.03483  31.8%  26.7 6185s
 17477550 1552963     cutoff   40         0.02644    0.03483  31.7%  26.7 6190s
 17488675 1553135    0.03288   39   59    0.02644    0.03482  31.7%  26.7 6195s
 17503201 1553239    0.03139   42   57    0.02644    0.03482  31.7%  26.7 6200s
 17519142 1553395     cutoff   41         0.02644    0.03481  31.7%  26.7 6205s
 17534559 1553624     cutoff   45         0.02644    0.03480  31.6%  26.7 6210s
 17549315 1554131    0.02938   39   52    0.02644    0.03480  31.6%  26.7 6215s
 17564875 1554582     cutoff   54         0.02644    0.03479  31.6%  26.7 6220s
 17577479 1554974     cutoff   43         0.02644    0.03479  31.6%  26.7 6225s
 17591851 1555244    0.02672   37   51    0.02644    0.03478  31.5%  26.7 6230s
 17607577 1555568    0.03293   41   48    0.02644    0.03477  31.5%  26.7 6235s
 17623562 1555732     cutoff   48         0.02644    0.03477  31.5%  26.7 6240s
 17639730 1556001     cutoff   39         0.02644    0.03476  31.5%  26.7 6245s
 17655283 1556094    0.03036   43   57    0.02644    0.03475  31.4%  26.7 6250s
 17671515 1556352    0.03288   38   52    0.02644    0.03475  31.4%  26.7 6255s
 17685175 1556529    0.02786   38   53    0.02644    0.03474  31.4%  26.7 6260s
 17701852 1556780    0.02797   50   57    0.02644    0.03473  31.4%  26.7 6265s
 17717452 1557035    0.02982   43   64    0.02644    0.03473  31.4%  26.7 6270s
 17728558 1557143     cutoff   47         0.02644    0.03472  31.3%  26.7 6275s
 17744285 1557522    0.03088   44   52    0.02644    0.03472  31.3%  26.7 6280s
 17759020 1557674     cutoff   46         0.02644    0.03471  31.3%  26.7 6285s
 17773091 1557737     cutoff   49         0.02644    0.03471  31.3%  26.7 6290s
 17788039 1557808     cutoff   41         0.02644    0.03470  31.2%  26.7 6295s
 17803428 1558044     cutoff   34         0.02644    0.03469  31.2%  26.7 6300s
 17818066 1558453    0.02764   48   55    0.02644    0.03469  31.2%  26.7 6305s
 17832780 1558753     cutoff   31         0.02644    0.03468  31.2%  26.7 6310s
 17848651 1558977     cutoff   54         0.02644    0.03468  31.2%  26.6 6315s
 17864574 1559194    0.02986   39   56    0.02644    0.03467  31.1%  26.6 6320s
 17880862 1559723    0.02944   39   52    0.02644    0.03466  31.1%  26.6 6325s
 17896165 1559962     cutoff   42         0.02644    0.03466  31.1%  26.6 6330s
 17912345 1560075     cutoff   40         0.02644    0.03465  31.1%  26.6 6335s
 17927756 1560492     cutoff   39         0.02644    0.03464  31.0%  26.6 6340s
 17943543 1560603     cutoff   42         0.02644    0.03464  31.0%  26.6 6345s
 17959304 1561023    0.02835   40   51    0.02644    0.03463  31.0%  26.6 6350s
 17970878 1561258    0.02981   53   56    0.02644    0.03463  31.0%  26.6 6355s
 17985446 1561427     cutoff   39         0.02644    0.03462  30.9%  26.6 6360s
 18000965 1561570     cutoff   44         0.02644    0.03461  30.9%  26.6 6365s
 18016015 1561770     cutoff   42         0.02644    0.03461  30.9%  26.6 6370s
 18031428 1561948     cutoff   45         0.02644    0.03460  30.9%  26.6 6375s
 18046306 1562112     cutoff   47         0.02644    0.03460  30.9%  26.6 6380s
 18061977 1562477    0.02808   44   57    0.02644    0.03459  30.8%  26.6 6385s
 18078305 1562717    0.03190   41   52    0.02644    0.03458  30.8%  26.6 6390s
 18093358 1562928    0.02747   40   58    0.02644    0.03458  30.8%  26.6 6395s
 18108816 1563183    0.02945   41   57    0.02644    0.03457  30.8%  26.6 6400s
 18124642 1564065     cutoff   37         0.02644    0.03457  30.7%  26.6 6405s
 18140586 1564413     cutoff   43         0.02644    0.03456  30.7%  26.6 6410s
 18156235 1564659    0.03143   43   57    0.02644    0.03455  30.7%  26.6 6415s
 18171095 1564802    0.02752   39   58    0.02644    0.03455  30.7%  26.6 6420s
 18186456 1565001    0.02704   43   55    0.02644    0.03454  30.6%  26.6 6425s
 18199770 1565923    0.02775   48   51    0.02644    0.03454  30.6%  26.6 6430s
 18213382 1566405     cutoff   55         0.02644    0.03453  30.6%  26.6 6435s
 18228642 1566665     cutoff   44         0.02644    0.03452  30.6%  26.6 6440s
 18244725 1566918    0.02878   38   55    0.02644    0.03452  30.6%  26.6 6445s
 18256521 1566982    0.02660   47   50    0.02644    0.03451  30.5%  26.6 6450s
 18271827 1567093    0.02886   47   48    0.02644    0.03451  30.5%  26.6 6455s
 18287840 1567368    0.02808   43   48    0.02644    0.03450  30.5%  26.6 6460s
 18303408 1567629    0.03113   36   56    0.02644    0.03449  30.5%  26.6 6465s
 18318755 1568059     cutoff   48         0.02644    0.03449  30.4%  26.6 6470s
 18334483 1568298    0.03220   33   61    0.02644    0.03448  30.4%  26.5 6475s
 18348449 1568748     cutoff   44         0.02644    0.03448  30.4%  26.5 6480s
 18362982 1568991    0.02810   36   47    0.02644    0.03447  30.4%  26.5 6485s
 18378278 1569316    0.02870   36   54    0.02644    0.03447  30.4%  26.5 6490s
 18393471 1569517    0.03422   38   61    0.02644    0.03446  30.3%  26.5 6495s
 18408473 1569782     cutoff   39         0.02644    0.03445  30.3%  26.5 6500s
 18419247 1569961     cutoff   45         0.02644    0.03445  30.3%  26.5 6505s
 18435299 1570040    0.03121   35   54    0.02644    0.03444  30.3%  26.5 6510s
 18450301 1570019     cutoff   38         0.02644    0.03444  30.3%  26.5 6515s
 18465558 1570272    0.02900   48   55    0.02644    0.03443  30.2%  26.5 6520s
 18481348 1570346     cutoff   53         0.02644    0.03442  30.2%  26.5 6525s
 18495896 1570451    0.03097   32   62    0.02644    0.03442  30.2%  26.5 6530s
 18512228 1570532     cutoff   48         0.02644    0.03441  30.2%  26.5 6535s
 18527398 1570529    0.02858   41   54    0.02644    0.03441  30.1%  26.5 6540s
 18542742 1570738    0.02718   40   50    0.02644    0.03440  30.1%  26.5 6545s
 18556674 1570692     cutoff   53         0.02644    0.03439  30.1%  26.5 6550s
 18572475 1570878     cutoff   45         0.02644    0.03439  30.1%  26.5 6555s
 18587332 1570902    0.02890   38   54    0.02644    0.03438  30.0%  26.5 6560s
 18603698 1571023     cutoff   36         0.02644    0.03438  30.0%  26.5 6565s
 18618627 1571141    0.02688   45   56    0.02644    0.03437  30.0%  26.5 6570s
 18633108 1571432 infeasible   52         0.02644    0.03436  30.0%  26.5 6575s
 18647942 1571512     cutoff   39         0.02644    0.03436  30.0%  26.5 6580s
 18662561 1571847     cutoff   40         0.02644    0.03435  29.9%  26.5 6585s
 18674782 1572263     cutoff   36         0.02644    0.03435  29.9%  26.5 6590s
 18688566 1572294    0.02836   36   51    0.02644    0.03434  29.9%  26.5 6595s
 18704696 1572656     cutoff   46         0.02644    0.03434  29.9%  26.5 6600s
 18720521 1572885 infeasible   36         0.02644    0.03433  29.8%  26.5 6605s
 18734439 1573245     cutoff   48         0.02644    0.03432  29.8%  26.5 6610s
 18749942 1573323     cutoff   43         0.02644    0.03432  29.8%  26.5 6615s
 18766303 1573545     cutoff   41         0.02644    0.03431  29.8%  26.5 6620s
 18781862 1573772     cutoff   40         0.02644    0.03430  29.8%  26.5 6625s
 18796866 1574042    0.02994   33   54    0.02644    0.03430  29.7%  26.5 6630s
 18811698 1574142    0.03417   38   57    0.02644    0.03429  29.7%  26.5 6635s
 18825272 1574231    0.02800   46   51    0.02644    0.03429  29.7%  26.5 6640s
 18837114 1574290     cutoff   48         0.02644    0.03428  29.7%  26.5 6645s
 18854405 1574390    0.03041   50   53    0.02644    0.03428  29.6%  26.4 6650s
 18869836 1574538    0.02771   47   50    0.02644    0.03427  29.6%  26.4 6655s
 18885550 1574855     cutoff   41         0.02644    0.03427  29.6%  26.4 6660s
 18901242 1574964    0.02705   40   56    0.02644    0.03426  29.6%  26.4 6665s
 18910352 1575062    0.03365   39   57    0.02644    0.03426  29.6%  26.4 6670s
 18926278 1575041     cutoff   46         0.02644    0.03425  29.5%  26.4 6675s
 18938364 1575152     cutoff   45         0.02644    0.03424  29.5%  26.4 6680s
 18953838 1575154     cutoff   46         0.02644    0.03424  29.5%  26.4 6685s
 18968517 1575356     cutoff   40         0.02644    0.03423  29.5%  26.4 6690s
 18983720 1575327    0.02989   42   56    0.02644    0.03423  29.5%  26.4 6695s
 18999738 1575307    0.02802   47   52    0.02644    0.03422  29.4%  26.4 6700s
 19016096 1575378    0.02915   43   53    0.02644    0.03421  29.4%  26.4 6705s
 19031767 1575757     cutoff   44         0.02644    0.03421  29.4%  26.4 6710s
 19047431 1575817    0.03210   36   54    0.02644    0.03420  29.4%  26.4 6715s
 19063215 1575985    0.02735   40   56    0.02644    0.03420  29.3%  26.4 6720s
 19078894 1576061     cutoff   39         0.02644    0.03419  29.3%  26.4 6725s
 19093416 1576307    0.03359   41   62    0.02644    0.03418  29.3%  26.4 6730s
 19109374 1576430    0.02753   50   51    0.02644    0.03418  29.3%  26.4 6735s
 19124783 1576813    0.03310   45   60    0.02644    0.03417  29.2%  26.4 6740s
 19139647 1576955    0.02694   54   55    0.02644    0.03417  29.2%  26.4 6745s
 19150345 1577032    0.02676   40   55    0.02644    0.03416  29.2%  26.4 6750s
 19166032 1577186    0.02924   39   53    0.02644    0.03416  29.2%  26.4 6755s
 19182015 1577285    0.02976   29   65    0.02644    0.03415  29.2%  26.4 6760s
 19198740 1577600     cutoff   41         0.02644    0.03414  29.1%  26.4 6765s
 19214489 1577686     cutoff   43         0.02644    0.03414  29.1%  26.4 6770s
 19229530 1577799     cutoff   43         0.02644    0.03413  29.1%  26.4 6775s
 19247118 1577832     cutoff   42         0.02644    0.03413  29.1%  26.4 6780s
 19262457 1577945    0.02855   42   56    0.02644    0.03412  29.0%  26.4 6785s
 19277107 1578129     cutoff   54         0.02644    0.03411  29.0%  26.4 6790s
 19293274 1578208     cutoff   47         0.02644    0.03411  29.0%  26.4 6795s
 19308588 1578403     cutoff   43         0.02644    0.03410  29.0%  26.4 6800s
 19324069 1578751     cutoff   42         0.02644    0.03410  29.0%  26.4 6805s
 19338430 1578977     cutoff   35         0.02644    0.03409  28.9%  26.4 6810s
 19354359 1579079    0.02913   46   53    0.02644    0.03408  28.9%  26.4 6815s
 19370376 1579281    0.02852   41   54    0.02644    0.03408  28.9%  26.3 6820s
 19386114 1579372    0.02684   38   53    0.02644    0.03407  28.9%  26.3 6825s
 19401084 1579391     cutoff   45         0.02644    0.03407  28.9%  26.3 6830s
 19416034 1579492     cutoff   40         0.02644    0.03406  28.8%  26.3 6835s
 19427194 1579519     cutoff   47         0.02644    0.03406  28.8%  26.3 6840s
 19442571 1579519     cutoff   43         0.02644    0.03405  28.8%  26.3 6845s
 19458103 1579444    0.02650   41   54    0.02644    0.03405  28.8%  26.3 6850s
 19473136 1579696     cutoff   41         0.02644    0.03404  28.7%  26.3 6855s
 19489559 1579760     cutoff   42         0.02644    0.03403  28.7%  26.3 6860s
 19505229 1579821     cutoff   47         0.02644    0.03403  28.7%  26.3 6865s
 19520120 1579946    0.03340   37   62    0.02644    0.03402  28.7%  26.3 6870s
 19535901 1580177    0.03385   32   61    0.02644    0.03402  28.7%  26.3 6875s
 19550312 1580258 infeasible   43         0.02644    0.03401  28.6%  26.3 6880s
 19565633 1580431     cutoff   50         0.02644    0.03400  28.6%  26.3 6885s
 19581243 1580853    0.03263   44   60    0.02644    0.03400  28.6%  26.3 6890s
 19597461 1580866    0.03344   42   52    0.02644    0.03399  28.6%  26.3 6895s
 19612685 1580911    0.02817   42   55    0.02644    0.03399  28.5%  26.3 6900s
 19625410 1581031    0.02838   43   53    0.02644    0.03398  28.5%  26.3 6905s
 19640626 1580993    0.03121   35   55    0.02644    0.03398  28.5%  26.3 6910s
 19655553 1581111     cutoff   49         0.02644    0.03397  28.5%  26.3 6915s
 19667354 1581174     cutoff   44         0.02644    0.03397  28.5%  26.3 6920s
 19680394 1581248 infeasible   52         0.02644    0.03396  28.5%  26.3 6925s
 19695882 1581238     cutoff   44         0.02644    0.03396  28.4%  26.3 6930s
 19709817 1581227    0.02975   36   54    0.02644    0.03395  28.4%  26.3 6935s
 19727267 1581345    0.03151   36   54    0.02644    0.03394  28.4%  26.3 6940s
 19742729 1581283    0.02697   49   56    0.02644    0.03394  28.4%  26.3 6945s
 19758576 1581362    0.03354   43   54    0.02644    0.03393  28.3%  26.3 6950s
 19774624 1581344    0.02646   33   56    0.02644    0.03393  28.3%  26.3 6955s
 19789832 1581443     cutoff   48         0.02644    0.03392  28.3%  26.3 6960s
 19805657 1581515 infeasible   49         0.02644    0.03392  28.3%  26.3 6965s
 19821692 1581730    0.02926   53   36    0.02644    0.03391  28.3%  26.3 6970s
 19837350 1581717    0.02975   39   55    0.02644    0.03390  28.2%  26.3 6975s
 19852470 1581864    0.02694   47   59    0.02644    0.03390  28.2%  26.3 6980s
 19869496 1581797     cutoff   46         0.02644    0.03389  28.2%  26.3 6985s
 19884862 1581990    0.02919   44   56    0.02644    0.03389  28.2%  26.3 6990s
 19900606 1582004    0.03244   36   69    0.02644    0.03388  28.1%  26.2 6995s
 19911753 1582187     cutoff   45         0.02644    0.03388  28.1%  26.2 7000s
 19927393 1582370    0.02740   43   55    0.02644    0.03387  28.1%  26.2 7005s
 19944176 1582472    0.02985   42   54    0.02644    0.03386  28.1%  26.2 7010s
 19959805 1582324     cutoff   51         0.02644    0.03386  28.1%  26.2 7015s
 19975638 1582268    0.02651   37   59    0.02644    0.03385  28.0%  26.2 7020s
 19990794 1582295     cutoff   39         0.02644    0.03385  28.0%  26.2 7025s
 20007291 1582293     cutoff   44         0.02644    0.03384  28.0%  26.2 7030s
 20021599 1582615     cutoff   46         0.02644    0.03383  28.0%  26.2 7035s
 20037913 1582806     cutoff   31         0.02644    0.03383  28.0%  26.2 7040s
 20053135 1582904     cutoff   45         0.02644    0.03382  27.9%  26.2 7045s
 20069012 1583217     cutoff   49         0.02644    0.03382  27.9%  26.2 7050s
 20084661 1583328    0.03011   50   52    0.02644    0.03381  27.9%  26.2 7055s
 20100054 1583286     cutoff   40         0.02644    0.03381  27.9%  26.2 7060s
 20115428 1583328    0.02880   48   45    0.02644    0.03380  27.8%  26.2 7065s
 20131605 1583339     cutoff   48         0.02644    0.03379  27.8%  26.2 7070s
 20141717 1583420    0.02840   49   51    0.02644    0.03379  27.8%  26.2 7075s
 20156915 1583360 infeasible   42         0.02644    0.03379  27.8%  26.2 7080s
 20172144 1583439     cutoff   40         0.02644    0.03378  27.8%  26.2 7085s
 20187385 1583326     cutoff   47         0.02644    0.03377  27.7%  26.2 7090s
 20202755 1583377    0.03275   38   59    0.02644    0.03377  27.7%  26.2 7095s
 20218672 1583512    0.02955   46   55    0.02644    0.03376  27.7%  26.2 7100s
 20232701 1583804    0.02647   41   47    0.02644    0.03376  27.7%  26.2 7105s
 20247587 1583837     cutoff   46         0.02644    0.03375  27.7%  26.2 7110s
 20262157 1583756    0.02892   40   55    0.02644    0.03375  27.6%  26.2 7115s
 20274952 1583728    0.02960   51   53    0.02644    0.03374  27.6%  26.2 7120s
 20290677 1584146    0.02668   44   56    0.02644    0.03374  27.6%  26.2 7125s
 20305153 1583982     cutoff   33         0.02644    0.03373  27.6%  26.2 7130s
 20321102 1583933 infeasible   35         0.02644    0.03372  27.6%  26.2 7135s
 20336718 1583812     cutoff   37         0.02644    0.03372  27.5%  26.2 7140s
 20351738 1583956     cutoff   48         0.02644    0.03371  27.5%  26.2 7145s
 20366382 1583915     cutoff   41         0.02644    0.03371  27.5%  26.2 7150s
 20382304 1583935    0.02950   45   56    0.02644    0.03370  27.5%  26.2 7155s
 20394270 1583903     cutoff   42         0.02644    0.03370  27.5%  26.2 7160s
 20408891 1584067    0.03290   37   56    0.02644    0.03369  27.4%  26.2 7165s
 20424919 1584045    0.02733   39   48    0.02644    0.03369  27.4%  26.1 7170s
 20440303 1584054    0.02651   40   53    0.02644    0.03368  27.4%  26.1 7175s
 20455419 1584240     cutoff   54         0.02644    0.03367  27.4%  26.1 7180s
 20471574 1584308    0.02732   44   53    0.02644    0.03367  27.3%  26.1 7185s
 20488277 1584370     cutoff   36         0.02644    0.03366  27.3%  26.1 7190s
 20504105 1584317    0.03185   42   51    0.02644    0.03366  27.3%  26.1 7195s
 20520188 1584477     cutoff   39         0.02644    0.03365  27.3%  26.1 7200s
 20534992 1584287 infeasible   46         0.02644    0.03364  27.3%  26.1 7205s
 20551834 1584043     cutoff   46         0.02644    0.03364  27.2%  26.1 7210s
 20567218 1583916    0.03115   45   60    0.02644    0.03363  27.2%  26.1 7215s
 20583625 1584039     cutoff   43         0.02644    0.03363  27.2%  26.1 7220s
 20593900 1583979    0.02846   38   58    0.02644    0.03362  27.2%  26.1 7225s
 20609104 1584004    0.02979   36   55    0.02644    0.03362  27.1%  26.1 7230s
 20621196 1583942    0.02822   43   51    0.02644    0.03361  27.1%  26.1 7235s
 20637998 1583957    0.02696   51   54    0.02644    0.03361  27.1%  26.1 7240s
 20653796 1583972    0.02782   50   57    0.02644    0.03360  27.1%  26.1 7245s
 20667683 1584054    0.03347   44   39    0.02644    0.03360  27.1%  26.1 7250s
 20683382 1583996    0.03177   41   54    0.02644    0.03359  27.0%  26.1 7255s
 20697865 1583762    0.02926   45   57    0.02644    0.03358  27.0%  26.1 7260s
 20713512 1583894    0.02808   40   55    0.02644    0.03358  27.0%  26.1 7265s
 20728744 1583935    0.03357   39   55    0.02644    0.03357  27.0%  26.1 7270s
 20743942 1583760    0.03293   35   54    0.02644    0.03357  27.0%  26.1 7275s
 20760436 1583873     cutoff   46         0.02644    0.03356  26.9%  26.1 7280s
 20776310 1583813     cutoff   40         0.02644    0.03356  26.9%  26.1 7285s
 20791626 1583583     cutoff   47         0.02644    0.03355  26.9%  26.1 7290s
 20806347 1583560    0.03093   48   56    0.02644    0.03355  26.9%  26.1 7295s
 20822599 1583534    0.02757   35   54    0.02644    0.03354  26.9%  26.1 7300s
 20837299 1583572     cutoff   41         0.02644    0.03353  26.8%  26.1 7305s
 20852173 1583586     cutoff   44         0.02644    0.03353  26.8%  26.1 7310s
 20867439 1583576    0.03278   46   60    0.02644    0.03352  26.8%  26.1 7315s
 20883241 1583387    0.03242   38   50    0.02644    0.03352  26.8%  26.1 7320s
 20892874 1583350    0.03085   41   61    0.02644    0.03351  26.8%  26.1 7325s
 20908883 1583550    0.02860   45   55    0.02644    0.03351  26.7%  26.1 7330s
 20926355 1583318     cutoff   40         0.02644    0.03350  26.7%  26.1 7335s
 20941547 1583195     cutoff   46         0.02644    0.03349  26.7%  26.1 7340s
 20953161 1583135    0.03222   45   60    0.02644    0.03349  26.7%  26.1 7345s
 20968101 1582981    0.03130   41   58    0.02644    0.03348  26.7%  26.1 7350s
 20983381 1582948    0.02889   43   52    0.02644    0.03348  26.6%  26.1 7355s
 20998465 1582878    0.02852   46   53    0.02644    0.03347  26.6%  26.0 7360s
 21014990 1582832    0.02763   39   59    0.02644    0.03347  26.6%  26.0 7365s
 21030343 1582618     cutoff   45         0.02644    0.03346  26.6%  26.0 7370s
 21046609 1582472    0.02812   47   55    0.02644    0.03346  26.5%  26.0 7375s
 21061307 1582247    0.02682   50   56    0.02644    0.03345  26.5%  26.0 7380s
 21075805 1582211     cutoff   44         0.02644    0.03344  26.5%  26.0 7385s
 21091777 1581941    0.02929   48   61    0.02644    0.03344  26.5%  26.0 7390s
 21106979 1581848    0.02681   55   46    0.02644    0.03343  26.5%  26.0 7395s
 21120665 1582056     cutoff   45         0.02644    0.03343  26.4%  26.0 7400s
 21136345 1581834    0.03341   27   55    0.02644    0.03342  26.4%  26.0 7405s
 21151492 1581962    0.02904   44   55    0.02644    0.03342  26.4%  26.0 7410s
 21164660 1582100     cutoff   45         0.02644    0.03341  26.4%  26.0 7415s
 21176944 1581928    0.02920   44   53    0.02644    0.03341  26.4%  26.0 7420s
 21192735 1581743     cutoff   59         0.02644    0.03340  26.3%  26.0 7425s
 21207789 1581645    0.03300   32   58    0.02644    0.03340  26.3%  26.0 7430s
 21222669 1581612    0.03124   32   62    0.02644    0.03339  26.3%  26.0 7435s
 21236422 1581537    0.02718   44   54    0.02644    0.03339  26.3%  26.0 7440s
 21251163 1581517     cutoff   43         0.02644    0.03338  26.3%  26.0 7445s
 21267693 1581422     cutoff   45         0.02644    0.03337  26.2%  26.0 7450s
 21282956 1581707    0.02864   39   51    0.02644    0.03337  26.2%  26.0 7455s
 21297495 1581559     cutoff   42         0.02644    0.03336  26.2%  26.0 7460s
 21312772 1581603    0.03335   35   56    0.02644    0.03336  26.2%  26.0 7465s
 21328027 1581522    0.02845   45   58    0.02644    0.03335  26.1%  26.0 7470s
 21342131 1581422    0.02712   47   53    0.02644    0.03335  26.1%  26.0 7475s
 21358281 1581300 infeasible   38         0.02644    0.03334  26.1%  26.0 7480s
 21373657 1581111     cutoff   46         0.02644    0.03334  26.1%  26.0 7485s
 21388637 1580801     cutoff   48         0.02644    0.03333  26.1%  26.0 7490s
 21404180 1580859    0.02749   47   60    0.02644    0.03333  26.0%  26.0 7495s
 21414415 1580725    0.02822   45   49    0.02644    0.03332  26.0%  26.0 7500s
 21429071 1580541     cutoff   40         0.02644    0.03332  26.0%  26.0 7505s
 21444145 1580349     cutoff   37         0.02644    0.03331  26.0%  26.0 7510s
 21459639 1580153    0.02687   47   22    0.02644    0.03330  26.0%  26.0 7515s
 21474879 1580116    0.03242   45   53    0.02644    0.03330  25.9%  26.0 7520s
 21490922 1579887    0.03327   32   58    0.02644    0.03329  25.9%  26.0 7525s
 21506534 1579848     cutoff   42         0.02644    0.03329  25.9%  26.0 7530s
 21522447 1580089    0.03114   46   55    0.02644    0.03328  25.9%  26.0 7535s
 21537304 1579939    0.02800   44   56    0.02644    0.03328  25.9%  26.0 7540s
 21553677 1579848    0.02985   44   57    0.02644    0.03327  25.8%  25.9 7545s
 21568674 1580050     cutoff   45         0.02644    0.03327  25.8%  25.9 7550s
 21584702 1580197    0.02705   55   54    0.02644    0.03326  25.8%  25.9 7555s
 21600357 1580088     cutoff   40         0.02644    0.03325  25.8%  25.9 7560s
 21615573 1579941     cutoff   48         0.02644    0.03325  25.8%  25.9 7565s
 21628005 1580000    0.02661   35   57    0.02644    0.03324  25.7%  25.9 7570s
 21644333 1580308    0.02657   49   52    0.02644    0.03324  25.7%  25.9 7575s
 21659667 1580404    0.03217   42   52    0.02644    0.03323  25.7%  25.9 7580s
 21674848 1580470     cutoff   46         0.02644    0.03323  25.7%  25.9 7585s
 21687205 1580691    0.02911   56   33    0.02644    0.03322  25.7%  25.9 7590s
 21702028 1580617    0.03228   44   53    0.02644    0.03322  25.6%  25.9 7595s
 21716149 1580607    0.02926   39   56    0.02644    0.03321  25.6%  25.9 7600s
 21731406 1580478     cutoff   52         0.02644    0.03321  25.6%  25.9 7605s
 21744864 1580519     cutoff   39         0.02644    0.03320  25.6%  25.9 7610s
 21762030 1580364    0.02860   42   55    0.02644    0.03320  25.6%  25.9 7615s
 21777506 1580426    0.02707   51   53    0.02644    0.03319  25.5%  25.9 7620s
 21793194 1580418    0.02838   48   53    0.02644    0.03319  25.5%  25.9 7625s
 21808374 1580393     cutoff   41         0.02644    0.03318  25.5%  25.9 7630s
 21824743 1580320    0.02692   49   46    0.02644    0.03318  25.5%  25.9 7635s
 21841955 1580118     cutoff   43         0.02644    0.03317  25.5%  25.9 7640s
 21858454 1580240    0.03020   33   52    0.02644    0.03316  25.4%  25.9 7645s
 21874594 1580185     cutoff   47         0.02644    0.03316  25.4%  25.9 7650s
 21890094 1580779    0.02685   45   57    0.02644    0.03315  25.4%  25.9 7655s
 21905947 1580920     cutoff   56         0.02644    0.03315  25.4%  25.9 7660s
 21921357 1580993    0.02942   44   53    0.02644    0.03314  25.4%  25.9 7665s
 21937356 1580833     cutoff   42         0.02644    0.03314  25.3%  25.9 7670s
 21949851 1580884     cutoff   39         0.02644    0.03313  25.3%  25.9 7675s
 21963184 1580838    0.02888   46   54    0.02644    0.03313  25.3%  25.9 7680s
 21979192 1580832     cutoff   38         0.02644    0.03312  25.3%  25.9 7685s
 21995478 1581422     cutoff   48         0.02644    0.03312  25.3%  25.9 7690s
 22012331 1581574    0.02745   43   53    0.02644    0.03311  25.2%  25.9 7695s
 22028818 1582188    0.02689   52   34    0.02644    0.03311  25.2%  25.9 7700s
 22044523 1582170     cutoff   45         0.02644    0.03310  25.2%  25.9 7705s
 22057182 1582142    0.02682   40   57    0.02644    0.03310  25.2%  25.8 7710s
 22074126 1582069    0.02893   44   58    0.02644    0.03309  25.2%  25.8 7715s
 22089915 1582287 infeasible   51         0.02644    0.03309  25.1%  25.8 7720s
 22106523 1582257     cutoff   49         0.02644    0.03308  25.1%  25.8 7725s
 22122083 1581963    0.03167   44   52    0.02644    0.03308  25.1%  25.8 7730s
 22134920 1581999    0.03254   37   60    0.02644    0.03307  25.1%  25.8 7735s
 22151393 1581754     cutoff   38         0.02644    0.03307  25.1%  25.8 7740s
 22166835 1581587     cutoff   42         0.02644    0.03306  25.0%  25.8 7745s
 22181524 1581594     cutoff   36         0.02644    0.03306  25.0%  25.8 7750s
 22191919 1581331     cutoff   39         0.02644    0.03305  25.0%  25.8 7755s
 22207452 1581002    0.02895   57   47    0.02644    0.03305  25.0%  25.8 7760s
 22222859 1580691     cutoff   43         0.02644    0.03304  25.0%  25.8 7765s
 22238298 1580396    0.02741   61   46    0.02644    0.03304  25.0%  25.8 7770s
 22251420 1580068    0.02807   39   52    0.02644    0.03303  24.9%  25.8 7775s
 22266919 1579955    0.02905   47   58    0.02644    0.03303  24.9%  25.8 7780s
 22281832 1579591     cutoff   44         0.02644    0.03302  24.9%  25.8 7785s
 22296643 1579177    0.03291   39   57    0.02644    0.03302  24.9%  25.8 7790s
 22312348 1578951     cutoff   45         0.02644    0.03301  24.9%  25.8 7795s
 22325306 1578814    0.02946   42   55    0.02644    0.03301  24.8%  25.8 7800s
 22340444 1578510    0.02838   40   62    0.02644    0.03300  24.8%  25.8 7805s
 22352948 1578152     cutoff   46         0.02644    0.03300  24.8%  25.8 7810s
 22371371 1577710    0.03061   41   53    0.02644    0.03299  24.8%  25.8 7815s
 22387201 1577805     cutoff   43         0.02644    0.03299  24.8%  25.8 7820s
 22402635 1577569    0.02850   39   57    0.02644    0.03298  24.7%  25.8 7825s
 22418794 1577320    0.02652   47   55    0.02644    0.03298  24.7%  25.8 7830s
 22434023 1577325     cutoff   44         0.02644    0.03297  24.7%  25.8 7835s
 22449856 1576945    0.02775   36   54    0.02644    0.03296  24.7%  25.8 7840s
 22460785 1576719    0.03250   35   59    0.02644    0.03296  24.7%  25.8 7845s
 22474820 1576613    0.03002   40   62    0.02644    0.03296  24.7%  25.8 7850s
 22491178 1576277     cutoff   42         0.02644    0.03295  24.6%  25.8 7855s
 22506767 1576003     cutoff   38         0.02644    0.03295  24.6%  25.8 7860s
 22522540 1575783 infeasible   82         0.02644    0.03294  24.6%  25.8 7865s
 22539121 1575600     cutoff   45         0.02644    0.03293  24.6%  25.8 7870s
 22553870 1575167     cutoff   51         0.02644    0.03293  24.6%  25.8 7875s
 22570262 1574886     cutoff   47         0.02644    0.03292  24.5%  25.8 7880s
 22585226 1574697    0.03237   37   62    0.02644    0.03292  24.5%  25.8 7885s
 22601707 1574357    0.03291   74   31    0.02644    0.03291  24.5%  25.7 7890s
 22618426 1574247    0.02782   37   43    0.02644    0.03291  24.5%  25.7 7895s
 22634105 1573990    0.02951   34   53    0.02644    0.03290  24.4%  25.7 7900s
 22650189 1573822     cutoff   43         0.02644    0.03290  24.4%  25.7 7905s
 22666087 1573463     cutoff   42         0.02644    0.03289  24.4%  25.7 7910s
 22681429 1573264    0.02687   38   58    0.02644    0.03289  24.4%  25.7 7915s
 22698392 1573077     cutoff   48         0.02644    0.03288  24.4%  25.7 7920s
 22714352 1572803     cutoff   36         0.02644    0.03288  24.3%  25.7 7925s
 22727303 1572614    0.02683   46   39    0.02644    0.03287  24.3%  25.7 7930s
 22740552 1572324     cutoff   48         0.02644    0.03287  24.3%  25.7 7935s
 22757427 1571995    0.02689   55   47    0.02644    0.03286  24.3%  25.7 7940s
 22772356 1571608     cutoff   42         0.02644    0.03286  24.3%  25.7 7945s
 22789445 1571406    0.03186   35   65    0.02644    0.03285  24.2%  25.7 7950s
 22805374 1571139    0.02809   49   44    0.02644    0.03284  24.2%  25.7 7955s
 22822261 1570845     cutoff   45         0.02644    0.03284  24.2%  25.7 7960s
 22837325 1570477 infeasible   82         0.02644    0.03283  24.2%  25.7 7965s
 22853659 1570207     cutoff   53         0.02644    0.03283  24.2%  25.7 7970s
 22869513 1569975     cutoff   45         0.02644    0.03282  24.1%  25.7 7975s
 22885507 1569576     cutoff   41         0.02644    0.03282  24.1%  25.7 7980s
 22901390 1569140    0.02798   50   56    0.02644    0.03281  24.1%  25.7 7985s
 22917304 1568767    0.02840   45   53    0.02644    0.03281  24.1%  25.7 7990s
 22933190 1568550     cutoff   42         0.02644    0.03280  24.1%  25.7 7995s
 22948954 1568214    0.02901   43   57    0.02644    0.03279  24.0%  25.7 8000s
 22965266 1568096    0.02772   57   30    0.02644    0.03279  24.0%  25.7 8005s
 22977571 1567959    0.02802   34   47    0.02644    0.03278  24.0%  25.7 8010s
 22992933 1567688    0.03271   40   58    0.02644    0.03278  24.0%  25.7 8015s
 23008664 1567476    0.02924   39   65    0.02644    0.03277  24.0%  25.7 8020s
 23021727 1567208    0.02963   46   52    0.02644    0.03277  23.9%  25.7 8025s
 23037001 1566872    0.02783   33   54    0.02644    0.03276  23.9%  25.7 8030s
 23053725 1566700     cutoff   40         0.02644    0.03276  23.9%  25.7 8035s
 23070033 1566504    0.02956   41   40    0.02644    0.03275  23.9%  25.7 8040s
 23085448 1566185    0.02663   44   51    0.02644    0.03275  23.9%  25.7 8045s
 23101209 1566080     cutoff   46         0.02644    0.03274  23.8%  25.7 8050s
 23113259 1565904    0.02728   39   53    0.02644    0.03274  23.8%  25.7 8055s
 23127674 1565609    0.03044   33   57    0.02644    0.03273  23.8%  25.7 8060s
 23143792 1565427    0.02786   45   51    0.02644    0.03273  23.8%  25.7 8065s
 23160626 1565334     cutoff   41         0.02644    0.03272  23.8%  25.7 8070s
 23176655 1564942    0.02731   43   52    0.02644    0.03272  23.7%  25.6 8075s
 23192292 1564488     cutoff   44         0.02644    0.03271  23.7%  25.6 8080s
 23207122 1564131     cutoff   41         0.02644    0.03270  23.7%  25.6 8085s
 23218423 1563810    0.03005   44   57    0.02644    0.03270  23.7%  25.6 8090s
 23233552 1563630    0.02651   45   49    0.02644    0.03270  23.7%  25.6 8095s
 23251219 1563205    0.02995   42   50    0.02644    0.03269  23.6%  25.6 8100s
 23267040 1562935    0.02794   45   52    0.02644    0.03268  23.6%  25.6 8105s
 23282215 1562558    0.02838   53   42    0.02644    0.03268  23.6%  25.6 8110s
 23297980 1562116     cutoff   32         0.02644    0.03267  23.6%  25.6 8115s
 23313447 1562007     cutoff   42         0.02644    0.03267  23.6%  25.6 8120s
 23329777 1561680     cutoff   39         0.02644    0.03266  23.5%  25.6 8125s
 23345717 1561373    0.02776   50   54    0.02644    0.03266  23.5%  25.6 8130s
 23360428 1560989    0.02647   47   55    0.02644    0.03265  23.5%  25.6 8135s
 23377350 1560614    0.02648   47   54    0.02644    0.03265  23.5%  25.6 8140s
 23393416 1560147    0.03260   33   58    0.02644    0.03264  23.5%  25.6 8145s
 23406576 1560091     cutoff   43         0.02644    0.03263  23.4%  25.6 8150s
 23424294 1560004    0.02648   38   51    0.02644    0.03263  23.4%  25.6 8155s
 23440315 1559754     cutoff   39         0.02644    0.03262  23.4%  25.6 8160s
 23456053 1559547     cutoff   42         0.02644    0.03262  23.4%  25.6 8165s
 23471944 1559281     cutoff   46         0.02644    0.03261  23.4%  25.6 8170s
 23482550 1559021    0.03129   39   53    0.02644    0.03261  23.3%  25.6 8175s
 23498816 1558623     cutoff   47         0.02644    0.03260  23.3%  25.6 8180s
 23515036 1558299    0.02822   58   47    0.02644    0.03260  23.3%  25.6 8185s
 23531125 1557941     cutoff   39         0.02644    0.03259  23.3%  25.6 8190s
 23547195 1557605    0.02809   53   54    0.02644    0.03259  23.3%  25.6 8195s
 23563170 1557294    0.02863   36   54    0.02644    0.03258  23.2%  25.6 8200s
 23579189 1556946     cutoff   37         0.02644    0.03258  23.2%  25.6 8205s
 23595894 1556683     cutoff   57         0.02644    0.03257  23.2%  25.6 8210s
 23609348 1556250     cutoff   44         0.02644    0.03257  23.2%  25.6 8215s
 23626390 1556055     cutoff   43         0.02644    0.03256  23.2%  25.6 8220s
 23643377 1555706     cutoff   42         0.02644    0.03255  23.1%  25.6 8225s
 23660710 1555333    0.02992   43   58    0.02644    0.03255  23.1%  25.6 8230s
 23677497 1554839    0.02886   44   53    0.02644    0.03254  23.1%  25.6 8235s
 23694106 1554554     cutoff   47         0.02644    0.03254  23.1%  25.6 8240s
 23711792 1554696     cutoff   41         0.02644    0.03253  23.0%  25.6 8245s
 23724459 1554431    0.02813   47   58    0.02644    0.03253  23.0%  25.6 8250s
 23736229 1554123     cutoff   43         0.02644    0.03252  23.0%  25.6 8255s
 23751559 1553854     cutoff   45         0.02644    0.03252  23.0%  25.5 8260s
 23768152 1553604    0.02683   44   54    0.02644    0.03251  23.0%  25.5 8265s
 23784083 1553290    0.02664   49   55    0.02644    0.03251  23.0%  25.5 8270s
 23797111 1552937    0.02858   40   56    0.02644    0.03250  22.9%  25.5 8275s
 23814078 1552740     cutoff   41         0.02644    0.03250  22.9%  25.5 8280s
 23829792 1552351 infeasible   43         0.02644    0.03249  22.9%  25.5 8285s
 23845800 1552379     cutoff   42         0.02644    0.03249  22.9%  25.5 8290s
 23861973 1552334     cutoff   35         0.02644    0.03248  22.9%  25.5 8295s
 23877236 1551904     cutoff   41         0.02644    0.03248  22.8%  25.5 8300s
 23894624 1551518    0.02764   45   55    0.02644    0.03247  22.8%  25.5 8305s
 23910921 1551163     cutoff   42         0.02644    0.03246  22.8%  25.5 8310s
 23927479 1550708    0.02716   37   57    0.02644    0.03246  22.8%  25.5 8315s
 23943543 1550565     cutoff   45         0.02644    0.03245  22.8%  25.5 8320s
 23960063 1550251     cutoff   51         0.02644    0.03245  22.7%  25.5 8325s
 23975878 1549809    0.02743   43   56    0.02644    0.03244  22.7%  25.5 8330s
 23987387 1549500     cutoff   40         0.02644    0.03244  22.7%  25.5 8335s
 24000070 1549233     cutoff   46         0.02644    0.03244  22.7%  25.5 8340s
 24019302 1548957    0.02904   43   50    0.02644    0.03243  22.7%  25.5 8345s
 24035612 1548433    0.02744   43   57    0.02644    0.03242  22.6%  25.5 8350s
 24052475 1548230    0.03230   39   53    0.02644    0.03242  22.6%  25.5 8355s
 24068884 1547778    0.03103   38   60    0.02644    0.03241  22.6%  25.5 8360s
 24086165 1547194     cutoff   50         0.02644    0.03241  22.6%  25.5 8365s
 24103130 1546962     cutoff   43         0.02644    0.03240  22.5%  25.5 8370s
 24119574 1546966 infeasible   50         0.02644    0.03240  22.5%  25.5 8375s
 24136036 1546592     cutoff   40         0.02644    0.03239  22.5%  25.5 8380s
 24151008 1546364    0.02984   42   51    0.02644    0.03239  22.5%  25.5 8385s
 24169879 1546173    0.02773   38   52    0.02644    0.03238  22.5%  25.5 8390s
 24183978 1545894    0.02674   43   54    0.02644    0.03237  22.5%  25.5 8395s
 24201135 1545593     cutoff   40         0.02644    0.03237  22.4%  25.5 8400s
 24217573 1545223     cutoff   36         0.02644    0.03236  22.4%  25.5 8405s
 24234512 1544943    0.02708   49   57    0.02644    0.03236  22.4%  25.5 8410s
 24248745 1544683     cutoff   43         0.02644    0.03235  22.4%  25.5 8415s
 24264331 1544452     cutoff   43         0.02644    0.03235  22.3%  25.5 8420s
 24281648 1544074    0.03095   43   57    0.02644    0.03234  22.3%  25.5 8425s
 24298941 1544324    0.02753   41   53    0.02644    0.03234  22.3%  25.5 8430s
 24316375 1543941    0.02807   56   55    0.02644    0.03233  22.3%  25.5 8435s
 24334454 1543730    0.03063   37   58    0.02644    0.03233  22.3%  25.4 8440s
 24352109 1543154    0.02869   48   54    0.02644    0.03232  22.2%  25.4 8445s
 24369509 1543011     cutoff   41         0.02644    0.03231  22.2%  25.4 8450s
 24387041 1542600    0.02706   44   57    0.02644    0.03231  22.2%  25.4 8455s
 24404814 1542191     cutoff   55         0.02644    0.03230  22.2%  25.4 8460s
 24422495 1541882    0.03005   39   52    0.02644    0.03230  22.2%  25.4 8465s
 24435845 1541524     cutoff   47         0.02644    0.03229  22.1%  25.4 8470s
 24453107 1541187     cutoff   37         0.02644    0.03229  22.1%  25.4 8475s
 24470671 1540924     cutoff   49         0.02644    0.03228  22.1%  25.4 8480s
 24484032 1540556    0.03184   39   51    0.02644    0.03228  22.1%  25.4 8485s
 24498583 1540142     cutoff   41         0.02644    0.03227  22.1%  25.4 8490s
 24515160 1539850    0.03042   38   55    0.02644    0.03227  22.0%  25.4 8495s
 24532635 1539614     cutoff   45         0.02644    0.03226  22.0%  25.4 8500s
 24549787 1539346     cutoff   42         0.02644    0.03225  22.0%  25.4 8505s
 24565903 1538875    0.02899   38   55    0.02644    0.03225  22.0%  25.4 8510s
 24582600 1538588     cutoff   43         0.02644    0.03224  22.0%  25.4 8515s
 24599328 1538441    0.03085   41   53    0.02644    0.03224  21.9%  25.4 8520s
 24613569 1538283     cutoff   43         0.02644    0.03223  21.9%  25.4 8525s
 24632053 1537637    0.02891   41   50    0.02644    0.03223  21.9%  25.4 8530s
 24648985 1537130     cutoff   48         0.02644    0.03222  21.9%  25.4 8535s
 24666016 1536741     cutoff   44         0.02644    0.03222  21.9%  25.4 8540s
 24683052 1536475     cutoff   46         0.02644    0.03221  21.8%  25.4 8545s
 24699393 1535849    0.02799   35   62    0.02644    0.03221  21.8%  25.4 8550s
 24716131 1535378    0.02717   48   34    0.02644    0.03220  21.8%  25.4 8555s
 24733692 1534830     cutoff   49         0.02644    0.03219  21.8%  25.4 8560s
 24750644 1534358     cutoff   39         0.02644    0.03219  21.7%  25.4 8565s
 24765444 1534422     cutoff   42         0.02644    0.03218  21.7%  25.4 8570s
 24780013 1534374    0.02890   43   59    0.02644    0.03218  21.7%  25.4 8575s
 24796775 1534124    0.02760   44   55    0.02644    0.03217  21.7%  25.4 8580s
 24811633 1533716    0.03168   36   48    0.02644    0.03217  21.7%  25.4 8585s
 24828301 1533176    0.02903   46   46    0.02644    0.03216  21.7%  25.4 8590s
 24845763 1532893    0.02654   46   55    0.02644    0.03216  21.6%  25.4 8595s
 24860884 1532443     cutoff   35         0.02644    0.03215  21.6%  25.4 8600s
 24878798 1532112     cutoff   38         0.02644    0.03215  21.6%  25.4 8605s
 24895196 1531950     cutoff   51         0.02644    0.03214  21.6%  25.4 8610s
 24912321 1531484    0.02816   49   43    0.02644    0.03214  21.6%  25.3 8615s
 24929113 1530938    0.02976   43   54    0.02644    0.03213  21.5%  25.3 8620s
 24945196 1530414    0.02715   68   41    0.02644    0.03213  21.5%  25.3 8625s
 24961809 1529860    0.02830   42   55    0.02644    0.03212  21.5%  25.3 8630s
 24978751 1529549     cutoff   45         0.02644    0.03212  21.5%  25.3 8635s
 24995778 1529042     cutoff   45         0.02644    0.03211  21.5%  25.3 8640s
 25012697 1528422     cutoff   49         0.02644    0.03210  21.4%  25.3 8645s
 25029643 1528052    0.02762   40   59    0.02644    0.03210  21.4%  25.3 8650s
 25045963 1527679    0.02881   50   59    0.02644    0.03209  21.4%  25.3 8655s
 25056830 1527276    0.02695   43   50    0.02644    0.03209  21.4%  25.3 8660s
 25073110 1526677     cutoff   44         0.02644    0.03208  21.4%  25.3 8665s
 25089267 1526466    0.03183   44   59    0.02644    0.03208  21.3%  25.3 8670s
 25105712 1525984     cutoff   48         0.02644    0.03207  21.3%  25.3 8675s
 25118239 1525519    0.03019   46   57    0.02644    0.03207  21.3%  25.3 8680s
 25135111 1524963     cutoff   46         0.02644    0.03206  21.3%  25.3 8685s
 25151556 1524459     cutoff   43         0.02644    0.03206  21.3%  25.3 8690s
 25167935 1523926    0.02705   46   47    0.02644    0.03205  21.2%  25.3 8695s
 25184773 1523720     cutoff   42         0.02644    0.03205  21.2%  25.3 8700s
 25200686 1523556    0.02763   43   53    0.02644    0.03204  21.2%  25.3 8705s
 25215962 1523218 infeasible   52         0.02644    0.03204  21.2%  25.3 8710s
 25233127 1522646    0.02947   32   56    0.02644    0.03203  21.2%  25.3 8715s
 25249551 1522025    0.02741   42   52    0.02644    0.03203  21.1%  25.3 8720s
 25266038 1521684 infeasible   55         0.02644    0.03202  21.1%  25.3 8725s
 25282390 1521008    0.02758   43   53    0.02644    0.03202  21.1%  25.3 8730s
 25299688 1520399     cutoff   34         0.02644    0.03201  21.1%  25.3 8735s
 25316961 1519874     cutoff   47         0.02644    0.03200  21.0%  25.3 8740s
 25328861 1519930    0.02938   37   61    0.02644    0.03200  21.0%  25.3 8745s
 25343934 1519409    0.02872   37   55    0.02644    0.03200  21.0%  25.3 8750s
 25360353 1518981     cutoff   42         0.02644    0.03199  21.0%  25.3 8755s
 25376278 1518634     cutoff   41         0.02644    0.03198  21.0%  25.3 8760s
 25392344 1518495    0.03013   40   56    0.02644    0.03198  21.0%  25.3 8765s
 25408745 1518069    0.02906   44   55    0.02644    0.03197  20.9%  25.3 8770s
 25425116 1517579    0.02671   43   58    0.02644    0.03197  20.9%  25.3 8775s
 25440127 1517332    0.02748   51   54    0.02644    0.03196  20.9%  25.3 8780s
 25455578 1516836     cutoff   46         0.02644    0.03196  20.9%  25.3 8785s
 25471036 1516241    0.02666   38   54    0.02644    0.03195  20.9%  25.3 8790s
 25487958 1515825    0.03009   40   53    0.02644    0.03195  20.8%  25.3 8795s
 25503296 1515490     cutoff   37         0.02644    0.03194  20.8%  25.2 8800s
 25519200 1515244    0.03149   54   46    0.02644    0.03194  20.8%  25.2 8805s
 25534713 1514701    0.02789   36   56    0.02644    0.03193  20.8%  25.2 8810s
 25551239 1514136    0.02782   39   55    0.02644    0.03193  20.8%  25.2 8815s
 25567701 1513472     cutoff   43         0.02644    0.03192  20.7%  25.2 8820s
 25584386 1512951     cutoff   45         0.02644    0.03192  20.7%  25.2 8825s
 25600764 1512425    0.02830   46   45    0.02644    0.03191  20.7%  25.2 8830s
 25610947 1512148     cutoff   52         0.02644    0.03191  20.7%  25.2 8835s
 25627018 1511797    0.02715   37   53    0.02644    0.03190  20.7%  25.2 8840s
 25643415 1511395    0.02791   47   53    0.02644    0.03190  20.6%  25.2 8845s
 25660513 1510780    0.02664   42   54    0.02644    0.03189  20.6%  25.2 8850s
 25675345 1510209     cutoff   36         0.02644    0.03188  20.6%  25.2 8855s
 25691215 1509612    0.02696   41   50    0.02644    0.03188  20.6%  25.2 8860s
 25707639 1509101    0.02874   34   56    0.02644    0.03187  20.6%  25.2 8865s
 25722522 1508784    0.02962   49   52    0.02644    0.03187  20.5%  25.2 8870s
 25738564 1508262    0.02762   42   55    0.02644    0.03186  20.5%  25.2 8875s
 25751335 1508124     cutoff   48         0.02644    0.03186  20.5%  25.2 8880s
 25767325 1507465    0.03094   37   57    0.02644    0.03185  20.5%  25.2 8885s
 25783747 1506849    0.02907   45   62    0.02644    0.03185  20.5%  25.2 8890s
 25798753 1506335     cutoff   46         0.02644    0.03184  20.4%  25.2 8895s
 25814631 1505868     cutoff   48         0.02644    0.03184  20.4%  25.2 8900s
 25825706 1505939    0.03058   42   56    0.02644    0.03184  20.4%  25.2 8905s
 25842116 1505566    0.03131   52   60    0.02644    0.03183  20.4%  25.2 8910s
 25858629 1504955    0.02708   45   56    0.02644    0.03182  20.4%  25.2 8915s
 25872041 1504504    0.02956   38   61    0.02644    0.03182  20.4%  25.2 8920s
 25884922 1504048    0.02814   38   56    0.02644    0.03182  20.3%  25.2 8925s
 25900804 1503578     cutoff   40         0.02644    0.03181  20.3%  25.2 8930s
 25916797 1503000    0.03010   45   54    0.02644    0.03180  20.3%  25.2 8935s
 25933070 1502711     cutoff   50         0.02644    0.03180  20.3%  25.2 8940s
 25948818 1502073     cutoff   43         0.02644    0.03179  20.3%  25.2 8945s
 25966459 1501493    0.02904   41   54    0.02644    0.03179  20.2%  25.2 8950s
 25983487 1500902     cutoff   41         0.02644    0.03178  20.2%  25.2 8955s
 26000625 1500266    0.02655   43   54    0.02644    0.03178  20.2%  25.2 8960s
 26017641 1499763     cutoff   49         0.02644    0.03177  20.2%  25.2 8965s
 26033451 1499242     cutoff   47         0.02644    0.03177  20.1%  25.2 8970s
 26050904 1498796     cutoff   38         0.02644    0.03176  20.1%  25.2 8975s
 26066649 1497984    0.03175   48   55    0.02644    0.03175  20.1%  25.2 8980s
 26082569 1497494     cutoff   51         0.02644    0.03175  20.1%  25.2 8985s
 26099744 1496839    0.02724   45   54    0.02644    0.03174  20.1%  25.1 8990s
 26117005 1496315    0.02912   39   56    0.02644    0.03174  20.0%  25.1 8995s
 26128817 1496135    0.03028   38   57    0.02644    0.03173  20.0%  25.1 9001s
 26143377 1495847     cutoff   50         0.02644    0.03173  20.0%  25.1 9005s
 26159919 1495197     cutoff   40         0.02644    0.03172  20.0%  25.1 9010s
 26175220 1495652     cutoff   40         0.02644    0.03172  20.0%  25.1 9015s
 26192518 1495130     cutoff   43         0.02644    0.03171  20.0%  25.1 9020s
 26209003 1495385     cutoff   52         0.02644    0.03171  19.9%  25.1 9025s
 26225920 1494759    0.02883   42   46    0.02644    0.03170  19.9%  25.1 9030s
 26241936 1494136    0.02761   37   58    0.02644    0.03170  19.9%  25.1 9035s
 26253628 1493754     cutoff   44         0.02644    0.03169  19.9%  25.1 9040s
 26272263 1493183     cutoff   43         0.02644    0.03169  19.9%  25.1 9045s
 26289032 1492567     cutoff   48         0.02644    0.03168  19.8%  25.1 9050s
 26306403 1492048     cutoff   51         0.02644    0.03168  19.8%  25.1 9055s
 26322088 1491532    0.02644   89   31    0.02644    0.03167  19.8%  25.1 9060s
 26338401 1491008    0.02699   55   55    0.02644    0.03167  19.8%  25.1 9065s
 26355665 1490381    0.03166   40   49    0.02644    0.03166  19.7%  25.1 9070s
 26372625 1489945     cutoff   47         0.02644    0.03166  19.7%  25.1 9075s
 26388821 1489694 infeasible   79         0.02644    0.03165  19.7%  25.1 9080s
 26406210 1488896    0.02940   43   56    0.02644    0.03164  19.7%  25.1 9085s
 26422092 1488388     cutoff   44         0.02644    0.03164  19.7%  25.1 9090s
 26436690 1487702    0.02959   43   55    0.02644    0.03163  19.6%  25.1 9095s
 26454226 1487074    0.02761   38   53    0.02644    0.03163  19.6%  25.1 9100s
 26470748 1486928    0.02686   44   52    0.02644    0.03162  19.6%  25.1 9105s
 26487192 1486473     cutoff   37         0.02644    0.03162  19.6%  25.1 9110s
 26501585 1485941     cutoff   45         0.02644    0.03161  19.6%  25.1 9115s
 26514970 1485402 infeasible   43         0.02644    0.03161  19.5%  25.1 9120s
 26530642 1484642     cutoff   46         0.02644    0.03160  19.5%  25.1 9125s
 26544094 1484357     cutoff   37         0.02644    0.03160  19.5%  25.1 9130s
 26558598 1484076    0.02780   40   54    0.02644    0.03159  19.5%  25.1 9135s
 26575130 1483392    0.03125   37   58    0.02644    0.03159  19.5%  25.1 9140s
 26591313 1482976    0.02840   38   55    0.02644    0.03158  19.5%  25.1 9145s
 26607957 1482282     cutoff   43         0.02644    0.03158  19.4%  25.1 9150s
 26624460 1481645    0.02751   50   59    0.02644    0.03157  19.4%  25.1 9155s
 26640884 1481362     cutoff   41         0.02644    0.03157  19.4%  25.1 9160s
 26657193 1480702    0.02786   64   41    0.02644    0.03156  19.4%  25.0 9165s
 26673140 1480203     cutoff   49         0.02644    0.03155  19.3%  25.0 9170s
 26690205 1479698     cutoff   47         0.02644    0.03155  19.3%  25.0 9175s
 26705934 1479015    0.02821   42   51    0.02644    0.03154  19.3%  25.0 9180s
 26721492 1478772    0.02732   49   53    0.02644    0.03154  19.3%  25.0 9185s
 26737740 1478301     cutoff   42         0.02644    0.03153  19.3%  25.0 9190s
 26753879 1478193    0.02791   79   36    0.02644    0.03153  19.2%  25.0 9195s
 26770422 1477812     cutoff   44         0.02644    0.03152  19.2%  25.0 9200s
 26783862 1477326    0.02865   38   52    0.02644    0.03152  19.2%  25.0 9205s
 26800773 1476376    0.03151   39   54    0.02644    0.03151  19.2%  25.0 9210s
 26812023 1476012     cutoff   49         0.02644    0.03151  19.2%  25.0 9215s
 26826984 1475338    0.03047   36   54    0.02644    0.03150  19.2%  25.0 9220s
 26840778 1474898    0.02667   39   56    0.02644    0.03150  19.1%  25.0 9225s
 26857490 1474926     cutoff   44         0.02644    0.03149  19.1%  25.0 9230s
 26873407 1474191    0.03055   40   56    0.02644    0.03149  19.1%  25.0 9235s
 26890328 1473897    0.02739   48   56    0.02644    0.03148  19.1%  25.0 9240s
 26906073 1473702    0.03003   38   50    0.02644    0.03148  19.1%  25.0 9245s
 26922865 1473151 infeasible   43         0.02644    0.03147  19.0%  25.0 9250s
 26938231 1472777    0.03003   43   52    0.02644    0.03147  19.0%  25.0 9255s
 26954693 1472206     cutoff   40         0.02644    0.03146  19.0%  25.0 9260s
 26969991 1471544     cutoff   45         0.02644    0.03146  19.0%  25.0 9265s
 26986456 1471036    0.02900   33   54    0.02644    0.03145  19.0%  25.0 9270s
 27001740 1470793    0.03118   40   58    0.02644    0.03145  18.9%  25.0 9275s
 27019095 1470447    0.02762   42   53    0.02644    0.03144  18.9%  25.0 9280s
 27035324 1469954    0.02788   40   55    0.02644    0.03143  18.9%  25.0 9285s
 27050943 1469183     cutoff   51         0.02644    0.03143  18.9%  25.0 9290s
 27067326 1468921 infeasible   59         0.02644    0.03142  18.9%  25.0 9295s
 27084365 1468518    0.02680   47   55    0.02644    0.03142  18.8%  25.0 9300s
 27101202 1467814    0.03102   38   53    0.02644    0.03141  18.8%  25.0 9305s
 27111023 1467446     cutoff   35         0.02644    0.03141  18.8%  25.0 9310s
 27127041 1466933     cutoff   47         0.02644    0.03140  18.8%  25.0 9315s
 27143921 1467412    0.02827   41   59    0.02644    0.03140  18.8%  25.0 9320s
 27160501 1466715     cutoff   51         0.02644    0.03139  18.7%  25.0 9325s
 27177182 1465969     cutoff   44         0.02644    0.03139  18.7%  25.0 9330s
 27192373 1465345     cutoff   42         0.02644    0.03138  18.7%  25.0 9335s
 27207671 1464740    0.02961   42   56    0.02644    0.03138  18.7%  25.0 9340s
 27221453 1464157     cutoff   41         0.02644    0.03137  18.7%  24.9 9345s
 27234692 1463601    0.02782   45   57    0.02644    0.03137  18.6%  24.9 9350s
 27252077 1462693     cutoff   45         0.02644    0.03136  18.6%  24.9 9355s
 27268364 1461737    0.03036   38   51    0.02644    0.03136  18.6%  24.9 9360s
 27284534 1461390    0.03063   37   58    0.02644    0.03135  18.6%  24.9 9365s
 27300375 1461231     cutoff   40         0.02644    0.03135  18.6%  24.9 9370s
 27315465 1460338     cutoff   46         0.02644    0.03134  18.5%  24.9 9375s
 27331537 1459654     cutoff   42         0.02644    0.03134  18.5%  24.9 9380s
 27347986 1458855    0.02766   42   56    0.02644    0.03133  18.5%  24.9 9385s
 27364053 1458263     cutoff   41         0.02644    0.03133  18.5%  24.9 9390s
 27375452 1458071    0.02834   36   53    0.02644    0.03132  18.5%  24.9 9395s
 27391044 1457200     cutoff   36         0.02644    0.03132  18.4%  24.9 9400s
 27406608 1456511     cutoff   42         0.02644    0.03131  18.4%  24.9 9405s
 27422191 1455610     cutoff   38         0.02644    0.03131  18.4%  24.9 9410s
 27437924 1454905     cutoff   44         0.02644    0.03130  18.4%  24.9 9415s
 27455496 1453989    0.03016   47   54    0.02644    0.03129  18.4%  24.9 9420s
 27471709 1453432     cutoff   46         0.02644    0.03129  18.3%  24.9 9425s
 27487410 1452894    0.02826   39   60    0.02644    0.03128  18.3%  24.9 9430s
 27503833 1452368    0.03125   46   52    0.02644    0.03128  18.3%  24.9 9435s
 27519340 1452139     cutoff   46         0.02644    0.03127  18.3%  24.9 9440s
 27535062 1451455    0.02645   41   57    0.02644    0.03127  18.3%  24.9 9445s
 27551206 1450624     cutoff   44         0.02644    0.03126  18.2%  24.9 9450s
 27567771 1450175     cutoff   42         0.02644    0.03126  18.2%  24.9 9455s
 27584461 1449763    0.03075   35   57    0.02644    0.03125  18.2%  24.9 9460s
 27600223 1449578    0.03043   48   44    0.02644    0.03125  18.2%  24.9 9465s
 27617556 1449970    0.02715   36   54    0.02644    0.03124  18.2%  24.9 9470s
 27633636 1449680    0.02706   46   54    0.02644    0.03124  18.1%  24.9 9475s
 27650237 1450290    0.03113   44   53    0.02644    0.03123  18.1%  24.9 9480s
 27661548 1450445     cutoff   36         0.02644    0.03123  18.1%  24.9 9485s
 27678749 1452729 infeasible  106         0.02644    0.03123  18.1%  24.9 9490s
 27695957 1458753    0.02838   85    6    0.02644    0.03122  18.1%  24.9 9495s
 27716385 1466567    0.02751  107   10    0.02644    0.03122  18.1%  24.8 9500s
 27737446 1474649    0.03122   97    8    0.02644    0.03122  18.1%  24.8 9505s
 27757026 1482586    0.02697  106    1    0.02644    0.03122  18.1%  24.8 9510s
 27776262 1489969     cutoff   51         0.02644    0.03122  18.1%  24.8 9515s
 27796211 1497726    0.02765  102   11    0.02644    0.03122  18.1%  24.8 9520s
 27814714 1505658     cutoff  109         0.02644    0.03122  18.1%  24.8 9525s
 27834007 1512839 infeasible  117         0.02644    0.03122  18.1%  24.8 9530s
 27853979 1520167    0.03122  103    8    0.02644    0.03122  18.1%  24.8 9535s
 27872279 1525990    0.02693  116    2    0.02644    0.03122  18.1%  24.7 9540s
 27890013 1532567    0.02767  104   16    0.02644    0.03122  18.1%  24.7 9545s
 27908808 1539857    0.02736   97    9    0.02644    0.03122  18.1%  24.7 9550s
 27928043 1546197    0.02693  110    1    0.02644    0.03122  18.1%  24.7 9555s
 27946821 1553290    0.02686  106    1    0.02644    0.03122  18.1%  24.7 9560s
 27961086 1558389 infeasible  110         0.02644    0.03122  18.1%  24.7 9565s
 27980334 1564863    0.03122   98    8    0.02644    0.03122  18.1%  24.7 9570s
 27999361 1572522    0.02714  125    4    0.02644    0.03122  18.1%  24.7 9575s
 28016634 1579023     cutoff  105         0.02644    0.03122  18.1%  24.7 9580s
 28037729 1587045    0.02778   96   15    0.02644    0.03122  18.1%  24.7 9585s
 28059090 1595496    0.02777   99   16    0.02644    0.03122  18.1%  24.6 9590s
 28078064 1602495     cutoff  109         0.02644    0.03122  18.1%  24.6 9595s
 28098613 1609998    0.02652  104    6    0.02644    0.03122  18.1%  24.6 9600s
 28118337 1616101    0.02720  118    6    0.02644    0.03122  18.1%  24.6 9605s
 28138998 1623711    0.02770  100   15    0.02644    0.03122  18.1%  24.6 9610s
 28160449 1631541    0.02742  109    7    0.02644    0.03122  18.1%  24.6 9615s
 28179270 1637313 infeasible   99         0.02644    0.03122  18.1%  24.6 9620s
 28200227 1646187    0.02748  113    7    0.02644    0.03122  18.1%  24.6 9625s
 28220806 1653279    0.02735  119    2    0.02644    0.03122  18.1%  24.5 9630s
 28241512 1660279    0.02750  107   11    0.02644    0.03122  18.1%  24.5 9635s
 28262199 1667917    0.02697  111    5    0.02644    0.03122  18.1%  24.5 9640s
 28278821 1673600    0.02758  126   13    0.02644    0.03122  18.1%  24.5 9645s
 28295257 1679464    0.02872   47   53    0.02644    0.03122  18.1%  24.5 9650s
 28315601 1687047 infeasible  139         0.02644    0.03122  18.1%  24.5 9655s
 28336088 1693953    0.02698  104    1    0.02644    0.03122  18.1%  24.5 9660s
 28356990 1701429    0.03122   96   10    0.02644    0.03122  18.1%  24.5 9665s
 28377214 1708412     cutoff  108         0.02644    0.03122  18.1%  24.5 9670s
 28397824 1715510 infeasible  106         0.02644    0.03122  18.1%  24.4 9675s
 28417184 1722053    0.02741  102   11    0.02644    0.03122  18.1%  24.4 9680s
 28437100 1728603     cutoff   46         0.02644    0.03122  18.1%  24.4 9685s
 28455701 1735982    0.02766  104   16    0.02644    0.03122  18.1%  24.4 9690s
 28475119 1741721    0.02660  103    1    0.02644    0.03122  18.1%  24.4 9695s
 28495765 1749301    0.02695  104    1    0.02644    0.03122  18.1%  24.4 9700s
 28516059 1756435    0.02755  109   11    0.02644    0.03122  18.1%  24.4 9705s
 28536379 1763536 infeasible  100         0.02644    0.03122  18.1%  24.4 9710s
 28556647 1769932    0.02700  107    1    0.02644    0.03122  18.1%  24.4 9715s
 28577126 1776717    0.02757  135    4    0.02644    0.03122  18.1%  24.3 9720s
 28594921 1782468    0.02700  100    2    0.02644    0.03122  18.1%  24.3 9725s
 28614334 1788457    0.02747  109   10    0.02644    0.03122  18.1%  24.3 9730s
 28634916 1795230    0.02771  101   15    0.02644    0.03122  18.1%  24.3 9735s
 28649814 1800699    0.02764  104   16    0.02644    0.03122  18.1%  24.3 9740s
 28670364 1806949 infeasible  102         0.02644    0.03122  18.1%  24.3 9745s
 28690480 1813064    0.02695  110    1    0.02644    0.03122  18.1%  24.3 9750s
 28710842 1819819    0.02766  105   11    0.02644    0.03122  18.1%  24.3 9755s
 28730591 1826652    0.02757  131    6    0.02644    0.03122  18.1%  24.3 9760s
 28751307 1832827    0.02742  102    7    0.02644    0.03122  18.1%  24.2 9765s
 28771271 1839295    0.02736  104    9    0.02644    0.03122  18.1%  24.2 9770s
 28791901 1846252    0.02698  111    4    0.02644    0.03122  18.1%  24.2 9775s
 28812236 1852331    0.02657  104    4    0.02644    0.03122  18.1%  24.2 9780s
 28831004 1858804    0.02746  102    5    0.02644    0.03122  18.1%  24.2 9785s
 28848215 1864574 infeasible  102         0.02644    0.03122  18.1%  24.2 9790s
 28867844 1870574    0.02751  106    9    0.02644    0.03122  18.1%  24.2 9795s
 28887542 1876531    0.02776   99   16    0.02644    0.03122  18.1%  24.2 9800s
 28907869 1884870    0.02756  107    7    0.02644    0.03122  18.1%  24.2 9805s
 28927467 1890945    0.02780   98   16    0.02644    0.03122  18.1%  24.2 9810s
 28947747 1897318     cutoff  101         0.02644    0.03122  18.1%  24.1 9815s
 28968313 1905156    0.02759  115   12    0.02644    0.03122  18.1%  24.1 9820s
 28987392 1911848    0.02744  113    2    0.02644    0.03122  18.1%  24.1 9825s
 29005656 1918185    0.02698  113    2    0.02644    0.03122  18.1%  24.1 9830s
 29021975 1923113 infeasible  111         0.02644    0.03122  18.1%  24.1 9835s
 29042181 1929548    0.02757  122   11    0.02644    0.03122  18.1%  24.1 9840s
 29058135 1935136    0.02766  103   11    0.02644    0.03122  18.1%  24.1 9845s
 29077955 1941794    0.02694  106    4    0.02644    0.03122  18.1%  24.1 9850s
 29097192 1948112     cutoff  111         0.02644    0.03122  18.1%  24.1 9855s
 29116963 1955346 infeasible   96         0.02644    0.03122  18.1%  24.0 9860s
 29136649 1961457    0.02732  102    9    0.02644    0.03122  18.1%  24.0 9865s
 29155721 1968033    0.02761  108   16    0.02644    0.03122  18.1%  24.0 9870s
 29174809 1974964    0.02772  100   15    0.02644    0.03121  18.1%  24.0 9875s
 29194801 1980611    0.02776   97   16    0.02644    0.03121  18.1%  24.0 9880s
 29214435 1987013    0.02706  103    2    0.02644    0.03121  18.1%  24.0 9885s
 29234856 1993346     cutoff   95         0.02644    0.03121  18.1%  24.0 9890s
 29254422 1999135    0.02697  106    1    0.02644    0.03121  18.1%  24.0 9895s
 29269339 2003796    0.02758  111   16    0.02644    0.03121  18.1%  24.0 9900s
 29289490 2009517    0.02694  102    4    0.02644    0.03121  18.1%  24.0 9905s
 29309396 2016462    0.02748  116    2    0.02644    0.03121  18.1%  23.9 9910s
 29325237 2021417 infeasible  107         0.02644    0.03121  18.1%  23.9 9915s
 29344668 2028160    0.02747  117    4    0.02644    0.03121  18.1%  23.9 9920s
 29363680 2034012    0.02751  114    6    0.02644    0.03121  18.1%  23.9 9925s
 29383734 2040627 infeasible  117         0.02644    0.03121  18.1%  23.9 9930s
 29403861 2047288 infeasible  107         0.02644    0.03121  18.1%  23.9 9935s
 29422006 2053338    0.02715  101    5    0.02644    0.03121  18.1%  23.9 9940s
 29441749 2060516    0.02739  117    2    0.02644    0.03121  18.1%  23.9 9945s
 29461655 2067337    0.02655   93    7    0.02644    0.03121  18.1%  23.9 9950s
 29481724 2073565    0.02752  112   11    0.02644    0.03121  18.1%  23.9 9955s
 29501489 2080476    0.02738  101    9    0.02644    0.03121  18.1%  23.8 9960s
 29521256 2086979    0.02772   97   15    0.02644    0.03121  18.1%  23.8 9965s
 29540021 2092311    0.02759  106   16    0.02644    0.03121  18.1%  23.8 9970s
 29559004 2097821 infeasible  100         0.02644    0.03121  18.1%  23.8 9975s
 29578221 2103769    0.02775   96   15    0.02644    0.03121  18.1%  23.8 9980s
 29594700 2108925    0.03121  105    8    0.02644    0.03121  18.1%  23.8 9985s
 29610840 2114229    0.02749  128    4    0.02644    0.03121  18.1%  23.8 9990s
 29630857 2121428    0.02655  104    1    0.02644    0.03121  18.1%  23.8 9995s
 29650778 2127238    0.02759  110   12    0.02644    0.03121  18.1%  23.8 10000s
 29670625 2133041 infeasible  109         0.02644    0.03121  18.1%  23.8 10005s
 29690232 2138379 infeasible  110         0.02644    0.03121  18.1%  23.7 10010s
 29709219 2143807    0.02694  106    5    0.02644    0.03121  18.1%  23.7 10015s
 29728748 2150076    0.02757  114   16    0.02644    0.03121  18.1%  23.7 10020s
 29748900 2155596 infeasible  113         0.02644    0.03121  18.1%  23.7 10025s
 29768691 2161437    0.02741   99   11    0.02644    0.03121  18.1%  23.7 10030s
 29788658 2166475    0.02722  100   12    0.02644    0.03121  18.1%  23.7 10035s
 29808584 2172627    0.02750  125    6    0.02644    0.03121  18.1%  23.7 10040s
 29828245 2177909 infeasible  105         0.02644    0.03121  18.1%  23.7 10045s
 29847798 2182896    0.02701  111    1    0.02644    0.03121  18.1%  23.7 10050s
 29862819 2187019    0.02694  106    4    0.02644    0.03121  18.1%  23.7 10055s
 29882030 2192680    0.02698  103    3    0.02644    0.03121  18.1%  23.6 10060s
 29900512 2197845    0.02746  113   12    0.02644    0.03121  18.1%  23.6 10065s
 29919206 2202530     cutoff  102         0.02644    0.03121  18.1%  23.6 10070s
 29937456 2206908    0.02753  101   17    0.02644    0.03121  18.1%  23.6 10075s
 29956272 2211256    0.02743  104   11    0.02644    0.03121  18.1%  23.6 10080s
 29974509 2214947    0.02748  121    5    0.02644    0.03121  18.1%  23.6 10085s
 29993366 2220032     cutoff  103         0.02644    0.03121  18.1%  23.6 10090s
 30011093 2224452 infeasible  111         0.02644    0.03121  18.1%  23.6 10095s
 30018027 2226041    0.02736  109    3    0.02644    0.03121  18.1%  23.6 10100s
 30023488 2227377    0.02737  100    9    0.02644    0.03121  18.1%  23.6 10105s
 30040018 2231607 infeasible  109         0.02644    0.03121  18.1%  23.6 10110s
 30054524 2235408    0.02715   99    7    0.02644    0.03121  18.1%  23.6 10115s
 30072035 2239299    0.02696   99    1    0.02644    0.03121  18.1%  23.6 10120s
 30086463 2243045 infeasible   99         0.02644    0.03121  18.0%  23.5 10125s
 30104063 2247168    0.02676   46   47    0.02644    0.03121  18.0%  23.5 10130s
 30118210 2250519    0.02750  123    2    0.02644    0.03121  18.0%  23.5 10135s
 30133135 2253791    0.02700  103    1    0.02644    0.03121  18.0%  23.5 10140s
 30147611 2257145     cutoff  116         0.02644    0.03121  18.0%  23.5 10145s
 30162207 2259766    0.02696  104    4    0.02644    0.03121  18.0%  23.5 10150s
 30179564 2263686    0.02696   99    2    0.02644    0.03121  18.0%  23.5 10155s
 30195675 2267611    0.02746  109   11    0.02644    0.03121  18.0%  23.5 10160s
 30208936 2270839    0.02751  104   11    0.02644    0.03121  18.0%  23.5 10165s
 30222056 2273483     cutoff   94         0.02644    0.03121  18.0%  23.5 10170s
 30229796 2275037     cutoff   87         0.02644    0.03121  18.0%  23.5 10175s
 30243094 2277961    0.02746  111   11    0.02644    0.03121  18.0%  23.5 10180s
 30256943 2280726 infeasible  100         0.02644    0.03120  18.0%  23.5 10185s
 30262146 2281788     cutoff   41         0.02644    0.03120  18.0%  23.5 10190s
 30271891 2283467    0.02769   93   11    0.02644    0.03120  18.0%  23.5 10195s
 30283899 2285311    0.02755   85   14    0.02644    0.03120  18.0%  23.5 10200s
 30294164 2287259 infeasible   99         0.02644    0.03120  18.0%  23.5 10205s
 30305252 2289425    0.02681   58   38    0.02644    0.03120  18.0%  23.5 10210s
 30315253 2291134    0.02741   84    9    0.02644    0.03120  18.0%  23.4 10215s
 30321251 2292099    0.02704  105    1    0.02644    0.03120  18.0%  23.4 10220s
 30323324 2292297     cutoff   43         0.02644    0.03120  18.0%  23.4 10226s
 30325113 2292451    0.02763   44   52    0.02644    0.03120  18.0%  23.4 10230s
 30326288 2292470    0.02685   44   57    0.02644    0.03120  18.0%  23.4 10235s
 30332468 2293325    0.02763  100   15    0.02644    0.03120  18.0%  23.4 10240s
 30339599 2294044    0.02772   92   15    0.02644    0.03119  18.0%  23.4 10245s
 30348628 2294981 infeasible  106         0.02644    0.03119  18.0%  23.4 10250s
 30356812 2295968     cutoff  113         0.02644    0.03119  18.0%  23.4 10255s
 30364416 2297081    0.02695  116    1    0.02644    0.03119  18.0%  23.4 10260s
 30372159 2298102     cutoff   48         0.02644    0.03119  18.0%  23.4 10265s
 30380303 2299219    0.03118   85   22    0.02644    0.03119  18.0%  23.4 10270s
 30388151 2300060     cutoff   96         0.02644    0.03119  18.0%  23.4 10275s
 30396810 2300948     cutoff   43         0.02644    0.03119  18.0%  23.4 10280s
 30406022 2302394    0.02766  103   11    0.02644    0.03118  17.9%  23.4 10285s
 30419031 2304895    0.02804   37   53    0.02644    0.03118  17.9%  23.4 10290s
 30431256 2307329    0.02727  126    1    0.02644    0.03118  17.9%  23.4 10295s
 30444710 2309727    0.02751  106   15    0.02644    0.03118  17.9%  23.4 10300s
 30456251 2311224    0.02805   35   52    0.02644    0.03118  17.9%  23.4 10305s
 30467989 2313146    0.03118   89   12    0.02644    0.03118  17.9%  23.4 10310s
 30476882 2314698    0.02705  111    1    0.02644    0.03118  17.9%  23.4 10315s
 30483952 2315490     cutoff   39         0.02644    0.03118  17.9%  23.4 10320s
 30495406 2317693     cutoff   48         0.02644    0.03118  17.9%  23.4 10325s
 30502005 2318040    0.02727   39   51    0.02644    0.03117  17.9%  23.4 10330s
 30507807 2318477    0.02737   47   56    0.02644    0.03117  17.9%  23.4 10335s
 30512513 2318636    0.02878   49   37    0.02644    0.03117  17.9%  23.4 10340s
 30515478 2318512     cutoff   41         0.02644    0.03117  17.9%  23.4 10345s
 30521649 2318626    0.03080   42   50    0.02644    0.03117  17.9%  23.4 10350s
 30527617 2318818    0.02807   58   50    0.02644    0.03117  17.9%  23.4 10355s
 30531121 2318687    0.02832   52   51    0.02644    0.03117  17.9%  23.4 10360s
 30536855 2319037     cutoff   46         0.02644    0.03117  17.9%  23.4 10365s
 30544026 2319290     cutoff   38         0.02644    0.03116  17.9%  23.4 10370s
 30549871 2319635     cutoff   45         0.02644    0.03116  17.9%  23.4 10375s
 30556612 2319749    0.02651   50   52    0.02644    0.03116  17.9%  23.4 10380s
 30561471 2319512    0.02787   40   55    0.02644    0.03116  17.9%  23.4 10385s
 30566464 2319535     cutoff   48         0.02644    0.03116  17.8%  23.4 10390s
 30570525 2319476    0.02685   79   15    0.02644    0.03116  17.8%  23.4 10396s
 30572564 2319577    0.02927   40   56    0.02644    0.03116  17.8%  23.4 10400s
 30578193 2319570     cutoff   46         0.02644    0.03115  17.8%  23.4 10405s
 30583649 2319435 infeasible   38         0.02644    0.03115  17.8%  23.4 10410s
 30590182 2319637    0.03115   95   10    0.02644    0.03115  17.8%  23.4 10415s
 30596854 2319547     cutoff   44         0.02644    0.03115  17.8%  23.4 10420s
 30603329 2319275    0.02737   41   50    0.02644    0.03115  17.8%  23.4 10425s
 30609838 2319278     cutoff   38         0.02644    0.03115  17.8%  23.4 10430s
 30616360 2320407    0.02691  106    2    0.02644    0.03114  17.8%  23.4 10435s
 30623410 2321265     cutoff   40         0.02644    0.03114  17.8%  23.4 10440s
 30629731 2322028     cutoff   38         0.02644    0.03114  17.8%  23.4 10445s
 30635756 2322395     cutoff   44         0.02644    0.03114  17.8%  23.4 10450s
 30641367 2323138    0.02822   45   50    0.02644    0.03114  17.8%  23.4 10455s
 30648659 2323523 infeasible   91         0.02644    0.03114  17.8%  23.4 10460s
 30655394 2324094    0.02884   40   47    0.02644    0.03114  17.8%  23.4 10465s
 30661098 2324697 infeasible  107         0.02644    0.03113  17.8%  23.4 10470s
 30665333 2324667    0.02860   34   61    0.02644    0.03113  17.8%  23.4 10475s
 30670491 2324597     cutoff   42         0.02644    0.03113  17.8%  23.3 10481s
 30671479 2324602    0.03006   51   57    0.02644    0.03113  17.8%  23.3 10485s
 30674367 2324676    0.03004   37   52    0.02644    0.03113  17.7%  23.3 10490s
 30680224 2324677    0.02894   37   51    0.02644    0.03113  17.7%  23.3 10495s
 30684577 2325035 infeasible   98         0.02644    0.03113  17.7%  23.3 10500s
 30699414 2325030     cutoff   51         0.02644    0.03112  17.7%  23.3 10505s
 30715228 2325479    0.03022   43   58    0.02644    0.03112  17.7%  23.3 10510s
 30729821 2326430     cutoff   54         0.02644    0.03112  17.7%  23.3 10515s
 30744812 2327055    0.02735   56   48    0.02644    0.03111  17.7%  23.3 10520s
 30759024 2327570    0.02818   45   57    0.02644    0.03111  17.7%  23.3 10525s
 30773833 2329294    0.02657   93   11    0.02644    0.03111  17.7%  23.3 10530s
 30788484 2330829    0.02721   92    3    0.02644    0.03110  17.6%  23.3 10535s
 30804511 2331748    0.02663   40   50    0.02644    0.03110  17.6%  23.3 10540s
 30821355 2331375     cutoff   43         0.02644    0.03109  17.6%  23.3 10545s
 30837691 2332529    0.02714   89    1    0.02644    0.03109  17.6%  23.3 10550s
 30852459 2333254    0.02666   45   50    0.02644    0.03109  17.6%  23.3 10555s
 30868085 2334168 infeasible   44         0.02644    0.03108  17.6%  23.3 10560s
 30882866 2333721    0.03104   37   56    0.02644    0.03108  17.5%  23.3 10565s
 30893838 2333686     cutoff   41         0.02644    0.03108  17.5%  23.3 10570s
 30909413 2335542 infeasible  114         0.02644    0.03107  17.5%  23.3 10575s
 30924521 2338438    0.03079   39   58    0.02644    0.03107  17.5%  23.3 10580s
 30938701 2341656    0.02749   40   52    0.02644    0.03107  17.5%  23.3 10585s
 30953657 2343564    0.02650   60   27    0.02644    0.03107  17.5%  23.3 10590s
 30968574 2344859 infeasible  105         0.02644    0.03107  17.5%  23.3 10595s
 30981375 2345836    0.02753   97    7    0.02644    0.03106  17.5%  23.3 10600s
 30997171 2347388    0.02714  108    1    0.02644    0.03106  17.5%  23.3 10605s
 31011343 2348800 infeasible  104         0.02644    0.03106  17.5%  23.3 10610s
 31026645 2349718    0.02846   48   53    0.02644    0.03106  17.5%  23.3 10615s
 31041024 2350221     cutoff   41         0.02644    0.03105  17.5%  23.3 10620s
 31057228 2349762     cutoff   47         0.02644    0.03105  17.4%  23.3 10625s
 31072093 2349520     cutoff   46         0.02644    0.03104  17.4%  23.3 10630s
 31087327 2349116    0.02915   40   60    0.02644    0.03104  17.4%  23.3 10635s
 31101816 2348659    0.02656   37   56    0.02644    0.03103  17.4%  23.3 10640s
 31113293 2348254 infeasible   53         0.02644    0.03103  17.4%  23.3 10645s
 31129065 2347703    0.02829   43   53    0.02644    0.03103  17.3%  23.3 10650s
 31144402 2347488 infeasible   42         0.02644    0.03102  17.3%  23.3 10655s
 31159804 2346963    0.02859   45   53    0.02644    0.03102  17.3%  23.2 10660s
 31174180 2346310    0.02728   41   56    0.02644    0.03101  17.3%  23.2 10665s
 31187600 2347475    0.03028   39   51    0.02644    0.03101  17.3%  23.2 10670s
 31204322 2347808     cutoff   51         0.02644    0.03100  17.3%  23.2 10675s
 31220178 2347228     cutoff   39         0.02644    0.03100  17.2%  23.2 10680s
 31238121 2347315    0.02856   42   53    0.02644    0.03099  17.2%  23.2 10685s
 31254275 2346681     cutoff   46         0.02644    0.03099  17.2%  23.2 10690s
 31271342 2346613    0.03044   49   51    0.02644    0.03098  17.2%  23.2 10695s
 31287534 2346289     cutoff   51         0.02644    0.03098  17.2%  23.2 10700s
 31304584 2346757     cutoff   43         0.02644    0.03097  17.2%  23.2 10705s
 31319096 2347271 infeasible  124         0.02644    0.03097  17.1%  23.2 10710s
 31333029 2347256     cutoff   44         0.02644    0.03097  17.1%  23.2 10715s
 31346147 2347599    0.02691   56   35    0.02644    0.03096  17.1%  23.2 10720s
 31363422 2349974    0.02767   40   55    0.02644    0.03096  17.1%  23.2 10725s
 31381379 2355584    0.02785   85   16    0.02644    0.03096  17.1%  23.2 10730s
 31399823 2360826     cutoff   47         0.02644    0.03095  17.1%  23.2 10735s
 31416572 2364844    0.03091   36   55    0.02644    0.03095  17.1%  23.2 10740s
 31434945 2367941    0.02985   46   57    0.02644    0.03095  17.1%  23.2 10745s
 31455097 2376071    0.02774  100   12    0.02644    0.03095  17.1%  23.2 10750s
 31471997 2382109     cutoff   39         0.02644    0.03095  17.1%  23.2 10755s
 31491978 2390072    0.02658  100    7    0.02644    0.03095  17.1%  23.2 10760s
 31509541 2396728    0.02802   42   52    0.02644    0.03095  17.1%  23.2 10765s
 31521823 2401238     cutoff   46         0.02644    0.03095  17.1%  23.1 10770s
 31539448 2410384     cutoff  138         0.02644    0.03095  17.0%  23.1 10775s
 31562311 2422554     cutoff  128         0.02644    0.03095  17.0%  23.1 10780s
 31582022 2433778     cutoff  126         0.02644    0.03095  17.0%  23.1 10785s
 31604952 2445493    0.02866   44   60    0.02644    0.03095  17.0%  23.1 10790s
 31628968 2457690    0.02697  118   15    0.02644    0.03095  17.0%  23.1 10795s
 31653342 2469705    0.02683  108   14    0.02644    0.03095  17.0%  23.1 10800s
 31676877 2480929 infeasible  103         0.02644    0.03095  17.0%  23.0 10805s
 31698749 2491467    0.02668  115   12    0.02644    0.03095  17.0%  23.0 10810s
 31719592 2501684     cutoff  103         0.02644    0.03095  17.0%  23.0 10815s
 31742502 2512335     cutoff  116         0.02644    0.03095  17.0%  23.0 10820s
 31764716 2523180    0.03095  103   10    0.02644    0.03095  17.0%  23.0 10825s
 31786504 2533149     cutoff  134         0.02644    0.03095  17.0%  23.0 10830s
 31806452 2542882    0.02688   97   27    0.02644    0.03094  17.0%  23.0 10835s
 31824387 2550822 infeasible  106         0.02644    0.03094  17.0%  23.0 10840s
 31841415 2557700    0.03094  105    8    0.02644    0.03094  17.0%  22.9 10845s
 31856904 2564412     cutoff   48         0.02644    0.03094  17.0%  22.9 10850s
 31869087 2569349     cutoff  123         0.02644    0.03094  17.0%  22.9 10855s
 31887340 2577105    0.02667  110   19    0.02644    0.03094  17.0%  22.9 10860s
 31901744 2582734     cutoff  126         0.02644    0.03094  17.0%  22.9 10865s
 31914022 2587513    0.02819   34   57    0.02644    0.03094  17.0%  22.9 10870s
 31927604 2592793    0.02840   97   17    0.02644    0.03094  17.0%  22.9 10875s
 31944140 2600295    0.02660  127    1    0.02644    0.03094  17.0%  22.9 10880s
 31960795 2607397    0.02651  118    4    0.02644    0.03094  17.0%  22.9 10885s
 31976109 2614002    0.02656  114   14    0.02644    0.03094  17.0%  22.9 10890s
 31989491 2619452    0.03094   91   12    0.02644    0.03094  17.0%  22.9 10895s
 31992168 2620544    0.02651  116    4    0.02644    0.03094  17.0%  22.9 10900s
 32008538 2627030    0.03094   93    8    0.02644    0.03094  17.0%  22.9 10905s
 32021940 2632438    0.02654  103   16    0.02644    0.03094  17.0%  22.9 10910s
 32032187 2636297    0.02671  102   23    0.02644    0.03093  17.0%  22.8 10915s
 32043670 2640250    0.02759   46   51    0.02644    0.03093  17.0%  22.8 10920s
 32046983 2641531    0.02829   53   44    0.02644    0.03093  17.0%  22.8 10925s
 32062105 2647253    0.02664  101   23    0.02644    0.03093  17.0%  22.8 10930s
 32074882 2647510     cutoff   45         0.02644    0.03093  17.0%  22.8 10935s
 32090388 2647260    0.03092   39   53    0.02644    0.03093  17.0%  22.8 10940s
 32106146 2646519     cutoff   39         0.02644    0.03092  17.0%  22.8 10945s
 32121827 2645974     cutoff   48         0.02644    0.03092  16.9%  22.8 10950s
 32138457 2645531    0.02770   40   53    0.02644    0.03091  16.9%  22.8 10955s
 32155023 2646363    0.02828   45   52    0.02644    0.03091  16.9%  22.8 10960s
 32172785 2646801    0.03073   37   57    0.02644    0.03090  16.9%  22.8 10965s
 32190019 2649065    0.02987   41   60    0.02644    0.03090  16.9%  22.8 10970s
 32205967 2651964    0.02950   37   58    0.02644    0.03090  16.9%  22.8 10975s
 32220828 2651850    0.02949   47   57    0.02644    0.03089  16.8%  22.8 10980s
 32235812 2651878    0.02809   37   51    0.02644    0.03089  16.8%  22.8 10985s
 32250416 2651124     cutoff   46         0.02644    0.03088  16.8%  22.8 10990s
 32266946 2650466     cutoff   47         0.02644    0.03088  16.8%  22.8 10995s
 32281785 2649862     cutoff   37         0.02644    0.03087  16.8%  22.8 11000s
 32296015 2651210    0.02679  105    2    0.02644    0.03087  16.8%  22.8 11005s
 32311493 2652811    0.03048   38   59    0.02644    0.03087  16.8%  22.8 11010s
 32327238 2654441     cutoff   91         0.02644    0.03086  16.7%  22.8 11015s
 32341242 2655323     cutoff   41         0.02644    0.03086  16.7%  22.8 11020s
 32358083 2656767 infeasible   51         0.02644    0.03086  16.7%  22.8 11025s
 32375538 2657904    0.02693   94   11    0.02644    0.03085  16.7%  22.8 11030s
 32391168 2659542    0.02796   45   59    0.02644    0.03085  16.7%  22.8 11035s
 32407579 2660328     cutoff   42         0.02644    0.03085  16.7%  22.8 11040s
 32423754 2662028    0.02682  103    3    0.02644    0.03084  16.7%  22.8 11045s
 32440205 2662227     cutoff   37         0.02644    0.03084  16.6%  22.8 11051s
 32455365 2661668    0.02932   42   52    0.02644    0.03083  16.6%  22.8 11055s
 32472788 2661791 infeasible   41         0.02644    0.03083  16.6%  22.8 11060s
 32489844 2664377    0.02665   42   54    0.02644    0.03082  16.6%  22.8 11065s
 32504888 2665540     cutoff   48         0.02644    0.03082  16.6%  22.8 11070s
 32517747 2666002    0.02767   93   25    0.02644    0.03082  16.6%  22.8 11075s
 32533994 2666717    0.02981   37   55    0.02644    0.03081  16.5%  22.7 11080s
 32548297 2667497     cutoff   44         0.02644    0.03081  16.5%  22.7 11085s
 32565281 2670442    0.02967   55   58    0.02644    0.03081  16.5%  22.7 11090s
 32578917 2671795     cutoff   36         0.02644    0.03080  16.5%  22.7 11095s
 32596087 2673168    0.02841   37   60    0.02644    0.03080  16.5%  22.7 11100s
 32610888 2672717    0.02680   56   52    0.02644    0.03080  16.5%  22.7 11105s
 32626224 2673011     cutoff   42         0.02644    0.03079  16.5%  22.7 11110s
 32642078 2672884    0.02772  100   16    0.02644    0.03079  16.4%  22.7 11115s
 32656959 2672511    0.02890   43   58    0.02644    0.03078  16.4%  22.7 11120s
 32672301 2672403     cutoff   46         0.02644    0.03078  16.4%  22.7 11125s
 32688920 2672748     cutoff   42         0.02644    0.03078  16.4%  22.7 11130s
 32704595 2671973     cutoff   43         0.02644    0.03077  16.4%  22.7 11135s
 32721246 2671504     cutoff   50         0.02644    0.03077  16.4%  22.7 11140s
 32737746 2671041 infeasible   42         0.02644    0.03076  16.3%  22.7 11145s
 32754723 2670696     cutoff   58         0.02644    0.03076  16.3%  22.7 11150s
 32771724 2671055    0.03003   35   58    0.02644    0.03075  16.3%  22.7 11155s
 32782063 2670970     cutoff   44         0.02644    0.03075  16.3%  22.7 11160s
 32798424 2670720     cutoff   38         0.02644    0.03074  16.3%  22.7 11165s
 32815511 2670041     cutoff   54         0.02644    0.03074  16.3%  22.7 11170s
 32832947 2669133    0.02725   42   61    0.02644    0.03073  16.2%  22.7 11175s
 32845625 2668594    0.02823   50   54    0.02644    0.03073  16.2%  22.7 11180s
 32861678 2667765    0.02917   40   57    0.02644    0.03072  16.2%  22.7 11185s
 32878234 2667349    0.03055   36   54    0.02644    0.03072  16.2%  22.7 11190s
 32894660 2666516    0.02786   42   56    0.02644    0.03071  16.2%  22.7 11195s
 32911596 2666001    0.03063   27   53    0.02644    0.03071  16.2%  22.7 11200s
 32928589 2666027 infeasible   49         0.02644    0.03070  16.1%  22.7 11205s
 32945167 2666105     cutoff   38         0.02644    0.03070  16.1%  22.7 11210s
 32962300 2665234     cutoff   40         0.02644    0.03069  16.1%  22.7 11215s
 32977998 2664432    0.02969   31   51    0.02644    0.03069  16.1%  22.7 11220s
 32994758 2663635     cutoff   37         0.02644    0.03068  16.1%  22.7 11225s
 33011766 2663072    0.02672  104    3    0.02644    0.03068  16.0%  22.7 11230s
 33028705 2662363    0.02851   42   56    0.02644    0.03067  16.0%  22.7 11235s
 33046039 2661380    0.02876   42   60    0.02644    0.03067  16.0%  22.7 11240s
 33063011 2660633    0.03039   39   59    0.02644    0.03066  16.0%  22.7 11245s
 33073739 2660160    0.02754   39   56    0.02644    0.03066  16.0%  22.7 11250s
 33091154 2659634    0.02972   41   57    0.02644    0.03065  15.9%  22.7 11255s
 33108273 2659559     cutoff   41         0.02644    0.03065  15.9%  22.7 11260s
 33124893 2658827     cutoff   41         0.02644    0.03064  15.9%  22.7 11265s
 33141883 2658138    0.02798   50   57    0.02644    0.03064  15.9%  22.7 11270s
 33159235 2657548     cutoff   45         0.02644    0.03063  15.9%  22.7 11275s
 33175826 2656866    0.02762   50   56    0.02644    0.03063  15.8%  22.7 11280s
 33192848 2656082     cutoff   49         0.02644    0.03062  15.8%  22.7 11285s
 33209361 2655470    0.02967   39   45    0.02644    0.03062  15.8%  22.7 11290s
 33226605 2654534     cutoff   46         0.02644    0.03061  15.8%  22.7 11295s
 33242315 2654035     cutoff   52         0.02644    0.03061  15.8%  22.7 11300s
 33258245 2653549    0.02678   42   58    0.02644    0.03060  15.7%  22.7 11305s
 33275382 2652729     cutoff   44         0.02644    0.03060  15.7%  22.7 11310s
 33292463 2651948    0.02769   43   61    0.02644    0.03059  15.7%  22.7 11315s
 33308738 2651861     cutoff   46         0.02644    0.03059  15.7%  22.7 11320s
 33321550 2651378    0.02819   80   40    0.02644    0.03058  15.7%  22.7 11325s
 33338589 2651456     cutoff   44         0.02644    0.03058  15.7%  22.6 11330s
 33351781 2651857     cutoff   49         0.02644    0.03057  15.6%  22.6 11335s
 33369181 2653429     cutoff  115         0.02644    0.03057  15.6%  22.6 11340s
 33384476 2654811     cutoff   46         0.02644    0.03057  15.6%  22.6 11345s
 33398383 2655809    0.02804   56   30    0.02644    0.03056  15.6%  22.6 11350s
 33416880 2658235    0.02740   42   52    0.02644    0.03056  15.6%  22.6 11355s
 33432936 2659418    0.02694   49   56    0.02644    0.03056  15.6%  22.6 11360s
 33448726 2660405    0.02805   45   57    0.02644    0.03055  15.6%  22.6 11365s
 33464873 2659909    0.03013   41   56    0.02644    0.03055  15.6%  22.6 11370s
 33481666 2659139    0.02908   44   55    0.02644    0.03054  15.5%  22.6 11375s
 33499139 2658388    0.02955   39   57    0.02644    0.03054  15.5%  22.6 11380s
 33516550 2657227 infeasible   46         0.02644    0.03053  15.5%  22.6 11385s
 33532845 2656768    0.02695  109    1    0.02644    0.03053  15.5%  22.6 11390s
 33549604 2656311     cutoff   42         0.02644    0.03052  15.4%  22.6 11395s
 33566361 2655583     cutoff   47         0.02644    0.03052  15.4%  22.6 11400s
 33583805 2655114     cutoff   53         0.02644    0.03051  15.4%  22.6 11405s
 33600542 2654379    0.02678   49   55    0.02644    0.03051  15.4%  22.6 11410s
 33612901 2653836    0.02679   41   55    0.02644    0.03050  15.4%  22.6 11415s
 33629534 2653248     cutoff   42         0.02644    0.03050  15.4%  22.6 11420s
 33645739 2653156     cutoff   47         0.02644    0.03049  15.3%  22.6 11425s
 33661897 2652081     cutoff   41         0.02644    0.03049  15.3%  22.6 11430s
 33678715 2651190    0.02644   36   54    0.02644    0.03048  15.3%  22.6 11435s
 33695023 2650301     cutoff   43         0.02644    0.03048  15.3%  22.6 11440s
 33712286 2649547    0.02785   52   55    0.02644    0.03047  15.3%  22.6 11445s
 33730233 2648571     cutoff   49         0.02644    0.03047  15.2%  22.6 11450s
 33745569 2647832     cutoff   44         0.02644    0.03046  15.2%  22.6 11455s
 33761258 2646864    0.02807   45   61    0.02644    0.03046  15.2%  22.6 11460s
 33777544 2646316    0.02892   46   54    0.02644    0.03045  15.2%  22.6 11465s
 33793975 2645789    0.02664   73   33    0.02644    0.03045  15.2%  22.6 11470s
 33811195 2644736    0.02775   41   52    0.02644    0.03044  15.1%  22.6 11475s
 33828367 2644095    0.02902   51   50    0.02644    0.03043  15.1%  22.6 11480s
 33839143 2643585    0.02660   47   55    0.02644    0.03043  15.1%  22.6 11485s
 33852862 2643321    0.02684   53   38    0.02644    0.03043  15.1%  22.6 11490s
 33871377 2642253    0.03024   42   56    0.02644    0.03042  15.1%  22.6 11495s
 33888942 2641307    0.02807   41   58    0.02644    0.03042  15.0%  22.6 11500s
 33906172 2640257    0.02955   49   56    0.02644    0.03041  15.0%  22.6 11505s
 33923556 2639230    0.02945   53   41    0.02644    0.03040  15.0%  22.6 11510s
 33940966 2638288     cutoff   52         0.02644    0.03040  15.0%  22.6 11515s
 33957610 2637232    0.02736   39   51    0.02644    0.03039  15.0%  22.6 11520s
 33974894 2636250    0.02884   42   57    0.02644    0.03039  14.9%  22.6 11525s
 33990740 2635441    0.02966   41   53    0.02644    0.03038  14.9%  22.6 11530s
 34007304 2634366    0.03008   40   54    0.02644    0.03038  14.9%  22.6 11535s
 34024020 2633225     cutoff   46         0.02644    0.03037  14.9%  22.6 11540s
 34038336 2632484     cutoff   55         0.02644    0.03037  14.9%  22.6 11545s
 34051892 2631532     cutoff   53         0.02644    0.03036  14.8%  22.6 11550s
 34069177 2630753     cutoff   40         0.02644    0.03036  14.8%  22.6 11555s
 34085979 2629620    0.02848   44   55    0.02644    0.03035  14.8%  22.6 11560s
 34100546 2628895     cutoff   58         0.02644    0.03035  14.8%  22.6 11565s
 34117627 2628056    0.02862   44   53    0.02644    0.03034  14.8%  22.5 11570s
 34129308 2627277    0.03033   37   59    0.02644    0.03034  14.7%  22.5 11575s
 34145305 2626215    0.02804   45   44    0.02644    0.03033  14.7%  22.5 11580s
 34161262 2625559     cutoff   39         0.02644    0.03033  14.7%  22.5 11585s
 34177199 2624457     cutoff   38         0.02644    0.03032  14.7%  22.5 11590s
 34192664 2623692    0.02993   45   51    0.02644    0.03032  14.7%  22.5 11595s
 34208370 2622946     cutoff   49         0.02644    0.03031  14.7%  22.5 11600s
 34225572 2621863     cutoff   42         0.02644    0.03031  14.6%  22.5 11605s
 34241921 2620839    0.02832   53   53    0.02644    0.03030  14.6%  22.5 11610s
 34259296 2619744     cutoff   46         0.02644    0.03030  14.6%  22.5 11615s
 34276513 2618805    0.02680   67   22    0.02644    0.03029  14.6%  22.5 11620s
 34293567 2618343    0.02734   43   47    0.02644    0.03029  14.6%  22.5 11625s
 34310612 2617734    0.02878   43   52    0.02644    0.03028  14.5%  22.5 11630s
 34325991 2616998     cutoff   44         0.02644    0.03028  14.5%  22.5 11635s
 34344624 2616144    0.02672   55   51    0.02644    0.03027  14.5%  22.5 11640s
 34359838 2615442    0.02789   41   51    0.02644    0.03027  14.5%  22.5 11645s
 34373175 2615055     cutoff   45         0.02644    0.03026  14.5%  22.5 11650s
 34390330 2613967     cutoff   42         0.02644    0.03026  14.4%  22.5 11655s
 34401593 2613245     cutoff   54         0.02644    0.03025  14.4%  22.5 11660s
 34418683 2612683     cutoff   43         0.02644    0.03025  14.4%  22.5 11665s
 34435148 2611740     cutoff   43         0.02644    0.03024  14.4%  22.5 11670s
 34451732 2611240     cutoff   51         0.02644    0.03024  14.4%  22.5 11676s
 34466738 2610663    0.02873   45   53    0.02644    0.03023  14.3%  22.5 11680s
 34482617 2609796     cutoff   44         0.02644    0.03023  14.3%  22.5 11685s
 34500369 2608807     cutoff   43         0.02644    0.03022  14.3%  22.5 11690s
 34516727 2608025     cutoff   39         0.02644    0.03022  14.3%  22.5 11695s
 34533825 2608192     cutoff   44         0.02644    0.03021  14.3%  22.5 11700s
 34552352 2613509    0.02839   41   56    0.02644    0.03021  14.3%  22.5 11705s
 34572278 2622180    0.02790  100   19    0.02644    0.03021  14.3%  22.5 11710s
 34588996 2629331    0.02664  114    2    0.02644    0.03021  14.3%  22.5 11715s
 34609804 2638553    0.02796  100   18    0.02644    0.03021  14.3%  22.5 11720s
 34629617 2648101    0.02814   95   22    0.02644    0.03021  14.3%  22.5 11725s
 34649971 2657083    0.02661  111    2    0.02644    0.03021  14.3%  22.4 11730s
 34671500 2667505 infeasible  116         0.02644    0.03021  14.3%  22.4 11735s
 34687995 2675260    0.02664  112    2    0.02644    0.03021  14.3%  22.4 11740s
 34709874 2684722    0.03021   91    7    0.02644    0.03021  14.3%  22.4 11745s
 34730860 2693884    0.02664  111    3    0.02644    0.03021  14.3%  22.4 11750s
 34747429 2701462    0.02715  115   10    0.02644    0.03021  14.3%  22.4 11755s
 34768151 2710603    0.02710  120   13    0.02644    0.03021  14.2%  22.4 11760s
 34787144 2719257    0.02649   95   15    0.02644    0.03021  14.2%  22.4 11765s
 34808743 2729413    0.02717  106   17    0.02644    0.03021  14.2%  22.4 11770s
 34828798 2738821    0.03021   92    9    0.02644    0.03021  14.2%  22.4 11775s
 34847944 2747542    0.02688  114   12    0.02644    0.03021  14.2%  22.3 11780s
 34868872 2757127     cutoff  115         0.02644    0.03021  14.2%  22.3 11785s
 34889832 2765959    0.02722  104   17    0.02644    0.03021  14.2%  22.3 11790s
 34908476 2773996    0.02709  123    2    0.02644    0.03021  14.2%  22.3 11795s
 34929712 2784175    0.02703  103   18    0.02644    0.03021  14.2%  22.3 11800s
 34951023 2794712    0.02853   92   22    0.02644    0.03021  14.2%  22.3 11805s
 34971385 2803607    0.02701   95   26    0.02644    0.03021  14.2%  22.3 11810s
 34992589 2812967    0.02827   93   18    0.02644    0.03020  14.2%  22.3 11815s
 35008170 2820045     cutoff   93         0.02644    0.03020  14.2%  22.3 11820s
 35029873 2830977    0.02649  113    2    0.02644    0.03020  14.2%  22.3 11825s
 35051157 2839980     cutoff  115         0.02644    0.03020  14.2%  22.2 11830s
 35072275 2849037 infeasible  117         0.02644    0.03020  14.2%  22.2 11835s
 35092631 2858460    0.02710  116   17    0.02644    0.03020  14.2%  22.2 11840s
 35114288 2868470     cutoff  118         0.02644    0.03020  14.2%  22.2 11845s
 35133784 2877515    0.02796   99   18    0.02644    0.03020  14.2%  22.2 11850s
 35155192 2887222 infeasible  133         0.02644    0.03020  14.2%  22.2 11855s
 35175708 2896370 infeasible  118         0.02644    0.03020  14.2%  22.2 11860s
 35194375 2905172    0.02710  108   18    0.02644    0.03020  14.2%  22.2 11865s
 35216790 2915692    0.02710  131    1    0.02644    0.03020  14.2%  22.2 11870s
 35239131 2926114    0.02662  114    2    0.02644    0.03020  14.2%  22.2 11875s
 35260172 2935348     cutoff  115         0.02644    0.03020  14.2%  22.1 11880s
 35282370 2944850    0.02717  104   18    0.02644    0.03020  14.2%  22.1 11885s
 35303827 2954185     cutoff  117         0.02644    0.03020  14.2%  22.1 11890s
 35325478 2963936     cutoff  117         0.02644    0.03020  14.2%  22.1 11895s
 35346192 2973040     cutoff  115         0.02644    0.03020  14.2%  22.1 11900s
 35367393 2981961     cutoff  114         0.02644    0.03020  14.2%  22.1 11905s
 35384217 2988761    0.02662  107    8    0.02644    0.03020  14.2%  22.1 11910s
 35406534 2998340    0.02687  101    9    0.02644    0.03020  14.2%  22.1 11915s
 35426275 3006885    0.02694  102   18    0.02644    0.03020  14.2%  22.1 11920s
 35447550 3016262    0.02854   92   22    0.02644    0.03020  14.2%  22.1 11925s
 35469513 3025497    0.02719  100   23    0.02644    0.03020  14.2%  22.0 11930s
 35490862 3034399     cutoff  126         0.02644    0.03020  14.2%  22.0 11935s
 35513062 3044228    0.02658   99   15    0.02644    0.03020  14.2%  22.0 11940s
 35535370 3054026     cutoff  136         0.02644    0.03020  14.2%  22.0 11945s
 35556858 3063003    0.02665  116    1    0.02644    0.03020  14.2%  22.0 11950s
 35578807 3071522    0.02665  111    3    0.02644    0.03020  14.2%  22.0 11955s
 35600939 3080524     cutoff  118         0.02644    0.03020  14.2%  22.0 11960s
 35623443 3090282    0.02662  118    1    0.02644    0.03020  14.2%  22.0 11965s
 35644888 3099997 infeasible  125         0.02644    0.03020  14.2%  22.0 11970s
 35666786 3108722     cutoff   95         0.02644    0.03020  14.2%  21.9 11975s
 35688057 3116948    0.02662  115    1    0.02644    0.03020  14.2%  21.9 11980s
 35700596 3121923    0.02662  118    2    0.02644    0.03020  14.2%  21.9 11985s
 35721170 3129713     cutoff  115         0.02644    0.03020  14.2%  21.9 11990s
 35743950 3138797    0.02713  114   20    0.02644    0.03020  14.2%  21.9 11995s
 35765833 3147751     cutoff  120         0.02644    0.03020  14.2%  21.9 12000s
 35787912 3156230 infeasible   93         0.02644    0.03020  14.2%  21.9 12005s
 35809558 3164819     cutoff   95         0.02644    0.03020  14.2%  21.9 12010s
 35831828 3173921    0.02854   94   21    0.02644    0.03020  14.2%  21.9 12015s
 35853074 3182488    0.02662  117    1    0.02644    0.03020  14.2%  21.9 12020s
 35874999 3191822     cutoff  128         0.02644    0.03020  14.2%  21.8 12025s
 35896913 3201355 infeasible   98         0.02644    0.03020  14.2%  21.8 12030s
 35918648 3210808    0.02665  111    5    0.02644    0.03020  14.2%  21.8 12035s
 35940309 3219481    0.02707   99   18    0.02644    0.03020  14.2%  21.8 12040s
 35961947 3228457     cutoff   47         0.02644    0.03020  14.2%  21.8 12045s
 35981994 3237147     cutoff  115         0.02644    0.03020  14.2%  21.8 12051s
 35985798 3238911     cutoff   97         0.02644    0.03020  14.2%  21.8 12055s
 36007777 3248265    0.02648  120    2    0.02644    0.03020  14.2%  21.8 12060s
 36028087 3257103    0.02673  116    5    0.02644    0.03020  14.2%  21.8 12065s
 36045569 3264300     cutoff  126         0.02644    0.03020  14.2%  21.8 12070s
 36067590 3273544     cutoff  113         0.02644    0.03020  14.2%  21.7 12075s
 36088937 3282629    0.02736   96   18    0.02644    0.03020  14.2%  21.7 12080s
 36111528 3292343    0.02715  100   23    0.02644    0.03020  14.2%  21.7 12085s
 36134074 3302393    0.02644  117    2    0.02644    0.03020  14.2%  21.7 12090s
 36156217 3312237    0.02688  109   14    0.02644    0.03020  14.2%  21.7 12095s
 36178121 3321139    0.02723  105   20    0.02644    0.03020  14.2%  21.7 12100s
 36200708 3331369    0.02720  126   10    0.02644    0.03020  14.2%  21.7 12105s
 36222717 3341142    0.02710  116   16    0.02644    0.03020  14.2%  21.7 12110s
 36245090 3350468    0.02708  119    2    0.02644    0.03020  14.2%  21.7 12115s
 36267035 3360176     cutoff  101         0.02644    0.03020  14.2%  21.7 12120s
 36287835 3369152    0.02662  112    5    0.02644    0.03020  14.2%  21.6 12125s
 36308772 3377955    0.02661  112    1    0.02644    0.03020  14.2%  21.6 12130s
 36331134 3387580    0.02661  117    2    0.02644    0.03020  14.2%  21.6 12135s
 36353329 3396463    0.02784   94   23    0.02644    0.03020  14.2%  21.6 12140s
 36372012 3403747     cutoff  120         0.02644    0.03020  14.2%  21.6 12145s
 36388630 3410900    0.02686  116    9    0.02644    0.03020  14.2%  21.6 12150s
 36410455 3419579    0.02715  128    3    0.02644    0.03020  14.2%  21.6 12155s
 36433460 3429018    0.02674  106   12    0.02644    0.03020  14.2%  21.6 12160s
 36454912 3437842     cutoff  116         0.02644    0.03020  14.2%  21.6 12165s
 36476344 3446338     cutoff  119         0.02644    0.03020  14.2%  21.6 12170s
 36499511 3455608     cutoff  118         0.02644    0.03020  14.2%  21.5 12175s
 36522128 3464115     cutoff  115         0.02644    0.03020  14.2%  21.5 12180s
 36543493 3472688     cutoff  115         0.02644    0.03020  14.2%  21.5 12185s
 36566360 3481788     cutoff  117         0.02644    0.03020  14.2%  21.5 12190s
 36585883 3489886    0.02662  115    2    0.02644    0.03020  14.2%  21.5 12195s
 36608550 3499222    0.02664  106    5    0.02644    0.03020  14.2%  21.5 12200s
 36631211 3507864    0.02682  128    1    0.02644    0.03020  14.2%  21.5 12205s
 36653431 3516124    0.02662  117    1    0.02644    0.03020  14.2%  21.5 12210s
 36675382 3524275    0.02697  106   15    0.02644    0.03020  14.2%  21.5 12215s
 36695482 3531638    0.02721  105   20    0.02644    0.03020  14.2%  21.5 12220s
 36715398 3539835 infeasible  101         0.02644    0.03020  14.2%  21.4 12225s
 36737771 3548466    0.02813   96   20    0.02644    0.03020  14.2%  21.4 12230s
 36760505 3557545    0.02672  110    5    0.02644    0.03020  14.2%  21.4 12235s
 36783921 3567136    0.02823  101   13    0.02644    0.03020  14.2%  21.4 12240s
 36806741 3576426    0.02660  118    1    0.02644    0.03020  14.2%  21.4 12245s
 36829959 3585618    0.02710  112   14    0.02644    0.03020  14.2%  21.4 12250s
 36853852 3594451    0.02662  120    2    0.02644    0.03020  14.2%  21.4 12255s
 36876708 3603775    0.03020   92    7    0.02644    0.03020  14.2%  21.4 12260s
 36900246 3613260 infeasible  122         0.02644    0.03020  14.2%  21.4 12265s
 36923577 3622552    0.02664  101   23    0.02644    0.03020  14.2%  21.3 12270s
 36947328 3632853 infeasible  115         0.02644    0.03020  14.2%  21.3 12275s
 36970871 3642462    0.02660  117    1    0.02644    0.03020  14.2%  21.3 12280s
 36994372 3652255    0.02660  114    5    0.02644    0.03020  14.2%  21.3 12285s
 37017318 3661485    0.02668  110    7    0.02644    0.03020  14.2%  21.3 12290s
 37035886 3669160    0.02852   94   21    0.02644    0.03020  14.2%  21.3 12295s
 37059601 3678761 infeasible  123         0.02644    0.03020  14.2%  21.3 12300s
 37081609 3687729 infeasible  118         0.02644    0.03020  14.2%  21.3 12305s
 37105274 3697586    0.02660  116    4    0.02644    0.03020  14.2%  21.3 12310s
 37127859 3707204    0.02712  116   15    0.02644    0.03020  14.2%  21.2 12315s
 37150510 3716269     cutoff  120         0.02644    0.03020  14.2%  21.2 12320s
 37173300 3725746    0.02701   96   19    0.02644    0.03020  14.2%  21.2 12325s
 37197101 3735345    0.02660  119    1    0.02644    0.03020  14.2%  21.2 12330s
 37220302 3744385    0.02660  117    2    0.02644    0.03020  14.2%  21.2 12335s
 37244085 3754021    0.02659  114    1    0.02644    0.03020  14.2%  21.2 12340s
 37267523 3763982    0.02721  125    5    0.02644    0.03020  14.2%  21.2 12345s
 37289612 3772754 infeasible  130         0.02644    0.03020  14.2%  21.2 12350s
 37312910 3782705     cutoff   99         0.02644    0.03020  14.2%  21.2 12355s
 37336683 3793067    0.02710  125    5    0.02644    0.03020  14.2%  21.2 12360s
 37354597 3800506    0.02653  113   15    0.02644    0.03020  14.2%  21.1 12365s
 37377601 3809614 infeasible  114         0.02644    0.03020  14.2%  21.1 12370s
 37400194 3819105    0.02660  118    2    0.02644    0.03020  14.2%  21.1 12375s
 37423674 3828857    0.02651  114   11    0.02644    0.03020  14.2%  21.1 12380s
 37445661 3838056    0.02660  114    4    0.02644    0.03020  14.2%  21.1 12385s
 37468695 3847235    0.02662  120    2    0.02644    0.03020  14.2%  21.1 12390s
 37488371 3855254    0.02650  119    6    0.02644    0.03020  14.2%  21.1 12395s
 37510749 3864125    0.02659  118    1    0.02644    0.03020  14.2%  21.1 12400s
 37533631 3873480    0.02706  100   17    0.02644    0.03020  14.2%  21.1 12405s
 37555563 3882193    0.02699  125    1    0.02644    0.03020  14.2%  21.1 12410s
 37578310 3891817    0.02663  109    4    0.02644    0.03020  14.2%  21.0 12415s
 37599897 3901034    0.02851  100   21    0.02644    0.03020  14.2%  21.0 12420s
 37622219 3910469    0.02666  114    8    0.02644    0.03020  14.2%  21.0 12425s
 37644508 3919659    0.02701  110   18    0.02644    0.03020  14.2%  21.0 12430s
 37667766 3929786 infeasible  114         0.02644    0.03020  14.2%  21.0 12435s
 37690766 3939259     cutoff  115         0.02644    0.03020  14.2%  21.0 12440s
 37708616 3947224    0.02772   92   23    0.02644    0.03020  14.2%  21.0 12445s
 37732012 3957290    0.02676  109   14    0.02644    0.03020  14.2%  21.0 12450s
 37753914 3966719    0.02691  115    3    0.02644    0.03020  14.2%  21.0 12455s
 37777431 3976688    0.02697  120    7    0.02644    0.03020  14.2%  20.9 12460s
 37800929 3986743    0.02802   92   21    0.02644    0.03020  14.2%  20.9 12465s
 37824926 3997464     cutoff   94         0.02644    0.03020  14.2%  20.9 12470s
 37848632 4007753    0.02699  113    9    0.02644    0.03020  14.2%  20.9 12475s
 37871318 4016896    0.02706  101   23    0.02644    0.03020  14.2%  20.9 12480s
 37894959 4026860    0.02667  112    9    0.02644    0.03020  14.2%  20.9 12485s
 37917124 4036071    0.02663  111    2    0.02644    0.03020  14.2%  20.9 12490s
 37941129 4047024    0.02700  114   20    0.02644    0.03020  14.2%  20.9 12495s
 37965329 4057052    0.02722  103   14    0.02644    0.03020  14.2%  20.9 12500s
 37988167 4066550    0.02742  103   20    0.02644    0.03020  14.2%  20.9 12505s
 38011476 4076418 infeasible  118         0.02644    0.03020  14.2%  20.8 12510s
 38031258 4086106    0.02691  106   14    0.02644    0.03020  14.2%  20.8 12516s
 38053215 4093302    0.02668  119    2    0.02644    0.03020  14.2%  20.8 12520s
 38076780 4102643    0.02655  123    9    0.02644    0.03020  14.2%  20.8 12525s
 38100313 4112773     cutoff  130         0.02644    0.03020  14.2%  20.8 12530s
 38124110 4122285    0.02823  102   13    0.02644    0.03020  14.2%  20.8 12535s
 38147472 4131646    0.02743   97   24    0.02644    0.03020  14.2%  20.8 12540s
 38170769 4141051    0.03020  101    6    0.02644    0.03020  14.2%  20.8 12545s
 38194550 4150628    0.03020   99    6    0.02644    0.03020  14.2%  20.8 12550s
 38218311 4160581 infeasible  106         0.02644    0.03020  14.2%  20.8 12555s
 38238955 4169232     cutoff  124         0.02644    0.03020  14.2%  20.7 12560s
 38262979 4179282    0.02702  118   18    0.02644    0.03020  14.2%  20.7 12565s
 38286169 4189183    0.02754   94   24    0.02644    0.03020  14.2%  20.7 12570s
 38309888 4199026     cutoff  125         0.02644    0.03020  14.2%  20.7 12575s
 38334236 4209779     cutoff  100         0.02644    0.03020  14.2%  20.7 12580s
 38357923 4219676    0.02660  117    4    0.02644    0.03020  14.2%  20.7 12585s
 38375675 4226847    0.02726  103   14    0.02644    0.03020  14.2%  20.7 12590s
 38396125 4234653    0.02700  118   12    0.02644    0.03020  14.2%  20.7 12595s
 38419341 4244096    0.02659  128    1    0.02644    0.03020  14.2%  20.7 12600s
 38441475 4252640    0.02656  105   16    0.02644    0.03020  14.2%  20.7 12605s
 38464479 4262213    0.02652  104   11    0.02644    0.03020  14.2%  20.6 12610s
 38488232 4271961 infeasible  106         0.02644    0.03020  14.2%  20.6 12615s
 38510452 4281300    0.02737  104   15    0.02644    0.03020  14.2%  20.6 12620s
 38533975 4290948    0.02743  100   19    0.02644    0.03020  14.2%  20.6 12625s
 38557514 4299941    0.02679  121    2    0.02644    0.03020  14.2%  20.6 12630s
 38580634 4309023    0.02730  104   19    0.02644    0.03020  14.2%  20.6 12635s
 38604265 4317753    0.02660  117    1    0.02644    0.03020  14.2%  20.6 12640s
 38627447 4327005    0.03020   99    6    0.02644    0.03020  14.2%  20.6 12645s
 38651289 4336710    0.02730   99   22    0.02644    0.03020  14.2%  20.6 12650s
 38674659 4345498    0.02707  128    3    0.02644    0.03020  14.2%  20.6 12655s
 38697927 4354960    0.02698  122    4    0.02644    0.03020  14.2%  20.5 12660s
 38715614 4362661    0.02645  108    2    0.02644    0.03020  14.2%  20.5 12665s
 38738971 4371856    0.02661  119    1    0.02644    0.03020  14.2%  20.5 12670s
 38762799 4381132     cutoff  119         0.02644    0.03020  14.2%  20.5 12675s
 38786276 4390206    0.02661  115    1    0.02644    0.03020  14.2%  20.5 12680s
 38809506 4399933    0.02660  117    1    0.02644    0.03020  14.2%  20.5 12685s
 38832192 4408749    0.02709  110   11    0.02644    0.03020  14.2%  20.5 12690s
 38855225 4417606    0.02688  112   13    0.02644    0.03020  14.2%  20.5 12695s
 38878168 4426299    0.02658  109    2    0.02644    0.03020  14.2%  20.5 12700s
 38900018 4434773     cutoff   95         0.02644    0.03020  14.2%  20.5 12705s
 38922772 4443410    0.02696  106   16    0.02644    0.03020  14.2%  20.4 12710s
 38942795 4451256    0.02661  115    1    0.02644    0.03020  14.2%  20.4 12715s
 38964768 4459804    0.02710  110    7    0.02644    0.03020  14.2%  20.4 12720s
 38985813 4468198    0.02663  112    2    0.02644    0.03020  14.2%  20.4 12725s
 39007251 4476560     cutoff  117         0.02644    0.03020  14.2%  20.4 12730s
 39030001 4485269    0.02704  100   18    0.02644    0.03020  14.2%  20.4 12735s
 39046312 4491242 infeasible   98         0.02644    0.03020  14.2%  20.4 12740s
 39068616 4499342    0.02662  115    1    0.02644    0.03020  14.2%  20.4 12745s
 39090602 4507590 infeasible  115         0.02644    0.03020  14.2%  20.4 12750s
 39113076 4515938    0.02662  112    1    0.02644    0.03020  14.2%  20.4 12755s
 39133316 4523422    0.02661  113    1    0.02644    0.03020  14.2%  20.4 12760s
 39154766 4531986    0.02671  101    8    0.02644    0.03020  14.2%  20.3 12765s
 39175240 4539665 infeasible   99         0.02644    0.03020  14.2%  20.3 12770s
 39196292 4547594    0.02662  111    1    0.02644    0.03020  14.2%  20.3 12775s
 39215598 4555114    0.02661  110    4    0.02644    0.03020  14.2%  20.3 12780s
 39237842 4563695 infeasible  110         0.02644    0.03020  14.2%  20.3 12785s
 39259732 4572435 infeasible  116         0.02644    0.03020  14.2%  20.3 12790s
 39278097 4579536    0.02661  115    2    0.02644    0.03020  14.2%  20.3 12795s
 39301025 4588586    0.02709  108   16    0.02644    0.03020  14.2%  20.3 12800s
 39321625 4596108    0.02715  123    1    0.02644    0.03020  14.2%  20.3 12805s
 39344077 4604570    0.02713   98   23    0.02644    0.03020  14.2%  20.3 12810s
 39364248 4612529    0.02661  112    4    0.02644    0.03020  14.2%  20.3 12815s
 39380722 4618519     cutoff  121         0.02644    0.03020  14.2%  20.3 12820s
 39403376 4627201     cutoff  114         0.02644    0.03019  14.2%  20.2 12825s
 39425238 4635838 infeasible   92         0.02644    0.03019  14.2%  20.2 12830s
 39445453 4643178    0.02768   94   23    0.02644    0.03019  14.2%  20.2 12835s
 39467448 4651544     cutoff  115         0.02644    0.03019  14.2%  20.2 12840s
 39488055 4659467    0.02714  113    7    0.02644    0.03019  14.2%  20.2 12845s
 39509679 4667728     cutoff   91         0.02644    0.03019  14.2%  20.2 12850s
 39529647 4675620    0.02704  102   17    0.02644    0.03019  14.2%  20.2 12855s
 39551538 4683837    0.03019   92    7    0.02644    0.03019  14.2%  20.2 12860s
 39572872 4691509    0.02716  108   20    0.02644    0.03019  14.2%  20.2 12865s
 39593024 4699226     cutoff   37         0.02644    0.03019  14.2%  20.2 12870s
 39614531 4707130    0.02665  114    1    0.02644    0.03019  14.2%  20.2 12875s
 39635317 4714988 infeasible  114         0.02644    0.03019  14.2%  20.2 12880s
 39656806 4723329     cutoff  114         0.02644    0.03019  14.2%  20.1 12885s
 39675999 4731206    0.02698  109   14    0.02644    0.03019  14.2%  20.1 12890s
 39695960 4738773    0.02715  112   15    0.02644    0.03019  14.2%  20.1 12895s
 39715372 4746584    0.02733   34   58    0.02644    0.03019  14.2%  20.1 12900s
 39734631 4753797     cutoff  115         0.02644    0.03019  14.2%  20.1 12905s
 39752750 4760789    0.02690  122    2    0.02644    0.03019  14.2%  20.1 12910s
 39773525 4768686     cutoff  116         0.02644    0.03019  14.2%  20.1 12915s
 39792001 4775480    0.02665  107    7    0.02644    0.03019  14.2%  20.1 12920s
 39811904 4782663    0.02680  103   18    0.02644    0.03019  14.2%  20.1 12925s
 39828516 4788600     cutoff  116         0.02644    0.03019  14.2%  20.1 12930s
 39848573 4795856     cutoff  115         0.02644    0.03019  14.2%  20.1 12935s
 39867202 4802711     cutoff  114         0.02644    0.03019  14.2%  20.1 12940s
 39882556 4808570 infeasible  116         0.02644    0.03019  14.2%  20.1 12945s
 39893784 4813010    0.02665  111    2    0.02644    0.03019  14.2%  20.1 12950s
 39911633 4819571    0.02666  114    2    0.02644    0.03019  14.2%  20.0 12955s
 39930912 4826714    0.02665  113    1    0.02644    0.03019  14.2%  20.0 12960s
 39949636 4833516    0.02666  112    3    0.02644    0.03019  14.2%  20.0 12965s
 39968338 4840629    0.02719  121    1    0.02644    0.03019  14.2%  20.0 12970s
 39981553 4845905 infeasible  117         0.02644    0.03019  14.2%  20.0 12975s
 39999942 4853464     cutoff  114         0.02644    0.03019  14.2%  20.0 12980s
 40013766 4859155    0.02720  122    1    0.02644    0.03019  14.2%  20.0 12985s
 40032898 4867182 infeasible  115         0.02644    0.03019  14.2%  20.0 12990s
 40050630 4874246     cutoff   37         0.02644    0.03019  14.2%  20.0 12995s
 40069303 4882172    0.02699   97   20    0.02644    0.03019  14.2%  20.0 13000s
 40086115 4888850    0.02722  100   22    0.02644    0.03019  14.2%  20.0 13005s
 40103449 4895800    0.02680  101    8    0.02644    0.03019  14.2%  20.0 13010s
 40118311 4901719    0.02674  108    7    0.02644    0.03019  14.2%  20.0 13015s
 40130737 4906177     cutoff   45         0.02644    0.03019  14.2%  20.0 13020s
 40140538 4908066    0.02934   42   65    0.02644    0.03018  14.2%  20.0 13025s
 40144382 4908429    0.02690   44   52    0.02644    0.03018  14.2%  20.0 13030s
 40154915 4910532    0.02698   37   63    0.02644    0.03018  14.2%  20.0 13035s
 40161894 4910807     cutoff   42         0.02644    0.03018  14.1%  20.0 13040s
 40165317 4910904 infeasible   59         0.02644    0.03018  14.1%  20.0 13045s
 40168081 4911030     cutoff   41         0.02644    0.03018  14.1%  20.0 13050s
 40169469 4910975     cutoff   51         0.02644    0.03018  14.1%  20.0 13055s
 40177546 4911016    0.02752   46   51    0.02644    0.03018  14.1%  20.0 13060s
 40184429 4911428    0.02771   41   55    0.02644    0.03017  14.1%  20.0 13065s
 40191009 4912218    0.02967   33   52    0.02644    0.03017  14.1%  20.0 13070s
 40201627 4914571    0.02970   37   51    0.02644    0.03017  14.1%  19.9 13075s
 40209855 4916249    0.03005   40   55    0.02644    0.03017  14.1%  19.9 13080s
 40218513 4918002     cutoff   49         0.02644    0.03017  14.1%  19.9 13085s
 40227028 4919761 infeasible  115         0.02644    0.03017  14.1%  19.9 13090s
 40238271 4922679    0.02661  114    2    0.02644    0.03017  14.1%  19.9 13095s
 40251147 4926091     cutoff  114         0.02644    0.03017  14.1%  19.9 13100s
 40261366 4928700    0.02708  119    1    0.02644    0.03016  14.1%  19.9 13105s
 40270719 4930565    0.02691   50   54    0.02644    0.03016  14.1%  19.9 13110s
 40274763 4931340     cutoff   35         0.02644    0.03016  14.1%  19.9 13115s
 40275199 4931395     cutoff  101         0.02644    0.03016  14.1%  19.9 13120s
 40277469 4932059    0.02676  102    8    0.02644    0.03016  14.1%  19.9 13125s
 40288507 4934300    0.02768   94   24    0.02644    0.03016  14.1%  19.9 13130s
 40296200 4935915     cutoff   47         0.02644    0.03016  14.1%  19.9 13135s
 40306763 4938364     cutoff   62         0.02644    0.03016  14.1%  19.9 13140s
 40317495 4940943    0.02714  104   13    0.02644    0.03016  14.1%  19.9 13146s
 40322582 4941915    0.03012   40   55    0.02644    0.03016  14.1%  19.9 13150s
 40330151 4943291    0.02662  111    2    0.02644    0.03016  14.1%  19.9 13155s
 40337914 4944305    0.03002   43   52    0.02644    0.03015  14.1%  19.9 13160s
 40345941 4945528    0.02718  108   14    0.02644    0.03015  14.0%  19.9 13165s
 40351432 4946493 infeasible  113         0.02644    0.03015  14.0%  19.9 13170s
 40360217 4947983    0.02666  112    1    0.02644    0.03015  14.0%  19.9 13175s
 40367241 4947986 infeasible   52         0.02644    0.03015  14.0%  19.9 13180s
 40371576 4947728     cutoff   54         0.02644    0.03015  14.0%  19.9 13185s
 40377795 4947389     cutoff   44         0.02644    0.03015  14.0%  19.9 13190s
 40383584 4947093    0.02721   52   55    0.02644    0.03014  14.0%  19.9 13195s
 40389217 4946789 infeasible   40         0.02644    0.03014  14.0%  19.9 13200s
 40391234 4946690     cutoff   47         0.02644    0.03014  14.0%  19.9 13205s
 40392956 4947018    0.02894   32   50    0.02644    0.03014  14.0%  19.9 13210s
 40399601 4946708    0.02708   40   58    0.02644    0.03014  14.0%  19.9 13215s
 40403983 4946450     cutoff   45         0.02644    0.03014  14.0%  19.9 13220s
 40410225 4946153     cutoff   48         0.02644    0.03013  14.0%  19.9 13225s
 40416154 4946190    0.02742   43   54    0.02644    0.03013  14.0%  19.9 13230s
 40421711 4945834    0.02670   46   59    0.02644    0.03013  14.0%  19.9 13235s
 40428185 4945401    0.02743   47   59    0.02644    0.03013  14.0%  19.9 13240s
 40435617 4945462     cutoff   46         0.02644    0.03013  13.9%  19.9 13245s
 40437947 4945376    0.02985   45   52    0.02644    0.03013  13.9%  19.9 13250s
 40441610 4945303     cutoff   46         0.02644    0.03012  13.9%  19.9 13255s
 40447589 4945148     cutoff   36         0.02644    0.03012  13.9%  19.9 13260s
 40453045 4944746    0.02980   45   52    0.02644    0.03012  13.9%  19.9 13265s
 40458466 4944423    0.02694   37   54    0.02644    0.03012  13.9%  19.9 13270s
 40464913 4944020    0.02675   40   43    0.02644    0.03012  13.9%  19.9 13275s
 40470258 4943788    0.02919   38   54    0.02644    0.03012  13.9%  19.9 13280s
 40473892 4943671    0.02700   37   48    0.02644    0.03011  13.9%  19.9 13285s
 40475171 4943716    0.03007   40   51    0.02644    0.03011  13.9%  19.9 13290s
 40479084 4943563     cutoff   46         0.02644    0.03011  13.9%  19.9 13295s
 40484218 4943357    0.02755   38   50    0.02644    0.03011  13.9%  19.9 13300s
 40490217 4943146    0.02954   45   36    0.02644    0.03011  13.9%  19.9 13305s
 40495233 4942962    0.02827   49   55    0.02644    0.03011  13.9%  19.9 13310s
 40500767 4942558     cutoff   44         0.02644    0.03011  13.9%  19.9 13315s
 40504795 4942480    0.02908   40   56    0.02644    0.03011  13.9%  19.9 13320s
 40505658 4942428     cutoff   48         0.02644    0.03011  13.9%  19.9 13326s
 40510465 4942188    0.02807   47   50    0.02644    0.03010  13.9%  19.9 13330s
 40514039 4941986     cutoff   41         0.02644    0.03010  13.9%  19.9 13335s
 40516229 4941875    0.02790   48   55    0.02644    0.03010  13.9%  19.9 13340s
 40519538 4941832    0.02695   47   51    0.02644    0.03010  13.9%  19.9 13345s
 40525059 4941572     cutoff   53         0.02644    0.03010  13.8%  19.9 13350s
 40530091 4941276     cutoff   44         0.02644    0.03010  13.8%  19.9 13355s
 40536207 4941592     cutoff   47         0.02644    0.03010  13.8%  19.9 13360s
 40542567 4941391     cutoff   39         0.02644    0.03009  13.8%  19.9 13365s
 40547397 4941183     cutoff   48         0.02644    0.03009  13.8%  19.9 13370s
 40551085 4941124     cutoff   48         0.02644    0.03009  13.8%  19.9 13376s
 40555736 4940908    0.02777   50   48    0.02644    0.03009  13.8%  19.9 13380s
 40560872 4940711     cutoff   37         0.02644    0.03009  13.8%  19.9 13385s
 40567411 4940386     cutoff   50         0.02644    0.03009  13.8%  19.9 13390s
 40572380 4940017     cutoff   43         0.02644    0.03009  13.8%  19.9 13395s
 40577462 4939700     cutoff   40         0.02644    0.03008  13.8%  19.9 13400s
 40579989 4939545     cutoff   43         0.02644    0.03008  13.8%  19.9 13405s
 40584217 4939422    0.02934   38   53    0.02644    0.03008  13.8%  19.9 13410s
 40584226 4939309    0.02923   39   54    0.02644    0.03008  13.8%  19.9 13415s
 40591987 4939022    0.02733   42   56    0.02644    0.03008  13.8%  19.9 13420s
 40598057 4938653    0.02841   37   54    0.02644    0.03008  13.8%  19.9 13425s
 40604068 4938211    0.02842   56   38    0.02644    0.03008  13.8%  19.9 13430s
 40605467 4938128    0.02903   50   56    0.02644    0.03008  13.8%  19.9 13436s
 40606605 4938096     cutoff   39         0.02644    0.03008  13.8%  19.9 13440s
 40611920 4937763     cutoff   48         0.02644    0.03007  13.7%  19.9 13445s
 40618323 4937411     cutoff   47         0.02644    0.03007  13.7%  19.9 13450s
 40624311 4937002     cutoff   46         0.02644    0.03007  13.7%  19.9 13455s
 40629855 4936773     cutoff   38         0.02644    0.03007  13.7%  19.9 13460s
 40635070 4936543     cutoff   62         0.02644    0.03007  13.7%  19.9 13465s
 40637718 4936364    0.02647   44   50    0.02644    0.03007  13.7%  19.9 13470s
 40639066 4936255     cutoff   33         0.02644    0.03007  13.7%  19.9 13476s
 40640731 4936133    0.02700  106   12    0.02644    0.03006  13.7%  19.9 13480s
 40644221 4935996     cutoff   44         0.02644    0.03006  13.7%  19.9 13485s
 40656524 4935380 infeasible   66         0.02644    0.03006  13.7%  19.9 13490s
 40672683 4934358    0.02863   55   50    0.02644    0.03005  13.7%  19.9 13495s
 40688788 4933688    0.02726   48   51    0.02644    0.03005  13.7%  19.9 13500s
 40705673 4932998    0.02773   41   54    0.02644    0.03004  13.6%  19.9 13505s
 40720878 4932597    0.02981   32   56    0.02644    0.03004  13.6%  19.9 13511s
 40735841 4931819    0.02671   54   44    0.02644    0.03004  13.6%  19.9 13515s
 40751703 4930437     cutoff   45         0.02644    0.03003  13.6%  19.9 13520s
 40768086 4928990    0.02708   41   55    0.02644    0.03003  13.6%  19.9 13525s
 40784408 4928638    0.02712  102   10    0.02644    0.03002  13.6%  19.9 13530s
 40799717 4927786     cutoff   38         0.02644    0.03002  13.5%  19.9 13535s
 40813202 4927052 infeasible   45         0.02644    0.03001  13.5%  19.9 13540s
 40828275 4926309     cutoff   38         0.02644    0.03001  13.5%  19.9 13545s
 40844063 4925584    0.02675   38   48    0.02644    0.03001  13.5%  19.9 13550s
 40860289 4924777    0.02828   43   56    0.02644    0.03000  13.5%  19.9 13555s
 40876308 4923792    0.02910   39   56    0.02644    0.03000  13.5%  19.9 13560s
 40891706 4922674     cutoff   38         0.02644    0.02999  13.4%  19.9 13565s
 40906092 4921853     cutoff   40         0.02644    0.02999  13.4%  19.9 13570s
 40923062 4920756    0.02695   38   56    0.02644    0.02998  13.4%  19.9 13575s
 40939837 4919653    0.02668   39   54    0.02644    0.02998  13.4%  19.9 13580s
 40956561 4918404     cutoff   50         0.02644    0.02997  13.4%  19.9 13585s
 40972467 4917329     cutoff   51         0.02644    0.02996  13.3%  19.9 13590s
 40988443 4916192     cutoff   43         0.02644    0.02996  13.3%  19.9 13595s
 41004444 4915370     cutoff   65         0.02644    0.02995  13.3%  19.9 13600s
 41020408 4914060     cutoff   60         0.02644    0.02995  13.3%  19.9 13605s
 41036122 4913200     cutoff   43         0.02644    0.02994  13.3%  19.9 13610s
 41052777 4912370 infeasible   44         0.02644    0.02994  13.2%  19.9 13615s
 41068873 4911207     cutoff   57         0.02644    0.02993  13.2%  19.9 13620s
 41083267 4910456     cutoff   41         0.02644    0.02993  13.2%  19.9 13625s
 41095124 4909511    0.02790   49   42    0.02644    0.02992  13.2%  19.9 13630s
 41111435 4908518     cutoff   46         0.02644    0.02992  13.2%  19.9 13635s
 41127155 4907267     cutoff   42         0.02644    0.02991  13.1%  19.9 13640s
 41142995 4906061 infeasible   50         0.02644    0.02991  13.1%  19.9 13645s
 41159277 4904909     cutoff   43         0.02644    0.02990  13.1%  19.9 13650s
 41174412 4903916    0.02707   54   52    0.02644    0.02990  13.1%  19.9 13655s
 41191228 4903040    0.02656   44   61    0.02644    0.02989  13.1%  19.9 13660s
 41206594 4902164     cutoff   42         0.02644    0.02989  13.0%  19.9 13665s
 41223081 4901183    0.02652   34   54    0.02644    0.02988  13.0%  19.9 13670s
 41238498 4900185     cutoff   46         0.02644    0.02988  13.0%  19.9 13675s
 41254491 4899067    0.02866   51   35    0.02644    0.02987  13.0%  19.9 13680s
 41269525 4898038    0.02935   34   65    0.02644    0.02987  13.0%  19.9 13685s
 41284899 4897049    0.02644   48   54    0.02644    0.02986  12.9%  19.9 13690s
 41300262 4896320    0.02786  114   11    0.02644    0.02986  12.9%  19.9 13695s
 41312667 4895450     cutoff   49         0.02644    0.02985  12.9%  19.9 13700s
 41325970 4894561    0.02665   52   53    0.02644    0.02985  12.9%  19.9 13705s
 41341963 4893755    0.02697   46   54    0.02644    0.02984  12.9%  19.9 13710s
 41356929 4892936    0.02703   43   55    0.02644    0.02984  12.9%  19.9 13715s
 41373544 4892066     cutoff   51         0.02644    0.02983  12.8%  19.9 13720s
 41385091 4891482     cutoff   53         0.02644    0.02983  12.8%  19.9 13725s
 41401474 4890525     cutoff   51         0.02644    0.02982  12.8%  19.9 13730s
 41418079 4889103    0.02976   47   54    0.02644    0.02982  12.8%  19.9 13735s
 41434412 4889011     cutoff   41         0.02644    0.02981  12.8%  19.9 13740s
 41450773 4888657     cutoff   46         0.02644    0.02981  12.7%  19.9 13745s
 41466912 4887692 infeasible   49         0.02644    0.02980  12.7%  19.9 13750s
 41482445 4886605    0.02677   44   60    0.02644    0.02980  12.7%  19.9 13755s
 41497304 4885739     cutoff   44         0.02644    0.02979  12.7%  19.9 13760s
 41512403 4884506    0.02823   47   55    0.02644    0.02979  12.7%  19.9 13765s
 41527640 4883545     cutoff   39         0.02644    0.02978  12.7%  19.9 13770s
 41544410 4882307    0.02747   53   51    0.02644    0.02978  12.6%  19.9 13775s
 41559165 4881158    0.02810   39   55    0.02644    0.02977  12.6%  19.9 13780s
 41574666 4880312    0.02688   41   52    0.02644    0.02977  12.6%  19.9 13785s
 41591501 4878852     cutoff   42         0.02644    0.02976  12.6%  19.9 13790s
 41602560 4878028     cutoff   40         0.02644    0.02976  12.6%  19.9 13795s
 41618660 4876904    0.02654   48   52    0.02644    0.02975  12.5%  19.9 13800s
 41636258 4876010    0.02915   33   58    0.02644    0.02975  12.5%  19.9 13805s
 41652636 4875176    0.02742   42   57    0.02644    0.02974  12.5%  19.9 13810s
 41669009 4874238     cutoff   35         0.02644    0.02974  12.5%  19.9 13815s
 41681312 4873252    0.02684   48   53    0.02644    0.02973  12.5%  19.9 13820s
 41698701 4871885    0.02677   45   47    0.02644    0.02973  12.4%  19.9 13825s
 41715430 4870626     cutoff   40         0.02644    0.02972  12.4%  19.9 13830s
 41731605 4869574     cutoff   48         0.02644    0.02972  12.4%  19.9 13835s
 41747159 4868472     cutoff   48         0.02644    0.02971  12.4%  19.9 13840s
 41763655 4867550     cutoff   53         0.02644    0.02971  12.4%  19.9 13845s
 41779328 4866620     cutoff   43         0.02644    0.02970  12.3%  19.9 13850s
 41796217 4865602     cutoff   47         0.02644    0.02970  12.3%  19.9 13855s
 41812788 4864587     cutoff   38         0.02644    0.02969  12.3%  19.9 13860s
 41829623 4863167     cutoff   43         0.02644    0.02968  12.3%  19.8 13865s
 41842915 4862356     cutoff   38         0.02644    0.02968  12.3%  19.8 13870s
 41859749 4861413     cutoff   48         0.02644    0.02967  12.2%  19.8 13875s
 41870112 4860645    0.02702   43   55    0.02644    0.02967  12.2%  19.8 13880s
 41885685 4859740     cutoff   44         0.02644    0.02967  12.2%  19.8 13885s
 41901378 4859720    0.02743  113    7    0.02644    0.02966  12.2%  19.8 13890s
 41917144 4859218     cutoff   50         0.02644    0.02966  12.2%  19.8 13895s
 41932460 4858316    0.02830   46   53    0.02644    0.02965  12.2%  19.8 13900s
 41949246 4857418    0.02752   30   60    0.02644    0.02965  12.1%  19.8 13905s
 41966517 4856710     cutoff   44         0.02644    0.02964  12.1%  19.8 13910s
 41982534 4856926    0.02647   30   49    0.02644    0.02964  12.1%  19.8 13915s
 41994559 4856673    0.02661   44   53    0.02644    0.02963  12.1%  19.8 13920s
 42011231 4856316    0.02664   54   56    0.02644    0.02963  12.1%  19.8 13925s
 42026778 4855644     cutoff  102         0.02644    0.02962  12.0%  19.8 13930s
 42043042 4854244    0.02739   40   54    0.02644    0.02962  12.0%  19.8 13935s
 42056547 4853152    0.02897   40   57    0.02644    0.02961  12.0%  19.8 13940s
 42074014 4851883    0.02839   56   46    0.02644    0.02961  12.0%  19.8 13945s
 42091140 4851231    0.02693   42   55    0.02644    0.02960  12.0%  19.8 13950s
 42107753 4850450     cutoff   44         0.02644    0.02960  11.9%  19.8 13955s
 42124057 4849754    0.02772   47   57    0.02644    0.02959  11.9%  19.8 13960s
 42138881 4848508     cutoff   73         0.02644    0.02959  11.9%  19.8 13965s
 42150974 4847650    0.02753   37   54    0.02644    0.02958  11.9%  19.8 13970s
 42164115 4847053    0.02778   45   53    0.02644    0.02958  11.9%  19.8 13975s
 42180679 4846094 infeasible   36         0.02644    0.02957  11.9%  19.8 13980s
 42194314 4845264    0.02653   54   61    0.02644    0.02957  11.8%  19.8 13985s
 42211696 4844570     cutoff   54         0.02644    0.02956  11.8%  19.8 13990s
 42228150 4843638     cutoff   43         0.02644    0.02956  11.8%  19.8 13995s
 42243596 4842430     cutoff   41         0.02644    0.02955  11.8%  19.8 14000s
 42259775 4841032     cutoff   48         0.02644    0.02955  11.8%  19.8 14005s
 42275396 4839683     cutoff   48         0.02644    0.02954  11.7%  19.8 14010s
 42291980 4838948     cutoff   44         0.02644    0.02954  11.7%  19.8 14015s
 42308540 4837827    0.02770   51   55    0.02644    0.02953  11.7%  19.8 14020s
 42324499 4836697    0.02947   45   48    0.02644    0.02953  11.7%  19.8 14025s
 42340442 4835504     cutoff   44         0.02644    0.02952  11.7%  19.8 14030s
 42356812 4834596     cutoff   46         0.02644    0.02952  11.6%  19.8 14035s
 42371785 4833239     cutoff   41         0.02644    0.02951  11.6%  19.8 14040s
 42387767 4832016    0.02820   41   58    0.02644    0.02951  11.6%  19.8 14045s
 42400027 4830884     cutoff   42         0.02644    0.02950  11.6%  19.8 14050s
 42416616 4829512     cutoff   45         0.02644    0.02949  11.6%  19.8 14055s
 42433030 4828732    0.02767   43   51    0.02644    0.02949  11.5%  19.8 14060s
 42450411 4827281     cutoff   44         0.02644    0.02948  11.5%  19.8 14065s
 42466693 4826056    0.02815   44   58    0.02644    0.02948  11.5%  19.8 14070s
 42482028 4825023     cutoff   54         0.02644    0.02947  11.5%  19.8 14075s
 42497772 4823871     cutoff   42         0.02644    0.02947  11.5%  19.8 14080s
 42513297 4822805    0.02660   43   56    0.02644    0.02946  11.4%  19.8 14085s
 42529903 4821373     cutoff   43         0.02644    0.02946  11.4%  19.8 14090s
 42547551 4819794     cutoff   40         0.02644    0.02945  11.4%  19.8 14095s
 42563831 4818622    0.02815   41   59    0.02644    0.02944  11.4%  19.8 14100s
 42580185 4817365     cutoff   46         0.02644    0.02944  11.3%  19.8 14105s
 42596664 4815949     cutoff   64         0.02644    0.02943  11.3%  19.8 14110s
 42607810 4815148 infeasible   44         0.02644    0.02943  11.3%  19.8 14115s
 42624008 4813859     cutoff   44         0.02644    0.02942  11.3%  19.8 14120s
 42639309 4812695    0.02695   72   15    0.02644    0.02942  11.3%  19.8 14125s
 42656654 4811530     cutoff   47         0.02644    0.02941  11.3%  19.8 14130s
 42673033 4810013     cutoff   62         0.02644    0.02941  11.2%  19.8 14135s
 42687644 4809102    0.02903   56   38    0.02644    0.02940  11.2%  19.8 14140s
 42699008 4808022    0.02813   59   38    0.02644    0.02940  11.2%  19.8 14145s
 42714397 4807124     cutoff   49         0.02644    0.02939  11.2%  19.8 14150s
 42731249 4805752    0.02671   42   58    0.02644    0.02939  11.2%  19.8 14155s
 42748478 4804659     cutoff   45         0.02644    0.02938  11.1%  19.8 14160s
 42765258 4803404     cutoff   47         0.02644    0.02938  11.1%  19.8 14165s
 42781525 4802222    0.02925   43   55    0.02644    0.02937  11.1%  19.8 14170s
 42797906 4801128     cutoff   36         0.02644    0.02937  11.1%  19.8 14175s
 42814562 4799931    0.02717   39   44    0.02644    0.02936  11.1%  19.8 14180s
 42825461 4799307     cutoff   49         0.02644    0.02936  11.0%  19.8 14185s
 42842499 4797857     cutoff   39         0.02644    0.02935  11.0%  19.8 14190s
 42860333 4796547    0.02836   37   56    0.02644    0.02935  11.0%  19.8 14195s
 42874971 4795650     cutoff   49         0.02644    0.02934  11.0%  19.8 14200s
 42893137 4794951    0.02836   39   56    0.02644    0.02934  11.0%  19.8 14205s
 42910949 4793660     cutoff   57         0.02644    0.02933  10.9%  19.8 14210s
 42927981 4792329    0.02730   69   43    0.02644    0.02933  10.9%  19.8 14215s
 42944422 4791130     cutoff   41         0.02644    0.02932  10.9%  19.8 14220s
 42961037 4789952     cutoff   38         0.02644    0.02931  10.9%  19.8 14225s
 42979403 4788426    0.02699   59   44    0.02644    0.02931  10.9%  19.8 14230s
 42997621 4787068     cutoff   44         0.02644    0.02930  10.8%  19.8 14235s
 43015799 4785768     cutoff   42         0.02644    0.02930  10.8%  19.8 14240s
 43033283 4784351 infeasible   54         0.02644    0.02929  10.8%  19.8 14246s
 43049283 4783559    0.02751   85   15    0.02644    0.02929  10.8%  19.8 14250s
 43064099 4784108     cutoff   83         0.02644    0.02928  10.8%  19.8 14255s
 43077913 4783841 infeasible   87         0.02644    0.02928  10.8%  19.8 14260s
 43094797 4782721     cutoff   42         0.02644    0.02928  10.7%  19.8 14265s
 43112993 4781692     cutoff   44         0.02644    0.02927  10.7%  19.8 14270s
 43124710 4780823    0.02738   36   51    0.02644    0.02927  10.7%  19.8 14275s
 43141680 4779821     cutoff   91         0.02644    0.02926  10.7%  19.8 14280s
 43156503 4778951     cutoff   82         0.02644    0.02926  10.7%  19.8 14285s
 43173039 4777976 infeasible   73         0.02644    0.02925  10.7%  19.8 14290s
 43191039 4776881     cutoff   39         0.02644    0.02925  10.6%  19.8 14295s
 43207896 4775710     cutoff   44         0.02644    0.02924  10.6%  19.8 14300s
 43226781 4774652    0.02857   42   51    0.02644    0.02924  10.6%  19.8 14305s
 43244466 4773368     cutoff   46         0.02644    0.02923  10.6%  19.8 14310s
 43262245 4772135    0.02678   50   58    0.02644    0.02923  10.5%  19.8 14315s
 43279033 4771527     cutoff   57         0.02644    0.02922  10.5%  19.8 14320s
 43297300 4770091     cutoff   53         0.02644    0.02922  10.5%  19.8 14325s
 43315721 4769107     cutoff  123         0.02644    0.02921  10.5%  19.8 14330s
 43332428 4767761    0.02743   71   32    0.02644    0.02921  10.5%  19.8 14335s
 43350762 4766904    0.02656   47   59    0.02644    0.02920  10.4%  19.8 14340s
 43368355 4766093     cutoff   48         0.02644    0.02920  10.4%  19.7 14345s
 43384747 4764767    0.02682   76   16    0.02644    0.02919  10.4%  19.7 14350s
 43400919 4763541    0.02716   48   54    0.02644    0.02919  10.4%  19.7 14355s
 43411120 4762697    0.02668   52   52    0.02644    0.02918  10.4%  19.7 14360s
 43429004 4761530     cutoff   39         0.02644    0.02918  10.4%  19.7 14365s
 43447619 4760057    0.02848   46   58    0.02644    0.02917  10.3%  19.7 14370s
 43460796 4759139     cutoff   50         0.02644    0.02917  10.3%  19.7 14375s
 43478105 4757794    0.02653   38   55    0.02644    0.02916  10.3%  19.7 14380s
 43495124 4756918     cutoff   41         0.02644    0.02915  10.3%  19.7 14385s
 43511849 4756206     cutoff   39         0.02644    0.02915  10.2%  19.7 14390s
 43528971 4755230    0.02734   40   64    0.02644    0.02914  10.2%  19.7 14395s
 43546723 4753948     cutoff   52         0.02644    0.02914  10.2%  19.7 14400s
 43564652 4753051    0.02851   48   55    0.02644    0.02913  10.2%  19.7 14405s
 43581899 4752478    0.02652   41   59    0.02644    0.02913  10.2%  19.7 14410s
 43598988 4751344    0.02790   41   52    0.02644    0.02912  10.1%  19.7 14415s
 43614473 4750702    0.02769   39   60    0.02644    0.02912  10.1%  19.7 14420s
 43632021 4749473     cutoff   41         0.02644    0.02911  10.1%  19.7 14425s
 43649325 4748350     cutoff   42         0.02644    0.02911  10.1%  19.7 14430s
 43666113 4747097    0.02889   38   54    0.02644    0.02910  10.1%  19.7 14435s
 43684668 4745781     cutoff   53         0.02644    0.02909  10.0%  19.7 14440s
 43702260 4744307     cutoff   39         0.02644    0.02909  10.0%  19.7 14445s
 43714769 4743651     cutoff   65         0.02644    0.02908  10.0%  19.7 14450s
 43731765 4742349     cutoff   40         0.02644    0.02908  10.0%  19.7 14455s
 43750592 4741433    0.02711   47   57    0.02644    0.02907  10.0%  19.7 14460s
 43766271 4740432     cutoff   39         0.02644    0.02907  9.94%  19.7 14465s
 43783684 4739546    0.02906   38   56    0.02644    0.02906  9.92%  19.7 14470s
 43801172 4738254     cutoff   42         0.02644    0.02906  9.90%  19.7 14475s
 43818547 4737175     cutoff   56         0.02644    0.02905  9.88%  19.7 14480s
 43835500 4736289     cutoff   67         0.02644    0.02904  9.85%  19.7 14485s
 43852940 4735099     cutoff   36         0.02644    0.02904  9.83%  19.7 14490s
 43869132 4733909     cutoff   49         0.02644    0.02903  9.81%  19.7 14495s
 43886105 4732537    0.02784   41   53    0.02644    0.02903  9.79%  19.7 14500s
 43903565 4731978     cutoff   52         0.02644    0.02902  9.77%  19.7 14505s
 43920320 4731442    0.02728   39   60    0.02644    0.02902  9.75%  19.7 14510s
 43938567 4730765    0.02689   73   24    0.02644    0.02901  9.73%  19.7 14515s
 43955766 4729543    0.02824   45   56    0.02644    0.02901  9.71%  19.7 14520s
 43969076 4728911    0.02838   44   56    0.02644    0.02900  9.69%  19.7 14525s
 43982911 4728245     cutoff   63         0.02644    0.02900  9.68%  19.7 14530s
 43999545 4726994    0.02714   35   55    0.02644    0.02899  9.65%  19.7 14535s
 44017614 4725855    0.02664   58   28    0.02644    0.02899  9.63%  19.7 14540s
 44036032 4725103     cutoff  108         0.02644    0.02898  9.61%  19.7 14545s
 44052313 4724640    0.02769   71   28    0.02644    0.02897  9.59%  19.7 14551s
 44066848 4723839     cutoff   46         0.02644    0.02897  9.57%  19.7 14555s
 44085683 4723018     cutoff   51         0.02644    0.02896  9.55%  19.7 14560s
 44102476 4722187     cutoff   40         0.02644    0.02896  9.53%  19.7 14565s
 44119306 4721297    0.02782   38   54    0.02644    0.02895  9.51%  19.7 14570s
 44137344 4719992    0.02866   45   56    0.02644    0.02895  9.49%  19.7 14575s
 44152477 4719049     cutoff   46         0.02644    0.02894  9.47%  19.7 14580s
 44170123 4717878    0.02679   40   53    0.02644    0.02894  9.44%  19.7 14585s
 44187326 4716846     cutoff   40         0.02644    0.02893  9.42%  19.7 14590s
 44204115 4715843    0.02728   65   24    0.02644    0.02892  9.40%  19.7 14595s
 44220323 4715481    0.02674   61   39    0.02644    0.02892  9.39%  19.7 14600s
 44235655 4714898     cutoff   46         0.02644    0.02892  9.37%  19.7 14605s
 44247152 4713906     cutoff   43         0.02644    0.02891  9.35%  19.7 14610s
 44259419 4713096    0.02866   44   62    0.02644    0.02891  9.34%  19.7 14615s
 44276160 4712554     cutoff   42         0.02644    0.02890  9.32%  19.7 14620s
 44294192 4712017    0.02866   69   35    0.02644    0.02890  9.30%  19.7 14625s
 44311325 4711101     cutoff   53         0.02644    0.02889  9.28%  19.7 14630s
 44328759 4710519    0.02728   76   27    0.02644    0.02889  9.26%  19.7 14635s
 44345674 4709883     cutoff   49         0.02644    0.02888  9.24%  19.7 14640s
 44363671 4709001    0.02737   38   52    0.02644    0.02888  9.22%  19.7 14645s
 44380951 4708042    0.02750  103    2    0.02644    0.02887  9.20%  19.7 14650s
 44396118 4706985     cutoff   55         0.02644    0.02887  9.18%  19.7 14655s
 44415616 4706072     cutoff   52         0.02644    0.02886  9.15%  19.7 14660s
 44433487 4705750    0.02718  110    2    0.02644    0.02885  9.13%  19.7 14665s
 44450359 4705281     cutoff   36         0.02644    0.02885  9.11%  19.7 14670s
 44468648 4704794    0.02655   47   52    0.02644    0.02884  9.09%  19.7 14675s
 44486184 4704052     cutoff   50         0.02644    0.02884  9.07%  19.7 14680s
 44503681 4704344    0.02683   38   59    0.02644    0.02883  9.05%  19.7 14685s
 44522155 4704815     cutoff   47         0.02644    0.02883  9.03%  19.7 14690s
 44533650 4705197    0.02646  113   11    0.02644    0.02882  9.02%  19.6 14695s
 44551594 4705091     cutoff   55         0.02644    0.02882  9.00%  19.6 14700s
 44566772 4705342     cutoff   49         0.02644    0.02881  8.98%  19.6 14705s
 44586027 4705349    0.02810   42   52    0.02644    0.02881  8.96%  19.6 14710s
 44597536 4705328     cutoff   48         0.02644    0.02880  8.95%  19.6 14715s
 44616200 4704432    0.02875   33   55    0.02644    0.02880  8.92%  19.6 14720s
 44632852 4703987     cutoff   48         0.02644    0.02879  8.91%  19.6 14725s
 44644587 4704162     cutoff   32         0.02644    0.02879  8.89%  19.6 14730s
 44663649 4703462     cutoff   38         0.02644    0.02878  8.87%  19.6 14735s
 44680338 4703231     cutoff   64         0.02644    0.02878  8.85%  19.6 14740s
 44693711 4702904    0.02655   81    5    0.02644    0.02877  8.83%  19.6 14745s
 44710341 4702627     cutoff   43         0.02644    0.02877  8.81%  19.6 14750s
 44720255 4702268     cutoff   71         0.02644    0.02877  8.80%  19.6 14755s
 44735851 4701528     cutoff   57         0.02644    0.02876  8.78%  19.6 14760s
 44752703 4700435    0.02649   91   11    0.02644    0.02876  8.76%  19.6 14765s
 44769468 4699891     cutoff   74         0.02644    0.02875  8.74%  19.6 14770s
 44786623 4699380    0.02798   47   52    0.02644    0.02874  8.72%  19.6 14775s
 44803362 4699228    0.02656   70   26    0.02644    0.02874  8.70%  19.6 14780s
 44820233 4698850    0.02810   44   57    0.02644    0.02873  8.68%  19.6 14785s
 44837324 4699230     cutoff   48         0.02644    0.02873  8.66%  19.6 14790s
 44851475 4699312     cutoff   37         0.02644    0.02873  8.65%  19.6 14795s
 44867662 4699068     cutoff   45         0.02644    0.02872  8.63%  19.6 14800s
 44884295 4698865     cutoff   65         0.02644    0.02872  8.61%  19.6 14805s
 44900328 4698623     cutoff   40         0.02644    0.02871  8.59%  19.6 14810s
 44917020 4698499    0.02816   38   54    0.02644    0.02871  8.57%  19.6 14815s
 44933894 4699091    0.02678   53   39    0.02644    0.02870  8.55%  19.6 14820s
 44950974 4698940     cutoff   44         0.02644    0.02870  8.54%  19.6 14825s
 44967815 4698853    0.02770   48   48    0.02644    0.02869  8.52%  19.6 14830s
 44981571 4698449     cutoff   41         0.02644    0.02869  8.50%  19.6 14835s
 45000208 4697976     cutoff   46         0.02644    0.02868  8.48%  19.6 14840s
 45008159 4697712     cutoff   44         0.02644    0.02868  8.47%  19.6 14845s
 45025666 4697369    0.02682  104    2    0.02644    0.02867  8.45%  19.6 14850s
 45043765 4697228     cutoff   38         0.02644    0.02867  8.43%  19.6 14855s
 45062024 4697796     cutoff   50         0.02644    0.02866  8.41%  19.6 14860s
 45079485 4697771    0.02779   56   46    0.02644    0.02866  8.39%  19.6 14865s
 45093120 4697772     cutoff   46         0.02644    0.02865  8.37%  19.6 14870s
 45111459 4697396    0.02645   40   52    0.02644    0.02865  8.35%  19.6 14875s
 45127471 4697272 infeasible   42         0.02644    0.02864  8.34%  19.6 14880s
 45144263 4696639     cutoff   49         0.02644    0.02864  8.32%  19.6 14885s
 45158618 4696382    0.02731   53   53    0.02644    0.02863  8.30%  19.6 14890s
 45175213 4696469    0.02717   56   45    0.02644    0.02863  8.28%  19.6 14895s
 45192312 4696795    0.02717   92   10    0.02644    0.02862  8.26%  19.6 14900s
 45206301 4697338    0.02774   45   54    0.02644    0.02862  8.25%  19.6 14905s
 45223265 4697096     cutoff   39         0.02644    0.02862  8.23%  19.6 14910s
 45240823 4697597    0.02675  107   17    0.02644    0.02861  8.21%  19.6 14915s
 45255841 4700108     cutoff   55         0.02644    0.02861  8.20%  19.6 14920s
 45272564 4701427     cutoff   41         0.02644    0.02860  8.19%  19.6 14925s
 45290863 4707458     cutoff   63         0.02644    0.02860  8.18%  19.6 14930s
 45307650 4707836     cutoff   40         0.02644    0.02860  8.17%  19.6 14935s
 45320477 4708561    0.02789   37   53    0.02644    0.02859  8.15%  19.5 14940s
 45336154 4709647    0.02705   48   57    0.02644    0.02859  8.14%  19.5 14945s
 45352345 4711079 infeasible  106         0.02644    0.02859  8.13%  19.5 14950s
 45369153 4716836    0.02682  133    1    0.02644    0.02859  8.12%  19.5 14955s
 45386361 4722853    0.02721   46   53    0.02644    0.02859  8.12%  19.5 14960s
 45403914 4729033    0.02686  111   20    0.02644    0.02858  8.12%  19.5 14965s
 45421447 4735712     cutoff   42         0.02644    0.02858  8.11%  19.5 14970s
 45438516 4742479    0.02673  123    9    0.02644    0.02858  8.11%  19.5 14975s
 45455684 4749830    0.02688   44   54    0.02644    0.02858  8.11%  19.5 14980s
 45472509 4754624    0.02676  109   12    0.02644    0.02858  8.10%  19.5 14985s
 45489585 4757193    0.02700   77   27    0.02644    0.02858  8.09%  19.5 14990s
 45504620 4758589     cutoff   47         0.02644    0.02857  8.08%  19.5 14995s
 45521294 4760726    0.02660  104    1    0.02644    0.02857  8.07%  19.5 15000s
 45536544 4762867    0.02672  126    1    0.02644    0.02857  8.06%  19.5 15005s
 45548482 4765297    0.02678  116   12    0.02644    0.02857  8.05%  19.5 15010s
 45566147 4767592    0.02724   53   46    0.02644    0.02856  8.04%  19.5 15015s
 45581584 4769802    0.02712   44   54    0.02644    0.02856  8.03%  19.5 15020s
 45596433 4772283    0.02679  124    1    0.02644    0.02856  8.02%  19.5 15025s
 45612320 4775858     cutoff   96         0.02644    0.02856  8.02%  19.5 15030s
 45624685 4777373     cutoff  117         0.02644    0.02856  8.01%  19.5 15035s
 45637443 4778893    0.02656   94   14    0.02644    0.02855  8.00%  19.5 15040s
 45649639 4780939     cutoff   71         0.02644    0.02855  7.99%  19.5 15045s
 45666423 4784583 infeasible  116         0.02644    0.02855  7.99%  19.5 15050s
 45682274 4788425    0.02678  117    9    0.02644    0.02855  7.98%  19.5 15055s
 45695610 4792318     cutoff   96         0.02644    0.02855  7.98%  19.5 15060s
 45713125 4797596    0.02682  128    7    0.02644    0.02855  7.98%  19.5 15065s
 45725973 4800868     cutoff   96         0.02644    0.02855  7.98%  19.4 15070s
 45738478 4804861    0.02682  131    3    0.02644    0.02855  7.97%  19.4 15075s
 45754544 4809236    0.02680  118   10    0.02644    0.02855  7.97%  19.4 15080s
 45772470 4815117    0.02682  114    9    0.02644    0.02855  7.97%  19.4 15085s
 45785544 4818173    0.02801   62   21    0.02644    0.02854  7.96%  19.4 15090s
 45801326 4821838     cutoff  130         0.02644    0.02854  7.96%  19.4 15095s
 45817485 4824888    0.02840   36   59    0.02644    0.02854  7.96%  19.4 15100s
 45833914 4829313    0.02682  133    3    0.02644    0.02854  7.95%  19.4 15105s
 45846875 4831652 infeasible  104         0.02644    0.02854  7.95%  19.4 15110s
 45863795 4834979    0.02681  126   11    0.02644    0.02854  7.94%  19.4 15115s
 45879847 4838072    0.02684   39   55    0.02644    0.02854  7.94%  19.4 15120s
 45894041 4838777     cutoff   96         0.02644    0.02854  7.93%  19.4 15125s
 45908761 4841415     cutoff  111         0.02644    0.02853  7.92%  19.4 15130s
 45919106 4843109    0.02679  123    3    0.02644    0.02853  7.92%  19.4 15135s
 45934296 4845760    0.02720   50   54    0.02644    0.02853  7.91%  19.4 15140s
 45950088 4848515    0.02680  131    4    0.02644    0.02853  7.91%  19.4 15145s
 45964851 4849665     cutoff   42         0.02644    0.02853  7.90%  19.4 15150s
 45975304 4849494    0.02852   90    9    0.02644    0.02853  7.90%  19.4 15155s
 45989485 4849533 infeasible   95         0.02644    0.02852  7.89%  19.4 15160s
 46002972 4849532    0.02852   94    4    0.02644    0.02852  7.88%  19.4 15165s
 46014586 4849781 infeasible   96         0.02644    0.02852  7.88%  19.4 15170s
 46028705 4849915 infeasible   95         0.02644    0.02852  7.88%  19.4 15175s
 46040556 4850086 infeasible   94         0.02644    0.02852  7.88%  19.4 15180s
 46053514 4850372    0.02736   47   57    0.02644    0.02852  7.87%  19.4 15185s
 46065268 4850437 infeasible   96         0.02644    0.02852  7.87%  19.4 15190s
 46076974 4850485    0.02726  109    1    0.02644    0.02852  7.87%  19.4 15195s
 46092742 4850370 infeasible   92         0.02644    0.02852  7.86%  19.4 15200s
 46107409 4849945    0.02682  113   15    0.02644    0.02852  7.86%  19.4 15205s
 46118814 4849524     cutoff   92         0.02644    0.02852  7.86%  19.4 15210s
 46136507 4849525     cutoff  120         0.02644    0.02851  7.85%  19.3 15215s
 46150881 4849199    0.02709   64   46    0.02644    0.02851  7.85%  19.3 15220s
 46166376 4849497    0.02665   86   16    0.02644    0.02851  7.84%  19.3 15225s
 46180893 4848894     cutoff  100         0.02644    0.02851  7.83%  19.3 15230s
 46196329 4848312     cutoff   39         0.02644    0.02851  7.82%  19.3 15235s
 46207018 4847979    0.02671   46   53    0.02644    0.02851  7.82%  19.3 15240s
 46221874 4848037    0.02679  107   22    0.02644    0.02850  7.81%  19.3 15245s
 46235898 4847786    0.02651   98   14    0.02644    0.02850  7.80%  19.3 15250s
 46246994 4848081 infeasible   94         0.02644    0.02850  7.79%  19.3 15255s
 46263069 4847429     cutoff   80         0.02644    0.02850  7.78%  19.3 15260s
 46276854 4847492     cutoff   95         0.02644    0.02849  7.77%  19.3 15265s
 46290666 4846968     cutoff  111         0.02644    0.02849  7.76%  19.3 15270s
 46304740 4847226     cutoff   98         0.02644    0.02849  7.76%  19.3 15275s
 46318382 4847456 infeasible   94         0.02644    0.02849  7.76%  19.3 15280s
 46332309 4848054    0.02725  119    5    0.02644    0.02849  7.76%  19.3 15285s
 46346914 4849124    0.02650   99   14    0.02644    0.02849  7.75%  19.3 15290s
 46360949 4849641    0.02650   98   16    0.02644    0.02849  7.75%  19.3 15295s
 46376637 4849905     cutoff  118         0.02644    0.02849  7.75%  19.3 15300s
 46390282 4850384    0.02849  127    3    0.02644    0.02849  7.75%  19.3 15305s
 46402599 4850485     cutoff   50         0.02644    0.02849  7.75%  19.3 15310s
 46415876 4850458     cutoff  114         0.02644    0.02849  7.74%  19.3 15315s
 46429429 4850520     cutoff   40         0.02644    0.02849  7.74%  19.3 15320s
 46441423 4850188 infeasible  121         0.02644    0.02848  7.74%  19.3 15325s
 46458824 4850941    0.02738  124    4    0.02644    0.02848  7.74%  19.3 15330s
 46472377 4850645     cutoff   84         0.02644    0.02848  7.73%  19.3 15336s
 46486151 4850873     cutoff   45         0.02644    0.02848  7.73%  19.3 15340s
 46500439 4851025 infeasible  121         0.02644    0.02848  7.73%  19.3 15345s
 46511277 4851042     cutoff  123         0.02644    0.02848  7.72%  19.3 15350s
 46526065 4850393     cutoff  123         0.02644    0.02848  7.72%  19.3 15355s
 46540321 4849988     cutoff  121         0.02644    0.02848  7.71%  19.3 15360s
 46554868 4849257     cutoff   92         0.02644    0.02848  7.70%  19.3 15365s
 46568490 4848748    0.02742   34   63    0.02644    0.02847  7.69%  19.3 15370s
 46581134 4848442    0.02753   90   13    0.02644    0.02847  7.69%  19.3 15375s
 46597108 4848122    0.02705   73   31    0.02644    0.02847  7.68%  19.3 15380s
 46607074 4847928     cutoff   65         0.02644    0.02847  7.67%  19.3 15385s
 46622743 4847402    0.02751   42   54    0.02644    0.02847  7.67%  19.2 15390s
 46639019 4847089    0.02846   32   55    0.02644    0.02846  7.66%  19.2 15395s
 46654333 4847301 infeasible  120         0.02644    0.02846  7.65%  19.2 15400s
 46670075 4847350    0.02846  120    6    0.02644    0.02846  7.65%  19.2 15405s
 46685555 4847548    0.02678  104   24    0.02644    0.02846  7.64%  19.2 15410s
 46697109 4847679     cutoff  125         0.02644    0.02846  7.64%  19.2 15415s
 46709247 4847945    0.02846   99   16    0.02644    0.02846  7.63%  19.2 15420s
 46722659 4848375    0.02845  105   10    0.02644    0.02846  7.63%  19.2 15425s
 46734908 4848619    0.02845  108    5    0.02644    0.02846  7.63%  19.2 15430s
 46747562 4848608     cutoff  108         0.02644    0.02846  7.63%  19.2 15435s
 46759668 4848208     cutoff  113         0.02644    0.02845  7.62%  19.2 15440s
 46770499 4847958    0.02845  103   10    0.02644    0.02845  7.62%  19.2 15445s
 46783179 4847904    0.02843   47   53    0.02644    0.02845  7.62%  19.2 15450s
 46794039 4847791    0.02845   95    8    0.02644    0.02845  7.62%  19.2 15455s
 46803559 4847852     cutoff   99         0.02644    0.02845  7.62%  19.2 15460s
 46812770 4847875     cutoff  101         0.02644    0.02845  7.61%  19.2 15465s
 46823500 4847832 infeasible   98         0.02644    0.02845  7.61%  19.2 15470s
 46832985 4848080     cutoff   97         0.02644    0.02845  7.61%  19.2 15475s
 46843597 4848437     cutoff  110         0.02644    0.02845  7.61%  19.2 15480s
 46850684 4848603    0.02678  111   14    0.02644    0.02845  7.61%  19.2 15485s
 46862383 4848517    0.02747   88   16    0.02644    0.02845  7.61%  19.2 15490s
 46874944 4848513    0.02845   96   15    0.02644    0.02845  7.60%  19.2 15495s
 46886620 4848554 infeasible  105         0.02644    0.02845  7.60%  19.2 15500s
 46900252 4848708     cutoff  108         0.02644    0.02845  7.60%  19.2 15505s
 46914541 4849045    0.02677  112   14    0.02644    0.02845  7.60%  19.2 15510s
 46927031 4849065    0.02845   96    9    0.02644    0.02845  7.60%  19.2 15515s
 46937236 4849330 infeasible   52         0.02644    0.02845  7.60%  19.2 15520s
 46945373 4849536 infeasible  104         0.02644    0.02845  7.59%  19.2 15525s
 46952640 4849590     cutoff   62         0.02644    0.02845  7.59%  19.2 15530s
 46964708 4849906    0.02845  101    4    0.02644    0.02845  7.59%  19.2 15535s
 46977124 4850002 infeasible   94         0.02644    0.02845  7.59%  19.2 15540s
 46988160 4850399     cutoff   93         0.02644    0.02844  7.59%  19.2 15545s
 47000596 4850333    0.02844   85    9    0.02644    0.02844  7.58%  19.2 15550s
 47012111 4850299    0.02844   90    4    0.02644    0.02844  7.58%  19.2 15555s
 47024832 4850278    0.02692  117   15    0.02644    0.02844  7.58%  19.2 15560s
 47037325 4850126    0.02842   81   15    0.02644    0.02844  7.58%  19.2 15565s
 47048062 4850222     cutoff   91         0.02644    0.02844  7.58%  19.2 15570s
 47060438 4850603     cutoff   94         0.02644    0.02844  7.57%  19.2 15575s
 47066218 4850570    0.02791   44   46    0.02644    0.02844  7.57%  19.2 15580s
 47078979 4850738    0.02653  120    6    0.02644    0.02844  7.57%  19.2 15585s
 47089124 4851054     cutoff   39         0.02644    0.02844  7.57%  19.2 15590s
 47101427 4850928     cutoff   92         0.02644    0.02844  7.57%  19.2 15595s
 47113938 4851036     cutoff   51         0.02644    0.02844  7.57%  19.2 15600s
 47126921 4851215    0.02844   95    3    0.02644    0.02844  7.57%  19.2 15605s
 47140571 4851326    0.02844   99    8    0.02644    0.02844  7.56%  19.2 15610s
 47153408 4851305     cutoff   93         0.02644    0.02844  7.56%  19.2 15615s
 47166736 4851586    0.02843   90    7    0.02644    0.02844  7.56%  19.1 15620s
 47177035 4851761 infeasible   99         0.02644    0.02844  7.56%  19.1 15625s
 47191554 4852172    0.02843   98    4    0.02644    0.02844  7.56%  19.1 15630s
 47203501 4852066 infeasible   99         0.02644    0.02844  7.56%  19.1 15635s
 47217283 4852164     cutoff   99         0.02644    0.02844  7.56%  19.1 15640s
 47227429 4852217    0.02844   94    4    0.02644    0.02844  7.56%  19.1 15645s
 47240148 4852357     cutoff   96         0.02644    0.02844  7.55%  19.1 15650s
 47250674 4852475     cutoff   94         0.02644    0.02844  7.55%  19.1 15655s
 47261437 4852684    0.02769   47   55    0.02644    0.02844  7.55%  19.1 15660s
 47273553 4852819     cutoff  100         0.02644    0.02844  7.55%  19.1 15665s
 47287347 4852935    0.02843   91    7    0.02644    0.02844  7.55%  19.1 15670s
 47298367 4852942     cutoff   79         0.02644    0.02843  7.55%  19.1 15675s
 47311669 4853248    0.02843  100    4    0.02644    0.02843  7.55%  19.1 15680s
 47324871 4853528     cutoff   39         0.02644    0.02843  7.55%  19.1 15685s
 47339040 4853737 infeasible  101         0.02644    0.02843  7.55%  19.1 15690s
 47347426 4853778    0.02843   91    5    0.02644    0.02843  7.55%  19.1 15695s
 47359364 4854253    0.02843   96    9    0.02644    0.02843  7.55%  19.1 15700s
 47363335 4854441     cutoff  114         0.02644    0.02843  7.55%  19.1 15705s
 47365708 4854509     cutoff  101         0.02644    0.02843  7.55%  19.1 15710s
 47378877 4854644    0.02843   93    4    0.02644    0.02843  7.54%  19.1 15715s
 47392911 4854682 infeasible   96         0.02644    0.02843  7.54%  19.1 15720s
 47407933 4854918 infeasible   94         0.02644    0.02843  7.54%  19.1 15725s
 47419231 4854902 infeasible   92         0.02644    0.02843  7.54%  19.1 15730s
 47433736 4854991 infeasible   94         0.02644    0.02843  7.54%  19.1 15735s
 47447723 4855080 infeasible   97         0.02644    0.02843  7.54%  19.1 15740s
 47461503 4855165     cutoff   93         0.02644    0.02843  7.54%  19.1 15745s
 47476099 4855376 infeasible   98         0.02644    0.02843  7.54%  19.1 15750s
 47490510 4855438    0.02702   95   11    0.02644    0.02843  7.54%  19.1 15755s
 47504408 4855463    0.02843   95    5    0.02644    0.02843  7.54%  19.1 15760s
 47517118 4855514    0.02703   94   11    0.02644    0.02843  7.54%  19.1 15765s
 47530965 4855993    0.02702   94   11    0.02644    0.02843  7.54%  19.1 15770s
 47542753 4856292     cutoff   41         0.02644    0.02843  7.54%  19.1 15775s
 47556870 4856600     cutoff   94         0.02644    0.02843  7.53%  19.1 15780s
 47571841 4856997     cutoff   97         0.02644    0.02843  7.53%  19.1 15785s
 47585777 4857241     cutoff   56         0.02644    0.02843  7.53%  19.1 15790s
 47600134 4857706    0.02843   91    5    0.02644    0.02843  7.53%  19.1 15795s
 47614612 4857872     cutoff   99         0.02644    0.02843  7.53%  19.1 15800s
 47630221 4858267    0.02841   98    4    0.02644    0.02843  7.53%  19.1 15805s
 47645068 4858439    0.02843   98    6    0.02644    0.02843  7.53%  19.1 15810s
 47660042 4858646     cutoff   97         0.02644    0.02843  7.53%  19.1 15815s
 47674971 4858886 infeasible   94         0.02644    0.02843  7.53%  19.1 15820s
 47689829 4859280    0.02743   78   16    0.02644    0.02843  7.53%  19.1 15825s
 47704289 4859675    0.02703   99    8    0.02644    0.02843  7.53%  19.1 15830s
 47718546 4860070     cutoff   91         0.02644    0.02843  7.53%  19.0 15835s
 47733478 4860226     cutoff  100         0.02644    0.02843  7.53%  19.0 15840s
 47748442 4860398     cutoff   99         0.02644    0.02843  7.52%  19.0 15845s
 47763599 4860570    0.02696  102    8    0.02644    0.02843  7.52%  19.0 15850s
 47778225 4860628    0.02734   95   15    0.02644    0.02843  7.52%  19.0 15855s
 47790554 4860712     cutoff   89         0.02644    0.02843  7.52%  19.0 15860s
 47806774 4860964    0.02843   98   10    0.02644    0.02843  7.52%  19.0 15865s
 47822777 4861045     cutoff  100         0.02644    0.02843  7.52%  19.0 15870s
 47838221 4861062     cutoff   92         0.02644    0.02843  7.52%  19.0 15875s
 47852526 4861396    0.02843  100    5    0.02644    0.02843  7.52%  19.0 15880s
 47867820 4861589 infeasible   96         0.02644    0.02843  7.52%  19.0 15885s
 47879474 4861769    0.02701  105    8    0.02644    0.02843  7.52%  19.0 15890s
 47894339 4861844    0.02668   40   53    0.02644    0.02843  7.52%  19.0 15895s
 47909678 4862278 infeasible   98         0.02644    0.02843  7.52%  19.0 15900s
 47925794 4862356 infeasible  102         0.02644    0.02843  7.52%  19.0 15905s
 47942464 4862731 infeasible   96         0.02644    0.02843  7.52%  19.0 15910s
 47957317 4862967    0.02729   96   11    0.02644    0.02843  7.52%  19.0 15915s
 47972720 4863047     cutoff   49         0.02644    0.02843  7.52%  19.0 15920s
 47988681 4863320 infeasible   94         0.02644    0.02843  7.51%  19.0 15925s
 48003785 4863601     cutoff   43         0.02644    0.02843  7.51%  19.0 15930s
 48018833 4863906 infeasible   97         0.02644    0.02843  7.51%  19.0 15935s
 48035349 4864028    0.02842   95   11    0.02644    0.02843  7.51%  19.0 15940s
 48051704 4864214    0.02709  102    8    0.02644    0.02842  7.51%  19.0 15945s
 48063692 4864343    0.02703   95    8    0.02644    0.02842  7.51%  19.0 15950s
 48080003 4865124 infeasible   99         0.02644    0.02842  7.51%  19.0 15955s
 48096826 4865518    0.02842   93    4    0.02644    0.02842  7.51%  19.0 15960s
 48112268 4865628 infeasible   93         0.02644    0.02842  7.51%  19.0 15965s
 48128818 4865727    0.02735   97    9    0.02644    0.02842  7.51%  19.0 15970s
 48145459 4865910    0.02842   93    9    0.02644    0.02842  7.51%  19.0 15975s
 48159282 4865936    0.02842   95   15    0.02644    0.02842  7.51%  19.0 15980s
 48174527 4866042 infeasible   90         0.02644    0.02842  7.51%  19.0 15985s
 48190990 4866360     cutoff   98         0.02644    0.02842  7.50%  19.0 15990s
 48206204 4866709    0.02842   93    4    0.02644    0.02842  7.50%  18.9 15995s
 48220921 4867078 infeasible   53         0.02644    0.02842  7.50%  18.9 16000s
 48234912 4867240    0.02842   94    8    0.02644    0.02842  7.50%  18.9 16005s
 48249461 4867351 infeasible   96         0.02644    0.02842  7.50%  18.9 16010s
 48262798 4867200 infeasible  101         0.02644    0.02842  7.50%  18.9 16015s
 48275093 4867542 infeasible   95         0.02644    0.02842  7.50%  18.9 16020s
 48290020 4867593    0.02842   96    4    0.02644    0.02842  7.50%  18.9 16025s
 48304356 4867717 infeasible  100         0.02644    0.02842  7.50%  18.9 16030s
 48318057 4867462    0.02842   97    5    0.02644    0.02842  7.50%  18.9 16035s
 48331276 4867419    0.02842   98    7    0.02644    0.02842  7.49%  18.9 16040s
 48340529 4867419 infeasible  100         0.02644    0.02842  7.49%  18.9 16045s
 48349042 4867576    0.02666   93   13    0.02644    0.02842  7.49%  18.9 16051s
 48350092 4867633     cutoff  102         0.02644    0.02842  7.49%  18.9 16055s
 48362712 4868014 infeasible  104         0.02644    0.02842  7.49%  18.9 16060s
 48366326 4868193     cutoff   97         0.02644    0.02842  7.49%  18.9 16065s
 48377936 4868050    0.02687   42   53    0.02644    0.02842  7.49%  18.9 16070s
 48391154 4868179    0.02842  100    8    0.02644    0.02842  7.49%  18.9 16075s
 48396405 4868107    0.02842   94    8    0.02644    0.02842  7.49%  18.9 16080s
 48410760 4868380 infeasible  100         0.02644    0.02842  7.48%  18.9 16085s
 48421976 4868506     cutoff  104         0.02644    0.02842  7.48%  18.9 16090s
 48432585 4868815     cutoff   37         0.02644    0.02842  7.48%  18.9 16095s
 48444958 4869380    0.02669   45   37    0.02644    0.02842  7.48%  18.9 16100s
 48457423 4870056    0.02684   89   11    0.02644    0.02841  7.47%  18.9 16105s
 48472695 4870776    0.02720   95   17    0.02644    0.02841  7.47%  18.9 16110s
 48487271 4870615     cutoff   90         0.02644    0.02841  7.47%  18.9 16115s
 48499033 4870467    0.02841   97    4    0.02644    0.02841  7.47%  18.9 16120s
 48509129 4870258 infeasible   99         0.02644    0.02841  7.47%  18.9 16125s
 48517345 4870262     cutoff  109         0.02644    0.02841  7.46%  18.9 16130s
 48527321 4870306     cutoff   94         0.02644    0.02841  7.46%  18.9 16135s
 48535011 4870311    0.02653   42   51    0.02644    0.02841  7.46%  18.9 16140s
 48544473 4870593     cutoff   44         0.02644    0.02841  7.45%  18.9 16145s
 48549046 4870627     cutoff   46         0.02644    0.02841  7.45%  18.9 16150s
 48558327 4871046    0.02840   99    8    0.02644    0.02841  7.45%  18.9 16155s
 48565596 4870836     cutoff   45         0.02644    0.02841  7.44%  18.9 16160s
 48575488 4870764     cutoff   61         0.02644    0.02841  7.44%  18.9 16165s
 48584542 4870157 infeasible  122         0.02644    0.02840  7.43%  18.9 16170s
 48592040 4870132    0.02788   77   32    0.02644    0.02840  7.43%  18.9 16175s
 48597578 4869780    0.02840   93    8    0.02644    0.02840  7.42%  18.9 16180s
 48607633 4868904     cutoff   35         0.02644    0.02840  7.42%  18.9 16185s
 48617080 4868538     cutoff   44         0.02644    0.02840  7.42%  18.9 16190s
 48627035 4868875     cutoff   46         0.02644    0.02840  7.41%  18.9 16195s
 48635305 4869115    0.02840   95    4    0.02644    0.02840  7.41%  18.9 16200s
 48636762 4869135    0.02737   97   12    0.02644    0.02840  7.41%  18.9 16205s
 48638895 4869101    0.02674  110   18    0.02644    0.02840  7.41%  18.9 16210s
 48648745 4869143    0.02672   58   52    0.02644    0.02840  7.41%  18.9 16215s
 48658918 4869209    0.02659   38   50    0.02644    0.02840  7.40%  18.9 16220s
 48664811 4869264     cutoff  111         0.02644    0.02839  7.40%  18.9 16225s
 48668709 4869346     cutoff   48         0.02644    0.02839  7.39%  18.9 16230s
 48672340 4869319    0.02674  118   15    0.02644    0.02839  7.39%  18.9 16236s
 48678387 4869744 infeasible   97         0.02644    0.02839  7.39%  18.9 16240s
 48687139 4869778    0.02688   45   55    0.02644    0.02839  7.39%  18.9 16245s
 48697211 4869905    0.02787   83   33    0.02644    0.02839  7.38%  18.9 16250s
 48701976 4869919     cutoff   40         0.02644    0.02839  7.38%  18.9 16255s
 48703711 4869944    0.02726   52   57    0.02644    0.02839  7.38%  18.9 16260s
 48712018 4870310    0.02822   42   52    0.02644    0.02839  7.38%  18.9 16265s
 48722573 4870168    0.02756   64   41    0.02644    0.02839  7.37%  18.9 16270s
 48730089 4870443    0.02832   54   40    0.02644    0.02839  7.37%  18.9 16275s
 48740506 4870669     cutoff   99         0.02644    0.02839  7.37%  18.8 16280s
 48754408 4870849    0.02767   68   21    0.02644    0.02838  7.36%  18.8 16285s
 48768018 4871580    0.02691   84   24    0.02644    0.02838  7.35%  18.8 16290s
 48779062 4872238 infeasible  104         0.02644    0.02838  7.35%  18.8 16295s
 48791641 4872313 infeasible  102         0.02644    0.02838  7.35%  18.8 16300s
 48803818 4872593    0.02838  102    7    0.02644    0.02838  7.34%  18.8 16305s
 48814993 4872537    0.02694   45   54    0.02644    0.02838  7.34%  18.8 16310s
 48827464 4872728    0.02838   98    4    0.02644    0.02838  7.34%  18.8 16315s
 48835866 4872991    0.02812  100   10    0.02644    0.02838  7.34%  18.8 16320s
 48846082 4873393 infeasible   98         0.02644    0.02838  7.34%  18.8 16325s
 48859322 4873408    0.02838  101    5    0.02644    0.02838  7.33%  18.8 16330s
 48871407 4873911     cutoff  100         0.02644    0.02838  7.33%  18.8 16335s
 48883969 4874276 infeasible  107         0.02644    0.02838  7.33%  18.8 16340s
 48894295 4874676 infeasible   97         0.02644    0.02838  7.33%  18.8 16345s
 48906250 4874802    0.02838   99    7    0.02644    0.02838  7.33%  18.8 16350s
 48916879 4875049    0.02838   98   10    0.02644    0.02838  7.33%  18.8 16355s
 48930600 4875221    0.02708  101    9    0.02644    0.02838  7.33%  18.8 16360s
 48942105 4875239    0.02837   94   12    0.02644    0.02838  7.33%  18.8 16365s
 48954569 4875248    0.02837   94   14    0.02644    0.02838  7.32%  18.8 16370s
 48965446 4875325     cutoff   36         0.02644    0.02837  7.32%  18.8 16375s
 48978079 4875217 infeasible  109         0.02644    0.02837  7.32%  18.8 16380s
 48991369 4875235    0.02766   37   50    0.02644    0.02837  7.32%  18.8 16386s
 48992359 4875249    0.02811  105   10    0.02644    0.02837  7.32%  18.8 16390s
 49000396 4875221    0.02837   93   10    0.02644    0.02837  7.32%  18.8 16395s
 49013946 4875829    0.02837   99    5    0.02644    0.02837  7.32%  18.8 16400s
 49025988 4875804     cutoff  107         0.02644    0.02837  7.32%  18.8 16405s
 49039815 4875799     cutoff  103         0.02644    0.02837  7.32%  18.8 16410s
 49050240 4875831    0.02837   95    4    0.02644    0.02837  7.31%  18.8 16415s
 49061852 4875674     cutoff   97         0.02644    0.02837  7.31%  18.8 16420s
 49073273 4875487 infeasible   99         0.02644    0.02837  7.31%  18.8 16425s
 49082858 4875557     cutoff  105         0.02644    0.02837  7.31%  18.8 16430s
 49090472 4875601    0.02837   98    5    0.02644    0.02837  7.31%  18.8 16435s
 49102742 4875832    0.02837  100    8    0.02644    0.02837  7.31%  18.8 16440s
 49113267 4875835    0.02837   98    4    0.02644    0.02837  7.30%  18.8 16445s
 49121026 4875642     cutoff   47         0.02644    0.02837  7.30%  18.8 16450s
 49131924 4876169    0.02837   98    5    0.02644    0.02837  7.30%  18.8 16455s
 49142479 4876303 infeasible  102         0.02644    0.02837  7.30%  18.8 16460s
 49152669 4876301 infeasible   96         0.02644    0.02837  7.30%  18.8 16465s
 49164195 4876170     cutoff   98         0.02644    0.02837  7.29%  18.8 16470s
 49176153 4876105     cutoff   57         0.02644    0.02837  7.29%  18.8 16475s
 49188203 4876244    0.02666  112   11    0.02644    0.02837  7.29%  18.8 16480s
 49199912 4876058     cutoff   40         0.02644    0.02837  7.29%  18.8 16485s
 49213306 4876153    0.02705   99    9    0.02644    0.02836  7.28%  18.8 16490s
 49224747 4876212    0.02673  113   16    0.02644    0.02836  7.28%  18.8 16495s
 49239700 4876348    0.02701  108    5    0.02644    0.02836  7.28%  18.8 16500s
 49253358 4876088 infeasible  102         0.02644    0.02836  7.27%  18.8 16505s
 49267519 4876075    0.02836   92   11    0.02644    0.02836  7.26%  18.8 16510s
 49281836 4876362    0.02836  115    8    0.02644    0.02836  7.26%  18.8 16515s
 49296338 4876754    0.02713   71   28    0.02644    0.02836  7.25%  18.8 16520s
 49310360 4876812     cutoff   38         0.02644    0.02835  7.24%  18.7 16525s
 49324754 4877942 infeasible   97         0.02644    0.02835  7.24%  18.7 16530s
 49339511 4881002     cutoff   48         0.02644    0.02835  7.24%  18.7 16535s
 49353870 4880893    0.02692   42   57    0.02644    0.02835  7.23%  18.7 16540s
 49367240 4881130     cutoff   74         0.02644    0.02835  7.23%  18.7 16545s
 49378200 4880874    0.02673  111   15    0.02644    0.02835  7.23%  18.7 16550s
 49391453 4880955    0.02672   48   62    0.02644    0.02835  7.22%  18.7 16555s
 49406626 4880922     cutoff   41         0.02644    0.02835  7.22%  18.7 16560s
 49418311 4880655    0.02835   94   10    0.02644    0.02835  7.22%  18.7 16565s
 49431871 4880458    0.02680  113   15    0.02644    0.02835  7.21%  18.7 16570s
 49442435 4879962    0.02664  114   10    0.02644    0.02835  7.21%  18.7 16575s
 49455827 4879689    0.02662  102    8    0.02644    0.02834  7.21%  18.7 16580s
 49468536 4879136 infeasible  113         0.02644    0.02834  7.21%  18.7 16585s
 49480268 4878580 infeasible  100         0.02644    0.02834  7.21%  18.7 16590s
 49492457 4878306    0.02680  113   15    0.02644    0.02834  7.20%  18.7 16595s
 49502691 4877942    0.02664  114   10    0.02644    0.02834  7.20%  18.7 16600s
 49516087 4877310    0.02716   52   50    0.02644    0.02834  7.20%  18.7 16605s
 49530406 4876868    0.02664  117   10    0.02644    0.02834  7.20%  18.7 16610s
 49544139 4876355     cutoff  104         0.02644    0.02834  7.20%  18.7 16615s
 49555636 4875908     cutoff   44         0.02644    0.02834  7.19%  18.7 16620s
 49568406 4876075    0.02671   44   56    0.02644    0.02834  7.19%  18.7 16625s
 49583677 4876316 infeasible   84         0.02644    0.02834  7.18%  18.7 16630s
 49597244 4877011     cutoff   97         0.02644    0.02833  7.17%  18.7 16635s
 49608116 4877606    0.02790   77   39    0.02644    0.02833  7.17%  18.7 16640s
 49621555 4877691 infeasible   92         0.02644    0.02833  7.16%  18.7 16645s
 49636372 4878098     cutoff  100         0.02644    0.02833  7.16%  18.7 16650s
 49648077 4878266    0.02666   91   12    0.02644    0.02833  7.16%  18.7 16655s
 49660897 4878674 infeasible   94         0.02644    0.02833  7.15%  18.7 16660s
 49674803 4878923    0.02735   97   23    0.02644    0.02833  7.15%  18.7 16665s
 49687796 4879119    0.02833   46   51    0.02644    0.02833  7.15%  18.7 16670s
 49701398 4879335    0.02833   88    8    0.02644    0.02833  7.15%  18.7 16675s
 49712996 4879466    0.02717   93    9    0.02644    0.02833  7.14%  18.7 16680s
 49725422 4879580    0.02750   95   24    0.02644    0.02833  7.14%  18.7 16685s
 49737755 4879756    0.02833   89    6    0.02644    0.02833  7.14%  18.7 16690s
 49748887 4879973    0.02734   98   23    0.02644    0.02833  7.14%  18.7 16695s
 49760660 4880026 infeasible   97         0.02644    0.02833  7.14%  18.7 16700s
 49774931 4880418    0.02655   94    7    0.02644    0.02833  7.14%  18.7 16705s
 49788996 4880811    0.02827   93   18    0.02644    0.02833  7.13%  18.7 16710s
 49802664 4880949    0.02739   92    9    0.02644    0.02832  7.13%  18.7 16715s
 49813415 4881081    0.02681   56   50    0.02644    0.02832  7.13%  18.6 16720s
 49822591 4881291    0.02709  101    9    0.02644    0.02832  7.13%  18.6 16725s
 49834208 4881409    0.02832   96    4    0.02644    0.02832  7.13%  18.6 16730s
 49847580 4881421    0.02663   95   15    0.02644    0.02832  7.13%  18.6 16735s
 49861715 4881630     cutoff   95         0.02644    0.02832  7.13%  18.6 16740s
 49875514 4881754 infeasible   94         0.02644    0.02832  7.13%  18.6 16745s
 49887870 4881941    0.02832   96    4    0.02644    0.02832  7.12%  18.6 16750s
 49899372 4882229 infeasible   92         0.02644    0.02832  7.12%  18.6 16755s
 49914516 4882743 infeasible   93         0.02644    0.02832  7.12%  18.6 16760s
 49928085 4883080    0.02654   98    7    0.02644    0.02832  7.12%  18.6 16765s
 49942281 4883224    0.02762   94   24    0.02644    0.02832  7.12%  18.6 16770s
 49954252 4883541     cutoff   96         0.02644    0.02832  7.12%  18.6 16775s
 49965685 4883833    0.02832   93    7    0.02644    0.02832  7.12%  18.6 16780s
 49979499 4883932    0.02708   96    4    0.02644    0.02832  7.12%  18.6 16785s
 49992736 4884028     cutoff   96         0.02644    0.02832  7.11%  18.6 16790s
 50006594 4884358 infeasible   99         0.02644    0.02832  7.11%  18.6 16795s
 50022409 4884767 infeasible  100         0.02644    0.02832  7.11%  18.6 16800s
 50036284 4885144    0.02832   98    4    0.02644    0.02832  7.11%  18.6 16805s
 50049111 4885164    0.02832   94    4    0.02644    0.02832  7.11%  18.6 16810s
 50061784 4885236    0.02747   94   25    0.02644    0.02832  7.11%  18.6 16815s
 50072937 4885144 infeasible   96         0.02644    0.02832  7.11%  18.6 16820s
 50085877 4884857 infeasible   94         0.02644    0.02832  7.11%  18.6 16825s
 50095086 4885086    0.02791   46   55    0.02644    0.02832  7.10%  18.6 16830s
 50106147 4885142     cutoff   95         0.02644    0.02832  7.10%  18.6 16835s
 50116868 4884835 infeasible   93         0.02644    0.02832  7.10%  18.6 16840s
 50128149 4884991     cutoff   68         0.02644    0.02832  7.10%  18.6 16845s
 50136746 4885099 infeasible   89         0.02644    0.02831  7.09%  18.6 16850s
 50145504 4885043    0.02742   35   58    0.02644    0.02831  7.09%  18.6 16855s
 50146594 4885021    0.02782   43   53    0.02644    0.02831  7.09%  18.6 16860s
 50149381 4885031    0.02831   90   12    0.02644    0.02831  7.09%  18.6 16865s
 50162908 4884940    0.02831   41   56    0.02644    0.02831  7.08%  18.6 16870s
 50179527 4885073    0.02779   71   28    0.02644    0.02831  7.07%  18.6 16875s
 50196089 4885996    0.02739   62   32    0.02644    0.02831  7.06%  18.6 16880s
 50210988 4886250    0.02693   41   55    0.02644    0.02830  7.05%  18.6 16885s
 50226605 4886668     cutoff   39         0.02644    0.02830  7.04%  18.6 16890s
 50242366 4886819     cutoff   76         0.02644    0.02830  7.03%  18.6 16895s
 50254914 4887241     cutoff   43         0.02644    0.02829  7.02%  18.6 16900s
 50272290 4887332    0.02805   71   38    0.02644    0.02829  7.00%  18.6 16905s
 50287496 4887519    0.02654   32   55    0.02644    0.02829  6.99%  18.6 16910s
 50297496 4887650    0.02811   77   15    0.02644    0.02829  6.99%  18.6 16915s
 50315172 4888141     cutoff   45         0.02644    0.02828  6.97%  18.6 16920s
 50328780 4888259    0.02746   68   39    0.02644    0.02828  6.96%  18.6 16925s
 50343848 4888834    0.02740   38   54    0.02644    0.02828  6.95%  18.6 16930s
 50358124 4888446    0.02645   96   14    0.02644    0.02827  6.94%  18.6 16935s
 50372975 4887847    0.02814   93   22    0.02644    0.02827  6.94%  18.6 16940s
 50388241 4887516     cutoff   99         0.02644    0.02827  6.93%  18.6 16945s
 50400072 4887275    0.02816   72   36    0.02644    0.02827  6.92%  18.6 16950s
 50407319 4887482     cutoff   84         0.02644    0.02827  6.92%  18.6 16955s
 50421330 4887227    0.02662   96   14    0.02644    0.02827  6.91%  18.5 16960s
 50435995 4887437 infeasible  129         0.02644    0.02826  6.91%  18.5 16965s
 50451336 4887237     cutoff  101         0.02644    0.02826  6.90%  18.5 16970s
 50467264 4887596    0.02798   71   44    0.02644    0.02826  6.89%  18.5 16975s
 50482606 4887763     cutoff   70         0.02644    0.02826  6.88%  18.5 16980s
 50498050 4887258 infeasible   74         0.02644    0.02826  6.87%  18.5 16985s
 50511640 4886497    0.02812   93   23    0.02644    0.02825  6.86%  18.5 16990s
 50525540 4886033    0.02707   53   40    0.02644    0.02825  6.85%  18.5 16995s
 50542403 4884976    0.02820   46   62    0.02644    0.02825  6.84%  18.5 17000s
 50556882 4883808    0.02742   42   50    0.02644    0.02824  6.83%  18.5 17005s
 50574004 4882118     cutoff   44         0.02644    0.02824  6.81%  18.5 17010s
 50588582 4880720     cutoff   73         0.02644    0.02824  6.80%  18.5 17015s
 50600254 4879076     cutoff  101         0.02644    0.02824  6.80%  18.5 17020s
 50616492 4877566 infeasible   98         0.02644    0.02824  6.79%  18.5 17025s
 50631648 4875386     cutoff   55         0.02644    0.02823  6.79%  18.5 17030s
 50645667 4872383    0.02786   96   23    0.02644    0.02823  6.79%  18.5 17035s
 50659320 4867927    0.02759   98   15    0.02644    0.02823  6.78%  18.5 17040s
 50673271 4862135     cutoff   77         0.02644    0.02823  6.78%  18.5 17045s
 50680008 4860275     cutoff  100         0.02644    0.02823  6.77%  18.5 17050s
 50696740 4854334     cutoff  101         0.02644    0.02823  6.76%  18.5 17055s
 50709613 4850578     cutoff   38         0.02644    0.02823  6.76%  18.5 17060s
 50724323 4847479    0.02738   42   53    0.02644    0.02822  6.75%  18.5 17065s
 50737828 4846802 infeasible   96         0.02644    0.02822  6.74%  18.5 17070s
 50753592 4847294 infeasible  123         0.02644    0.02822  6.73%  18.5 17075s
 50767209 4847519     cutoff   45         0.02644    0.02822  6.73%  18.5 17080s
 50782974 4847793    0.02745  105   19    0.02644    0.02821  6.72%  18.5 17085s
 50796659 4848776    0.02690   77    9    0.02644    0.02821  6.71%  18.5 17090s
 50811708 4848754    0.02792   94   21    0.02644    0.02821  6.70%  18.5 17095s
 50824965 4848641     cutoff   52         0.02644    0.02821  6.70%  18.5 17100s
 50840157 4848420     cutoff   86         0.02644    0.02821  6.69%  18.5 17105s
 50855887 4848682     cutoff   75         0.02644    0.02821  6.68%  18.5 17110s
 50871259 4848952    0.02820   84    5    0.02644    0.02820  6.67%  18.5 17115s
 50884878 4849289    0.02779   86   21    0.02644    0.02820  6.67%  18.5 17120s
 50900075 4849821     cutoff   46         0.02644    0.02820  6.66%  18.5 17125s
 50916137 4850220     cutoff   50         0.02644    0.02820  6.65%  18.5 17130s
 50932027 4850746     cutoff   41         0.02644    0.02819  6.64%  18.5 17135s
 50947501 4851158    0.02718   71   31    0.02644    0.02819  6.63%  18.5 17140s
 50962503 4851391    0.02790   81   27    0.02644    0.02819  6.62%  18.5 17145s
 50979299 4851845     cutoff   42         0.02644    0.02818  6.60%  18.5 17150s
 50989539 4852244    0.02761   37   52    0.02644    0.02818  6.60%  18.5 17155s
 51006081 4852626     cutoff   45         0.02644    0.02818  6.59%  18.5 17160s
 51022668 4853210    0.02656   75   11    0.02644    0.02818  6.57%  18.5 17165s
 51039738 4853946     cutoff  104         0.02644    0.02817  6.56%  18.5 17170s
 51053242 4854694     cutoff   75         0.02644    0.02817  6.55%  18.5 17175s
 51067304 4855159     cutoff   98         0.02644    0.02817  6.55%  18.5 17180s
 51082027 4856029 infeasible   76         0.02644    0.02817  6.54%  18.5 17185s
 51097950 4857010     cutoff   97         0.02644    0.02816  6.53%  18.5 17190s
 51113595 4857744     cutoff  105         0.02644    0.02816  6.52%  18.5 17195s
 51127722 4858613     cutoff   51         0.02644    0.02816  6.51%  18.5 17200s
 51140102 4859695     cutoff   44         0.02644    0.02816  6.50%  18.4 17205s
 51154008 4860585    0.02683   75   28    0.02644    0.02816  6.50%  18.4 17210s
 51168675 4861306     cutoff   93         0.02644    0.02815  6.49%  18.4 17215s
 51181373 4862693    0.02758   74   38    0.02644    0.02815  6.48%  18.4 17220s
 51197870 4864910 infeasible  111         0.02644    0.02815  6.48%  18.4 17225s
 51215981 4866903 infeasible  101         0.02644    0.02815  6.48%  18.4 17230s
 51232723 4868155     cutoff  113         0.02644    0.02815  6.48%  18.4 17235s
 51249208 4869239 infeasible  113         0.02644    0.02815  6.48%  18.4 17240s
 51265841 4870359     cutoff  106         0.02644    0.02815  6.48%  18.4 17245s
 51281067 4871338 infeasible  109         0.02644    0.02815  6.48%  18.4 17250s
 51296000 4872120     cutoff  115         0.02644    0.02815  6.48%  18.4 17255s
 51311419 4872934 infeasible  107         0.02644    0.02815  6.47%  18.4 17260s
 51327479 4873201     cutoff   48         0.02644    0.02815  6.47%  18.4 17265s
 51344704 4873605 infeasible  108         0.02644    0.02815  6.47%  18.4 17270s
 51362305 4873709    0.02775  106    8    0.02644    0.02815  6.47%  18.4 17275s
 51377666 4873268    0.02784   98   10    0.02644    0.02815  6.47%  18.4 17280s
 51393752 4872823     cutoff  108         0.02644    0.02815  6.47%  18.4 17285s
 51410431 4872367    0.02722   79   17    0.02644    0.02815  6.47%  18.4 17290s
 51427077 4872276     cutoff  102         0.02644    0.02815  6.47%  18.4 17295s
 51442355 4872026    0.02775  111    9    0.02644    0.02815  6.47%  18.4 17300s
 51456194 4872078 infeasible  103         0.02644    0.02815  6.47%  18.4 17305s
 51469882 4872268    0.02815  102    8    0.02644    0.02815  6.47%  18.4 17310s
 51485253 4873417 infeasible  100         0.02644    0.02815  6.46%  18.4 17315s
 51502405 4874041    0.02815   95   15    0.02644    0.02815  6.46%  18.4 17320s
 51513162 4874586    0.02761   38   54    0.02644    0.02815  6.46%  18.4 17325s
 51528660 4875476     cutoff   38         0.02644    0.02815  6.46%  18.4 17330s
 51543019 4875844     cutoff   53         0.02644    0.02815  6.46%  18.4 17335s
 51553225 4876282     cutoff  111         0.02644    0.02815  6.46%  18.4 17340s
 51565785 4876700    0.02774  110   11    0.02644    0.02815  6.46%  18.4 17346s
 51579403 4877207    0.02815  105    4    0.02644    0.02815  6.46%  18.4 17350s
 51593572 4877844    0.02783   97    7    0.02644    0.02815  6.46%  18.4 17355s
 51609437 4878559     cutoff   46         0.02644    0.02815  6.46%  18.4 17360s
 51627138 4879640 infeasible  113         0.02644    0.02815  6.46%  18.4 17365s
 51643727 4880285 infeasible  110         0.02644    0.02815  6.46%  18.4 17370s
 51661586 4880762    0.02814  105    6    0.02644    0.02815  6.46%  18.4 17375s
 51678397 4881606 infeasible  108         0.02644    0.02815  6.45%  18.4 17380s
 51694341 4882186     cutoff  108         0.02644    0.02815  6.45%  18.4 17385s
 51705200 4882677    0.02814  105    5    0.02644    0.02815  6.45%  18.4 17390s
 51715556 4883161    0.02814  103    8    0.02644    0.02815  6.45%  18.4 17395s
 51733216 4883707    0.02814  102    4    0.02644    0.02814  6.45%  18.4 17400s
 51750526 4884205    0.02814  103   10    0.02644    0.02814  6.45%  18.4 17405s
 51767609 4884725 infeasible  103         0.02644    0.02814  6.45%  18.3 17410s
 51785859 4885280    0.02814  100    7    0.02644    0.02814  6.45%  18.3 17415s
 51803002 4885588     cutoff   97         0.02644    0.02814  6.45%  18.3 17420s
 51819998 4885630    0.02814  106    7    0.02644    0.02814  6.45%  18.3 17425s
 51835345 4885752    0.02814   97   10    0.02644    0.02814  6.45%  18.3 17430s
 51851763 4885744     cutoff   52         0.02644    0.02814  6.45%  18.3 17435s
 51867975 4885844 infeasible  108         0.02644    0.02814  6.45%  18.3 17440s
 51884770 4885826 infeasible  104         0.02644    0.02814  6.45%  18.3 17445s
 51897748 4885828 infeasible  110         0.02644    0.02814  6.45%  18.3 17450s
 51915099 4885688    0.02778  120   11    0.02644    0.02814  6.45%  18.3 17455s
 51930495 4885265    0.02814  109    6    0.02644    0.02814  6.45%  18.3 17460s
 51947003 4884709 infeasible  106         0.02644    0.02814  6.45%  18.3 17465s
 51962224 4884312     cutoff  104         0.02644    0.02814  6.45%  18.3 17470s
 51978268 4883507    0.02814  106   10    0.02644    0.02814  6.45%  18.3 17475s
 51993258 4882968    0.02814  107    4    0.02644    0.02814  6.45%  18.3 17480s
 52009264 4882424 infeasible  102         0.02644    0.02814  6.45%  18.3 17485s
 52024033 4881885 infeasible  109         0.02644    0.02814  6.45%  18.3 17490s
 52038486 4881274    0.02814  111    4    0.02644    0.02814  6.45%  18.3 17495s
 52051799 4880573    0.02814  109    5    0.02644    0.02814  6.45%  18.3 17500s
 52067045 4880219     cutoff   39         0.02644    0.02814  6.44%  18.3 17505s
 52074591 4879907 infeasible  105         0.02644    0.02814  6.44%  18.3 17510s
 52078438 4879703    0.02665   60   43    0.02644    0.02814  6.44%  18.3 17515s
 52090006 4879595    0.02814  101   13    0.02644    0.02814  6.44%  18.3 17520s
 52104767 4879068 infeasible  102         0.02644    0.02814  6.44%  18.3 17525s
 52117279 4878858    0.02814  103   13    0.02644    0.02814  6.44%  18.3 17530s
 52129010 4878477     cutoff   48         0.02644    0.02814  6.44%  18.3 17535s
 52140188 4878061    0.02814  101   10    0.02644    0.02814  6.43%  18.3 17540s
 52151079 4877551    0.02814  106    7    0.02644    0.02814  6.43%  18.3 17545s
 52159820 4877216     cutoff   48         0.02644    0.02814  6.43%  18.3 17550s
 52170898 4877017    0.02814  110    4    0.02644    0.02814  6.43%  18.3 17555s
 52183938 4876945    0.02814   94   22    0.02644    0.02814  6.42%  18.3 17560s
 52193226 4876839 infeasible   43         0.02644    0.02814  6.42%  18.3 17565s
 52201591 4876627    0.02785   79    6    0.02644    0.02814  6.42%  18.3 17570s
 52209136 4876506     cutoff  100         0.02644    0.02813  6.41%  18.3 17575s
 52210935 4876380     cutoff   65         0.02644    0.02813  6.41%  18.3 17580s
 52221525 4876498    0.02813   95   18    0.02644    0.02813  6.41%  18.3 17585s
 52225609 4876532    0.02802   75   33    0.02644    0.02813  6.41%  18.3 17590s
 52236845 4876686    0.02693   59   50    0.02644    0.02813  6.41%  18.3 17595s
 52248091 4876623    0.02677   44   56    0.02644    0.02813  6.40%  18.3 17600s
 52257580 4876566 infeasible  103         0.02644    0.02813  6.40%  18.3 17605s
 52266803 4876964     cutoff   97         0.02644    0.02813  6.39%  18.3 17610s
 52275354 4876840 infeasible  104         0.02644    0.02813  6.39%  18.3 17615s
 52285187 4877074    0.02807   35   57    0.02644    0.02813  6.39%  18.3 17620s
 52298008 4876783    0.02766   92    9    0.02644    0.02813  6.39%  18.3 17625s
 52309274 4876519    0.02813  100    9    0.02644    0.02813  6.38%  18.3 17630s
 52316216 4876622    0.02812  100    9    0.02644    0.02813  6.38%  18.3 17635s
 52326558 4876504     cutoff  102         0.02644    0.02812  6.38%  18.3 17640s
 52335622 4876789     cutoff   79         0.02644    0.02812  6.37%  18.3 17645s
 52344372 4876993     cutoff   81         0.02644    0.02812  6.37%  18.3 17650s
 52354741 4877476    0.02678   86   30    0.02644    0.02812  6.37%  18.3 17655s
 52357822 4877576 infeasible   97         0.02644    0.02812  6.36%  18.3 17660s
 52368663 4877764    0.02811   93   12    0.02644    0.02812  6.36%  18.3 17665s
 52379339 4878345     cutoff   97         0.02644    0.02812  6.36%  18.3 17670s
 52389333 4878687     cutoff  100         0.02644    0.02812  6.35%  18.3 17675s
 52400794 4879017    0.02812   96    4    0.02644    0.02812  6.35%  18.3 17680s
 52411013 4879184     cutoff   79         0.02644    0.02812  6.35%  18.3 17685s
 52412419 4879137    0.02663   98    6    0.02644    0.02812  6.35%  18.3 17691s
 52413450 4879091     cutoff   70         0.02644    0.02812  6.35%  18.3 17695s
 52417555 4879168 infeasible   75         0.02644    0.02812  6.34%  18.3 17700s
 52427140 4879463     cutoff   98         0.02644    0.02812  6.34%  18.3 17705s
 52437621 4879748     cutoff   36         0.02644    0.02811  6.34%  18.3 17710s
 52439237 4879738    0.02677   40   55    0.02644    0.02811  6.34%  18.3 17716s
 52443784 4879929    0.02811   98    6    0.02644    0.02811  6.34%  18.3 17720s
 52455955 4879971     cutoff   47         0.02644    0.02811  6.33%  18.3 17725s
 52470117 4880642 infeasible  104         0.02644    0.02811  6.33%  18.3 17730s
 52487535 4881223    0.02707   77   19    0.02644    0.02811  6.32%  18.3 17735s
 52502111 4882076     cutoff   44         0.02644    0.02811  6.31%  18.3 17740s
 52517725 4883389    0.02762   73   27    0.02644    0.02811  6.31%  18.3 17745s
 52532993 4884558    0.02810   97    4    0.02644    0.02810  6.30%  18.3 17750s
 52547779 4885326     cutoff   42         0.02644    0.02810  6.30%  18.3 17755s
 52561944 4886539 infeasible  110         0.02644    0.02810  6.29%  18.3 17760s
 52575613 4887886    0.02659   94    6    0.02644    0.02810  6.29%  18.2 17765s
 52588399 4888656    0.02810   94    5    0.02644    0.02810  6.28%  18.2 17770s
 52603750 4889418    0.02745   74   26    0.02644    0.02810  6.28%  18.2 17775s
 52618843 4890401     cutoff   44         0.02644    0.02810  6.28%  18.2 17780s
 52633971 4891576     cutoff   74         0.02644    0.02810  6.27%  18.2 17785s
 52649357 4893076    0.02744  103    1    0.02644    0.02810  6.27%  18.2 17790s
 52664855 4894415    0.02809   98    5    0.02644    0.02809  6.26%  18.2 17795s
 52679931 4895570 infeasible  114         0.02644    0.02809  6.26%  18.2 17800s
 52695710 4897181     cutoff  100         0.02644    0.02809  6.26%  18.2 17805s
 52710029 4899038    0.02756   77   33    0.02644    0.02809  6.25%  18.2 17810s
 52721701 4900473 infeasible  104         0.02644    0.02809  6.25%  18.2 17815s
 52735669 4902186     cutoff   97         0.02644    0.02809  6.25%  18.2 17820s
 52753837 4904387    0.02807   51   56    0.02644    0.02809  6.25%  18.2 17825s
 52770516 4906886    0.02809   95    9    0.02644    0.02809  6.25%  18.2 17830s
 52782649 4908487    0.02719   97    6    0.02644    0.02809  6.24%  18.2 17835s
 52798678 4910057     cutoff   39         0.02644    0.02809  6.24%  18.2 17840s
 52812326 4912162    0.02806   89   23    0.02644    0.02809  6.24%  18.2 17845s
 52827910 4914333    0.02786   85   18    0.02644    0.02809  6.24%  18.2 17850s
 52843182 4916479    0.02766   85   34    0.02644    0.02809  6.24%  18.2 17855s
 52860774 4920240    0.02750   91   12    0.02644    0.02809  6.24%  18.2 17860s
 52873594 4922444    0.02734   97    5    0.02644    0.02809  6.24%  18.2 17865s
 52886715 4925710    0.02760   93   16    0.02644    0.02809  6.24%  18.2 17870s
 52905342 4930155 infeasible   79         0.02644    0.02809  6.23%  18.2 17875s
 52925471 4935485    0.02731   92    2    0.02644    0.02809  6.23%  18.2 17880s
 52947462 4942181    0.02655  100   14    0.02644    0.02809  6.23%  18.2 17885s
 52971214 4948799    0.02755  110    7    0.02644    0.02809  6.23%  18.2 17890s
 52995411 4956827    0.02809   85    4    0.02644    0.02809  6.23%  18.2 17895s
 53018169 4962862    0.02750   93    6    0.02644    0.02809  6.23%  18.2 17900s
 53042601 4971278 infeasible   87         0.02644    0.02809  6.23%  18.2 17905s
 53061636 4977591    0.02751   94   11    0.02644    0.02809  6.23%  18.1 17910s
 53085201 4984820 infeasible   99         0.02644    0.02809  6.23%  18.1 17915s
 53108993 4991135    0.02752   91   11    0.02644    0.02809  6.23%  18.1 17920s
 53133650 4998559    0.02746  105    1    0.02644    0.02809  6.23%  18.1 17925s
 53157747 5004705    0.02747   95    6    0.02644    0.02809  6.23%  18.1 17930s
 53180140 5010352    0.02809   90    2    0.02644    0.02809  6.23%  18.1 17935s
 53204194 5016891 infeasible  104         0.02644    0.02809  6.23%  18.1 17940s
 53227158 5021821     cutoff  100         0.02644    0.02809  6.23%  18.1 17945s
 53249792 5027242    0.02721  117    4    0.02644    0.02809  6.23%  18.1 17950s
 53273156 5033495 infeasible  106         0.02644    0.02809  6.23%  18.1 17955s
 53294120 5038495    0.02731  100    1    0.02644    0.02809  6.23%  18.1 17960s
 53314591 5043382    0.02736   96    4    0.02644    0.02809  6.23%  18.1 17965s
 53337020 5049747    0.02749  108    2    0.02644    0.02809  6.23%  18.1 17970s
 53358919 5055107    0.02739   99    1    0.02644    0.02809  6.23%  18.1 17975s
 53383568 5063034     cutoff  124         0.02644    0.02809  6.23%  18.1 17980s
 53406838 5068690 infeasible   93         0.02644    0.02809  6.23%  18.1 17985s
 53425202 5074035    0.02809   92    6    0.02644    0.02809  6.23%  18.1 17990s
 53447195 5078882    0.02730   94    2    0.02644    0.02809  6.23%  18.0 17995s
 53470619 5085731    0.02693   96    8    0.02644    0.02809  6.23%  18.0 18000s
 53492247 5090216    0.02754   93    9    0.02644    0.02809  6.23%  18.0 18005s
 53516524 5097563    0.02752   98    1    0.02644    0.02809  6.23%  18.0 18010s
 53538997 5101245    0.02722   97    4    0.02644    0.02809  6.23%  18.0 18015s
 53561967 5106966    0.02726  100    6    0.02644    0.02809  6.23%  18.0 18020s
 53585830 5114264     cutoff   90         0.02644    0.02809  6.23%  18.0 18025s
 53606680 5118972 infeasible  104         0.02644    0.02809  6.23%  18.0 18030s
 53629741 5125542     cutoff  100         0.02644    0.02809  6.23%  18.0 18035s
 53649064 5129514    0.02758   90    7    0.02644    0.02809  6.23%  18.0 18040s
 53673184 5137184    0.02754  100   10    0.02644    0.02809  6.23%  18.0 18045s
 53695899 5142424    0.02737   93    4    0.02644    0.02809  6.23%  18.0 18050s
 53718038 5147869    0.02732   99    1    0.02644    0.02809  6.23%  18.0 18055s
 53741141 5154285    0.02728  104   11    0.02644    0.02809  6.23%  18.0 18060s
 53760412 5157846     cutoff  106         0.02644    0.02809  6.23%  18.0 18065s
 53778893 5162174    0.02722  100    1    0.02644    0.02809  6.23%  18.0 18070s
 53801269 5167477 infeasible   91         0.02644    0.02809  6.23%  18.0 18075s
 53818246 5172933     cutoff  109         0.02644    0.02808  6.23%  18.0 18080s
 53840721 5178758    0.02720  116    4    0.02644    0.02808  6.23%  18.0 18085s
 53863601 5185153    0.02765   87   11    0.02644    0.02808  6.23%  17.9 18090s
 53885904 5189763     cutoff   97         0.02644    0.02808  6.23%  17.9 18095s
 53909764 5197059 infeasible  102         0.02644    0.02808  6.22%  17.9 18100s
 53931060 5202943     cutoff   90         0.02644    0.02808  6.22%  17.9 18105s
 53950632 5207238    0.02808   85    5    0.02644    0.02808  6.22%  17.9 18110s
 53973377 5212378    0.02663  101   14    0.02644    0.02808  6.22%  17.9 18115s
 53995460 5218558    0.02746  104    7    0.02644    0.02808  6.22%  17.9 18120s
 54014701 5223711    0.02765  100    7    0.02644    0.02808  6.22%  17.9 18125s
 54037253 5229484     cutoff   42         0.02644    0.02808  6.22%  17.9 18130s
 54056343 5233724    0.02721   93   11    0.02644    0.02808  6.22%  17.9 18135s
 54078879 5240322 infeasible  114         0.02644    0.02808  6.22%  17.9 18140s
 54095267 5244923 infeasible  109         0.02644    0.02808  6.22%  17.9 18145s
 54114491 5247694     cutoff   89         0.02644    0.02808  6.22%  17.9 18150s
 54129747 5249756 infeasible  103         0.02644    0.02808  6.22%  17.9 18155s
 54149262 5254252    0.02753   94   11    0.02644    0.02808  6.22%  17.9 18160s
 54172990 5262539    0.02761   96   16    0.02644    0.02808  6.22%  17.9 18165s
 54190336 5264460     cutoff   41         0.02644    0.02808  6.21%  17.9 18170s
 54213528 5272269    0.02775   85   19    0.02644    0.02808  6.21%  17.9 18175s
 54228679 5273675     cutoff   43         0.02644    0.02808  6.21%  17.9 18180s
 54247981 5278305    0.02751   96   16    0.02644    0.02808  6.21%  17.9 18185s
 54262696 5280883    0.02739   97   11    0.02644    0.02808  6.21%  17.9 18190s
 54279564 5284237    0.02808  101    6    0.02644    0.02808  6.21%  17.9 18195s
 54295451 5287646    0.02808  100    4    0.02644    0.02808  6.21%  17.8 18200s
 54312472 5291394     cutoff   48         0.02644    0.02808  6.20%  17.8 18205s
 54332024 5296477    0.02745  108    1    0.02644    0.02808  6.20%  17.8 18210s
 54346737 5299586     cutoff   81         0.02644    0.02808  6.20%  17.8 18215s
 54359178 5302140    0.02763   95   16    0.02644    0.02808  6.20%  17.8 18220s
 54375710 5307337    0.02753   96   16    0.02644    0.02808  6.20%  17.8 18225s
 54377086 5307675    0.02749   97   11    0.02644    0.02808  6.20%  17.8 18230s
 54386874 5309996 infeasible  107         0.02644    0.02808  6.20%  17.8 18235s
 54402520 5314654    0.02735  104    4    0.02644    0.02808  6.20%  17.8 18240s
 54414974 5315735    0.02804  100   11    0.02644    0.02808  6.19%  17.8 18245s
 54430333 5318993    0.02741  109    1    0.02644    0.02808  6.19%  17.8 18250s
 54442593 5320852    0.02732   79   22    0.02644    0.02808  6.19%  17.8 18255s
 54464213 5327617    0.02741  109    2    0.02644    0.02808  6.19%  17.8 18260s
 54484705 5333875    0.02746  118    2    0.02644    0.02808  6.19%  17.8 18265s
 54506722 5341270 infeasible  114         0.02644    0.02808  6.19%  17.8 18270s
 54523599 5343549    0.02793   84   42    0.02644    0.02807  6.19%  17.8 18275s
 54538649 5345625    0.02773  100   12    0.02644    0.02807  6.18%  17.8 18280s
 54555943 5349845    0.02749  116    1    0.02644    0.02807  6.18%  17.8 18285s
 54574731 5353187    0.02726  108    6    0.02644    0.02807  6.18%  17.8 18290s
 54594340 5358142    0.02716  119    4    0.02644    0.02807  6.18%  17.8 18295s
 54610009 5361875    0.02807  117    8    0.02644    0.02807  6.18%  17.8 18300s
 54625542 5364504     cutoff   89         0.02644    0.02807  6.17%  17.8 18305s
 54644640 5369510     cutoff   96         0.02644    0.02807  6.17%  17.8 18310s
 54659811 5372351    0.02776   92   12    0.02644    0.02807  6.17%  17.8 18315s
 54676105 5376639    0.02738  105    2    0.02644    0.02807  6.17%  17.8 18320s
 54691879 5379525    0.02807   93   16    0.02644    0.02807  6.17%  17.8 18325s
 54709815 5383687     cutoff   93         0.02644    0.02807  6.16%  17.8 18330s
 54723668 5386810     cutoff   96         0.02644    0.02807  6.16%  17.8 18335s
 54737125 5390522 infeasible  118         0.02644    0.02807  6.16%  17.8 18340s
 54756242 5395449     cutoff   89         0.02644    0.02807  6.16%  17.7 18345s
 54772572 5398890    0.02719  113    3    0.02644    0.02807  6.16%  17.7 18350s
 54787100 5402838     cutoff  110         0.02644    0.02807  6.16%  17.7 18355s
 54801267 5405951 infeasible  101         0.02644    0.02807  6.15%  17.7 18360s
 54817291 5410489    0.02735  103    6    0.02644    0.02807  6.15%  17.7 18365s
 54838124 5417067    0.02734  103   11    0.02644    0.02807  6.15%  17.7 18370s
 54857385 5423429     cutoff  114         0.02644    0.02807  6.15%  17.7 18375s
 54877132 5429444    0.02753   95   11    0.02644    0.02806  6.15%  17.7 18380s
 54890612 5431872    0.02801   89   29    0.02644    0.02806  6.15%  17.7 18385s
 54908045 5436714     cutoff   41         0.02644    0.02806  6.15%  17.7 18390s
 54926818 5442266     cutoff   95         0.02644    0.02806  6.14%  17.7 18395s
 54943875 5446526     cutoff  109         0.02644    0.02806  6.14%  17.7 18400s
 54961695 5452779    0.02717  109    1    0.02644    0.02806  6.14%  17.7 18405s
 54983973 5461290 infeasible  123         0.02644    0.02806  6.14%  17.7 18410s
 55002881 5466873    0.02806   81   19    0.02644    0.02806  6.14%  17.7 18415s
 55015543 5468772    0.02782   63   48    0.02644    0.02806  6.14%  17.7 18420s
 55031859 5473035     cutoff  123         0.02644    0.02806  6.14%  17.7 18425s
 55047024 5477448    0.02728  106    1    0.02644    0.02806  6.13%  17.7 18430s
 55059548 5481432     cutoff   43         0.02644    0.02806  6.13%  17.7 18435s
 55073778 5485787    0.02748   90   11    0.02644    0.02806  6.13%  17.7 18440s
 55091693 5491954    0.02720  114    9    0.02644    0.02806  6.13%  17.7 18445s
 55109730 5498007    0.02728  107    2    0.02644    0.02806  6.13%  17.7 18450s
 55130230 5504765    0.02720  112    9    0.02644    0.02806  6.13%  17.7 18455s
 55150003 5511225 infeasible  110         0.02644    0.02806  6.13%  17.7 18460s
 55172809 5518966    0.02750   96   15    0.02644    0.02806  6.13%  17.7 18465s
 55194027 5525898 infeasible  124         0.02644    0.02806  6.13%  17.6 18470s
 55216561 5533262    0.02750  100   16    0.02644    0.02806  6.13%  17.6 18475s
 55232606 5537632     cutoff   87         0.02644    0.02806  6.13%  17.6 18480s
 55236429 5538148     cutoff   48         0.02644    0.02806  6.13%  17.6 18485s
 55252854 5542924    0.02732   68   39    0.02644    0.02806  6.12%  17.6 18490s
 55267094 5546755    0.02716  114    8    0.02644    0.02806  6.12%  17.6 18495s
 55283217 5551237     cutoff   86         0.02644    0.02806  6.12%  17.6 18500s
 55291181 5552074     cutoff   98         0.02644    0.02806  6.12%  17.6 18506s
 55292046 5552234     cutoff   40         0.02644    0.02806  6.12%  17.6 18510s
 55297211 5554062    0.02745   99   14    0.02644    0.02806  6.12%  17.6 18515s
 55316636 5559914    0.02716  124    3    0.02644    0.02806  6.12%  17.6 18520s
 55329154 5562633    0.02735   44   53    0.02644    0.02806  6.12%  17.6 18525s
 55346038 5567082 infeasible  114         0.02644    0.02806  6.11%  17.6 18530s
 55364055 5571120     cutoff  109         0.02644    0.02805  6.11%  17.6 18535s
 55377983 5574957 infeasible  112         0.02644    0.02805  6.11%  17.6 18540s
 55395263 5578498     cutoff   69         0.02644    0.02805  6.11%  17.6 18545s
 55409887 5582081    0.02664   66   32    0.02644    0.02805  6.11%  17.6 18550s
 55422901 5584456    0.02805   96    2    0.02644    0.02805  6.11%  17.6 18555s
 55436685 5586843 infeasible   89         0.02644    0.02805  6.10%  17.6 18560s
 55455385 5591044    0.02799  101   28    0.02644    0.02805  6.10%  17.6 18566s
 55463056 5592191 infeasible   93         0.02644    0.02805  6.10%  17.6 18570s
 55473128 5594231     cutoff  103         0.02644    0.02805  6.10%  17.6 18575s
 55491926 5597704     cutoff  100         0.02644    0.02805  6.10%  17.6 18580s
 55511226 5600579     cutoff   95         0.02644    0.02805  6.10%  17.6 18585s
 55531225 5603954    0.02769  104    2    0.02644    0.02805  6.10%  17.6 18590s
 55550113 5606520     cutoff  116         0.02644    0.02805  6.09%  17.6 18595s
 55568953 5608781 infeasible   95         0.02644    0.02805  6.09%  17.6 18600s
 55586114 5611065     cutoff  100         0.02644    0.02805  6.09%  17.6 18605s
 55603978 5613468    0.02668  100    1    0.02644    0.02805  6.09%  17.6 18610s
 55623560 5616542     cutoff   97         0.02644    0.02805  6.09%  17.6 18615s
 55640678 5619124     cutoff   93         0.02644    0.02805  6.09%  17.6 18620s
 55660224 5621710     cutoff   94         0.02644    0.02805  6.09%  17.5 18625s
 55675567 5624549    0.02795   92   23    0.02644    0.02805  6.09%  17.5 18630s
 55695494 5627853     cutoff  106         0.02644    0.02805  6.09%  17.5 18635s
 55703386 5629235 infeasible   68         0.02644    0.02805  6.08%  17.5 18640s
 55713535 5630819    0.02747   96   15    0.02644    0.02805  6.08%  17.5 18645s
 55724880 5633206    0.02754   67   50    0.02644    0.02805  6.08%  17.5 18650s
 55726521 5633402    0.02734   68   43    0.02644    0.02805  6.08%  17.5 18655s
 55728561 5633871    0.02679   69   36    0.02644    0.02805  6.08%  17.5 18660s
 55731043 5634344    0.02676   70   37    0.02644    0.02805  6.08%  17.5 18665s
 55733663 5634811    0.02648   72   49    0.02644    0.02805  6.08%  17.5 18670s
 55743712 5637374    0.02724   32   53    0.02644    0.02805  6.08%  17.5 18675s
 55759546 5640946    0.02799   91   30    0.02644    0.02805  6.08%  17.5 18680s
 55774892 5644716 infeasible   93         0.02644    0.02805  6.08%  17.5 18685s
 55791855 5648432    0.02763   98    1    0.02644    0.02805  6.08%  17.5 18690s
 55812136 5652186    0.02804   93    4    0.02644    0.02804  6.07%  17.5 18695s
 55827724 5653865    0.02783  113    3    0.02644    0.02804  6.07%  17.5 18700s
 55843302 5655623    0.02804  102   16    0.02644    0.02804  6.07%  17.5 18705s
 55852395 5657016     cutoff   40         0.02644    0.02804  6.07%  17.5 18710s
 55862825 5657845    0.02653   49   54    0.02644    0.02804  6.07%  17.5 18715s
 55879411 5659174     cutoff  106         0.02644    0.02804  6.07%  17.5 18720s
 55895334 5660892     cutoff  114         0.02644    0.02804  6.07%  17.5 18725s
 55913960 5662938     cutoff   89         0.02644    0.02804  6.07%  17.5 18730s
 55932634 5665217    0.02749  105    2    0.02644    0.02804  6.07%  17.5 18735s
 55951268 5667184    0.02804  116    6    0.02644    0.02804  6.07%  17.5 18740s
 55966075 5669006     cutoff   96         0.02644    0.02804  6.07%  17.5 18745s
 55986886 5671574     cutoff  108         0.02644    0.02804  6.06%  17.5 18750s
 56007316 5673764    0.02742   94    4    0.02644    0.02804  6.06%  17.5 18755s
 56027711 5676231    0.02804  100   12    0.02644    0.02804  6.06%  17.5 18760s
 56047158 5678600    0.02804   93    5    0.02644    0.02804  6.06%  17.5 18765s
 56067592 5680985     cutoff  110         0.02644    0.02804  6.06%  17.5 18770s
 56089063 5683435     cutoff  109         0.02644    0.02804  6.06%  17.5 18775s
 56110028 5685288    0.02800  106    7    0.02644    0.02804  6.06%  17.5 18780s
 56132636 5687247    0.02804  107    5    0.02644    0.02804  6.06%  17.4 18785s
 56155161 5689152     cutoff  109         0.02644    0.02804  6.06%  17.4 18790s
 56177401 5690167     cutoff  104         0.02644    0.02804  6.06%  17.4 18795s
 56197959 5689923    0.02804   94    7    0.02644    0.02804  6.06%  17.4 18800s
 56215053 5689352     cutoff  107         0.02644    0.02804  6.06%  17.4 18805s
 56234198 5688374    0.02804  106    6    0.02644    0.02804  6.06%  17.4 18810s
 56252896 5687464    0.02804   98    9    0.02644    0.02804  6.06%  17.4 18815s
 56269932 5686429     cutoff  110         0.02644    0.02804  6.06%  17.4 18820s
 56287697 5685332    0.02774   93    2    0.02644    0.02804  6.06%  17.4 18825s
 56300398 5684945     cutoff  115         0.02644    0.02804  6.06%  17.4 18830s
 56318751 5684768    0.02804  105   11    0.02644    0.02804  6.06%  17.4 18835s
 56330306 5684816    0.02804  105    6    0.02644    0.02804  6.06%  17.4 18840s
 56347370 5685078     cutoff   99         0.02644    0.02804  6.06%  17.4 18845s
 56366630 5685597     cutoff  107         0.02644    0.02804  6.06%  17.4 18850s
 56382147 5685749    0.02804  107    6    0.02644    0.02804  6.06%  17.4 18855s
 56399213 5685881     cutoff   97         0.02644    0.02804  6.06%  17.4 18860s
 56414321 5685927 infeasible  107         0.02644    0.02804  6.06%  17.4 18865s
 56432274 5686444    0.02804  110    6    0.02644    0.02804  6.06%  17.4 18870s
 56451069 5686452     cutoff  106         0.02644    0.02804  6.06%  17.4 18875s
 56466569 5686205    0.02804  103    2    0.02644    0.02804  6.06%  17.4 18880s
 56481870 5685541     cutoff   92         0.02644    0.02804  6.05%  17.4 18885s
 56498397 5684996     cutoff  106         0.02644    0.02804  6.05%  17.4 18890s
 56514687 5684244     cutoff  109         0.02644    0.02804  6.05%  17.4 18895s
 56529955 5683104     cutoff  102         0.02644    0.02804  6.05%  17.4 18900s
 56544846 5682207    0.02804   99    3    0.02644    0.02804  6.05%  17.4 18905s
 56558725 5681108     cutoff   98         0.02644    0.02804  6.05%  17.4 18910s
 56571984 5679994     cutoff  106         0.02644    0.02804  6.05%  17.4 18915s
 56586258 5678850     cutoff  107         0.02644    0.02804  6.05%  17.4 18920s
 56596987 5677664 infeasible   97         0.02644    0.02804  6.05%  17.4 18925s
 56611644 5675620    0.02804  104    8    0.02644    0.02804  6.04%  17.4 18930s
 56624544 5673797     cutoff   97         0.02644    0.02804  6.04%  17.4 18935s
 56637504 5671964     cutoff  107         0.02644    0.02804  6.04%  17.4 18940s
 56650145 5670508     cutoff   53         0.02644    0.02804  6.04%  17.4 18945s
 56661239 5668949    0.02803  104    4    0.02644    0.02803  6.04%  17.4 18950s
 56672099 5667614 infeasible  107         0.02644    0.02803  6.03%  17.4 18955s
 56682853 5665891     cutoff   46         0.02644    0.02803  6.03%  17.4 18960s
 56693419 5664316    0.02803  109    5    0.02644    0.02803  6.03%  17.3 18965s
 56706242 5662476     cutoff   94         0.02644    0.02803  6.03%  17.3 18970s
 56713343 5661514     cutoff   85         0.02644    0.02803  6.03%  17.3 18975s
 56724467 5659790     cutoff   50         0.02644    0.02803  6.02%  17.3 18980s
 56733427 5658553    0.02803   98   27    0.02644    0.02803  6.02%  17.3 18985s
 56744385 5656869    0.02742   99   24    0.02644    0.02803  6.02%  17.3 18990s
 56750787 5656258     cutoff   42         0.02644    0.02803  6.02%  17.3 18995s
 56759171 5654991     cutoff  104         0.02644    0.02803  6.02%  17.3 19000s
 56769152 5653594    0.02803   94   29    0.02644    0.02803  6.01%  17.3 19005s
 56781994 5651810    0.02669   78   24    0.02644    0.02803  6.01%  17.3 19010s
 56793240 5650281     cutoff  108         0.02644    0.02803  6.01%  17.3 19015s
 56805493 5648477     cutoff   93         0.02644    0.02803  6.01%  17.3 19020s
 56815146 5646996    0.02803  104   15    0.02644    0.02803  6.00%  17.3 19025s
 56817543 5646724    0.02690   41   46    0.02644    0.02803  6.00%  17.3 19030s
 56828846 5645192     cutoff  104         0.02644    0.02803  6.00%  17.3 19035s
 56839646 5643536     cutoff  104         0.02644    0.02802  6.00%  17.3 19040s
 56846163 5642549    0.02802  104    9    0.02644    0.02802  6.00%  17.3 19045s
 56860201 5640524     cutoff   46         0.02644    0.02802  5.99%  17.3 19050s
 56872574 5638497    0.02802  107    6    0.02644    0.02802  5.99%  17.3 19055s
 56882583 5636999    0.02799   75   39    0.02644    0.02802  5.99%  17.3 19060s
 56894479 5635201    0.02802   99   17    0.02644    0.02802  5.98%  17.3 19065s
 56902312 5634112    0.02802  106    1    0.02644    0.02802  5.98%  17.3 19070s
 56910013 5633021    0.02729   97   25    0.02644    0.02802  5.98%  17.3 19075s
 56919695 5631573     cutoff   41         0.02644    0.02802  5.98%  17.3 19080s
 56931891 5629904     cutoff  101         0.02644    0.02802  5.98%  17.3 19085s
 56942076 5628141    0.02709   66   24    0.02644    0.02802  5.98%  17.3 19090s
 56953766 5626469     cutoff   82         0.02644    0.02802  5.97%  17.3 19095s
 56965380 5624703    0.02722   48   50    0.02644    0.02802  5.97%  17.3 19100s
 56976718 5622956 infeasible   98         0.02644    0.02802  5.97%  17.3 19105s
 56987869 5621233     cutoff   42         0.02644    0.02802  5.97%  17.3 19110s
 56995935 5619926    0.02802  108    3    0.02644    0.02802  5.96%  17.3 19115s
 57009871 5618052     cutoff   94         0.02644    0.02802  5.96%  17.3 19120s
 57020746 5616528    0.02800   87   25    0.02644    0.02801  5.96%  17.3 19125s
 57031545 5614828     cutoff   94         0.02644    0.02801  5.96%  17.3 19130s
 57041849 5613453    0.02801  103   19    0.02644    0.02801  5.95%  17.3 19135s
 57051805 5612236     cutoff   95         0.02644    0.02801  5.95%  17.3 19140s
 57053210 5612092    0.02710   40   50    0.02644    0.02801  5.95%  17.3 19145s
 57058759 5611229     cutoff   93         0.02644    0.02801  5.95%  17.3 19150s
 57071354 5609368     cutoff  103         0.02644    0.02801  5.95%  17.3 19155s
 57082172 5607675     cutoff   38         0.02644    0.02801  5.95%  17.3 19160s
 57083623 5607456    0.02734   44   53    0.02644    0.02801  5.95%  17.3 19166s
 57088318 5606828    0.02799   92   22    0.02644    0.02801  5.95%  17.3 19170s
 57097857 5605500    0.02801   89   15    0.02644    0.02801  5.94%  17.3 19175s
 57109918 5603663    0.02801   96    6    0.02644    0.02801  5.94%  17.3 19180s
 57122494 5601699     cutoff   82         0.02644    0.02801  5.94%  17.3 19185s
 57133078 5599924     cutoff   94         0.02644    0.02801  5.94%  17.3 19190s
 57140973 5598894 infeasible   91         0.02644    0.02801  5.93%  17.3 19195s
 57149243 5597541 infeasible   91         0.02644    0.02801  5.93%  17.3 19200s
 57158449 5596175     cutoff   94         0.02644    0.02801  5.93%  17.3 19205s
 57166382 5595030    0.02662   40   50    0.02644    0.02801  5.93%  17.3 19210s
 57172734 5593987    0.02801  125    2    0.02644    0.02801  5.92%  17.3 19215s
 57185309 5592207    0.02800   92   10    0.02644    0.02800  5.92%  17.3 19220s
 57196938 5590831    0.02800   93   23    0.02644    0.02800  5.92%  17.3 19225s
 57199408 5590589     cutoff  104         0.02644    0.02800  5.92%  17.3 19230s
 57200786 5590402 infeasible  107         0.02644    0.02800  5.92%  17.3 19236s
 57208012 5589575     cutoff   45         0.02644    0.02800  5.92%  17.3 19240s
 57217369 5588584    0.02800   97    3    0.02644    0.02800  5.91%  17.3 19245s
 57224709 5587702    0.02798   90   18    0.02644    0.02800  5.91%  17.3 19250s
 57232020 5586836     cutoff  114         0.02644    0.02800  5.91%  17.3 19255s
 57241917 5585664    0.02800   98    5    0.02644    0.02800  5.91%  17.3 19260s
 57252007 5584337    0.02800  111    3    0.02644    0.02800  5.90%  17.3 19265s
 57262283 5583273    0.02798  102   18    0.02644    0.02800  5.90%  17.3 19270s
 57273203 5581865 infeasible  104         0.02644    0.02800  5.90%  17.3 19275s
 57284605 5580408     cutoff   76         0.02644    0.02800  5.90%  17.3 19280s
 57293103 5579253     cutoff  106         0.02644    0.02800  5.90%  17.3 19285s
 57303267 5577793    0.02797   78   34    0.02644    0.02800  5.89%  17.3 19290s
 57313512 5576295 infeasible   97         0.02644    0.02800  5.89%  17.3 19295s
 57320640 5575325     cutoff   92         0.02644    0.02799  5.89%  17.3 19300s
 57328003 5574375    0.02799  105    4    0.02644    0.02799  5.88%  17.3 19306s
 57329078 5574214    0.02799  107   22    0.02644    0.02799  5.88%  17.3 19310s
 57337032 5573213    0.02716   39   56    0.02644    0.02799  5.88%  17.2 19315s
 57349688 5571419    0.02672   42   37    0.02644    0.02799  5.88%  17.2 19320s
 57358491 5570079    0.02666  103    7    0.02644    0.02799  5.87%  17.2 19325s
 57368689 5568660     cutoff  101         0.02644    0.02799  5.87%  17.2 19330s
 57379307 5567086     cutoff   96         0.02644    0.02799  5.87%  17.2 19335s
 57389984 5565350     cutoff   39         0.02644    0.02799  5.86%  17.2 19340s
 57400153 5563412     cutoff   88         0.02644    0.02799  5.86%  17.2 19345s
 57408484 5561926     cutoff   37         0.02644    0.02799  5.86%  17.2 19350s
 57416753 5560294 infeasible  102         0.02644    0.02799  5.85%  17.2 19355s
 57424251 5558962     cutoff   47         0.02644    0.02799  5.85%  17.2 19360s
 57432794 5557089     cutoff   49         0.02644    0.02798  5.85%  17.2 19365s
 57438623 5556033     cutoff   47         0.02644    0.02798  5.84%  17.2 19370s
 57446431 5554530    0.02664   48   56    0.02644    0.02798  5.84%  17.2 19375s
 57454071 5552891    0.02798   99    5    0.02644    0.02798  5.84%  17.2 19380s
 57462035 5550958 infeasible   97         0.02644    0.02798  5.83%  17.2 19385s
 57475841 5548338    0.02753   43   57    0.02644    0.02798  5.82%  17.2 19390s
 57488666 5545648 infeasible   88         0.02644    0.02798  5.82%  17.2 19395s
 57501261 5542898    0.02797   88    3    0.02644    0.02798  5.81%  17.2 19400s
 57514318 5539853     cutoff   92         0.02644    0.02797  5.80%  17.2 19405s
 57525731 5537233    0.02797   98   10    0.02644    0.02797  5.80%  17.2 19410s
 57539642 5533692     cutoff  101         0.02644    0.02797  5.79%  17.2 19415s
 57552611 5530584     cutoff  101         0.02644    0.02797  5.78%  17.2 19420s
 57565420 5527388    0.02796   90   17    0.02644    0.02797  5.77%  17.2 19426s
 57576535 5524750     cutoff   53         0.02644    0.02796  5.77%  17.2 19430s
 57588293 5522047     cutoff   48         0.02644    0.02796  5.76%  17.2 19435s
 57601647 5519146     cutoff   40         0.02644    0.02796  5.75%  17.2 19440s
 57614802 5516236    0.02796  100    9    0.02644    0.02796  5.74%  17.2 19445s
 57627366 5513483 infeasible   94         0.02644    0.02795  5.73%  17.2 19450s
 57640157 5510939    0.02789   91   16    0.02644    0.02795  5.73%  17.2 19455s
 57651663 5508539    0.02778   66   22    0.02644    0.02795  5.72%  17.2 19460s
 57665618 5505388    0.02795   85    2    0.02644    0.02795  5.71%  17.2 19465s
 57678206 5502582    0.02707   41   54    0.02644    0.02795  5.70%  17.2 19470s
 57691449 5499834    0.02649   40   53    0.02644    0.02794  5.69%  17.2 19476s
 57702827 5497276    0.02794   51   32    0.02644    0.02794  5.69%  17.2 19480s
 57715405 5494349    0.02660   50   46    0.02644    0.02794  5.68%  17.2 19485s
 57725491 5492193    0.02791   88   14    0.02644    0.02794  5.67%  17.2 19490s
 57736780 5489526     cutoff   38         0.02644    0.02794  5.66%  17.2 19495s
 57750062 5486641     cutoff   95         0.02644    0.02793  5.65%  17.2 19500s
 57763028 5483655     cutoff   74         0.02644    0.02793  5.64%  17.2 19505s
 57774669 5481087     cutoff   99         0.02644    0.02793  5.63%  17.2 19510s
 57787882 5478325 infeasible  113         0.02644    0.02793  5.62%  17.2 19515s
 57802189 5475485    0.02792   78   19    0.02644    0.02792  5.61%  17.2 19520s
 57812606 5473454     cutoff   93         0.02644    0.02792  5.61%  17.2 19525s
 57826489 5470150 infeasible   85         0.02644    0.02792  5.60%  17.2 19530s
 57839828 5467093 infeasible   95         0.02644    0.02792  5.59%  17.2 19535s
 57852331 5464255     cutoff   75         0.02644    0.02791  5.58%  17.2 19540s
 57864992 5461268    0.02657  100    1    0.02644    0.02791  5.57%  17.2 19545s
 57877687 5457818    0.02790   85   10    0.02644    0.02791  5.56%  17.2 19550s
 57890463 5454664    0.02765   42   57    0.02644    0.02791  5.55%  17.2 19555s
 57902437 5451400     cutoff  104         0.02644    0.02790  5.55%  17.2 19560s
 57912571 5448819    0.02790   80   28    0.02644    0.02790  5.54%  17.2 19565s
 57924716 5445924    0.02785   74   24    0.02644    0.02790  5.53%  17.2 19570s
 57936904 5442896     cutoff   48         0.02644    0.02790  5.52%  17.2 19575s
 57949257 5440200     cutoff   95         0.02644    0.02790  5.51%  17.2 19580s
 57962516 5437212    0.02660   96    9    0.02644    0.02789  5.50%  17.2 19585s
 57974911 5434200     cutoff   75         0.02644    0.02789  5.49%  17.2 19590s
 57982778 5432389    0.02789   96    3    0.02644    0.02789  5.49%  17.2 19595s
 57993807 5430005     cutoff   81         0.02644    0.02789  5.48%  17.2 19600s
 58007925 5426982    0.02691   41   55    0.02644    0.02788  5.47%  17.2 19605s
 58022433 5424159 infeasible   88         0.02644    0.02788  5.46%  17.2 19610s
 58035874 5421472     cutoff   39         0.02644    0.02788  5.45%  17.2 19615s
 58049718 5418758 infeasible   46         0.02644    0.02788  5.44%  17.2 19620s
 58062618 5416269    0.02764   60   52    0.02644    0.02787  5.43%  17.2 19625s
 58072509 5414299     cutoff  110         0.02644    0.02787  5.42%  17.2 19630s
 58087169 5411432    0.02782   44   57    0.02644    0.02787  5.41%  17.2 19635s
 58100456 5408617     cutoff  117         0.02644    0.02787  5.40%  17.2 19640s
 58114193 5406016    0.02786   89    2    0.02644    0.02786  5.39%  17.2 19645s
 58127598 5403373     cutoff   49         0.02644    0.02786  5.38%  17.2 19650s
 58141299 5400484     cutoff   75         0.02644    0.02786  5.37%  17.2 19655s
 58153846 5397674     cutoff  103         0.02644    0.02786  5.36%  17.2 19660s
 58167417 5394529 infeasible   41         0.02644    0.02785  5.35%  17.2 19665s
 58180679 5391629    0.02777   72   27    0.02644    0.02785  5.34%  17.2 19670s
 58194649 5388609    0.02785  111    8    0.02644    0.02785  5.34%  17.2 19675s
 58208401 5385387     cutoff   48         0.02644    0.02785  5.33%  17.2 19680s
 58221901 5382561    0.02782   93    7    0.02644    0.02784  5.32%  17.2 19685s
 58234875 5379656    0.02780   88   15    0.02644    0.02784  5.31%  17.2 19690s
 58244192 5377586     cutoff   38         0.02644    0.02784  5.30%  17.2 19695s
 58257175 5375017    0.02783   88    2    0.02644    0.02784  5.29%  17.2 19700s
 58271686 5372183     cutoff   42         0.02644    0.02783  5.28%  17.2 19705s
 58285184 5369889     cutoff  111         0.02644    0.02783  5.27%  17.2 19710s
 58295207 5367869     cutoff  100         0.02644    0.02783  5.26%  17.2 19715s
 58309370 5364864     cutoff  103         0.02644    0.02783  5.25%  17.2 19720s
 58319807 5362923    0.02734   62   39    0.02644    0.02782  5.24%  17.2 19725s
 58334475 5360193 infeasible   71         0.02644    0.02782  5.23%  17.2 19730s
 58345780 5358028 infeasible  102         0.02644    0.02782  5.22%  17.2 19735s
 58359593 5355485    0.02673   53   50    0.02644    0.02782  5.21%  17.2 19740s
 58369519 5353620 infeasible  119         0.02644    0.02781  5.20%  17.1 19745s
 58383844 5350923    0.02655  100    8    0.02644    0.02781  5.19%  17.1 19750s
 58396677 5348121 infeasible  114         0.02644    0.02781  5.18%  17.1 19755s
 58406965 5346135    0.02781  117    3    0.02644    0.02781  5.18%  17.1 19760s
 58418404 5343686 infeasible   93         0.02644    0.02781  5.17%  17.1 19765s
 58432257 5340449     cutoff   44         0.02644    0.02780  5.16%  17.1 19770s
 58443718 5337867    0.02774   44   55    0.02644    0.02780  5.15%  17.1 19775s
 58453352 5335646    0.02658   97    5    0.02644    0.02780  5.14%  17.1 19780s
 58463765 5333395    0.02780   89    4    0.02644    0.02780  5.14%  17.1 19785s
 58474575 5330969 infeasible  101         0.02644    0.02780  5.13%  17.1 19790s
 58484597 5328670     cutoff   98         0.02644    0.02779  5.12%  17.1 19795s
 58495433 5326209    0.02654   90    1    0.02644    0.02779  5.12%  17.2 19800s

Cutting planes:
  Gomory: 69
  Implied bound: 14
  MIR: 25
  Mixing: 3
  Flow cover: 99
  RLT: 132
  Relax-and-lift: 32
  BQP: 51

Explored 58495661 nodes (1003202172 simplex iterations) in 19800.00 seconds (15623.57 work units)
Thread count was 4 (of 4 available processors)

Solution count 10: 0.0264388 0.0264174 0.0264133 ... 0.0241774

Time limit reached
Best objective 2.643882505479e-02, best bound 2.779177236929e-02, gap 5.1173%
{"verdict": "UNRESOLVED", "status": "TIME_LIMIT", "runtime": 19800.0050201416, "objval": 0.026438825054787063, "objbound": 0.027791772369286864, "binaries": 70}
