Set parameter NodefileStart to value 6
Read parameters from file gurobi.env
Restricted license - for non-production use only - expires 2027-11-29
Set parameter OutputFlag to value 1
Set parameter Threads to value 4
Set parameter TimeLimit to value 19800
Set parameter MIPGap to value 5e-05
Set parameter MIPFocus to value 2
Set parameter NonConvex to value 2
Set parameter BestBdStop to value 2.7426211734693878e-02
Gurobi Optimizer version 13.0.3 build v13.0.3rc0 (linux64 - "Ubuntu 24.04.5 LTS")

CPU model: AMD EPYC 9V74 80-Core Processor, instruction set [SSE2|AVX|AVX2|AVX512]
Thread count: 2 physical cores, 4 logical processors, using up to 4 threads

Non-default parameters:
TimeLimit  19800
BestBdStop  2.7426211734693878e-02
MIPGap  5e-05
MIPFocus  2
NodefileStart  6
NonConvex  2
Threads  4

Optimize a model with 165 rows, 135 columns and 976 nonzeros (Max)
Model fingerprint: 0xe8ab1ee0
Model has 1 linear objective coefficients
Model has 50 quadratic constraints
Variable types: 65 continuous, 70 integer (70 binary)
Coefficient statistics:
  Matrix range     [5e-01, 1e+00]
  QMatrix range    [1e+00, 1e+00]
  QLMatrix range   [1e+00, 1e+00]
  Objective range  [1e+00, 1e+00]
  Bounds range     [5e-01, 1e+00]
  RHS range        [1e+00, 1e+00]

Found heuristic solution: objective -0.0000000
Presolve time: 0.00s
Presolved: 365 rows, 136 columns, 1376 nonzeros
Presolved model has 50 bilinear constraint(s)

Solving non-convex MIQCP to global optimality

Variable types: 66 continuous, 70 integer (70 binary)
Root relaxation presolve removed 50 rows and 1 columns
Root relaxation presolved: 315 rows, 135 columns, 1326 nonzeros


Root relaxation: objective 2.500000e-01, 125 iterations, 0.00 seconds (0.00 work units)

    Nodes    |    Current Node    |     Objective Bounds      |     Work
 Expl Unexpl |  Obj  Depth IntInf | Incumbent    BestBd   Gap | It/Node Time

     0     0    0.25000    0   43   -0.00000    0.25000      -     -    0s
     0     0    0.16667    0   86   -0.00000    0.16667      -     -    0s
     0     0    0.16000    0   85   -0.00000    0.16000      -     -    0s
     0     0    0.12987    0   97   -0.00000    0.12987      -     -    0s
H    0     0                       0.0000003    0.12500      -     -    0s
     0     0    0.12500    0   94    0.00000    0.12500      -     -    0s
     0     0    0.12500    0   90    0.00000    0.12500      -     -    0s
     0     0    0.12500    0   86    0.00000    0.12500      -     -    0s
     0     0    0.12500    0   71    0.00000    0.12500      -     -    0s
     0     0    0.12500    0   64    0.00000    0.12500      -     -    0s
     0     0    0.12500    0   46    0.00000    0.12500      -     -    0s
     0     0    0.12500    0   46    0.00000    0.12500      -     -    0s
     0     0    0.12500    0   46    0.00000    0.12500      -     -    0s
     0     0    0.12500    0   45    0.00000    0.12500      -     -    0s
     0     0    0.12500    0   42    0.00000    0.12500      -     -    0s
     0     0    0.12500    0   42    0.00000    0.12500      -     -    0s
     0     2    0.12500    0   42    0.00000    0.12500      -     -    0s
H  691   613                       0.0000004    0.12500      -  25.1    0s
H 1397  1038                       0.0016516    0.11765  7023%  25.3    2s
H 1515  1071                       0.0061921    0.11765  1800%  24.1    2s
H 1595  1088                       0.0069202    0.11340  1539%  23.7    2s
H 1631  1031                       0.0077201    0.11340  1369%  23.5    2s
H 1935  1098                       0.0095273    0.10000   950%  24.9    2s
H 2218  1168                       0.0103969    0.09974   859%  24.4    2s
* 2269  1169             128       0.0104014    0.09974   859%  24.5    2s
H 2964  1338                       0.0121599    0.09671   695%  23.8    2s
H 3938  1618                       0.0129362    0.08929   590%  24.0    2s
H 4269  1729                       0.0130252    0.08537   555%  24.6    2s
H 5359  2318                       0.0137421    0.08202   497%  26.0    3s
H 5360  2315                       0.0137686    0.08202   496%  26.0    3s
H 6452  2940                       0.0137845    0.08054   484%  27.0    3s
* 7557  3857              75       0.0138364    0.07926   473%  27.0    4s
* 7560  3857              74       0.0138368    0.07926   473%  27.0    4s
H 8739  3420                       0.0204166    0.07893   287%  26.0    4s
  9994  4004     cutoff   30         0.02042    0.07809   282%  26.3    5s
H10002  4008                       0.0204166    0.07809   282%  26.3    5s
 23102  9411    0.02198   30   53    0.02042    0.07029   244%  27.3   10s
 37110 15351    0.04685   30   59    0.02042    0.06746   230%  28.8   15s
 54571 21753    0.03883   37   54    0.02042    0.06541   220%  30.0   20s
H69799 26716                       0.0204166    0.06380   213%  30.6   24s
 70090 26721    0.02236   47   56    0.02042    0.06379   212%  30.7   25s
 82638 30934    0.05109   28   59    0.02042    0.06252   206%  31.0   30s
 99193 36489    0.03021   32   50    0.02042    0.06116   200%  31.3   35s
 116268 41813     cutoff   39         0.02042    0.06009   194%  31.5   40s
 133447 47207    0.03362   32   62    0.02042    0.05927   190%  31.5   45s
 150268 53074    0.05685   31   56    0.02042    0.05865   187%  31.6   50s
 167756 58436     cutoff   37         0.02042    0.05801   184%  31.6   55s
 184941 63713    0.02765   39   38    0.02042    0.05748   182%  31.7   60s
H195150 66184                       0.0208476    0.05718   174%  31.7   63s
H195738 66353                       0.0208476    0.05717   174%  31.7   63s
 199044 67500    0.02543   29   52    0.02085    0.05708   174%  31.8   65s
 216596 72869    0.05426   25   62    0.02085    0.05657   171%  31.8   70s
 232368 77316    0.02707   34   47    0.02085    0.05618   169%  31.8   75s
 249600 82409 infeasible   32         0.02085    0.05583   168%  31.9   80s
 266834 87352    0.02272   33   50    0.02085    0.05547   166%  31.9   85s
 279668 91160    0.03590   43   60    0.02085    0.05520   165%  31.9   90s
H284035 91241                       0.0213745    0.05512   158%  32.0   91s
H284366 91374                       0.0213745    0.05511   158%  32.0   91s
 294652 94318    0.02812   34   55    0.02137    0.05489   157%  32.0   95s
 311025 98887    0.02755   34   59    0.02137    0.05456   155%  32.0  100s
 328166 103717     cutoff   35         0.02137    0.05425   154%  32.0  105s
 345196 108829    0.05268   36   59    0.02137    0.05396   152%  32.0  110s
 362243 113592    0.04248   27   61    0.02137    0.05368   151%  32.0  115s
 375723 117335     cutoff   35         0.02137    0.05346   150%  32.0  120s
 391328 121769    0.03759   35   45    0.02137    0.05325   149%  32.0  125s
 408249 126304    0.02320   43   61    0.02137    0.05304   148%  32.0  130s
 425947 130755     cutoff   44         0.02137    0.05281   147%  32.0  135s
 441733 134439    0.02365   33   55    0.02137    0.05265   146%  31.9  140s
 456474 138138    0.02978   38   42    0.02137    0.05244   145%  32.0  145s
 472610 142399    0.04744   27   66    0.02137    0.05226   144%  32.0  150s
 489798 146877    0.03257   40   57    0.02137    0.05207   144%  32.0  155s
 502381 150052    0.04288   41   57    0.02137    0.05193   143%  32.0  160s
 519324 154781    0.03548   34   50    0.02137    0.05175   142%  32.0  165s
 536238 158798    0.03670   29   59    0.02137    0.05159   141%  32.0  170s
 553196 163096     cutoff   40         0.02137    0.05144   141%  32.1  175s
 569580 167455     cutoff   43         0.02137    0.05128   140%  32.1  180s
 587110 171656     cutoff   28         0.02137    0.05112   139%  32.1  185s
 605116 176007     cutoff   30         0.02137    0.05095   138%  32.1  190s
 622338 180585     cutoff   37         0.02137    0.05080   138%  32.1  195s
 640017 184610    0.02674   38   54    0.02137    0.05062   137%  32.1  200s
 656439 188676    0.02418   39   47    0.02137    0.05047   136%  32.1  205s
 673056 192523     cutoff   40         0.02137    0.05033   135%  32.1  210s
 689989 197044    0.03060   35   62    0.02137    0.05019   135%  32.1  215s
 707127 201151    0.02214   38   62    0.02137    0.05004   134%  32.1  220s
 724546 205463    0.03188   32   54    0.02137    0.04991   133%  32.0  225s
 739473 208942    0.04617   36   54    0.02137    0.04979   133%  32.0  230s
 754824 212818    0.02299   34   44    0.02137    0.04970   133%  32.0  235s
 772342 217002    0.03576   36   59    0.02137    0.04959   132%  32.0  240s
 789219 221029    0.02187   32   46    0.02137    0.04949   132%  32.0  245s
 806705 225631    0.02558   37   51    0.02137    0.04937   131%  32.0  250s
 823241 229515    0.02832   35   54    0.02137    0.04926   130%  32.0  255s
 839379 233383    0.03128   37   54    0.02137    0.04915   130%  32.0  260s
 855409 237351    0.03109   32   58    0.02137    0.04904   129%  32.0  265s
 870859 241265    0.03369   38   52    0.02137    0.04895   129%  32.0  270s
 887555 245351    0.04693   32   61    0.02137    0.04885   129%  32.0  275s
 902829 248854    0.02970   41   56    0.02137    0.04875   128%  32.0  280s
 917780 252160    0.03441   27   50    0.02137    0.04866   128%  32.0  285s
 933600 255794    0.02441   36   57    0.02137    0.04857   127%  32.0  290s
 948172 259138    0.03445   36   46    0.02137    0.04849   127%  32.0  295s
 956030 260985    0.04219   32   66    0.02137    0.04844   127%  32.0  300s
 969240 264064    0.02654   34   62    0.02137    0.04837   126%  32.0  305s
 985887 267994    0.03319   34   53    0.02137    0.04829   126%  32.0  310s
 1001820 271696    0.04239   36   52    0.02137    0.04820   126%  32.0  315s
 1018841 275395     cutoff   37         0.02137    0.04811   125%  32.0  320s
 1036031 278959     cutoff   39         0.02137    0.04802   125%  32.0  325s
 1053005 282419    0.02734   38   50    0.02137    0.04794   124%  32.0  330s
 1070445 286368     cutoff   30         0.02137    0.04784   124%  32.0  335s
 1087914 290230    0.02382   41   58    0.02137    0.04775   123%  32.0  340s
 1104446 294158     cutoff   38         0.02137    0.04767   123%  31.9  345s
H1107183 285752                       0.0222434    0.04765   114%  31.9  345s
H1108593 286080                       0.0222434    0.04765   114%  31.9  346s
 1118243 288220    0.02673   31   54    0.02224    0.04760   114%  31.9  350s
 1135529 291734    0.04041   31   56    0.02224    0.04751   114%  31.9  355s
 1151840 295072    0.03644   39   53    0.02224    0.04744   113%  31.9  360s
 1168829 298654     cutoff   39         0.02224    0.04735   113%  31.9  365s
 1185742 302960     cutoff   37         0.02224    0.04727   112%  31.9  370s
 1202167 306247    0.02736   47   57    0.02224    0.04719   112%  31.9  375s
 1214176 308477    0.02449   29   69    0.02224    0.04714   112%  31.9  380s
 1230216 311931     cutoff   40         0.02224    0.04707   112%  31.9  385s
 1246918 315141     cutoff   39         0.02224    0.04700   111%  31.9  390s
 1262834 318197 infeasible   36         0.02224    0.04693   111%  31.9  395s
 1278980 321423 infeasible   44         0.02224    0.04687   111%  31.9  400s
 1295699 325069     cutoff   41         0.02224    0.04679   110%  31.9  405s
 1312491 328396    0.02899   38   51    0.02224    0.04672   110%  31.9  410s
 1329099 331714     cutoff   43         0.02224    0.04665   110%  31.9  415s
 1345324 334835    0.04652   36   56    0.02224    0.04659   109%  31.9  420s
 1362221 338178    0.02455   36   50    0.02224    0.04653   109%  31.9  425s
 1378330 340981    0.02518   41   54    0.02224    0.04646   109%  31.9  430s
 1395122 344192    0.02470   34   51    0.02224    0.04640   109%  31.9  435s
H1408173 314526                       0.0246859    0.04635  87.8%  31.9  439s
H1408569 314562                       0.0246859    0.04635  87.8%  31.9  439s
H1408895 314627                       0.0246859    0.04635  87.8%  31.9  439s
H1409651 314715                       0.0246859    0.04635  87.8%  31.9  439s
 1410871 314865    0.03325   27   55    0.02469    0.04634  87.7%  31.9  440s
 1421604 316483     cutoff   39         0.02469    0.04629  87.5%  31.9  445s
 1436977 318581    0.02817   34   60    0.02469    0.04622  87.3%  31.9  450s
 1454602 320892    0.02838   42   55    0.02469    0.04614  86.9%  31.8  455s
 1469182 323078    0.02607   45   52    0.02469    0.04608  86.7%  31.8  460s
 1486113 325452    0.02598   40   55    0.02469    0.04601  86.4%  31.8  465s
 1503389 327707    0.02474   38   55    0.02469    0.04593  86.1%  31.8  470s
 1520378 329834    0.03647   32   61    0.02469    0.04586  85.8%  31.8  475s
 1537418 332319    0.02494   39   51    0.02469    0.04579  85.5%  31.8  480s
 1553927 334738    0.02742   56   46    0.02469    0.04572  85.2%  31.8  485s
 1571751 337387    0.03725   39   55    0.02469    0.04565  84.9%  31.8  490s
 1589012 340058    0.03521   40   44    0.02469    0.04559  84.7%  31.8  495s
 1605735 342378     cutoff   33         0.02469    0.04552  84.4%  31.8  500s
 1621633 344578    0.02552   41   56    0.02469    0.04546  84.1%  31.8  505s
 1635827 346473     cutoff   46         0.02469    0.04540  83.9%  31.8  510s
 1650657 348497 infeasible   37         0.02469    0.04534  83.7%  31.8  515s
 1668458 350821    0.02633   36   56    0.02469    0.04527  83.4%  31.8  520s
 1684837 352747    0.03365   38   54    0.02469    0.04520  83.1%  31.7  525s
 1701724 355498    0.02581   37   57    0.02469    0.04514  82.9%  31.7  530s
 1718810 357755    0.03208   38   42    0.02469    0.04508  82.6%  31.7  535s
 1735372 359815     cutoff   38         0.02469    0.04502  82.4%  31.7  540s
 1752285 362003     cutoff   51         0.02469    0.04496  82.1%  31.7  545s
 1769801 364130    0.03470   30   48    0.02469    0.04489  81.8%  31.7  550s
 1785223 366277    0.03826   38   56    0.02469    0.04484  81.6%  31.7  555s
 1802548 368349    0.03300   36   46    0.02469    0.04478  81.4%  31.7  560s
 1818538 370387 infeasible   43         0.02469    0.04472  81.1%  31.7  565s
 1832608 372123    0.03524   33   50    0.02469    0.04466  80.9%  31.7  570s
 1848616 374225     cutoff   32         0.02469    0.04460  80.7%  31.7  575s
 1864980 375987    0.04049   37   59    0.02469    0.04454  80.4%  31.7  580s
 1882355 378078    0.04362   30   57    0.02469    0.04448  80.2%  31.7  585s
 1898995 380294     cutoff   34         0.02469    0.04442  79.9%  31.7  590s
 1915306 382127 infeasible   41         0.02469    0.04436  79.7%  31.7  595s
 1932472 384406     cutoff   40         0.02469    0.04431  79.5%  31.7  600s
 1950027 386742     cutoff   43         0.02469    0.04425  79.3%  31.7  605s
 1964771 388319    0.02483   40   53    0.02469    0.04420  79.1%  31.7  610s
 1982035 390548    0.02967   31   51    0.02469    0.04415  78.8%  31.7  615s
 1999467 392582     cutoff   36         0.02469    0.04409  78.6%  31.7  620s
 2016232 394642    0.04028   43   54    0.02469    0.04404  78.4%  31.6  625s
 2027145 395946    0.04119   33   53    0.02469    0.04400  78.2%  31.6  630s
 2043437 397967    0.02759   32   55    0.02469    0.04395  78.1%  31.6  635s
 2060721 399946     cutoff   37         0.02469    0.04391  77.9%  31.6  640s
 2077884 402149    0.02846   41   55    0.02469    0.04386  77.7%  31.6  645s
 2094398 404216    0.03614   36   61    0.02469    0.04381  77.5%  31.6  650s
 2110861 406010    0.02609   35   57    0.02469    0.04376  77.3%  31.6  655s
 2128202 408058     cutoff   46         0.02469    0.04371  77.1%  31.6  660s
 2146084 410101     cutoff   41         0.02469    0.04366  76.9%  31.6  665s
 2163094 412123     cutoff   36         0.02469    0.04361  76.6%  31.6  670s
 2180387 414159    0.03069   31   50    0.02469    0.04356  76.4%  31.6  675s
 2197916 416459    0.03705   30   50    0.02469    0.04351  76.3%  31.6  680s
 2215677 418700    0.02713   38   55    0.02469    0.04347  76.1%  31.6  685s
 2233344 420623    0.04102   31   67    0.02469    0.04342  75.9%  31.6  690s
 2250963 423060    0.04258   29   41    0.02469    0.04337  75.7%  31.6  695s
 2268166 425216    0.02482   35   52    0.02469    0.04332  75.5%  31.6  700s
 2285568 427274     cutoff   47         0.02469    0.04328  75.3%  31.6  705s
H2290689 427818                       0.0246859    0.04326  75.3%  31.6  706s
 2296768 428544    0.02489   38   57    0.02469    0.04325  75.2%  31.6  710s
 2313430 430294     cutoff   41         0.02469    0.04320  75.0%  31.6  715s
 2330585 432429    0.02866   34   50    0.02469    0.04316  74.8%  31.6  720s
 2346905 434245     cutoff   42         0.02469    0.04312  74.7%  31.6  725s
 2365143 436424    0.03191   38   56    0.02469    0.04307  74.5%  31.6  730s
 2382379 438610     cutoff   45         0.02469    0.04302  74.3%  31.6  735s
 2398826 440493    0.03316   30   55    0.02469    0.04298  74.1%  31.6  740s
 2415977 442598     cutoff   38         0.02469    0.04294  73.9%  31.5  745s
 2430574 444038    0.02952   38   55    0.02469    0.04290  73.8%  31.5  750s
 2446674 445754     cutoff   44         0.02469    0.04286  73.6%  31.5  755s
 2463927 447634     cutoff   39         0.02469    0.04281  73.4%  31.5  760s
 2480232 449552     cutoff   37         0.02469    0.04277  73.3%  31.5  765s
 2497059 451724    0.03782   30   57    0.02469    0.04273  73.1%  31.5  770s
 2513991 453661    0.03956   32   46    0.02469    0.04269  72.9%  31.5  775s
 2531125 455617    0.03621   29   59    0.02469    0.04265  72.8%  31.5  780s
 2548235 457640    0.02689   30   50    0.02469    0.04261  72.6%  31.5  785s
 2561011 459039    0.04177   34   59    0.02469    0.04258  72.5%  31.5  790s
 2578909 461212    0.03282   37   59    0.02469    0.04253  72.3%  31.5  795s
 2596821 463293    0.02472   42   55    0.02469    0.04249  72.1%  31.5  800s
 2613794 465219    0.02552   36   50    0.02469    0.04244  71.9%  31.5  805s
 2631206 467132     cutoff   38         0.02469    0.04240  71.8%  31.5  810s
 2648539 469088    0.03154   38   50    0.02469    0.04236  71.6%  31.5  815s
 2665789 470905    0.03361   35   55    0.02469    0.04232  71.4%  31.5  820s
 2682881 472817 infeasible   34         0.02469    0.04228  71.3%  31.5  825s
 2700303 474533     cutoff   42         0.02469    0.04224  71.1%  31.5  830s
 2717775 476184    0.03667   33   56    0.02469    0.04220  70.9%  31.4  835s
 2735003 477941    0.02846   43   52    0.02469    0.04216  70.8%  31.4  840s
 2752508 479799     cutoff   33         0.02469    0.04212  70.6%  31.4  845s
 2769802 481731     cutoff   35         0.02469    0.04208  70.4%  31.4  850s
 2786494 483642    0.03773   31   46    0.02469    0.04204  70.3%  31.4  855s
 2798862 485039    0.02490   52   60    0.02469    0.04201  70.2%  31.4  860s
 2816210 487045     cutoff   40         0.02469    0.04197  70.0%  31.4  865s
 2833776 488787    0.03776   35   57    0.02469    0.04193  69.9%  31.4  870s
 2850385 490519    0.02578   37   57    0.02469    0.04190  69.7%  31.4  875s
 2867477 492061    0.03269   45   52    0.02469    0.04186  69.6%  31.4  880s
 2884609 494053     cutoff   41         0.02469    0.04182  69.4%  31.4  885s
 2901931 495901    0.02900   44   32    0.02469    0.04178  69.2%  31.4  890s
 2918183 497406     cutoff   40         0.02469    0.04174  69.1%  31.4  895s
 2931909 498817     cutoff   36         0.02469    0.04171  68.9%  31.4  900s
 2948172 500411 infeasible   45         0.02469    0.04167  68.8%  31.4  905s
 2964314 502040    0.02619   40   62    0.02469    0.04164  68.7%  31.4  910s
 2978888 503400     cutoff   37         0.02469    0.04160  68.5%  31.4  915s
 2995911 504949    0.04016   35   68    0.02469    0.04157  68.4%  31.4  920s
 3011352 506633    0.03913   38   52    0.02469    0.04153  68.2%  31.4  925s
 3027182 508063    0.04116   38   49    0.02469    0.04150  68.1%  31.4  930s
 3043670 509797    0.04146   42   63    0.02469    0.04147  68.0%  31.4  935s
 3059488 511283     cutoff   42         0.02469    0.04143  67.8%  31.3  940s
 3071664 512336    0.02861   42   44    0.02469    0.04140  67.7%  31.3  945s
 3088473 513840 infeasible   44         0.02469    0.04137  67.6%  31.3  950s
 3104582 515330    0.02941   37   57    0.02469    0.04133  67.4%  31.3  955s
 3120603 517069    0.04036   34   54    0.02469    0.04130  67.3%  31.3  960s
 3135792 518452     cutoff   42         0.02469    0.04127  67.2%  31.3  965s
 3151981 519918     cutoff   40         0.02469    0.04123  67.0%  31.3  970s
 3169350 521633    0.03146   39   58    0.02469    0.04120  66.9%  31.3  975s
 3186610 523174    0.03553   36   62    0.02469    0.04116  66.7%  31.3  980s
 3204445 525054    0.03544   41   56    0.02469    0.04113  66.6%  31.3  985s
 3220509 526690    0.02734   41   66    0.02469    0.04110  66.5%  31.3  990s
 3237704 528348     cutoff   38         0.02469    0.04106  66.3%  31.3  995s
 3255174 530154    0.03134   38   58    0.02469    0.04103  66.2%  31.3 1000s
 3271967 531880    0.03556   40   50    0.02469    0.04099  66.1%  31.3 1005s
 3289399 533644    0.02856   46   44    0.02469    0.04096  65.9%  31.3 1010s
 3305596 535255     cutoff   39         0.02469    0.04093  65.8%  31.3 1015s
 3317934 536442     cutoff   43         0.02469    0.04090  65.7%  31.2 1020s
 3334799 538027    0.03110   35   60    0.02469    0.04087  65.5%  31.2 1025s
 3352098 539595    0.02887   36   58    0.02469    0.04083  65.4%  31.2 1030s
 3368260 541113     cutoff   40         0.02469    0.04080  65.3%  31.2 1035s
 3385363 542673    0.02486   38   52    0.02469    0.04077  65.1%  31.2 1040s
 3402565 544578    0.03446   33   56    0.02469    0.04073  65.0%  31.2 1045s
 3418627 545895     cutoff   42         0.02469    0.04070  64.9%  31.2 1050s
 3436440 547598     cutoff   43         0.02469    0.04066  64.7%  31.2 1055s
 3453391 549033    0.02603   40   49    0.02469    0.04063  64.6%  31.2 1060s
 3470525 550538    0.03267   31   55    0.02469    0.04060  64.5%  31.2 1065s
 3487328 552033    0.02598   38   48    0.02469    0.04057  64.3%  31.2 1070s
 3504497 553785     cutoff   39         0.02469    0.04053  64.2%  31.2 1075s
 3522156 555174    0.03595   37   55    0.02469    0.04050  64.1%  31.2 1080s
 3539379 556591     cutoff   35         0.02469    0.04046  63.9%  31.2 1085s
 3556595 558224     cutoff   38         0.02469    0.04043  63.8%  31.2 1090s
 3569468 559373    0.02652   45   55    0.02469    0.04041  63.7%  31.1 1095s
 3585345 560868    0.03057   42   57    0.02469    0.04038  63.6%  31.1 1100s
 3602226 562471    0.02543   40   41    0.02469    0.04035  63.4%  31.1 1105s
 3619602 563917    0.02987   40   58    0.02469    0.04031  63.3%  31.1 1110s
 3635984 565112    0.03044   43   48    0.02469    0.04028  63.2%  31.1 1115s
 3653465 566472    0.03004   39   58    0.02469    0.04025  63.0%  31.1 1120s
 3669482 568016    0.03511   34   53    0.02469    0.04022  62.9%  31.1 1125s
 3686741 569394     cutoff   41         0.02469    0.04019  62.8%  31.1 1130s
 3702810 570704     cutoff   35         0.02469    0.04016  62.7%  31.1 1135s
 3719809 572175     cutoff   36         0.02469    0.04013  62.6%  31.1 1140s
 3736154 573569    0.03208   36   55    0.02469    0.04010  62.4%  31.1 1145s
 3752195 575031    0.03453   41   65    0.02469    0.04007  62.3%  31.1 1150s
 3769556 576486     cutoff   40         0.02469    0.04004  62.2%  31.1 1155s
 3786180 577922    0.02717   44   69    0.02469    0.04001  62.1%  31.1 1160s
 3798765 578866     cutoff   44         0.02469    0.03999  62.0%  31.1 1165s
 3815432 580424    0.03649   36   54    0.02469    0.03996  61.9%  31.1 1170s
 3831189 581676     cutoff   48         0.02469    0.03993  61.7%  31.0 1175s
 3847720 583008    0.03452   38   52    0.02469    0.03990  61.6%  31.0 1180s
 3864310 584216    0.03548   37   56    0.02469    0.03987  61.5%  31.0 1185s
 3881643 585737     cutoff   41         0.02469    0.03984  61.4%  31.0 1190s
 3898588 587601     cutoff   42         0.02469    0.03981  61.3%  31.0 1195s
 3913877 588895    0.03670   40   50    0.02469    0.03978  61.2%  31.0 1200s
 3930505 590266     cutoff   55         0.02469    0.03975  61.0%  31.0 1205s
 3947438 591942    0.02484   40   54    0.02469    0.03973  60.9%  31.0 1210s
 3965003 593415    0.02601   44   59    0.02469    0.03970  60.8%  31.0 1215s
 3981425 594764    0.03344   38   57    0.02469    0.03967  60.7%  31.0 1220s
 3999250 596243    0.03380   37   64    0.02469    0.03964  60.6%  31.0 1225s
 4016585 597690     cutoff   43         0.02469    0.03961  60.5%  31.0 1230s
 4031364 598745    0.03053   34   54    0.02469    0.03958  60.3%  31.0 1235s
 4043177 599914    0.03192   29   53    0.02469    0.03956  60.3%  31.0 1240s
 4058845 601186    0.03397   41   58    0.02469    0.03953  60.1%  31.0 1245s
 4076112 602631     cutoff   44         0.02469    0.03950  60.0%  31.0 1250s
 4093271 604175    0.02566   35   54    0.02469    0.03947  59.9%  30.9 1255s
 4110948 605480    0.03122   37   50    0.02469    0.03944  59.8%  30.9 1260s
 4128604 606484     cutoff   33         0.02469    0.03941  59.7%  30.9 1265s
 4145216 607735 infeasible   35         0.02469    0.03939  59.5%  30.9 1270s
 4161983 608861     cutoff   42         0.02469    0.03936  59.4%  30.9 1275s
 4178621 610152    0.02750   45   59    0.02469    0.03933  59.3%  30.9 1280s
 4195502 611174     cutoff   47         0.02469    0.03931  59.2%  30.9 1285s
 4211668 612445    0.03613   36   56    0.02469    0.03928  59.1%  30.9 1290s
 4228243 613717     cutoff   41         0.02469    0.03925  59.0%  30.9 1295s
 4245551 614852     cutoff   44         0.02469    0.03922  58.9%  30.9 1300s
 4261653 615787     cutoff   37         0.02469    0.03920  58.8%  30.9 1305s
 4278385 616968    0.03052   36   55    0.02469    0.03917  58.7%  30.9 1310s
 4290636 617857 infeasible   43         0.02469    0.03915  58.6%  30.9 1315s
 4307622 619168     cutoff   45         0.02469    0.03912  58.5%  30.9 1320s
 4324954 620305    0.02559   40   50    0.02469    0.03909  58.4%  30.9 1325s
 4341120 621440    0.03578   38   52    0.02469    0.03907  58.3%  30.9 1330s
 4357992 622500     cutoff   37         0.02469    0.03904  58.2%  30.9 1335s
 4372808 623342    0.03838   39   55    0.02469    0.03902  58.1%  30.9 1340s
 4389340 624710    0.02663   31   44    0.02469    0.03899  58.0%  30.9 1345s
 4405365 625841    0.03109   42   63    0.02469    0.03897  57.9%  30.9 1350s
 4422729 626936    0.03510   38   61    0.02469    0.03894  57.7%  30.9 1355s
 4440023 628035     cutoff   48         0.02469    0.03891  57.6%  30.9 1360s
 4456027 629241    0.03262   44   62    0.02469    0.03889  57.5%  30.9 1365s
 4473180 630517     cutoff   37         0.02469    0.03886  57.4%  30.9 1370s
 4489498 631470    0.02982   37   57    0.02469    0.03883  57.3%  30.9 1375s
 4505022 632436     cutoff   41         0.02469    0.03881  57.2%  30.9 1380s
 4519031 633231     cutoff   39         0.02469    0.03878  57.1%  30.9 1385s
 4534353 634390    0.02513   37   48    0.02469    0.03876  57.0%  30.9 1390s
 4550952 635711     cutoff   53         0.02469    0.03873  56.9%  30.9 1395s
 4567140 636678     cutoff   46         0.02469    0.03871  56.8%  30.9 1400s
 4583664 637970     cutoff   44         0.02469    0.03868  56.7%  30.9 1405s
 4600439 639053    0.02944   40   53    0.02469    0.03866  56.6%  30.9 1410s
 4615196 640203    0.03406   38   42    0.02469    0.03864  56.5%  30.9 1415s
 4632623 641286    0.02549   34   58    0.02469    0.03861  56.4%  30.9 1420s
 4649053 642469    0.03547   37   72    0.02469    0.03859  56.3%  30.9 1425s
 4664700 643371     cutoff   40         0.02469    0.03856  56.2%  30.9 1430s
 4682071 644705    0.03523   38   57    0.02469    0.03854  56.1%  30.9 1435s
H4698647 629290                       0.0251084    0.03851  53.4%  30.9 1439s
 4698886 629327    0.03001   41   63    0.02511    0.03851  53.4%  30.9 1440s
H4699227 629327                       0.0251084    0.03851  53.4%  30.9 1440s
 4709076 629786    0.02995   37   53    0.02511    0.03850  53.3%  30.9 1445s
 4726384 630847     cutoff   37         0.02511    0.03847  53.2%  30.8 1450s
 4743162 631790     cutoff   41         0.02511    0.03845  53.1%  30.8 1455s
 4759821 632754 infeasible   42         0.02511    0.03842  53.0%  30.8 1460s
 4776829 633724    0.02785   42   52    0.02511    0.03840  52.9%  30.8 1465s
 4794173 634963    0.03451   35   57    0.02511    0.03837  52.8%  30.8 1470s
 4810655 635857     cutoff   45         0.02511    0.03834  52.7%  30.8 1475s
 4827784 636726    0.02717   39   56    0.02511    0.03832  52.6%  30.8 1480s
 4844515 637761    0.02698   42   52    0.02511    0.03829  52.5%  30.8 1485s
 4859174 638953     cutoff   37         0.02511    0.03827  52.4%  30.8 1490s
 4876385 640060     cutoff   42         0.02511    0.03824  52.3%  30.8 1495s
 4892531 640775 infeasible   40         0.02511    0.03822  52.2%  30.8 1500s
 4909205 641949    0.03050   43   48    0.02511    0.03819  52.1%  30.8 1505s
 4926009 642816     cutoff   45         0.02511    0.03816  52.0%  30.8 1510s
 4943550 643735    0.03385   43   60    0.02511    0.03814  51.9%  30.8 1515s
 4960842 644769    0.03372   38   59    0.02511    0.03811  51.8%  30.8 1520s
 4975384 645879    0.02681   37   55    0.02511    0.03809  51.7%  30.8 1526s
 4989302 646415    0.02643   41   55    0.02511    0.03807  51.6%  30.8 1530s
 5005995 647242    0.03059   40   57    0.02511    0.03804  51.5%  30.8 1535s
 5023038 648021    0.02548   39   51    0.02511    0.03802  51.4%  30.8 1540s
 5039755 649171     cutoff   38         0.02511    0.03800  51.3%  30.8 1545s
 5054923 650079    0.03173   42   45    0.02511    0.03797  51.2%  30.8 1550s
 5071743 650928    0.02813   36   58    0.02511    0.03795  51.1%  30.8 1555s
 5088643 651840    0.03369   37   55    0.02511    0.03792  51.0%  30.8 1560s
 5105328 652690    0.03049   35   52    0.02511    0.03790  50.9%  30.7 1565s
 5122226 653582    0.03147   31   54    0.02511    0.03787  50.8%  30.7 1570s
 5138584 654319    0.02698   39   60    0.02511    0.03785  50.7%  30.7 1575s
 5154980 655031    0.03361   44   58    0.02511    0.03782  50.6%  30.7 1580s
 5171519 655837    0.02896   37   58    0.02511    0.03780  50.5%  30.7 1585s
 5183143 656365    0.03204   39   52    0.02511    0.03778  50.5%  30.7 1590s
 5199933 657161    0.02837   41   55    0.02511    0.03776  50.4%  30.7 1595s
 5217436 658317    0.03025   40   47    0.02511    0.03773  50.3%  30.7 1600s
 5233197 659001    0.03067   37   61    0.02511    0.03771  50.2%  30.7 1605s
 5250175 659914     cutoff   40         0.02511    0.03768  50.1%  30.7 1610s
 5267081 660840    0.02975   40   58    0.02511    0.03766  50.0%  30.7 1615s
 5283600 661594    0.02881   37   48    0.02511    0.03764  49.9%  30.7 1620s
 5300103 662427    0.02613   43   57    0.02511    0.03761  49.8%  30.7 1625s
 5316367 663212     cutoff   32         0.02511    0.03759  49.7%  30.7 1630s
 5333229 664146    0.03507   40   58    0.02511    0.03757  49.6%  30.7 1635s
 5350914 665091     cutoff   37         0.02511    0.03754  49.5%  30.7 1640s
 5368235 666063    0.02573   37   53    0.02511    0.03752  49.4%  30.7 1645s
 5386033 666916    0.02641   43   56    0.02511    0.03749  49.3%  30.7 1650s
 5399518 667675     cutoff   42         0.02511    0.03747  49.3%  30.7 1655s
 5415663 668431     cutoff   38         0.02511    0.03745  49.2%  30.7 1660s
 5432811 669197    0.02579   37   52    0.02511    0.03743  49.1%  30.7 1665s
 5449020 669809     cutoff   42         0.02511    0.03740  49.0%  30.7 1670s
 5466869 670656    0.03128   35   57    0.02511    0.03738  48.9%  30.7 1675s
 5481266 671248    0.02825   39   55    0.02511    0.03736  48.8%  30.7 1680s
 5498433 672026    0.02517   32   53    0.02511    0.03734  48.7%  30.6 1685s
 5515761 672853    0.03182   36   46    0.02511    0.03731  48.6%  30.6 1690s
 5531940 673662    0.03040   44   58    0.02511    0.03729  48.5%  30.6 1695s
 5548827 674379    0.02759   34   52    0.02511    0.03727  48.4%  30.6 1700s
 5565818 675057    0.03692   39   61    0.02511    0.03724  48.3%  30.6 1705s
 5583095 675704    0.02984   29   41    0.02511    0.03722  48.2%  30.6 1710s
 5600792 676361    0.03668   39   58    0.02511    0.03719  48.1%  30.6 1715s
 5613212 677047    0.03231   37   57    0.02511    0.03717  48.1%  30.6 1720s
 5631281 677854    0.02630   47   54    0.02511    0.03715  48.0%  30.6 1725s
 5648509 678567    0.02731   47   55    0.02511    0.03713  47.9%  30.6 1730s
 5665903 679569    0.03017   41   60    0.02511    0.03711  47.8%  30.6 1735s
 5683570 680343    0.02824   39   55    0.02511    0.03708  47.7%  30.6 1740s
 5700458 680970     cutoff   40         0.02511    0.03706  47.6%  30.6 1745s
 5715086 681715    0.03675   34   47    0.02511    0.03704  47.5%  30.6 1750s
 5732025 682727     cutoff   38         0.02511    0.03702  47.4%  30.6 1755s
 5749202 683309     cutoff   51         0.02511    0.03700  47.4%  30.6 1760s
 5766171 684215    0.02681   40   50    0.02511    0.03698  47.3%  30.6 1765s
 5783673 684855     cutoff   48         0.02511    0.03695  47.2%  30.6 1770s
 5801068 685822     cutoff   31         0.02511    0.03693  47.1%  30.6 1775s
 5815654 686458    0.03632   35   52    0.02511    0.03691  47.0%  30.6 1780s
 5833060 687205     cutoff   47         0.02511    0.03689  46.9%  30.5 1785s
 5849607 687715     cutoff   47         0.02511    0.03687  46.8%  30.5 1790s
 5865364 688298    0.02583   39   57    0.02511    0.03685  46.7%  30.5 1795s
 5882615 689101    0.02752   34   57    0.02511    0.03682  46.7%  30.5 1800s
 5899721 689802    0.02644   47   55    0.02511    0.03680  46.6%  30.5 1805s
 5916691 690497     cutoff   40         0.02511    0.03678  46.5%  30.5 1810s
 5934120 691302    0.02601   38   43    0.02511    0.03676  46.4%  30.5 1815s
 5950077 692113    0.02642   34   58    0.02511    0.03674  46.3%  30.5 1820s
 5965739 692689     cutoff   48         0.02511    0.03672  46.2%  30.5 1825s
 5983565 693703    0.02755   40   59    0.02511    0.03670  46.1%  30.5 1830s
 6000783 694608    0.03455   37   58    0.02511    0.03667  46.1%  30.5 1835s
 6012650 695235    0.02690   37   52    0.02511    0.03666  46.0%  30.5 1840s
 6029720 695966     cutoff   43         0.02511    0.03664  45.9%  30.5 1845s
 6047230 696728    0.03009   33   59    0.02511    0.03662  45.8%  30.5 1850s
 6061313 697239     cutoff   42         0.02511    0.03660  45.8%  30.5 1855s
 6078731 697841    0.03573   34   56    0.02511    0.03658  45.7%  30.5 1860s
 6096228 698914     cutoff   48         0.02511    0.03656  45.6%  30.5 1865s
 6113856 699445    0.02661   50   48    0.02511    0.03653  45.5%  30.5 1870s
H6127464 671088                       0.0256483    0.03652  42.4%  30.5 1874s
H6128022 671095                       0.0256483    0.03652  42.4%  30.5 1874s
 6129113 671118     cutoff   41         0.02565    0.03651  42.4%  30.5 1875s
 6146210 671638     cutoff   39         0.02565    0.03649  42.3%  30.5 1880s
 6163689 671948     cutoff   43         0.02565    0.03647  42.2%  30.4 1885s
 6181217 672354     cutoff   42         0.02565    0.03644  42.1%  30.4 1890s
 6198206 672813    0.03236   38   52    0.02565    0.03642  42.0%  30.4 1895s
 6215801 673220     cutoff   44         0.02565    0.03640  41.9%  30.4 1900s
 6232745 673637    0.02590   43   46    0.02565    0.03637  41.8%  30.4 1905s
 6249914 674104     cutoff   47         0.02565    0.03635  41.7%  30.4 1910s
 6262283 674471     cutoff   46         0.02565    0.03634  41.7%  30.4 1915s
 6279474 674808     cutoff   44         0.02565    0.03631  41.6%  30.4 1920s
 6296891 675240     cutoff   39         0.02565    0.03629  41.5%  30.4 1925s
 6314412 675837    0.02573   47   31    0.02565    0.03627  41.4%  30.4 1930s
 6330446 676340    0.02962   34   55    0.02565    0.03625  41.3%  30.4 1935s
 6347453 677273    0.03488   35   60    0.02565    0.03623  41.3%  30.4 1940s
 6364753 677763     cutoff   47         0.02565    0.03621  41.2%  30.4 1945s
 6380352 678162     cutoff   39         0.02565    0.03619  41.1%  30.4 1950s
 6397044 678584 infeasible   48         0.02565    0.03617  41.0%  30.4 1955s
 6413765 679101     cutoff   38         0.02565    0.03615  40.9%  30.4 1960s
 6430601 679529     cutoff   40         0.02565    0.03613  40.9%  30.4 1965s
 6446621 679936     cutoff   37         0.02565    0.03611  40.8%  30.4 1970s
 6463227 680291    0.02946   45   31    0.02565    0.03608  40.7%  30.3 1975s
 6475081 680573    0.02683   43   55    0.02565    0.03607  40.6%  30.3 1980s
 6491107 681008     cutoff   43         0.02565    0.03605  40.6%  30.3 1985s
 6507856 681544    0.03250   36   58    0.02565    0.03603  40.5%  30.3 1990s
 6524732 682295    0.03089   36   53    0.02565    0.03601  40.4%  30.3 1995s
 6541421 682494    0.03120   41   57    0.02565    0.03599  40.3%  30.3 2000s
 6557164 682875     cutoff   45         0.02565    0.03597  40.2%  30.3 2005s
 6571425 683142    0.02830   40   52    0.02565    0.03595  40.2%  30.3 2010s
 6588691 683342     cutoff   37         0.02565    0.03593  40.1%  30.3 2015s
 6603943 683710    0.03357   38   56    0.02565    0.03591  40.0%  30.3 2020s
 6620677 683906    0.03026   42   56    0.02565    0.03589  39.9%  30.3 2025s
 6636717 684085     cutoff   45         0.02565    0.03587  39.9%  30.3 2030s
 6651494 684464    0.02834   34   50    0.02565    0.03585  39.8%  30.3 2035s
 6668025 685214     cutoff   42         0.02565    0.03583  39.7%  30.3 2040s
 6684319 685527     cutoff   43         0.02565    0.03581  39.6%  30.3 2045s
 6697740 685678     cutoff   44         0.02565    0.03580  39.6%  30.3 2050s
 6710107 686111 infeasible   41         0.02565    0.03578  39.5%  30.3 2055s
 6725956 686224    0.02686   53   54    0.02565    0.03576  39.4%  30.3 2060s
 6742559 686785    0.03532   41   65    0.02565    0.03574  39.4%  30.2 2065s
 6759587 687103    0.02610   38   49    0.02565    0.03572  39.3%  30.2 2070s
 6776311 687377     cutoff   48         0.02565    0.03570  39.2%  30.2 2075s
 6791883 687650     cutoff   46         0.02565    0.03568  39.1%  30.2 2080s
 6808003 687989    0.02879   39   53    0.02565    0.03566  39.0%  30.2 2085s
 6823467 688288    0.02755   41   55    0.02565    0.03564  39.0%  30.2 2090s
 6838869 688505    0.03348   39   54    0.02565    0.03562  38.9%  30.2 2095s
 6854936 688744 infeasible   41         0.02565    0.03560  38.8%  30.2 2100s
 6869578 688922    0.03226   44   53    0.02565    0.03559  38.7%  30.2 2105s
 6884127 689082     cutoff   44         0.02565    0.03557  38.7%  30.2 2110s
 6899794 689246     cutoff   37         0.02565    0.03555  38.6%  30.2 2115s
 6915486 689507     cutoff   39         0.02565    0.03553  38.5%  30.2 2120s
 6930841 689795     cutoff   44         0.02565    0.03551  38.5%  30.2 2125s
 6945368 689977     cutoff   41         0.02565    0.03550  38.4%  30.2 2130s
 6957096 690184    0.02716   44   47    0.02565    0.03548  38.3%  30.2 2135s
 6971756 690387     cutoff   38         0.02565    0.03546  38.3%  30.2 2140s
 6986121 690585    0.02583   39   61    0.02565    0.03544  38.2%  30.2 2145s
 7001763 690712    0.02819   42   47    0.02565    0.03543  38.1%  30.2 2150s
 7017165 690827    0.03135   38   56    0.02565    0.03541  38.0%  30.2 2155s
 7032588 691319     cutoff   41         0.02565    0.03539  38.0%  30.1 2160s
 7047875 691509    0.02831   43   44    0.02565    0.03537  37.9%  30.1 2165s
 7063274 691711    0.02735   41   57    0.02565    0.03535  37.8%  30.1 2170s
 7077877 691925     cutoff   44         0.02565    0.03533  37.8%  30.1 2175s
 7093487 692228     cutoff   38         0.02565    0.03531  37.7%  30.1 2180s
 7108673 692408     cutoff   43         0.02565    0.03530  37.6%  30.1 2185s
 7123854 692529     cutoff   32         0.02565    0.03528  37.5%  30.1 2190s
 7139518 692777     cutoff   40         0.02565    0.03526  37.5%  30.1 2195s
 7152631 692883     cutoff   43         0.02565    0.03524  37.4%  30.1 2200s
 7166107 692909     cutoff   36         0.02565    0.03523  37.3%  30.1 2205s
 7181363 693155     cutoff   38         0.02565    0.03521  37.3%  30.1 2210s
 7195116 693368    0.03126   43   57    0.02565    0.03519  37.2%  30.1 2215s
 7209594 693513    0.03075   42   53    0.02565    0.03518  37.1%  30.1 2220s
 7222309 693485    0.02848   38   55    0.02565    0.03516  37.1%  30.1 2225s
 7237888 693559     cutoff   43         0.02565    0.03514  37.0%  30.1 2230s
 7252491 693780    0.02780   44   38    0.02565    0.03512  36.9%  30.1 2235s
 7267877 693945     cutoff   35         0.02565    0.03510  36.9%  30.1 2240s
 7282326 694184    0.02913   41   44    0.02565    0.03509  36.8%  30.1 2245s
 7298136 694242     cutoff   40         0.02565    0.03507  36.7%  30.1 2250s
 7313540 694433     cutoff   38         0.02565    0.03505  36.7%  30.1 2255s
 7329331 694603    0.02742   38   59    0.02565    0.03503  36.6%  30.0 2260s
 7344153 694790    0.02663   43   57    0.02565    0.03501  36.5%  30.0 2265s
 7355306 694885    0.03418   39   54    0.02565    0.03500  36.5%  30.0 2270s
 7369919 695224     cutoff   39         0.02565    0.03498  36.4%  30.0 2275s
 7384627 695514    0.02643   39   55    0.02565    0.03497  36.3%  30.0 2280s
 7399880 695522    0.03096   40   66    0.02565    0.03495  36.3%  30.0 2285s
 7415458 695640     cutoff   41         0.02565    0.03493  36.2%  30.0 2290s
 7430555 695934     cutoff   31         0.02565    0.03491  36.1%  30.0 2295s
 7444981 696059     cutoff   41         0.02565    0.03490  36.1%  30.0 2300s
 7459929 696203     cutoff   42         0.02565    0.03488  36.0%  30.0 2305s
 7475530 696264    0.02727   32   53    0.02565    0.03486  35.9%  30.0 2310s
 7490170 696459    0.02693   42   53    0.02565    0.03484  35.8%  30.0 2315s
 7505392 696554 infeasible   40         0.02565    0.03482  35.8%  30.0 2320s
 7519225 696598    0.02922   37   52    0.02565    0.03481  35.7%  30.0 2325s
 7534703 696848    0.03000   46   58    0.02565    0.03479  35.6%  30.0 2330s
 7547117 697088     cutoff   42         0.02565    0.03478  35.6%  30.0 2335s
 7562561 697174     cutoff   37         0.02565    0.03476  35.5%  30.0 2340s
 7578924 697358     cutoff   44         0.02565    0.03474  35.4%  29.9 2345s
 7595375 697470    0.02619   35   51    0.02565    0.03472  35.4%  29.9 2350s
 7611981 697473     cutoff   49         0.02565    0.03470  35.3%  29.9 2355s
 7628061 697751     cutoff   43         0.02565    0.03468  35.2%  29.9 2360s
 7643399 697943     cutoff   47         0.02565    0.03467  35.2%  29.9 2365s
 7659604 698248    0.02607   43   50    0.02565    0.03465  35.1%  29.9 2370s
 7676275 698490    0.02657   38   64    0.02565    0.03463  35.0%  29.9 2375s
 7693133 698631    0.03442   40   53    0.02565    0.03461  34.9%  29.9 2380s
 7709944 698897     cutoff   41         0.02565    0.03459  34.9%  29.9 2385s
 7727058 699083    0.02726   43   46    0.02565    0.03457  34.8%  29.9 2390s
 7741065 699217     cutoff   36         0.02565    0.03456  34.7%  29.9 2395s
 7757514 699225     cutoff   34         0.02565    0.03454  34.7%  29.9 2400s
 7774785 699411     cutoff   46         0.02565    0.03452  34.6%  29.9 2405s
 7787055 699537     cutoff   41         0.02565    0.03451  34.5%  29.9 2410s
 7802215 699663    0.02685   41   61    0.02565    0.03449  34.5%  29.9 2415s
 7818628 699787    0.03034   32   64    0.02565    0.03447  34.4%  29.9 2420s
 7835634 700155    0.02611   40   38    0.02565    0.03445  34.3%  29.8 2425s
 7852439 700410    0.03443   36   48    0.02565    0.03443  34.3%  29.8 2430s
 7868872 700349    0.02744   45   55    0.02565    0.03441  34.2%  29.8 2435s
 7885201 700702     cutoff   36         0.02565    0.03440  34.1%  29.8 2440s
 7902049 700806    0.03207   46   59    0.02565    0.03438  34.0%  29.8 2445s
 7918804 700935    0.02832   43   55    0.02565    0.03436  34.0%  29.8 2450s
 7935007 701042    0.03101   39   59    0.02565    0.03434  33.9%  29.8 2455s
 7951654 701068     cutoff   39         0.02565    0.03433  33.8%  29.8 2460s
 7968550 701201    0.02706   38   41    0.02565    0.03431  33.8%  29.8 2465s
 7985298 701310     cutoff   42         0.02565    0.03429  33.7%  29.8 2470s
 8001466 701467    0.03423   38   53    0.02565    0.03427  33.6%  29.8 2475s
 8016793 701409    0.02588   50   58    0.02565    0.03425  33.6%  29.8 2480s
 8030500 701306 infeasible   42         0.02565    0.03424  33.5%  29.8 2485s
 8046726 701227     cutoff   38         0.02565    0.03422  33.4%  29.8 2490s
 8063462 701455     cutoff   34         0.02565    0.03420  33.4%  29.8 2495s
 8080158 701341     cutoff   37         0.02565    0.03419  33.3%  29.7 2500s
 8095877 701355     cutoff   47         0.02565    0.03417  33.2%  29.7 2505s
 8112108 701385    0.02900   46   56    0.02565    0.03415  33.2%  29.7 2510s
 8128942 701517     cutoff   50         0.02565    0.03413  33.1%  29.7 2515s
 8145890 701753     cutoff   42         0.02565    0.03412  33.0%  29.7 2520s
 8161629 701801 infeasible   54         0.02565    0.03410  32.9%  29.7 2525s
 8178797 701727    0.03113   44   55    0.02565    0.03408  32.9%  29.7 2530s
 8195012 702010     cutoff   49         0.02565    0.03406  32.8%  29.7 2535s
 8211859 701941     cutoff   54         0.02565    0.03405  32.7%  29.7 2540s
 8225460 702115    0.02937   42   53    0.02565    0.03403  32.7%  29.7 2545s
 8238134 702094    0.02565   37   56    0.02565    0.03402  32.6%  29.7 2550s
 8253753 702041    0.03116   40   58    0.02565    0.03400  32.6%  29.7 2555s
 8270685 702030    0.02756   40   55    0.02565    0.03398  32.5%  29.7 2560s
 8286590 702096     cutoff   42         0.02565    0.03397  32.4%  29.7 2565s
 8301586 702161    0.02688   36   52    0.02565    0.03395  32.4%  29.7 2570s
 8318175 702221     cutoff   41         0.02565    0.03394  32.3%  29.6 2575s
 8334768 702251     cutoff   52         0.02565    0.03392  32.2%  29.6 2580s
 8351388 702692     cutoff   42         0.02565    0.03390  32.2%  29.6 2585s
 8368133 702754    0.02717   42   57    0.02565    0.03388  32.1%  29.6 2590s
 8385272 702697    0.03174   42   49    0.02565    0.03387  32.0%  29.6 2595s
 8401470 702694 infeasible   37         0.02565    0.03385  32.0%  29.6 2600s
 8418750 702702    0.02634   49   41    0.02565    0.03383  31.9%  29.6 2605s
 8434403 702553     cutoff   49         0.02565    0.03381  31.8%  29.6 2610s
 8446783 702586     cutoff   36         0.02565    0.03380  31.8%  29.6 2615s
 8462487 702586     cutoff   39         0.02565    0.03378  31.7%  29.6 2620s
 8477965 702612    0.03110   47   59    0.02565    0.03376  31.6%  29.6 2625s
 8494834 702582    0.03371   33   55    0.02565    0.03375  31.6%  29.6 2630s
 8511235 702466    0.03178   45   53    0.02565    0.03373  31.5%  29.6 2635s
 8526718 702377    0.03260   34   57    0.02565    0.03371  31.4%  29.6 2640s
 8542931 702422    0.02581   43   61    0.02565    0.03370  31.4%  29.6 2645s
 8559520 702295     cutoff   37         0.02565    0.03368  31.3%  29.5 2650s
 8575958 702338    0.03054   39   50    0.02565    0.03366  31.3%  29.5 2655s
 8593036 702300     cutoff   39         0.02565    0.03365  31.2%  29.5 2660s
 8609434 702384     cutoff   36         0.02565    0.03363  31.1%  29.5 2665s
 8626146 702452    0.02565   45   53    0.02565    0.03361  31.1%  29.5 2670s
 8643013 702494     cutoff   50         0.02565    0.03360  31.0%  29.5 2675s
 8655975 702486    0.03196   34   60    0.02565    0.03358  30.9%  29.5 2680s
 8671922 702817    0.02722   42   59    0.02565    0.03357  30.9%  29.5 2685s
 8688966 702767    0.02729   42   51    0.02565    0.03355  30.8%  29.5 2690s
 8706245 702845     cutoff   46         0.02565    0.03353  30.7%  29.5 2695s
 8723470 702890    0.03151   47   60    0.02565    0.03351  30.7%  29.5 2700s
 8739974 703016    0.02602   43   56    0.02565    0.03349  30.6%  29.5 2705s
 8754338 702981     cutoff   46         0.02565    0.03348  30.5%  29.5 2710s
 8770865 702724    0.03059   40   64    0.02565    0.03346  30.5%  29.5 2715s
 8785031 702794    0.02707   40   51    0.02565    0.03345  30.4%  29.4 2720s
 8801996 703042 infeasible   53         0.02565    0.03343  30.3%  29.4 2725s
 8818863 702836     cutoff   41         0.02565    0.03341  30.3%  29.4 2730s
 8833569 702890    0.02682   40   56    0.02565    0.03340  30.2%  29.4 2735s
 8850284 702972     cutoff   54         0.02565    0.03338  30.1%  29.4 2740s
 8864186 702972    0.03105   36   53    0.02565    0.03337  30.1%  29.4 2745s
 8879074 702949    0.03105   37   49    0.02565    0.03335  30.0%  29.4 2750s
 8896158 703053    0.03038   36   61    0.02565    0.03333  30.0%  29.4 2755s
 8913097 702906    0.02846   48   57    0.02565    0.03332  29.9%  29.4 2760s
 8929036 702631    0.02842   46   43    0.02565    0.03330  29.8%  29.4 2765s
 8947446 702727     cutoff   47         0.02565    0.03328  29.8%  29.4 2770s
 8963399 702754    0.02728   36   52    0.02565    0.03327  29.7%  29.4 2775s
 8979578 702873    0.02983   43   48    0.02565    0.03325  29.6%  29.4 2780s
 8993542 702767    0.02581   47   49    0.02565    0.03324  29.6%  29.4 2785s
 9010484 702641    0.02806   34   53    0.02565    0.03322  29.5%  29.3 2790s
 9028174 702679     cutoff   43         0.02565    0.03320  29.5%  29.3 2795s
 9044948 702676    0.02897   41   52    0.02565    0.03319  29.4%  29.3 2800s
 9062580 702874    0.02630   41   20    0.02565    0.03317  29.3%  29.3 2805s
 9079379 702774     cutoff   43         0.02565    0.03315  29.3%  29.3 2810s
 9092264 702810    0.02701   47   57    0.02565    0.03314  29.2%  29.3 2815s
 9109253 702684     cutoff   41         0.02565    0.03312  29.2%  29.3 2820s
 9125877 702608     cutoff   43         0.02565    0.03311  29.1%  29.3 2825s
 9143326 702407    0.02939   37   43    0.02565    0.03309  29.0%  29.3 2830s
 9160111 702675    0.02921   38   42    0.02565    0.03307  28.9%  29.3 2835s
 9176750 702621    0.03225   28   53    0.02565    0.03306  28.9%  29.3 2840s
 9193799 702679     cutoff   43         0.02565    0.03304  28.8%  29.3 2845s
 9211775 703000     cutoff   44         0.02565    0.03303  28.8%  29.3 2850s
 9228231 702944     cutoff   44         0.02565    0.03301  28.7%  29.2 2855s
 9245789 702908     cutoff   45         0.02565    0.03299  28.6%  29.2 2860s
 9262464 702824    0.02753   39   55    0.02565    0.03298  28.6%  29.2 2865s
 9279524 702840     cutoff   42         0.02565    0.03296  28.5%  29.2 2870s
 9292356 703100    0.03284   41   54    0.02565    0.03295  28.5%  29.2 2875s
 9306771 703530    0.02956   38   42    0.02565    0.03294  28.4%  29.2 2880s
 9323150 703587     cutoff   45         0.02565    0.03292  28.4%  29.2 2885s
 9340104 703592    0.03237   53   57    0.02565    0.03291  28.3%  29.2 2890s
 9356235 703587    0.02991   40   58    0.02565    0.03289  28.2%  29.2 2895s
 9372411 703476    0.02625   51   41    0.02565    0.03288  28.2%  29.2 2900s
 9389653 703228    0.03203   29   56    0.02565    0.03286  28.1%  29.2 2905s
 9405614 703692    0.02958   42   55    0.02565    0.03285  28.1%  29.2 2910s
 9422567 703762    0.03062   40   58    0.02565    0.03283  28.0%  29.2 2915s
 9439051 703686     cutoff   42         0.02565    0.03281  27.9%  29.1 2920s
 9456328 703666    0.02886   40   53    0.02565    0.03280  27.9%  29.1 2925s
 9473446 703653     cutoff   46         0.02565    0.03278  27.8%  29.1 2930s
 9490806 703394    0.03153   41   43    0.02565    0.03277  27.8%  29.1 2935s
 9503290 703457    0.03043   42   49    0.02565    0.03276  27.7%  29.1 2940s
 9518667 703468    0.02759   38   43    0.02565    0.03274  27.7%  29.1 2945s
 9536202 703251    0.03195   39   67    0.02565    0.03273  27.6%  29.1 2950s
 9551499 703238    0.02937   40   61    0.02565    0.03271  27.5%  29.1 2955s
 9568441 703185    0.02622   31   48    0.02565    0.03270  27.5%  29.1 2960s
 9585419 703190     cutoff   37         0.02565    0.03268  27.4%  29.1 2965s
 9602336 703068     cutoff   51         0.02565    0.03266  27.4%  29.1 2970s
 9619179 703001 infeasible   37         0.02565    0.03265  27.3%  29.1 2975s
 9636534 703005     cutoff   29         0.02565    0.03263  27.2%  29.1 2980s
 9651784 702849    0.02734   45   45    0.02565    0.03262  27.2%  29.0 2985s
 9667992 702864    0.02845   45   63    0.02565    0.03261  27.1%  29.0 2990s
 9685053 702760    0.03146   42   53    0.02565    0.03259  27.1%  29.0 2995s
 9702751 702786     cutoff   45         0.02565    0.03257  27.0%  29.0 3000s
 9717763 702710    0.02858   35   47    0.02565    0.03256  26.9%  29.0 3005s
 9731641 702638    0.02731   45   52    0.02565    0.03255  26.9%  29.0 3010s
 9747023 702588    0.02663   45   57    0.02565    0.03253  26.8%  29.0 3015s
 9763702 702567     cutoff   42         0.02565    0.03252  26.8%  29.0 3020s
 9781134 702451    0.03250   38   55    0.02565    0.03250  26.7%  29.0 3025s
 9797430 702214    0.02888   44   52    0.02565    0.03249  26.7%  29.0 3030s
H9804335 702162                       0.0256483    0.03248  26.6%  29.0 3032s
 9811275 702120     cutoff   45         0.02565    0.03247  26.6%  29.0 3035s
 9829523 702104    0.03246   36   48    0.02565    0.03246  26.5%  29.0 3040s
 9847566 701962    0.02687   47   59    0.02565    0.03244  26.5%  29.0 3045s
 9862574 701792    0.02648   36   54    0.02565    0.03243  26.4%  28.9 3050s
 9879961 701995     cutoff   45         0.02565    0.03241  26.4%  28.9 3055s
 9897626 701856    0.02832   55   28    0.02565    0.03240  26.3%  28.9 3060s
 9915359 701660 infeasible   47         0.02565    0.03238  26.2%  28.9 3065s
 9933338 701627     cutoff   46         0.02565    0.03236  26.2%  28.9 3070s
 9950065 701676    0.02803   57   55    0.02565    0.03235  26.1%  28.9 3075s
 9963651 701485     cutoff   35         0.02565    0.03234  26.1%  28.9 3080s
 9981240 701504    0.02743   38   58    0.02565    0.03232  26.0%  28.9 3085s
 9998426 701425    0.03225   42   48    0.02565    0.03231  26.0%  28.9 3090s
 10015843 701416    0.02930   38   63    0.02565    0.03229  25.9%  28.9 3095s
 10032767 701194     cutoff   33         0.02565    0.03227  25.8%  28.9 3100s
 10050462 701364    0.02648   43   54    0.02565    0.03226  25.8%  28.9 3105s
 10067526 701226     cutoff   46         0.02565    0.03224  25.7%  28.9 3110s
 10085084 700940     cutoff   41         0.02565    0.03223  25.7%  28.8 3115s
 10101300 701092     cutoff   45         0.02565    0.03221  25.6%  28.8 3120s
 10117326 700980    0.02588   42   58    0.02565    0.03220  25.5%  28.8 3125s
 10135089 700891     cutoff   37         0.02565    0.03218  25.5%  28.8 3130s
 10152865 700797     cutoff   45         0.02565    0.03217  25.4%  28.8 3135s
 10166541 700619    0.02958   49   47    0.02565    0.03216  25.4%  28.8 3140s
 10183980 700997    0.02597   47   48    0.02565    0.03214  25.3%  28.8 3145s
 10201832 700971     cutoff   45         0.02565    0.03213  25.3%  28.8 3150s
 10219629 700983     cutoff   46         0.02565    0.03211  25.2%  28.8 3155s
 10238460 700962     cutoff   48         0.02565    0.03210  25.1%  28.8 3160s
 10256364 700782     cutoff   44         0.02565    0.03208  25.1%  28.8 3165s
 10274164 700528     cutoff   37         0.02565    0.03207  25.0%  28.7 3170s
 10289474 700391    0.02920   37   47    0.02565    0.03205  25.0%  28.7 3175s
 10307323 700273    0.02628   43   61    0.02565    0.03204  24.9%  28.7 3180s
 10321700 699947    0.02818   36   39    0.02565    0.03202  24.9%  28.7 3185s
 10340383 699709     cutoff   40         0.02565    0.03201  24.8%  28.7 3190s
 10356551 699766     cutoff   44         0.02565    0.03200  24.7%  28.7 3195s
 10373858 699797     cutoff   41         0.02565    0.03198  24.7%  28.7 3200s
 10388266 699679    0.02922   36   59    0.02565    0.03197  24.6%  28.7 3205s
 10406175 699220    0.02596   47   50    0.02565    0.03195  24.6%  28.7 3210s
 10419488 699019     cutoff   42         0.02565    0.03194  24.5%  28.7 3215s
 10436170 699171     cutoff   39         0.02565    0.03193  24.5%  28.7 3220s
 10453300 699009     cutoff   42         0.02565    0.03191  24.4%  28.7 3225s
 10470617 699094     cutoff   33         0.02565    0.03190  24.4%  28.7 3230s
 10485213 698867    0.02566   34   51    0.02565    0.03189  24.3%  28.6 3235s
 10501800 698738     cutoff   41         0.02565    0.03187  24.3%  28.6 3240s
 10518680 698880     cutoff   40         0.02565    0.03186  24.2%  28.6 3245s
 10535987 698674    0.02721   39   54    0.02565    0.03184  24.2%  28.6 3250s
 10553093 698577    0.02814   48   48    0.02565    0.03183  24.1%  28.6 3255s
 10570338 698361     cutoff   48         0.02565    0.03182  24.0%  28.6 3260s
 10585623 698499    0.02835   42   53    0.02565    0.03180  24.0%  28.6 3265s
 10599345 698394     cutoff   42         0.02565    0.03179  24.0%  28.6 3270s
 10617387 698196    0.03077   35   54    0.02565    0.03178  23.9%  28.6 3275s
 10634861 698078    0.02970   48   55    0.02565    0.03176  23.8%  28.6 3280s
 10652610 697982 infeasible   45         0.02565    0.03175  23.8%  28.6 3285s
 10670946 697757     cutoff   39         0.02565    0.03173  23.7%  28.6 3290s
 10688159 697414 infeasible   46         0.02565    0.03172  23.7%  28.5 3295s
 10706398 697096    0.03167   40   57    0.02565    0.03170  23.6%  28.5 3300s
 10722352 696802    0.02716   43   47    0.02565    0.03169  23.6%  28.5 3305s
 10740818 696655    0.02657   41   58    0.02565    0.03167  23.5%  28.5 3310s
 10758195 696510    0.02795   43   54    0.02565    0.03166  23.4%  28.5 3315s
 10775286 696191     cutoff   49         0.02565    0.03165  23.4%  28.5 3320s
 10790321 696219    0.02830   42   53    0.02565    0.03163  23.3%  28.5 3325s
 10808252 696165     cutoff   42         0.02565    0.03162  23.3%  28.5 3330s
 10826703 695902     cutoff   34         0.02565    0.03161  23.2%  28.5 3335s
 10840601 695720    0.02882   43   53    0.02565    0.03159  23.2%  28.5 3340s
 10853681 695656    0.02891   42   58    0.02565    0.03158  23.1%  28.5 3345s
 10871299 695484    0.03037   37   57    0.02565    0.03157  23.1%  28.5 3350s
 10886184 695434     cutoff   39         0.02565    0.03156  23.0%  28.5 3355s
 10902522 695299    0.02573   48   54    0.02565    0.03154  23.0%  28.4 3360s
 10918966 695032     cutoff   39         0.02565    0.03153  22.9%  28.4 3365s
 10936741 694663    0.02922   40   55    0.02565    0.03152  22.9%  28.4 3370s
 10951927 694524    0.02692   44   61    0.02565    0.03150  22.8%  28.4 3375s
 10966674 694277     cutoff   47         0.02565    0.03149  22.8%  28.4 3380s
 10982191 694527     cutoff   44         0.02565    0.03148  22.7%  28.4 3385s
 10997702 694328    0.02851   45   54    0.02565    0.03147  22.7%  28.4 3390s
 11014726 694476     cutoff   42         0.02565    0.03146  22.6%  28.4 3395s
 11031935 694799     cutoff   42         0.02565    0.03144  22.6%  28.4 3400s
 11048572 694666     cutoff   43         0.02565    0.03143  22.5%  28.4 3405s
 11061500 694717    0.02699   43   49    0.02565    0.03142  22.5%  28.4 3410s
 11078640 694579    0.02829   43   61    0.02565    0.03141  22.5%  28.4 3415s
 11093380 694494     cutoff   54         0.02565    0.03140  22.4%  28.3 3420s
 11108684 694136     cutoff   44         0.02565    0.03138  22.4%  28.3 3425s
 11126115 693621     cutoff   46         0.02565    0.03137  22.3%  28.3 3430s
 11142530 693470    0.02954   45   56    0.02565    0.03136  22.3%  28.3 3435s
 11158960 693119    0.02587   47   52    0.02565    0.03134  22.2%  28.3 3440s
 11176521 692807    0.02791   48   52    0.02565    0.03133  22.2%  28.3 3445s
 11193874 692572     cutoff   42         0.02565    0.03132  22.1%  28.3 3450s
 11207075 692369     cutoff   47         0.02565    0.03131  22.1%  28.3 3455s
 11222085 692142    0.02906   35   59    0.02565    0.03129  22.0%  28.3 3460s
 11238321 691799    0.02674   40   54    0.02565    0.03128  22.0%  28.3 3465s
 11252747 691628    0.03038   40   47    0.02565    0.03127  21.9%  28.3 3470s
 11267609 691398     cutoff   37         0.02565    0.03126  21.9%  28.3 3475s
 11285256 691248    0.02813   54   50    0.02565    0.03124  21.8%  28.3 3480s
 11302032 690881    0.02813   35   58    0.02565    0.03123  21.8%  28.2 3485s
 11318992 690635    0.02991   36   57    0.02565    0.03122  21.7%  28.2 3490s
 11334064 690487 infeasible   49         0.02565    0.03120  21.7%  28.2 3495s
 11349268 690403    0.02766   44   56    0.02565    0.03119  21.6%  28.2 3500s
 11366500 690158 infeasible   54         0.02565    0.03118  21.6%  28.2 3505s
 11384359 689848 infeasible   58         0.02565    0.03117  21.5%  28.2 3510s
 11400988 689593    0.02853   45   53    0.02565    0.03115  21.5%  28.2 3515s
 11415911 689262    0.02596   49   52    0.02565    0.03114  21.4%  28.2 3520s
 11432813 688811    0.02730   40   53    0.02565    0.03113  21.4%  28.2 3525s
 11450131 688315 infeasible   52         0.02565    0.03111  21.3%  28.2 3530s
 11467033 687755     cutoff   40         0.02565    0.03110  21.3%  28.2 3535s
 11484352 687473    0.02768   40   57    0.02565    0.03109  21.2%  28.2 3540s
 11502071 687114    0.02777   41   47    0.02565    0.03107  21.2%  28.2 3545s
 11516975 686822     cutoff   44         0.02565    0.03106  21.1%  28.1 3550s
 11534366 686733     cutoff   55         0.02565    0.03105  21.1%  28.1 3555s
 11552216 686184    0.02665   42   61    0.02565    0.03104  21.0%  28.1 3560s
 11564999 685947     cutoff   37         0.02565    0.03103  21.0%  28.1 3565s
 11581608 685639    0.02684   49   38    0.02565    0.03101  20.9%  28.1 3570s
 11599488 685279     cutoff   39         0.02565    0.03100  20.9%  28.1 3575s
 11617524 684903    0.02919   42   55    0.02565    0.03099  20.8%  28.1 3580s
 11634528 684535    0.03097   29   58    0.02565    0.03097  20.8%  28.1 3585s
 11652125 684166    0.02875   43   39    0.02565    0.03096  20.7%  28.1 3590s
 11669920 683877    0.02782   38   47    0.02565    0.03094  20.6%  28.1 3595s
 11687111 683558     cutoff   51         0.02565    0.03093  20.6%  28.1 3600s
 11706078 683342    0.02990   38   56    0.02565    0.03092  20.5%  28.0 3605s
 11723648 683291     cutoff   33         0.02565    0.03091  20.5%  28.0 3610s
 11741566 683278    0.02634   43   51    0.02565    0.03089  20.4%  28.0 3615s
 11757784 683031    0.02820   44   59    0.02565    0.03088  20.4%  28.0 3620s
 11774068 683606    0.02766   43   47    0.02565    0.03087  20.4%  28.0 3625s
 11791200 683783     cutoff   39         0.02565    0.03086  20.3%  28.0 3630s
 11805532 683929    0.02921   36   56    0.02565    0.03085  20.3%  28.0 3635s
 11820682 684826     cutoff   46         0.02565    0.03084  20.2%  28.0 3640s
 11839307 685666    0.03083   74   33    0.02565    0.03083  20.2%  28.0 3645s
 11857328 684765    0.02671   36   58    0.02565    0.03082  20.2%  28.0 3650s
 11875021 683943    0.02870   41   65    0.02565    0.03081  20.1%  27.9 3655s
 11892436 683253    0.03014   29   47    0.02565    0.03080  20.1%  27.9 3660s
 11911080 682691    0.02650   43   54    0.02565    0.03078  20.0%  27.9 3665s
 11929316 682080     cutoff   47         0.02565    0.03077  20.0%  27.9 3670s
 11946374 681537    0.02846   57   48    0.02565    0.03076  19.9%  27.9 3675s
 11964266 681316    0.02941   42   54    0.02565    0.03075  19.9%  27.9 3680s
 11981040 681118    0.02654   50   53    0.02565    0.03073  19.8%  27.9 3685s
 11997262 680801     cutoff   40         0.02565    0.03072  19.8%  27.9 3690s
 12016981 680259 infeasible   69         0.02565    0.03071  19.7%  27.9 3695s
 12035083 680177    0.03030   46   58    0.02565    0.03069  19.7%  27.9 3700s
 12049865 679937    0.03067   37   41    0.02565    0.03068  19.6%  27.9 3705s
 12069483 679571     cutoff   37         0.02565    0.03067  19.6%  27.8 3710s
 12083474 679132 infeasible   55         0.02565    0.03066  19.5%  27.8 3715s
 12099108 678862    0.03045   39   55    0.02565    0.03065  19.5%  27.8 3720s
 12116862 678511 infeasible   53         0.02565    0.03063  19.4%  27.8 3725s
 12135196 678151     cutoff   35         0.02565    0.03062  19.4%  27.8 3730s
 12153738 677593    0.02878   47   49    0.02565    0.03061  19.3%  27.8 3735s
 12170556 677090     cutoff   68         0.02565    0.03059  19.3%  27.8 3740s
 12189156 676393    0.02714   44   59    0.02565    0.03058  19.2%  27.8 3745s
 12208930 675778    0.02995   45   57    0.02565    0.03057  19.2%  27.8 3750s
 12225749 675301    0.02798   44   51    0.02565    0.03055  19.1%  27.8 3755s
 12242656 674877     cutoff   51         0.02565    0.03054  19.1%  27.8 3760s
 12261162 674481    0.02568   57    9    0.02565    0.03053  19.0%  27.7 3765s
 12277014 674239     cutoff   57         0.02565    0.03052  19.0%  27.7 3770s
 12296421 673760     cutoff   55         0.02565    0.03050  18.9%  27.7 3775s
 12314226 673199    0.02883   32   55    0.02565    0.03049  18.9%  27.7 3780s
 12327693 673191    0.02892   36   53    0.02565    0.03048  18.8%  27.7 3785s
 12344179 672637    0.02608   53   25    0.02565    0.03047  18.8%  27.7 3790s
 12361952 672371    0.02573   42   57    0.02565    0.03045  18.7%  27.7 3795s
 12377706 671768    0.02820   46   60    0.02565    0.03044  18.7%  27.7 3800s
 12394597 671703    0.02943   41   54    0.02565    0.03043  18.7%  27.7 3805s
 12410615 671017    0.02826   32   56    0.02565    0.03042  18.6%  27.7 3810s
 12429856 670427     cutoff   52         0.02565    0.03041  18.5%  27.7 3815s
 12447881 670100     cutoff   45         0.02565    0.03039  18.5%  27.6 3820s
 12466578 669507    0.02754   42   58    0.02565    0.03038  18.4%  27.6 3825s
 12484790 669321     cutoff   42         0.02565    0.03037  18.4%  27.6 3830s
 12503876 668781    0.02746   50   60    0.02565    0.03035  18.3%  27.6 3835s
 12522884 668613     cutoff   46         0.02565    0.03034  18.3%  27.6 3840s
 12539434 668344     cutoff   52         0.02565    0.03033  18.2%  27.6 3845s
 12550623 667978     cutoff   47         0.02565    0.03032  18.2%  27.6 3850s
 12568891 667829     cutoff   46         0.02565    0.03030  18.2%  27.6 3855s
 12587977 667615    0.02738   40   58    0.02565    0.03029  18.1%  27.6 3860s
 12603428 667143    0.02720   44   61    0.02565    0.03028  18.1%  27.6 3865s
 12621532 666888    0.02789   45   55    0.02565    0.03027  18.0%  27.6 3870s
 12638994 666453    0.02591   44   54    0.02565    0.03025  18.0%  27.5 3875s
 12657760 665949    0.02632   51   50    0.02565    0.03024  17.9%  27.5 3880s
 12674852 665682 infeasible   37         0.02565    0.03023  17.9%  27.5 3885s
 12692884 665262    0.02619   41   57    0.02565    0.03022  17.8%  27.5 3890s
 12708403 665050    0.02640   51   54    0.02565    0.03021  17.8%  27.5 3895s
 12725794 664646     cutoff   58         0.02565    0.03019  17.7%  27.5 3900s
 12743763 664457     cutoff   63         0.02565    0.03018  17.7%  27.5 3905s
 12762233 663852    0.02634   44   22    0.02565    0.03017  17.6%  27.5 3910s
 12780415 663198    0.02579   48   50    0.02565    0.03015  17.6%  27.5 3915s
 12798790 662531     cutoff   43         0.02565    0.03014  17.5%  27.5 3920s
 12813221 662373    0.02599   46   49    0.02565    0.03013  17.5%  27.5 3925s
 12828809 662033    0.02961   42   48    0.02565    0.03012  17.4%  27.4 3930s
 12847186 661492 infeasible   35         0.02565    0.03011  17.4%  27.4 3935s
 12863818 660783    0.02683   58   51    0.02565    0.03009  17.3%  27.4 3940s
 12881244 660620     cutoff   41         0.02565    0.03008  17.3%  27.4 3945s
 12899701 660275     cutoff   46         0.02565    0.03007  17.2%  27.4 3950s
 12919357 659718    0.02695   53   48    0.02565    0.03006  17.2%  27.4 3955s
 12935889 659307    0.02948   47   52    0.02565    0.03004  17.1%  27.4 3960s
 12953878 658821    0.02706   44   36    0.02565    0.03003  17.1%  27.4 3965s
 12973337 658499    0.02747   38   57    0.02565    0.03002  17.1%  27.4 3970s
 12989967 658484    0.02734   42   52    0.02565    0.03001  17.0%  27.4 3975s
 13007619 658036    0.02646   46   54    0.02565    0.03000  17.0%  27.3 3980s
 13026372 657592    0.02581   42   53    0.02565    0.02999  16.9%  27.3 3985s
 13045719 657369    0.02663   46   39    0.02565    0.02997  16.9%  27.3 3990s
 13064360 656730     cutoff   38         0.02565    0.02996  16.8%  27.3 3995s
 13077021 656487    0.02906   50   54    0.02565    0.02995  16.8%  27.3 4000s
 13096268 655758 infeasible   51         0.02565    0.02994  16.7%  27.3 4005s
 13116015 655267 infeasible   49         0.02565    0.02992  16.7%  27.3 4010s
 13132570 654837    0.02645   44   57    0.02565    0.02991  16.6%  27.3 4015s
 13152061 654088    0.02686   43   52    0.02565    0.02990  16.6%  27.3 4020s
 13168605 653573     cutoff   44         0.02565    0.02989  16.5%  27.3 4025s
 13185037 653259     cutoff   52         0.02565    0.02988  16.5%  27.3 4030s
 13203683 652824     cutoff   52         0.02565    0.02986  16.4%  27.2 4035s
 13222228 652210    0.02703   41   52    0.02565    0.02985  16.4%  27.2 4040s
 13237637 651787    0.02717   46   54    0.02565    0.02984  16.3%  27.2 4045s
 13256102 651377    0.02634   44   53    0.02565    0.02983  16.3%  27.2 4050s
 13274716 650833     cutoff   47         0.02565    0.02981  16.2%  27.2 4055s
 13291788 650203    0.02728   50   40    0.02565    0.02980  16.2%  27.2 4060s
 13308054 649743    0.02770   50   43    0.02565    0.02979  16.2%  27.2 4065s
 13325173 649210     cutoff   51         0.02565    0.02978  16.1%  27.2 4070s
 13337803 648757    0.02749   36   57    0.02565    0.02977  16.1%  27.2 4075s
 13355045 648068     cutoff   35         0.02565    0.02976  16.0%  27.2 4080s
 13373878 647227     cutoff   73         0.02565    0.02975  16.0%  27.2 4085s
 13389675 646958     cutoff   49         0.02565    0.02974  15.9%  27.1 4090s
 13407341 646543    0.02898   52   47    0.02565    0.02973  15.9%  27.1 4095s
 13425947 646450     cutoff   44         0.02565    0.02971  15.9%  27.1 4100s
 13444244 645817     cutoff   51         0.02565    0.02970  15.8%  27.1 4105s
 13461642 645521     cutoff   49         0.02565    0.02969  15.8%  27.1 4110s
 13480519 645310     cutoff   36         0.02565    0.02968  15.7%  27.1 4115s
 13498741 644737    0.02909   43   54    0.02565    0.02966  15.7%  27.1 4120s
 13516995 644111    0.02965   41   58    0.02565    0.02965  15.6%  27.1 4125s
 13533481 643747     cutoff   39         0.02565    0.02964  15.6%  27.1 4130s
 13551183 643232    0.02828   38   53    0.02565    0.02963  15.5%  27.1 4135s
 13569995 642542 infeasible   60         0.02565    0.02962  15.5%  27.1 4140s
 13587818 642140     cutoff   47         0.02565    0.02961  15.4%  27.0 4145s
 13603279 641982    0.02799   47   52    0.02565    0.02960  15.4%  27.0 4150s
 13619562 641419    0.02836   44   54    0.02565    0.02958  15.3%  27.0 4155s
 13639002 640893     cutoff   44         0.02565    0.02957  15.3%  27.0 4160s
 13656414 640313    0.02956   37   51    0.02565    0.02956  15.3%  27.0 4165s
 13675177 639829    0.02721   50   49    0.02565    0.02955  15.2%  27.0 4170s
 13694078 639033    0.02594   49   55    0.02565    0.02953  15.1%  27.0 4175s
 13709927 638639    0.02612   42   53    0.02565    0.02952  15.1%  27.0 4180s
 13729366 638325    0.02950   40   57    0.02565    0.02951  15.1%  27.0 4185s
 13748315 637802     cutoff   45         0.02565    0.02950  15.0%  27.0 4190s
 13766635 637465    0.02759   54   48    0.02565    0.02948  15.0%  26.9 4195s
 13785236 636870    0.02617   50   60    0.02565    0.02947  14.9%  26.9 4200s
 13803145 636362 infeasible   36         0.02565    0.02946  14.9%  26.9 4205s
 13819673 636036     cutoff   42         0.02565    0.02945  14.8%  26.9 4210s
 13838416 635616    0.02851   44   55    0.02565    0.02944  14.8%  26.9 4215s
 13858672 634863    0.02687   44   48    0.02565    0.02942  14.7%  26.9 4220s
 13877070 634291     cutoff   37         0.02565    0.02941  14.7%  26.9 4225s
 13892358 633894    0.02637   54   54    0.02565    0.02940  14.6%  26.9 4230s
 13910744 633264    0.02829   38   61    0.02565    0.02939  14.6%  26.9 4235s
 13928267 633058    0.02613   44   54    0.02565    0.02938  14.5%  26.9 4240s
 13941473 633083     cutoff   43         0.02565    0.02937  14.5%  26.8 4245s
 13960149 632238     cutoff   38         0.02565    0.02936  14.5%  26.8 4250s
 13979291 632067     cutoff   41         0.02565    0.02934  14.4%  26.8 4255s
 13997734 631947     cutoff   40         0.02565    0.02933  14.4%  26.8 4260s
 14016568 631509    0.02613   51   53    0.02565    0.02932  14.3%  26.8 4265s
 14033686 631255     cutoff   45         0.02565    0.02931  14.3%  26.8 4270s
 14052496 631106    0.02880   50   44    0.02565    0.02930  14.2%  26.8 4275s
 14069813 630705     cutoff   44         0.02565    0.02929  14.2%  26.8 4280s
 14086100 630193     cutoff   46         0.02565    0.02928  14.1%  26.8 4285s
 14104402 629623    0.02802   82   13    0.02565    0.02926  14.1%  26.8 4290s
 14123255 629455     cutoff   49         0.02565    0.02925  14.1%  26.7 4295s
 14143579 629433    0.02703   44   42    0.02565    0.02924  14.0%  26.7 4300s
 14163428 629866 infeasible   55         0.02565    0.02923  14.0%  26.7 4305s
 14182886 629662    0.02630   50   59    0.02565    0.02922  13.9%  26.7 4310s
 14203352 629357     cutoff   47         0.02565    0.02920  13.9%  26.7 4315s
 14221561 628792     cutoff   50         0.02565    0.02919  13.8%  26.7 4320s
 14236689 628633    0.02692   48   54    0.02565    0.02918  13.8%  26.7 4325s
 14256157 628081    0.02723   49   55    0.02565    0.02917  13.7%  26.7 4330s
 14272701 627762    0.02776   50   46    0.02565    0.02916  13.7%  26.7 4335s
 14292990 627592     cutoff   42         0.02565    0.02915  13.6%  26.7 4340s
 14313266 628212     cutoff   42         0.02565    0.02914  13.6%  26.6 4345s
 14334446 630076 infeasible  102         0.02565    0.02913  13.6%  26.6 4350s
 14356346 633615 infeasible   87         0.02565    0.02913  13.6%  26.6 4355s
 14378848 637671    0.02600   86   10    0.02565    0.02912  13.6%  26.6 4360s
 14399655 642077    0.02579   87   10    0.02565    0.02912  13.5%  26.5 4365s
 14423342 646975    0.02615   79   17    0.02565    0.02912  13.5%  26.5 4370s
 14446801 651417    0.02600   90    9    0.02565    0.02912  13.5%  26.5 4375s
 14471530 656420    0.02638   95   11    0.02565    0.02912  13.5%  26.5 4380s
 14494621 660959    0.02912   76    7    0.02565    0.02912  13.5%  26.4 4385s
 14514667 664160     cutoff   46         0.02565    0.02912  13.5%  26.4 4390s
 14535525 667910 infeasible   89         0.02565    0.02911  13.5%  26.4 4395s
 14557718 671275 infeasible   85         0.02565    0.02911  13.5%  26.4 4400s
 14577429 673194 infeasible  100         0.02565    0.02911  13.5%  26.3 4405s
 14590075 674335    0.02709   51   42    0.02565    0.02910  13.5%  26.3 4410s
 14610098 675969    0.02849   97   17    0.02565    0.02910  13.4%  26.3 4415s
 14629359 676602    0.02600   47   57    0.02565    0.02909  13.4%  26.3 4420s
 14648171 676604    0.02588   60   48    0.02565    0.02908  13.4%  26.3 4425s
 14667898 677351 infeasible   79         0.02565    0.02907  13.3%  26.3 4430s
 14686951 678528    0.02776   38   52    0.02565    0.02906  13.3%  26.3 4435s
 14702414 678589    0.02859   38   55    0.02565    0.02905  13.3%  26.2 4440s
 14718315 679128    0.02785   38   52    0.02565    0.02904  13.2%  26.2 4445s
 14738238 680872     cutoff   93         0.02565    0.02903  13.2%  26.2 4450s
 14757170 680949     cutoff   67         0.02565    0.02902  13.1%  26.2 4455s
 14776267 682514    0.02569   54   54    0.02565    0.02901  13.1%  26.2 4460s
 14795368 682723    0.02604   50   54    0.02565    0.02900  13.1%  26.2 4465s
 14813910 684861     cutoff   35         0.02565    0.02899  13.0%  26.2 4470s
 14832602 686135     cutoff   50         0.02565    0.02899  13.0%  26.2 4475s
 14850193 688587    0.02794   40   51    0.02565    0.02898  13.0%  26.1 4480s
 14869840 690323    0.02656   43   57    0.02565    0.02897  12.9%  26.1 4485s
 14887756 692613     cutoff   43         0.02565    0.02896  12.9%  26.1 4490s
 14908472 696050    0.02891   51   41    0.02565    0.02895  12.9%  26.1 4495s
 14928290 698960    0.02678   53   46    0.02565    0.02894  12.9%  26.1 4500s
 14948982 703925    0.02619   47   34    0.02565    0.02894  12.8%  26.1 4505s
 14970520 708148     cutoff   53         0.02565    0.02893  12.8%  26.1 4510s
 14990772 712717     cutoff   38         0.02565    0.02892  12.8%  26.0 4515s
 15013303 718793     cutoff  107         0.02565    0.02892  12.7%  26.0 4520s
 15034266 725111    0.02739   89   25    0.02565    0.02891  12.7%  26.0 4525s
 15052993 730761    0.02856   48   47    0.02565    0.02891  12.7%  26.0 4530s
 15075184 738560    0.02754   98   11    0.02565    0.02890  12.7%  26.0 4535s
 15098853 747677     cutoff   41         0.02565    0.02890  12.7%  25.9 4540s
 15123537 757211    0.02867  101    6    0.02565    0.02889  12.7%  25.9 4545s
 15145066 765658    0.02885  101    8    0.02565    0.02889  12.6%  25.9 4550s
 15169669 776106    0.02693   49   55    0.02565    0.02889  12.6%  25.9 4555s
 15193250 785442    0.02804   80    9    0.02565    0.02889  12.6%  25.8 4560s
 15217868 794868    0.02583   38   47    0.02565    0.02888  12.6%  25.8 4565s
 15241304 806047     cutoff   90         0.02565    0.02888  12.6%  25.8 4570s
 15269080 818430     cutoff   59         0.02565    0.02888  12.6%  25.8 4575s
 15298089 828996    0.02626  104   20    0.02565    0.02888  12.6%  25.7 4580s
 15323705 838582 infeasible  104         0.02565    0.02888  12.6%  25.7 4585s
 15352848 847019 infeasible  104         0.02565    0.02888  12.6%  25.7 4590s
 15376323 852460     cutoff  108         0.02565    0.02888  12.6%  25.6 4595s
 15403324 857764    0.02629  108   15    0.02565    0.02888  12.6%  25.6 4600s
 15431090 862934     cutoff  108         0.02565    0.02888  12.6%  25.6 4605s
 15459489 867814    0.02888  104    6    0.02565    0.02888  12.6%  25.5 4610s
 15487040 872226    0.02686  107   21    0.02565    0.02888  12.6%  25.5 4615s
 15515084 877107    0.02686  110   21    0.02565    0.02888  12.6%  25.5 4620s
 15543222 880535     cutoff  105         0.02565    0.02888  12.6%  25.4 4625s
 15572413 884552     cutoff  112         0.02565    0.02888  12.6%  25.4 4630s
 15601798 888950     cutoff  109         0.02565    0.02888  12.6%  25.4 4635s
 15630498 892405    0.02888  100   15    0.02565    0.02888  12.6%  25.4 4640s
 15652583 895391 infeasible  107         0.02565    0.02888  12.6%  25.3 4645s
 15681564 899343 infeasible  110         0.02565    0.02888  12.6%  25.3 4650s
 15709363 903651 infeasible  107         0.02565    0.02888  12.6%  25.3 4655s
 15738454 907969    0.02629  104   16    0.02565    0.02888  12.6%  25.2 4660s
 15766157 911628     cutoff  111         0.02565    0.02888  12.6%  25.2 4665s
 15793775 915294 infeasible  108         0.02565    0.02888  12.6%  25.2 4670s
 15821829 918335 infeasible  110         0.02565    0.02888  12.6%  25.2 4675s
 15849301 922097    0.02604  107   14    0.02565    0.02888  12.6%  25.1 4680s
 15876229 924533     cutoff  104         0.02565    0.02888  12.6%  25.1 4685s
 15904822 927190     cutoff  110         0.02565    0.02888  12.6%  25.1 4690s
 15933343 930482     cutoff  109         0.02565    0.02888  12.6%  25.0 4695s
 15960263 933768    0.02826  105   21    0.02565    0.02888  12.6%  25.0 4700s
 15983307 936088 infeasible  108         0.02565    0.02888  12.6%  25.0 4705s
 16011808 939586 infeasible  105         0.02565    0.02888  12.6%  25.0 4710s
 16040623 942526    0.02603  107   20    0.02565    0.02888  12.6%  24.9 4715s
 16069622 946268    0.02736  107   17    0.02565    0.02888  12.6%  24.9 4720s
 16097643 949183 infeasible  111         0.02565    0.02888  12.6%  24.9 4725s
 16125739 952179    0.02755  107   22    0.02565    0.02888  12.6%  24.9 4730s
 16154599 954824    0.02826  105   21    0.02565    0.02888  12.6%  24.8 4735s
 16183022 957526 infeasible  107         0.02565    0.02888  12.6%  24.8 4740s
 16211398 961216    0.02755  107   22    0.02565    0.02888  12.6%  24.8 4745s
 16240131 964154 infeasible  103         0.02565    0.02888  12.6%  24.7 4750s
 16264488 966587    0.02723  103   22    0.02565    0.02888  12.6%  24.7 4755s
 16289147 968980    0.02888  102    8    0.02565    0.02888  12.6%  24.7 4760s
 16315313 971614    0.02618  112   18    0.02565    0.02888  12.6%  24.7 4765s
 16343359 974017    0.02686  108   21    0.02565    0.02888  12.6%  24.6 4770s
 16371228 976991    0.02686  107   21    0.02565    0.02888  12.6%  24.6 4775s
 16398486 979636    0.02888   97   20    0.02565    0.02888  12.6%  24.6 4780s
 16425986 982003 infeasible  111         0.02565    0.02888  12.6%  24.6 4785s
 16454125 984691    0.02629  104   16    0.02565    0.02888  12.6%  24.5 4790s
 16482197 987226 infeasible  108         0.02565    0.02888  12.6%  24.5 4795s
 16510362 989932 infeasible  106         0.02565    0.02888  12.6%  24.5 4800s
 16538457 992985    0.02746  109   22    0.02565    0.02888  12.6%  24.5 4805s
 16565871 995537 infeasible  105         0.02565    0.02888  12.6%  24.4 4810s
 16589512 997822    0.02755  108   22    0.02565    0.02888  12.6%  24.4 4815s
 16617339 1000593    0.02755  105   22    0.02565    0.02888  12.6%  24.4 4820s
 16645007 1003512 infeasible  107         0.02565    0.02888  12.6%  24.4 4825s
 16672896 1006171     cutoff  103         0.02565    0.02888  12.6%  24.3 4830s
 16701684 1009323 infeasible  107         0.02565    0.02888  12.6%  24.3 4835s
 16728967 1012239 infeasible  108         0.02565    0.02888  12.6%  24.3 4840s
 16757177 1014879 infeasible  105         0.02565    0.02888  12.6%  24.3 4845s
 16784674 1017754    0.02755  109   22    0.02565    0.02888  12.6%  24.2 4850s
 16812588 1020970    0.02755  109   22    0.02565    0.02888  12.6%  24.2 4855s
 16840515 1024203    0.02755  107   22    0.02565    0.02888  12.6%  24.2 4860s
 16868413 1027241    0.02757  106    6    0.02565    0.02888  12.6%  24.2 4865s
 16892004 1029833     cutoff  111         0.02565    0.02888  12.6%  24.1 4870s
 16920409 1033014    0.02686  111   21    0.02565    0.02888  12.6%  24.1 4875s
 16947197 1035300    0.02887   85   20    0.02565    0.02888  12.6%  24.1 4880s
 16973648 1037675    0.02888  103   13    0.02565    0.02888  12.6%  24.1 4885s
 17000430 1040290    0.02737  107   20    0.02565    0.02888  12.6%  24.0 4890s
 17028594 1042871    0.02722  107   22    0.02565    0.02888  12.6%  24.0 4895s
 17057284 1045867    0.02649  105   20    0.02565    0.02888  12.6%  24.0 4900s
 17085384 1049064    0.02888  101    7    0.02565    0.02888  12.6%  24.0 4905s
 17114443 1051787 infeasible  108         0.02565    0.02888  12.6%  23.9 4910s
 17143277 1054509    0.02722  110   22    0.02565    0.02888  12.6%  23.9 4915s
 17166612 1056572 infeasible  110         0.02565    0.02888  12.6%  23.9 4920s
 17196021 1060034    0.02755  109   22    0.02565    0.02888  12.6%  23.9 4925s
 17222195 1062420    0.02827  107   21    0.02565    0.02888  12.6%  23.9 4930s
 17251223 1065024    0.02629  108   15    0.02565    0.02888  12.6%  23.8 4935s
 17280661 1067522 infeasible  108         0.02565    0.02888  12.6%  23.8 4940s
 17309509 1070192     cutoff  107         0.02565    0.02888  12.6%  23.8 4945s
 17338505 1073807    0.02722  106   22    0.02565    0.02888  12.6%  23.8 4950s
 17367636 1076682    0.02675  104   21    0.02565    0.02888  12.6%  23.7 4955s
 17398120 1080570    0.02738  109   22    0.02565    0.02888  12.6%  23.7 4960s
 17426775 1084073    0.02722  105   22    0.02565    0.02888  12.6%  23.7 4965s
 17456036 1087557 infeasible  108         0.02565    0.02888  12.6%  23.6 4970s
 17481108 1090226    0.02686  110   21    0.02565    0.02888  12.6%  23.6 4975s
 17510521 1093129    0.02827  107   21    0.02565    0.02888  12.6%  23.6 4980s
 17539346 1096273    0.02757   81   16    0.02565    0.02888  12.6%  23.6 4985s
 17568340 1099078 infeasible  104         0.02565    0.02888  12.6%  23.6 4990s
 17596267 1101502 infeasible  109         0.02565    0.02888  12.6%  23.5 4995s
 17624322 1103843 infeasible  108         0.02565    0.02888  12.6%  23.5 5000s
 17652833 1106430 infeasible  109         0.02565    0.02888  12.6%  23.5 5005s
 17680960 1109353    0.02643  108    8    0.02565    0.02888  12.6%  23.5 5010s
 17709295 1111890    0.02888  101    7    0.02565    0.02888  12.6%  23.4 5015s
 17731585 1114083 infeasible  112         0.02565    0.02888  12.6%  23.4 5020s
 17760249 1116651    0.02629  109   15    0.02565    0.02888  12.6%  23.4 5025s
 17788752 1119110    0.02888  107    6    0.02565    0.02888  12.6%  23.4 5030s
 17816387 1121922 infeasible  103         0.02565    0.02888  12.6%  23.4 5035s
 17844126 1124388    0.02821  105   21    0.02565    0.02888  12.6%  23.3 5040s
 17872280 1126633    0.02686  109   21    0.02565    0.02888  12.6%  23.3 5045s
 17899954 1128964     cutoff  108         0.02565    0.02888  12.6%  23.3 5050s
 17928079 1131171 infeasible  110         0.02565    0.02888  12.6%  23.3 5055s
 17956318 1133575 infeasible  105         0.02565    0.02888  12.6%  23.2 5060s
 17982759 1136424    0.02755  102   24    0.02565    0.02888  12.6%  23.2 5065s
 18011432 1138787 infeasible  102         0.02565    0.02888  12.6%  23.2 5070s
 18038788 1141213    0.02685  102   21    0.02565    0.02888  12.6%  23.2 5075s
 18066149 1143833    0.02755  103   22    0.02565    0.02888  12.6%  23.2 5080s
 18093732 1146376     cutoff  112         0.02565    0.02888  12.6%  23.1 5085s
 18117542 1148425    0.02827  102   21    0.02565    0.02888  12.6%  23.1 5090s
 18145696 1150641     cutoff  107         0.02565    0.02888  12.6%  23.1 5095s
 18174233 1153315 infeasible  104         0.02565    0.02888  12.6%  23.1 5100s
 18203268 1155810 infeasible  110         0.02565    0.02888  12.6%  23.0 5105s
 18228097 1158125    0.02738  110   21    0.02565    0.02888  12.6%  23.0 5110s
 18257403 1161072    0.02738  110   21    0.02565    0.02888  12.6%  23.0 5115s
 18286694 1163435    0.02888   99    7    0.02565    0.02888  12.6%  23.0 5120s
 18315687 1165543     cutoff  110         0.02565    0.02888  12.6%  23.0 5125s
 18344518 1167307    0.02759  108   17    0.02565    0.02888  12.6%  22.9 5130s
 18368599 1169556    0.02888  107    8    0.02565    0.02888  12.6%  22.9 5135s
 18398274 1171980    0.02888  105    7    0.02565    0.02888  12.6%  22.9 5140s
 18427661 1174373    0.02888  104    9    0.02565    0.02888  12.6%  22.9 5145s
 18457037 1177140    0.02826  108   17    0.02565    0.02888  12.6%  22.9 5150s
 18485762 1179674     cutoff  111         0.02565    0.02888  12.6%  22.8 5155s
 18515052 1182192    0.02755  104   22    0.02565    0.02888  12.6%  22.8 5160s
 18544517 1184617    0.02827  108   21    0.02565    0.02888  12.6%  22.8 5165s
 18572858 1186597 infeasible  108         0.02565    0.02888  12.6%  22.8 5170s
 18602123 1189092    0.02722  111   22    0.02565    0.02888  12.6%  22.7 5175s
 18631010 1191598 infeasible  109         0.02565    0.02888  12.6%  22.7 5180s
 18659687 1193751 infeasible  110         0.02565    0.02888  12.6%  22.7 5185s
 18688617 1196522    0.02755  103   25    0.02565    0.02888  12.6%  22.7 5190s
 18712809 1198342     cutoff  105         0.02565    0.02888  12.6%  22.7 5195s
 18742621 1200999    0.02686  111   21    0.02565    0.02888  12.6%  22.6 5200s
 18772831 1203833    0.02888  108    6    0.02565    0.02888  12.6%  22.6 5205s
 18802454 1206229 infeasible  103         0.02565    0.02888  12.6%  22.6 5210s
 18831518 1208849 infeasible  107         0.02565    0.02888  12.6%  22.6 5215s
 18861101 1211540 infeasible  108         0.02565    0.02888  12.6%  22.6 5220s
 18890244 1213954    0.02620  109   21    0.02565    0.02888  12.6%  22.5 5225s
 18918920 1216484     cutoff  110         0.02565    0.02888  12.6%  22.5 5230s
 18948397 1218704    0.02738  110   21    0.02565    0.02888  12.6%  22.5 5235s
 18972417 1220602    0.02888  103    7    0.02565    0.02888  12.6%  22.5 5240s
 19001704 1222893 infeasible  107         0.02565    0.02888  12.6%  22.5 5245s
 19031938 1224841    0.02821  107   21    0.02565    0.02888  12.6%  22.4 5250s
 19062083 1227000 infeasible   95         0.02565    0.02888  12.6%  22.4 5255s
 19092121 1229678    0.02888  101    6    0.02565    0.02888  12.6%  22.4 5260s
 19121341 1231927    0.02755  107   24    0.02565    0.02888  12.6%  22.4 5265s
 19151118 1234488    0.02685  111   21    0.02565    0.02888  12.6%  22.4 5270s
 19180934 1236856    0.02599  105   13    0.02565    0.02888  12.6%  22.3 5275s
 19210754 1238989    0.02628  107   15    0.02565    0.02888  12.6%  22.3 5280s
 19236995 1241359    0.02888  105   10    0.02565    0.02888  12.6%  22.3 5285s
 19267172 1243638    0.02722  107   22    0.02565    0.02888  12.6%  22.3 5290s
 19291420 1245581     cutoff  110         0.02565    0.02888  12.6%  22.3 5295s
 19321147 1247833 infeasible  105         0.02565    0.02888  12.6%  22.2 5300s
 19350892 1250263    0.02888  107    6    0.02565    0.02888  12.6%  22.2 5305s
 19380792 1252262     cutoff  110         0.02565    0.02888  12.6%  22.2 5310s
 19409767 1253963    0.02827  105   21    0.02565    0.02888  12.6%  22.2 5315s
 19439096 1256581 infeasible  103         0.02565    0.02888  12.6%  22.2 5320s
 19466800 1258665     cutoff  109         0.02565    0.02888  12.6%  22.1 5325s
 19496085 1260867     cutoff  107         0.02565    0.02888  12.6%  22.1 5330s
 19525382 1263008     cutoff  108         0.02565    0.02888  12.6%  22.1 5335s
 19554578 1265240 infeasible  109         0.02565    0.02888  12.6%  22.1 5340s
 19583267 1267459 infeasible  106         0.02565    0.02888  12.6%  22.1 5345s
 19608422 1269347    0.02888  100   13    0.02565    0.02888  12.6%  22.0 5350s
 19637354 1271368 infeasible  110         0.02565    0.02888  12.6%  22.0 5355s
 19667801 1273612    0.02752  108   21    0.02565    0.02888  12.6%  22.0 5360s
 19699214 1275111    0.02888  108    7    0.02565    0.02888  12.6%  22.0 5365s
 19730137 1276812 infeasible  110         0.02565    0.02888  12.6%  22.0 5370s
 19760506 1278092 infeasible  111         0.02565    0.02888  12.6%  21.9 5375s
 19791513 1279346    0.02888   91   15    0.02565    0.02888  12.6%  21.9 5380s
 19822943 1281034 infeasible  109         0.02565    0.02888  12.6%  21.9 5385s
 19853724 1282154 infeasible  116         0.02565    0.02888  12.6%  21.9 5390s
 19885031 1283663    0.02888  104    7    0.02565    0.02888  12.6%  21.9 5395s
 19911630 1284914     cutoff  108         0.02565    0.02888  12.6%  21.8 5400s
 19942614 1286303    0.02626  110   20    0.02565    0.02888  12.6%  21.8 5405s
 19973216 1287807    0.02649  110   21    0.02565    0.02888  12.6%  21.8 5410s
 20003768 1288146 infeasible  102         0.02565    0.02888  12.6%  21.8 5415s
 20033636 1287145    0.02888  107    6    0.02565    0.02888  12.6%  21.8 5420s
 20064340 1286114    0.02821  106   22    0.02565    0.02888  12.6%  21.7 5425s
 20094320 1285249 infeasible  102         0.02565    0.02888  12.6%  21.7 5430s
 20124131 1284549 infeasible  109         0.02565    0.02888  12.6%  21.7 5435s
 20153321 1283612    0.02827  106   21    0.02565    0.02888  12.6%  21.7 5440s
 20181255 1283000 infeasible  110         0.02565    0.02888  12.6%  21.7 5446s
 20207675 1282726    0.02737  104   22    0.02565    0.02888  12.6%  21.6 5450s
 20233276 1282430 infeasible  110         0.02565    0.02888  12.6%  21.6 5455s
 20262550 1281949     cutoff  109         0.02565    0.02888  12.6%  21.6 5460s
 20292199 1281867     cutoff  103         0.02565    0.02888  12.6%  21.6 5465s
 20322762 1281316    0.02888  107    7    0.02565    0.02888  12.6%  21.6 5470s
 20352683 1279689    0.02737   99   23    0.02565    0.02888  12.6%  21.6 5475s
 20381590 1277359    0.02765  107    9    0.02565    0.02888  12.6%  21.5 5480s
 20409939 1274502    0.02737  110   22    0.02565    0.02888  12.6%  21.5 5485s
 20438500 1271787    0.02765  106    9    0.02565    0.02888  12.6%  21.5 5490s
 20467082 1268986    0.02751  104    7    0.02565    0.02888  12.6%  21.5 5495s
 20493229 1266475    0.02822  106   22    0.02565    0.02888  12.6%  21.5 5500s
 20520045 1263824    0.02616  107   21    0.02565    0.02888  12.6%  21.5 5505s
 20549116 1261405 infeasible  105         0.02565    0.02888  12.6%  21.4 5510s
 20578193 1259149    0.02609  108   21    0.02565    0.02888  12.6%  21.4 5515s
 20607540 1256862    0.02617  101   23    0.02565    0.02888  12.6%  21.4 5520s
 20636906 1254603 infeasible  105         0.02565    0.02888  12.6%  21.4 5525s
 20667165 1252127     cutoff  105         0.02565    0.02888  12.6%  21.4 5530s
 20697857 1249638 infeasible  109         0.02565    0.02888  12.6%  21.4 5535s
 20728231 1247333    0.02737  102   24    0.02565    0.02888  12.6%  21.3 5540s
 20757934 1244758    0.02759  104    9    0.02565    0.02888  12.6%  21.3 5545s
 20783930 1243012    0.02733  101   25    0.02565    0.02888  12.6%  21.3 5550s
 20814328 1240747 infeasible  103         0.02565    0.02888  12.6%  21.3 5555s
 20843794 1238332 infeasible  110         0.02565    0.02888  12.6%  21.3 5560s
 20872400 1235959 infeasible  103         0.02565    0.02888  12.6%  21.3 5565s
 20901764 1233390 infeasible  106         0.02565    0.02888  12.6%  21.2 5570s
 20930337 1230452 infeasible  104         0.02565    0.02888  12.6%  21.2 5575s
 20959959 1226674    0.02765  106    9    0.02565    0.02888  12.6%  21.2 5580s
 20989593 1223245 infeasible  115         0.02565    0.02888  12.6%  21.2 5585s
 21014716 1221060 infeasible  108         0.02565    0.02888  12.6%  21.2 5590s
 21044076 1218398 infeasible  109         0.02565    0.02888  12.6%  21.2 5595s
 21073068 1215849 infeasible  105         0.02565    0.02888  12.6%  21.2 5600s
 21101926 1213111     cutoff  109         0.02565    0.02888  12.6%  21.1 5605s
 21131544 1210439 infeasible  107         0.02565    0.02888  12.6%  21.1 5610s
 21161137 1207777 infeasible  105         0.02565    0.02888  12.6%  21.1 5615s
 21190849 1205118 infeasible  102         0.02565    0.02888  12.6%  21.1 5620s
 21216265 1202916    0.02751  108    4    0.02565    0.02888  12.6%  21.1 5625s
 21245805 1200338 infeasible  103         0.02565    0.02888  12.6%  21.1 5630s
 21274782 1197749 infeasible  105         0.02565    0.02888  12.6%  21.0 5635s
 21303821 1195323     cutoff  107         0.02565    0.02888  12.6%  21.0 5640s
 21327694 1193195    0.02766   92   13    0.02565    0.02888  12.6%  21.0 5645s
 21357694 1190502     cutoff  104         0.02565    0.02888  12.6%  21.0 5650s
 21387248 1187634 infeasible  101         0.02565    0.02888  12.6%  21.0 5655s
 21416480 1185029    0.02617  103   22    0.02565    0.02888  12.6%  21.0 5660s
 21445836 1182763 infeasible  106         0.02565    0.02888  12.6%  20.9 5665s
 21475062 1180070    0.02617  101   22    0.02565    0.02888  12.6%  20.9 5670s
 21504599 1177533    0.02751  109    7    0.02565    0.02888  12.6%  20.9 5675s
 21533137 1175114    0.02617   98   25    0.02565    0.02888  12.6%  20.9 5680s
 21561779 1172763 infeasible  100         0.02565    0.02888  12.6%  20.9 5685s
 21591775 1170195     cutoff   97         0.02565    0.02888  12.6%  20.9 5690s
 21620841 1168043     cutoff  109         0.02565    0.02888  12.6%  20.9 5695s
 21643549 1166137    0.02736   95   24    0.02565    0.02888  12.6%  20.8 5700s
 21673099 1164251    0.02751   96    7    0.02565    0.02888  12.6%  20.8 5705s
 21702016 1162052     cutoff  101         0.02565    0.02888  12.6%  20.8 5710s
 21730870 1160137 infeasible  106         0.02565    0.02888  12.6%  20.8 5715s
 21759983 1158152     cutoff   95         0.02565    0.02888  12.6%  20.8 5720s
 21788098 1156492    0.02616   94   25    0.02565    0.02888  12.6%  20.8 5725s
 21817920 1155048    0.02766   88   14    0.02565    0.02888  12.6%  20.8 5730s
 21845957 1153818    0.02771   86   12    0.02565    0.02887  12.6%  20.7 5735s
 21872879 1152867    0.02736  107   22    0.02565    0.02887  12.6%  20.7 5740s
 21901384 1151280    0.02571   97   11    0.02565    0.02887  12.6%  20.7 5745s
 21922914 1150557 infeasible  103         0.02565    0.02887  12.6%  20.7 5750s
 21950003 1150852    0.02763   96   16    0.02565    0.02887  12.6%  20.7 5755s
 21978861 1150626    0.02621   86   37    0.02565    0.02887  12.6%  20.7 5760s
 22006749 1150395    0.02763   99   13    0.02565    0.02887  12.6%  20.7 5765s
 22034910 1151433     cutoff  101         0.02565    0.02887  12.6%  20.6 5770s
 22062939 1152898    0.02765   94    9    0.02565    0.02887  12.6%  20.6 5775s
 22087163 1154428     cutoff   58         0.02565    0.02887  12.6%  20.6 5780s
 22115326 1156638    0.02764   95   16    0.02565    0.02887  12.6%  20.6 5785s
 22144036 1159275     cutoff   57         0.02565    0.02887  12.6%  20.6 5790s
 22170445 1162571    0.02735   99   22    0.02565    0.02887  12.6%  20.6 5795s
 22191211 1165033     cutoff  104         0.02565    0.02887  12.6%  20.6 5800s
 22219087 1167801     cutoff  101         0.02565    0.02887  12.6%  20.6 5805s
 22246085 1170810 infeasible   94         0.02565    0.02887  12.6%  20.5 5810s
 22271289 1174785     cutoff  106         0.02565    0.02887  12.6%  20.5 5815s
 22299189 1178902     cutoff   93         0.02565    0.02887  12.6%  20.5 5820s
 22324170 1182803    0.02641  101   13    0.02565    0.02887  12.6%  20.5 5825s
 22349561 1185133 infeasible   91         0.02565    0.02887  12.6%  20.5 5830s
 22373315 1188450    0.02616   85   36    0.02565    0.02887  12.5%  20.5 5835s
 22399566 1191079     cutoff   91         0.02565    0.02887  12.5%  20.5 5840s
 22425172 1194687 infeasible   99         0.02565    0.02887  12.5%  20.4 5845s
 22447534 1198719    0.02645  102   20    0.02565    0.02887  12.5%  20.4 5850s
 22468410 1202188     cutoff  100         0.02565    0.02886  12.5%  20.4 5855s
 22493564 1206065     cutoff  110         0.02565    0.02886  12.5%  20.4 5860s
 22515692 1210388     cutoff   96         0.02565    0.02886  12.5%  20.4 5865s
 22535882 1213738     cutoff   85         0.02565    0.02886  12.5%  20.4 5870s
 22555937 1216052 infeasible   87         0.02565    0.02886  12.5%  20.4 5875s
 22569915 1216633 infeasible   86         0.02565    0.02886  12.5%  20.4 5880s
 22594559 1215426     cutoff  106         0.02565    0.02886  12.5%  20.4 5885s
 22611754 1214503     cutoff   81         0.02565    0.02886  12.5%  20.4 5890s
 22634686 1213454 infeasible  101         0.02565    0.02886  12.5%  20.3 5895s
 22652871 1212477    0.02886   85   24    0.02565    0.02886  12.5%  20.3 5900s
 22676549 1210621 infeasible  104         0.02565    0.02886  12.5%  20.3 5905s
 22699794 1208795    0.02575   86   26    0.02565    0.02886  12.5%  20.3 5910s
 22707482 1208041     cutoff  107         0.02565    0.02886  12.5%  20.3 5915s
 22723822 1206871    0.02640   64   43    0.02565    0.02885  12.5%  20.3 5920s
 22739633 1205736     cutoff  113         0.02565    0.02885  12.5%  20.3 5925s
 22756862 1204682    0.02587   47   32    0.02565    0.02885  12.5%  20.3 5930s
 22774440 1203368    0.02884   78   25    0.02565    0.02885  12.5%  20.3 5935s
 22791842 1201824     cutoff  106         0.02565    0.02885  12.5%  20.3 5940s
 22804744 1200698     cutoff   96         0.02565    0.02885  12.5%  20.3 5945s
 22827176 1199175    0.02885   74   24    0.02565    0.02885  12.5%  20.3 5950s
 22852265 1197472    0.02884   86   17    0.02565    0.02885  12.5%  20.3 5955s
 22869691 1196751    0.02877   78   33    0.02565    0.02885  12.5%  20.3 5960s
 22886939 1195781    0.02799   80   21    0.02565    0.02885  12.5%  20.2 5965s
 22907820 1194082    0.02655   85   22    0.02565    0.02884  12.5%  20.2 5970s
 22928551 1192887     cutoff  106         0.02565    0.02884  12.5%  20.2 5975s
 22943480 1192379     cutoff   57         0.02565    0.02884  12.4%  20.2 5980s
 22958569 1191860 infeasible  107         0.02565    0.02884  12.4%  20.2 5985s
 22968696 1191371 infeasible   61         0.02565    0.02884  12.4%  20.2 5990s
 22987417 1190773     cutoff   45         0.02565    0.02884  12.4%  20.2 5995s
 23006382 1190031    0.02760   84   16    0.02565    0.02884  12.4%  20.2 6000s
 23022660 1189405    0.02761   87    9    0.02565    0.02884  12.4%  20.2 6005s
 23044010 1188463     cutoff   44         0.02565    0.02884  12.4%  20.2 6010s
 23055701 1188103     cutoff   93         0.02565    0.02883  12.4%  20.2 6015s
 23073385 1187483     cutoff  100         0.02565    0.02883  12.4%  20.2 6020s
 23091051 1186892    0.02754   77   15    0.02565    0.02883  12.4%  20.2 6025s
 23109295 1186198     cutoff   99         0.02565    0.02883  12.4%  20.2 6030s
 23128358 1185731     cutoff   48         0.02565    0.02883  12.4%  20.2 6035s
 23149613 1184783     cutoff   91         0.02565    0.02883  12.4%  20.2 6040s
 23173219 1184007     cutoff   97         0.02565    0.02883  12.4%  20.1 6045s
 23193638 1183399 infeasible   72         0.02565    0.02882  12.4%  20.1 6050s
 23210805 1182607    0.02569   61   44    0.02565    0.02882  12.4%  20.1 6055s
 23228846 1181791    0.02580   56   51    0.02565    0.02882  12.4%  20.1 6060s
 23245353 1181141 infeasible   86         0.02565    0.02882  12.4%  20.1 6065s
 23262008 1180550 infeasible   57         0.02565    0.02882  12.4%  20.1 6070s
 23282627 1179354    0.02632   48   50    0.02565    0.02882  12.4%  20.1 6075s
 23301488 1178170    0.02794   92   30    0.02565    0.02881  12.3%  20.1 6080s
 23312487 1177729 infeasible  118         0.02565    0.02881  12.3%  20.1 6085s
 23322695 1177212    0.02829   84   15    0.02565    0.02881  12.3%  20.1 6090s
 23339466 1176420     cutoff   97         0.02565    0.02881  12.3%  20.1 6095s
 23359240 1175632    0.02881   80   29    0.02565    0.02881  12.3%  20.1 6100s
 23373189 1175170 infeasible   73         0.02565    0.02881  12.3%  20.1 6105s
 23393801 1174319     cutoff  110         0.02565    0.02881  12.3%  20.1 6110s
 23411020 1173712     cutoff   88         0.02565    0.02880  12.3%  20.1 6115s
 23429806 1173238 infeasible   96         0.02565    0.02880  12.3%  20.1 6120s
 23446414 1172773     cutoff   57         0.02565    0.02880  12.3%  20.0 6125s
 23459621 1173022    0.02754   92    9    0.02565    0.02880  12.3%  20.0 6130s
 23482049 1172958     cutoff   62         0.02565    0.02880  12.3%  20.0 6135s
 23490682 1172575    0.02585   59   43    0.02565    0.02880  12.3%  20.0 6140s
 23503102 1172092    0.02732   53   27    0.02565    0.02880  12.3%  20.0 6145s
 23519303 1171076     cutoff  104         0.02565    0.02879  12.3%  20.0 6150s
 23533871 1170329    0.02649   59   50    0.02565    0.02879  12.3%  20.0 6155s
 23552298 1169300 infeasible   97         0.02565    0.02879  12.2%  20.0 6160s
 23568672 1168522    0.02806   99   27    0.02565    0.02879  12.2%  20.0 6165s
 23579876 1167877     cutoff   46         0.02565    0.02878  12.2%  20.0 6170s
 23594705 1166793    0.02725   91   26    0.02565    0.02878  12.2%  20.0 6175s
 23608587 1165753    0.02741   95   22    0.02565    0.02878  12.2%  20.0 6180s
 23622829 1164981     cutoff   80         0.02565    0.02878  12.2%  20.0 6185s
 23637115 1164064    0.02566   53   53    0.02565    0.02878  12.2%  20.0 6190s
 23644797 1163613 infeasible   63         0.02565    0.02877  12.2%  20.0 6195s
 23658234 1162731    0.02669   56   41    0.02565    0.02877  12.2%  20.0 6200s
 23669751 1162111     cutoff   50         0.02565    0.02877  12.2%  20.0 6205s
 23680544 1161335     cutoff   44         0.02565    0.02877  12.2%  20.0 6210s
 23693841 1160305     cutoff   91         0.02565    0.02876  12.1%  20.0 6215s
 23704792 1159739     cutoff   52         0.02565    0.02876  12.1%  20.0 6220s
 23712880 1159330    0.02850   38   51    0.02565    0.02876  12.1%  20.0 6225s
 23723927 1158449     cutoff   39         0.02565    0.02876  12.1%  20.0 6230s
 23737980 1156793    0.02741   94   26    0.02565    0.02875  12.1%  20.0 6235s
 23751031 1155898    0.02656  108   19    0.02565    0.02875  12.1%  20.0 6240s
 23765778 1154882     cutoff   50         0.02565    0.02875  12.1%  20.0 6245s
 23775676 1154288    0.02824   91   34    0.02565    0.02875  12.1%  20.0 6250s
 23786125 1153746    0.02749   56   33    0.02565    0.02874  12.1%  20.0 6255s
 23796639 1153273 infeasible   76         0.02565    0.02874  12.1%  20.0 6260s
 23802201 1153030     cutoff   46         0.02565    0.02874  12.1%  20.0 6265s
 23814397 1152497     cutoff   50         0.02565    0.02874  12.0%  20.0 6270s
 23825513 1151968 infeasible   44         0.02565    0.02873  12.0%  19.9 6275s
 23834186 1151458    0.02707   46   46    0.02565    0.02873  12.0%  19.9 6280s
 23846520 1150847    0.02577   44   52    0.02565    0.02873  12.0%  19.9 6285s
 23858643 1150096    0.02862   45   54    0.02565    0.02872  12.0%  19.9 6290s
 23871841 1149539    0.02578   90   30    0.02565    0.02872  12.0%  19.9 6295s
 23882381 1148910    0.02809   76   40    0.02565    0.02872  12.0%  19.9 6300s
 23893599 1148384     cutoff   97         0.02565    0.02872  12.0%  19.9 6305s
 23901211 1147997    0.02625   43   54    0.02565    0.02871  12.0%  19.9 6310s
 23905917 1147945    0.02652   62   37    0.02565    0.02871  12.0%  19.9 6315s
 23912021 1147607    0.02603   60   44    0.02565    0.02871  11.9%  19.9 6320s
 23920931 1147037     cutoff   79         0.02565    0.02871  11.9%  19.9 6325s
 23930467 1146576    0.02754   42   53    0.02565    0.02871  11.9%  19.9 6330s
 23943423 1146047    0.02641   51   46    0.02565    0.02870  11.9%  19.9 6335s
 23954688 1145286     cutoff   48         0.02565    0.02870  11.9%  19.9 6340s
 23964467 1144582    0.02576   49   56    0.02565    0.02870  11.9%  19.9 6345s
 23975428 1143929 infeasible   81         0.02565    0.02869  11.9%  19.9 6350s
 23980930 1143631    0.02708   38   54    0.02565    0.02869  11.9%  19.9 6355s
 23990354 1143134    0.02643   40   56    0.02565    0.02869  11.9%  19.9 6360s
 24001982 1142250    0.02623   42   50    0.02565    0.02869  11.8%  19.9 6365s
 24012218 1141606     cutoff   45         0.02565    0.02868  11.8%  19.9 6370s
 24020320 1141302    0.02749   56   32    0.02565    0.02868  11.8%  19.9 6375s
 24029335 1140737     cutoff   42         0.02565    0.02868  11.8%  19.9 6380s
 24043567 1139781     cutoff   60         0.02565    0.02867  11.8%  19.9 6385s
 24055219 1138931    0.02717   62   15    0.02565    0.02867  11.8%  19.9 6390s
 24064768 1138297     cutoff   37         0.02565    0.02867  11.8%  19.9 6395s
 24078464 1137507    0.02730   40   52    0.02565    0.02867  11.8%  19.9 6400s
 24087200 1136990     cutoff   92         0.02565    0.02866  11.8%  19.9 6405s
 24097944 1136445    0.02581   46   54    0.02565    0.02866  11.7%  19.9 6410s
 24106867 1136056    0.02771   45   58    0.02565    0.02866  11.7%  19.9 6415s
 24119509 1135659 infeasible   93         0.02565    0.02865  11.7%  19.9 6420s
 24128537 1135259    0.02606   50   50    0.02565    0.02865  11.7%  19.9 6425s
 24135302 1134920     cutoff   52         0.02565    0.02865  11.7%  19.9 6430s
 24142526 1134644    0.02625   41   56    0.02565    0.02865  11.7%  19.9 6435s
 24145004 1134521 infeasible   62         0.02565    0.02864  11.7%  19.9 6440s
 24157129 1133733     cutoff   49         0.02565    0.02864  11.7%  19.9 6445s
 24177818 1132798    0.02845   38   39    0.02565    0.02863  11.6%  19.9 6450s
 24192434 1131996     cutoff   51         0.02565    0.02863  11.6%  19.9 6455s
 24214110 1131271     cutoff   38         0.02565    0.02862  11.6%  19.9 6460s
 24235703 1130210     cutoff   44         0.02565    0.02861  11.6%  19.9 6465s
 24255026 1129480    0.02666   44   51    0.02565    0.02861  11.5%  19.9 6470s
 24277287 1128687 infeasible  103         0.02565    0.02860  11.5%  19.9 6475s
 24298531 1127598     cutoff   45         0.02565    0.02859  11.5%  19.9 6480s
 24318321 1126880     cutoff   49         0.02565    0.02858  11.4%  19.9 6485s
 24339507 1125922 infeasible   49         0.02565    0.02858  11.4%  19.9 6490s
 24359264 1124864     cutoff  100         0.02565    0.02857  11.4%  19.9 6495s
 24380494 1123667    0.02750   51   52    0.02565    0.02856  11.4%  19.9 6500s
 24394491 1122958    0.02855   61   37    0.02565    0.02856  11.3%  19.9 6505s
 24414461 1121785     cutoff   52         0.02565    0.02855  11.3%  19.9 6510s
 24434095 1120791    0.02588   40   55    0.02565    0.02854  11.3%  19.9 6515s
 24455587 1119704    0.02585   32   55    0.02565    0.02853  11.2%  19.9 6520s
 24476418 1118743     cutoff   42         0.02565    0.02852  11.2%  19.8 6525s
 24496985 1117414     cutoff   82         0.02565    0.02852  11.2%  19.8 6530s
 24514972 1116382    0.02589   43   55    0.02565    0.02851  11.2%  19.8 6535s
 24534050 1115377     cutoff   72         0.02565    0.02850  11.1%  19.8 6540s
 24552302 1114573     cutoff   50         0.02565    0.02849  11.1%  19.8 6545s
 24571834 1113434    0.02622   47   55    0.02565    0.02849  11.1%  19.8 6550s
 24590437 1112357    0.02776   52   52    0.02565    0.02848  11.0%  19.8 6555s
 24610696 1111128    0.02847   40   54    0.02565    0.02847  11.0%  19.8 6560s
 24632001 1110026     cutoff   49         0.02565    0.02846  11.0%  19.8 6565s
 24647671 1109438    0.02775   44   54    0.02565    0.02845  10.9%  19.8 6570s
 24666887 1108491    0.02823   46   55    0.02565    0.02844  10.9%  19.8 6575s
 24684019 1107578    0.02815   39   53    0.02565    0.02844  10.9%  19.8 6580s
 24703233 1106560    0.02720  106   20    0.02565    0.02843  10.8%  19.8 6585s
 24722588 1105520    0.02842   36   53    0.02565    0.02842  10.8%  19.8 6590s
 24742218 1104374     cutoff   81         0.02565    0.02841  10.8%  19.8 6595s
 24761213 1103365    0.02631   60   53    0.02565    0.02840  10.7%  19.8 6600s
 24781012 1102267    0.02599   35   51    0.02565    0.02840  10.7%  19.8 6605s
 24800959 1101043     cutoff   44         0.02565    0.02839  10.7%  19.8 6610s
 24820600 1099853     cutoff   50         0.02565    0.02838  10.6%  19.8 6615s
 24838446 1098694     cutoff   44         0.02565    0.02837  10.6%  19.8 6620s
 24858492 1097275    0.02707   46   54    0.02565    0.02836  10.6%  19.8 6625s
 24878408 1096118    0.02708   38   59    0.02565    0.02835  10.5%  19.8 6630s
 24894946 1095268 infeasible   47         0.02565    0.02835  10.5%  19.8 6635s
 24915666 1094147    0.02664   46   44    0.02565    0.02834  10.5%  19.8 6640s
 24936906 1092879 infeasible   45         0.02565    0.02833  10.4%  19.8 6645s
 24955713 1091876    0.02774  102   28    0.02565    0.02832  10.4%  19.8 6650s
 24976245 1091274    0.02720   48   44    0.02565    0.02831  10.4%  19.8 6655s
 24995349 1090735     cutoff   53         0.02565    0.02830  10.3%  19.8 6660s
 25015144 1090567    0.02714   45   53    0.02565    0.02829  10.3%  19.8 6665s
 25037289 1091949    0.02722   46   54    0.02565    0.02829  10.3%  19.8 6670s
 25057055 1095487    0.02645   43   40    0.02565    0.02828  10.3%  19.8 6675s
 25082185 1102815    0.02827   91   14    0.02565    0.02828  10.3%  19.8 6680s
 25108783 1109515    0.02661   52   37    0.02565    0.02828  10.2%  19.8 6685s
 25139042 1114325    0.02828   97    9    0.02565    0.02828  10.2%  19.8 6690s
 25168330 1118058    0.02828  101    7    0.02565    0.02828  10.2%  19.7 6695s
 25186796 1119864     cutoff  103         0.02565    0.02828  10.2%  19.7 6700s
 25212039 1120441 infeasible  102         0.02565    0.02828  10.2%  19.7 6705s
 25236854 1120698 infeasible  105         0.02565    0.02828  10.2%  19.7 6710s
 25264882 1120763    0.02657   93   20    0.02565    0.02828  10.2%  19.7 6715s
 25297006 1120863    0.02828   93   10    0.02565    0.02828  10.2%  19.7 6720s
 25326957 1121121     cutoff  106         0.02565    0.02828  10.2%  19.7 6725s
 25358994 1121486     cutoff   94         0.02565    0.02828  10.2%  19.7 6730s
 25389692 1121789     cutoff  101         0.02565    0.02828  10.2%  19.7 6735s
 25422005 1121949    0.02656  102   16    0.02565    0.02827  10.2%  19.7 6740s
 25452159 1122456    0.02656  107   16    0.02565    0.02827  10.2%  19.6 6745s
 25483609 1123198    0.02571  103   23    0.02565    0.02827  10.2%  19.6 6750s
 25515536 1123735    0.02735   43   52    0.02565    0.02827  10.2%  19.6 6755s
 25547434 1124257    0.02657   98   16    0.02565    0.02827  10.2%  19.6 6760s
 25572330 1124456 infeasible  102         0.02565    0.02827  10.2%  19.6 6765s
 25603316 1125116 infeasible  100         0.02565    0.02827  10.2%  19.6 6770s
 25631772 1125632     cutoff   99         0.02565    0.02827  10.2%  19.6 6775s
 25663550 1126406     cutoff   96         0.02565    0.02827  10.2%  19.6 6780s
 25695408 1127026     cutoff  104         0.02565    0.02827  10.2%  19.6 6785s
 25727349 1127961    0.02656   98   16    0.02565    0.02827  10.2%  19.6 6790s
 25753446 1128333     cutoff  107         0.02565    0.02827  10.2%  19.6 6795s
 25780999 1128854     cutoff   98         0.02565    0.02827  10.2%  19.5 6800s
 25806913 1129158     cutoff   99         0.02565    0.02827  10.2%  19.5 6805s
 25832358 1129046    0.02827   98    8    0.02565    0.02827  10.2%  19.5 6810s
 25856929 1128033     cutoff  101         0.02565    0.02827  10.2%  19.5 6815s
 25878967 1126767 infeasible   97         0.02565    0.02827  10.2%  19.5 6820s
 25904234 1124500 infeasible  100         0.02565    0.02827  10.2%  19.5 6825s
 25922539 1123019    0.02599   91   22    0.02565    0.02827  10.2%  19.5 6830s
 25942303 1121127    0.02599   95   21    0.02565    0.02827  10.2%  19.5 6835s
 25965404 1118728    0.02827  101    9    0.02565    0.02827  10.2%  19.5 6840s
 25987771 1116383    0.02755  108   22    0.02565    0.02827  10.2%  19.5 6845s
 26006979 1113979     cutoff   90         0.02565    0.02827  10.2%  19.5 6850s
 26029506 1111683 infeasible   87         0.02565    0.02827  10.2%  19.5 6855s
 26051052 1109060    0.02657   94   18    0.02565    0.02827  10.2%  19.5 6860s
 26073595 1105595    0.02826   80   19    0.02565    0.02827  10.2%  19.5 6865s
 26091767 1102692    0.02717  110   22    0.02565    0.02827  10.2%  19.5 6870s
 26111955 1099324 infeasible  104         0.02565    0.02826  10.2%  19.5 6875s
 26129185 1097003 infeasible  109         0.02565    0.02826  10.2%  19.5 6880s
 26150700 1093610 infeasible  106         0.02565    0.02826  10.2%  19.4 6885s
 26172466 1091323 infeasible  106         0.02565    0.02826  10.2%  19.4 6890s
 26192522 1091490     cutoff   56         0.02565    0.02826  10.2%  19.4 6895s
 26196240 1092012 infeasible   61         0.02565    0.02826  10.2%  19.4 6900s
 26211485 1094289 infeasible  105         0.02565    0.02826  10.2%  19.4 6905s
 26239645 1095329    0.02826   95    9    0.02565    0.02826  10.2%  19.4 6910s
 26265263 1095704     cutoff  107         0.02565    0.02826  10.2%  19.4 6915s
 26293055 1096280    0.02826   85   19    0.02565    0.02826  10.2%  19.4 6920s
 26320892 1097086 infeasible  101         0.02565    0.02826  10.2%  19.4 6925s
 26348337 1097265    0.02581  103   23    0.02565    0.02826  10.2%  19.4 6930s
 26368936 1095438     cutoff   86         0.02565    0.02826  10.2%  19.4 6935s
 26395658 1093431    0.02826   86   22    0.02565    0.02826  10.2%  19.4 6940s
 26418852 1092167     cutoff   86         0.02565    0.02826  10.2%  19.4 6945s
 26438609 1091214    0.02825   89   18    0.02565    0.02825  10.2%  19.4 6950s
 26454939 1090934     cutoff   88         0.02565    0.02825  10.2%  19.3 6955s
 26474666 1091210    0.02825   99    9    0.02565    0.02825  10.2%  19.3 6960s
 26491087 1090810     cutoff  100         0.02565    0.02825  10.1%  19.3 6965s
 26514973 1089845    0.02780   90   24    0.02565    0.02825  10.1%  19.3 6970s
 26529634 1089129    0.02660   39   56    0.02565    0.02825  10.1%  19.3 6975s
 26547470 1088134     cutoff   52         0.02565    0.02825  10.1%  19.3 6980s
 26561139 1087437    0.02824   90    6    0.02565    0.02824  10.1%  19.3 6985s
 26572228 1086877 infeasible   94         0.02565    0.02824  10.1%  19.3 6990s
 26592268 1085567    0.02632   96   27    0.02565    0.02824  10.1%  19.3 6995s
 26598138 1085155    0.02570   65   34    0.02565    0.02824  10.1%  19.3 7000s
 26606386 1084533     cutoff   54         0.02565    0.02824  10.1%  19.3 7005s
 26617665 1083743    0.02618   40   54    0.02565    0.02823  10.1%  19.3 7010s
 26640829 1082103 infeasible   88         0.02565    0.02823  10.1%  19.3 7015s
 26661911 1080572     cutoff   79         0.02565    0.02822  10.0%  19.3 7020s
 26684597 1078892    0.02820   65   10    0.02565    0.02822  10.0%  19.3 7025s
 26705289 1075565 infeasible  107         0.02565    0.02821  10.0%  19.3 7030s
 26724945 1073416    0.02607   64   32    0.02565    0.02821  10.0%  19.3 7035s
 26746930 1072551     cutoff   76         0.02565    0.02820  10.0%  19.3 7040s
 26767492 1071376    0.02703   52   40    0.02565    0.02820  9.94%  19.3 7045s
 26789502 1070051     cutoff   44         0.02565    0.02819  9.91%  19.3 7050s
H26795920 1069789                       0.0256483    0.02819  9.91%  19.3 7052s
 26801390 1069493     cutoff   89         0.02565    0.02819  9.90%  19.3 7055s
 26820198 1068191    0.02818   81    9    0.02565    0.02818  9.88%  19.3 7060s
 26841263 1066366    0.02614   46   57    0.02565    0.02817  9.85%  19.3 7065s
 26861526 1064853    0.02576   46   56    0.02565    0.02817  9.82%  19.3 7070s
 26883176 1063172    0.02588   97   21    0.02565    0.02816  9.79%  19.3 7075s
 26904309 1061566    0.02740   45   56    0.02565    0.02815  9.76%  19.3 7080s
 26923808 1059948    0.02568   77   26    0.02565    0.02814  9.73%  19.3 7085s
 26945389 1058363 infeasible   57         0.02565    0.02814  9.70%  19.3 7090s
 26964356 1057401     cutoff   48         0.02565    0.02813  9.67%  19.3 7095s
 26985109 1055643    0.02604   55   56    0.02565    0.02812  9.64%  19.3 7100s
 27006593 1053871     cutoff   49         0.02565    0.02811  9.60%  19.3 7105s
 27019722 1052905     cutoff   65         0.02565    0.02811  9.58%  19.3 7110s
 27039985 1051528     cutoff   47         0.02565    0.02810  9.55%  19.3 7115s
 27062194 1049873     cutoff   92         0.02565    0.02809  9.51%  19.3 7120s
 27082249 1048468     cutoff   45         0.02565    0.02808  9.48%  19.2 7125s
 27104040 1046595    0.02750   56   45    0.02565    0.02807  9.44%  19.2 7130s
 27124834 1044718     cutoff   55         0.02565    0.02806  9.41%  19.2 7135s
 27145895 1042799    0.02775   53   45    0.02565    0.02805  9.37%  19.2 7140s
 27165182 1041090     cutoff   45         0.02565    0.02804  9.34%  19.2 7145s
 27187931 1039324    0.02723   40   57    0.02565    0.02803  9.31%  19.2 7150s
 27209589 1037604     cutoff   45         0.02565    0.02803  9.27%  19.2 7155s
 27232139 1036032    0.02720   45   54    0.02565    0.02802  9.23%  19.2 7160s
 27253128 1034159 infeasible   48         0.02565    0.02801  9.20%  19.2 7165s
 27274973 1032154     cutoff   46         0.02565    0.02800  9.16%  19.2 7170s
 27292570 1030727    0.02769   80   30    0.02565    0.02799  9.13%  19.2 7175s
 27308399 1029590     cutoff   38         0.02565    0.02798  9.11%  19.2 7180s
 27329806 1027384    0.02575   51   53    0.02565    0.02797  9.07%  19.2 7185s
 27349932 1025397    0.02566   59    1    0.02565    0.02797  9.04%  19.2 7190s
 27371159 1023357    0.02583   50   54    0.02565    0.02796  9.00%  19.2 7195s
 27391755 1021726     cutoff   29         0.02565    0.02795  8.97%  19.2 7200s
 27411821 1019944     cutoff   45         0.02565    0.02794  8.94%  19.2 7205s
 27432982 1017834    0.02576   43   47    0.02565    0.02793  8.90%  19.2 7210s
 27454506 1015502    0.02632   81   12    0.02565    0.02792  8.86%  19.2 7215s
 27474527 1013511     cutoff   46         0.02565    0.02791  8.83%  19.2 7220s
 27494399 1011352     cutoff   46         0.02565    0.02791  8.80%  19.2 7225s
 27515794 1007008    0.02790   81   22    0.02565    0.02790  8.77%  19.2 7230s
 27536316 1003687     cutoff   49         0.02565    0.02789  8.74%  19.2 7235s
 27551021 1001449    0.02788   74   10    0.02565    0.02788  8.72%  19.2 7240s
 27571258 996588     cutoff  105         0.02565    0.02788  8.69%  19.2 7245s
 27591818 992449 infeasible   60         0.02565    0.02787  8.65%  19.2 7250s
 27612589 989883    0.02786   70   16    0.02565    0.02786  8.62%  19.2 7255s
 27632667 987552 infeasible   62         0.02565    0.02785  8.58%  19.2 7260s
 27653568 985463     cutoff   37         0.02565    0.02784  8.54%  19.2 7265s
 27674653 983119    0.02572   48   51    0.02565    0.02783  8.51%  19.2 7270s
 27694009 981063 infeasible   51         0.02565    0.02782  8.47%  19.2 7275s
 27714484 979004    0.02702   41   54    0.02565    0.02781  8.44%  19.2 7280s
 27735096 976471    0.02775   38   59    0.02565    0.02780  8.40%  19.2 7285s
 27754333 974038     cutoff   83         0.02565    0.02780  8.37%  19.2 7290s
 27773832 971552    0.02607   44   61    0.02565    0.02779  8.34%  19.2 7295s
 27791267 969112     cutoff   44         0.02565    0.02778  8.31%  19.2 7300s
 27810725 966521     cutoff   58         0.02565    0.02777  8.27%  19.2 7305s
 27830531 963732    0.02568   42   44    0.02565    0.02776  8.24%  19.2 7310s
 27851323 960889    0.02600   42   56    0.02565    0.02775  8.20%  19.2 7315s
 27869912 957809     cutoff   47         0.02565    0.02774  8.17%  19.2 7320s
 27890173 954837     cutoff   31         0.02565    0.02774  8.14%  19.2 7325s
 27909755 951428    0.02572   49   54    0.02565    0.02773  8.10%  19.2 7330s
 27929648 948413    0.02646   41   55    0.02565    0.02772  8.07%  19.2 7335s
 27949243 945415     cutoff   52         0.02565    0.02771  8.04%  19.2 7340s
 27969854 942977    0.02770   85   14    0.02565    0.02770  8.01%  19.1 7345s
 27983879 941407    0.02770   85   15    0.02565    0.02770  8.00%  19.1 7350s
 28003853 938667 infeasible   85         0.02565    0.02769  7.97%  19.1 7355s
 28023929 936178 infeasible   57         0.02565    0.02769  7.95%  19.1 7360s
 28044692 933242    0.02681   52   35    0.02565    0.02768  7.92%  19.1 7365s
 28062821 930495    0.02671   45   52    0.02565    0.02767  7.90%  19.1 7370s
 28084075 927061    0.02586   53   55    0.02565    0.02767  7.87%  19.1 7375s
 28105022 924182    0.02570   85   20    0.02565    0.02766  7.85%  19.1 7380s
 28126340 921114    0.02616   42   48    0.02565    0.02765  7.82%  19.1 7385s
 28145963 917747     cutoff  100         0.02565    0.02765  7.81%  19.1 7390s
 28165444 914832    0.02741   76   22    0.02565    0.02765  7.79%  19.1 7395s
 28183055 912534     cutoff   49         0.02565    0.02764  7.78%  19.1 7400s
 28203195 909292     cutoff   80         0.02565    0.02764  7.75%  19.1 7405s
 28222823 906312     cutoff   42         0.02565    0.02763  7.73%  19.1 7410s
 28241077 903897    0.02734   38   54    0.02565    0.02762  7.71%  19.1 7415s
 28261333 901172    0.02654   54   36    0.02565    0.02762  7.68%  19.1 7420s
 28280472 898186    0.02761   38   55    0.02565    0.02761  7.66%  19.1 7425s
 28294061 896154 infeasible   87         0.02565    0.02761  7.64%  19.1 7430s
 28315034 892525     cutoff   44         0.02565    0.02760  7.61%  19.1 7435s
 28333383 887942    0.02667   49   54    0.02565    0.02760  7.59%  19.1 7440s
 28353618 884180     cutoff   82         0.02565    0.02759  7.58%  19.1 7445s
 28373012 880707     cutoff   83         0.02565    0.02759  7.56%  19.1 7450s
 28392887 876471    0.02745   40   55    0.02565    0.02758  7.54%  19.1 7455s
 28411492 872576    0.02758   44   51    0.02565    0.02758  7.52%  19.1 7460s
 28428675 868478 infeasible  120         0.02565    0.02757  7.51%  19.1 7465s
 28447552 863943     cutoff  106         0.02565    0.02757  7.49%  19.1 7470s
 28466557 858770    0.02614   38   53    0.02565    0.02756  7.47%  19.1 7475s
 28486270 854546    0.02648   57   49    0.02565    0.02756  7.44%  19.1 7480s
 28504224 850718     cutoff   98         0.02565    0.02755  7.42%  19.1 7485s
 28521841 845515 infeasible  113         0.02565    0.02755  7.41%  19.1 7490s
 28536785 840788 infeasible  107         0.02565    0.02755  7.41%  19.0 7495s
 28554844 835155     cutoff  109         0.02565    0.02755  7.41%  19.0 7500s
 28573805 829110 infeasible  110         0.02565    0.02755  7.41%  19.0 7505s
 28592319 823452 infeasible  110         0.02565    0.02755  7.40%  19.0 7510s
 28609111 819219    0.02740  108   22    0.02565    0.02754  7.39%  19.0 7515s
 28628620 815443     cutoff   98         0.02565    0.02754  7.36%  19.0 7520s
 28646830 811616    0.02745   42   59    0.02565    0.02753  7.34%  19.0 7525s
 28664791 807450    0.02752   91   13    0.02565    0.02752  7.31%  19.0 7530s
 28681410 802754     cutoff   48         0.02565    0.02752  7.30%  19.0 7535s
 28699719 799229    0.02619   43   46    0.02565    0.02751  7.28%  19.0 7540s
 28719899 794108 infeasible   93         0.02565    0.02751  7.26%  19.0 7545s
 28737101 789246    0.02751  109    6    0.02565    0.02751  7.25%  19.0 7550s
 28755551 784787     cutoff   57         0.02565    0.02750  7.23%  19.0 7555s
 28775420 781140    0.02642   43   60    0.02565    0.02750  7.20%  19.0 7560s
 28790436 778995     cutoff   43         0.02565    0.02749  7.17%  19.0 7565s
 28807146 776315     cutoff   44         0.02565    0.02748  7.14%  19.0 7570s
 28826140 772103    0.02743   62   26    0.02565    0.02747  7.11%  19.0 7575s
 28841312 770206    0.02747   89    9    0.02565    0.02747  7.09%  19.0 7580s
 28861666 767233    0.02716  110   21    0.02565    0.02746  7.05%  19.0 7585s
 28880535 764508 infeasible  102         0.02565    0.02745  7.01%  19.0 7590s
 28901084 761923    0.02574   45   55    0.02565    0.02744  6.97%  19.0 7595s
 28922388 760269     cutoff   53         0.02565    0.02743  6.95%  19.0 7600s

Cutting planes:
  Gomory: 56
  Lift-and-project: 3
  Cover: 7
  Implied bound: 23
  Projected implied bound: 1
  MIR: 38
  Mixing: 4
  Flow cover: 202
  Inf proof: 224
  RLT: 167
  Relax-and-lift: 84
  BQP: 64

Explored 28930299 nodes (549050798 simplex iterations) in 7602.19 seconds (8863.19 work units)
Thread count was 4 (of 4 available processors)

Solution count 10: 0.0256483 0.0251084 0.0246859 ... 0.0137845

Optimization achieved user objective limit
Best objective 2.564830995220e-02, best bound 2.742616458938e-02, gap 6.9317%
{"verdict": "PROVED", "status": "BOUND_REACHED", "runtime": 7602.193892002106, "objval": 0.025648309952204632, "objbound": 0.02742616458937996, "binaries": 70}
