Set parameter NodefileStart to value 6
Read parameters from file gurobi.env
Restricted license - for non-production use only - expires 2027-11-29
Set parameter OutputFlag to value 1
Set parameter Threads to value 4
Set parameter TimeLimit to value 19800
Set parameter MIPGap to value 5e-05
Set parameter MIPFocus to value 2
Set parameter NonConvex to value 2
Set parameter BestBdStop to value 2.7426211734693878e-02
Gurobi Optimizer version 13.0.3 build v13.0.3rc0 (linux64 - "Ubuntu 24.04.5 LTS")

CPU model: AMD EPYC 9V74 80-Core Processor, instruction set [SSE2|AVX|AVX2|AVX512]
Thread count: 2 physical cores, 4 logical processors, using up to 4 threads

Non-default parameters:
TimeLimit  19800
BestBdStop  2.7426211734693878e-02
MIPGap  5e-05
MIPFocus  2
NodefileStart  6
NonConvex  2
Threads  4

Optimize a model with 165 rows, 135 columns and 976 nonzeros (Max)
Model fingerprint: 0xf0f9e291
Model has 1 linear objective coefficients
Model has 50 quadratic constraints
Variable types: 65 continuous, 70 integer (70 binary)
Coefficient statistics:
  Matrix range     [5e-01, 1e+00]
  QMatrix range    [1e+00, 1e+00]
  QLMatrix range   [1e+00, 1e+00]
  Objective range  [1e+00, 1e+00]
  Bounds range     [5e-01, 1e+00]
  RHS range        [1e+00, 1e+00]

Found heuristic solution: objective -0.0000000
Presolve time: 0.00s
Presolved: 365 rows, 136 columns, 1376 nonzeros
Presolved model has 50 bilinear constraint(s)

Solving non-convex MIQCP to global optimality

Variable types: 66 continuous, 70 integer (70 binary)
Root relaxation presolve removed 50 rows and 1 columns
Root relaxation presolved: 315 rows, 135 columns, 1326 nonzeros


Root relaxation: objective 2.500000e-01, 118 iterations, 0.00 seconds (0.00 work units)

    Nodes    |    Current Node    |     Objective Bounds      |     Work
 Expl Unexpl |  Obj  Depth IntInf | Incumbent    BestBd   Gap | It/Node Time

     0     0    0.25000    0   43   -0.00000    0.25000      -     -    0s
     0     0    0.12500    0   74   -0.00000    0.12500      -     -    0s
     0     0    0.12500    0   86   -0.00000    0.12500      -     -    0s
     0     0    0.12500    0   85   -0.00000    0.12500      -     -    0s
H    0     0                       0.0000000    0.12500      -     -    0s
     0     0    0.12500    0   89    0.00000    0.12500      -     -    0s
     0     0    0.12500    0   69    0.00000    0.12500      -     -    0s
     0     0    0.12500    0   76    0.00000    0.12500      -     -    0s
     0     0    0.12500    0   76    0.00000    0.12500      -     -    0s
     0     0    0.12500    0   73    0.00000    0.12500      -     -    0s
     0     0    0.12500    0   67    0.00000    0.12500      -     -    0s
     0     0    0.12500    0   66    0.00000    0.12500      -     -    0s
     0     0    0.12500    0   65    0.00000    0.12500      -     -    0s
     0     0    0.12500    0   65    0.00000    0.12500      -     -    0s
     0     0    0.12500    0   64    0.00000    0.12500      -     -    0s
     0     0    0.12500    0   64    0.00000    0.12500      -     -    0s
H    0     0                       0.0000001    0.12500      -     -    0s
     0     0    0.12500    0   64    0.00000    0.12500      -     -    0s
     0     0    0.12500    0   64    0.00000    0.12500      -     -    0s
     0     2    0.12500    0   64    0.00000    0.12500      -     -    0s
H   11    21                       0.0000983    0.12500      -  21.5    0s
H 1048   892                       0.0016385    0.12500  7529%  30.0    0s
H 1116   950                       0.0028899    0.12500  4225%  29.9    0s
H 1118   904                       0.0028899    0.12500  4225%  29.9    1s
H 1134   868                       0.0055702    0.10509  1787%  29.5    1s
H 1134   824                       0.0061031    0.10509  1622%  29.5    1s
H 1352   963                       0.0067138    0.10329  1438%  34.9    2s
H 2405  1286                       0.0095066    0.10329   987%  31.6    2s
H 2432  1279                       0.0095066    0.10329   987%  31.8    2s
H 2506  1263                       0.0095066    0.10329   987%  32.5    2s
H 2648  1287                       0.0095066    0.10329   987%  33.2    2s
H 3824  1683                       0.0128076    0.09952   677%  32.5    3s
H 8631  3654                       0.0191453    0.09432   393%  39.8    4s
  9269  4019    0.04515   33   58    0.01915    0.09363   389%  40.3    5s
H18030  8065                       0.0191453    0.08730   356%  43.3    8s
 22138  9576    0.07249   32   83    0.01915    0.08431   340%  43.4   10s
 36814 16124    0.05803   32   73    0.01915    0.08061   321%  43.1   15s
 53320 22485    0.05295   28   57    0.01915    0.07773   306%  43.2   20s
 68668 27471    0.06366   25   64    0.01915    0.07556   295%  43.6   25s
 83175 32319     cutoff   40         0.01915    0.07434   288%  43.6   30s
 98120 37722    0.02763   36   51    0.01915    0.07312   282%  43.2   35s
 110620 41664    0.06635   35   65    0.01915    0.07223   277%  43.2   40s
 126772 48645    0.06014   28   65    0.01915    0.07138   273%  42.7   45s
 143063 55710    0.04370   36   48    0.01915    0.07087   270%  42.6   50s
 159528 62439     cutoff   40         0.01915    0.07040   268%  42.7   55s
 175187 68588     cutoff   54         0.01915    0.07006   266%  42.7   60s
*189631 73076              64       0.0193802    0.06967   259%  42.7   64s
*189634 72893              66       0.0194106    0.06967   259%  42.7   64s
*189635 72889              66       0.0194116    0.06967   259%  42.7   64s
 190878 73496    0.02382   38   54    0.01941    0.06961   259%  42.7   65s
 206616 79112    0.02783   33   50    0.01941    0.06910   256%  42.9   70s
 222870 84736    0.02285   38   53    0.01941    0.06865   254%  42.9   75s
H235972 86200                       0.0210203    0.06833   225%  43.0   79s
H236125 86325                       0.0210203    0.06832   225%  43.0   79s
H236530 86445                       0.0210203    0.06831   225%  43.0   79s
H237717 86686                       0.0210203    0.06828   225%  43.0   79s
 237794 86781     cutoff   37         0.02102    0.06827   225%  43.0   80s
 251739 91719    0.02504   33   55    0.02102    0.06793   223%  43.1   85s
 267178 96369     cutoff   34         0.02102    0.06762   222%  43.1   90s
 280903 100586    0.03155   42   42    0.02102    0.06733   220%  43.2   95s
 296756 105334    0.06196   34   64    0.02102    0.06700   219%  43.3  100s
 310177 109371     cutoff   39         0.02102    0.06677   218%  43.2  105s
 324012 113429    0.03597   30   60    0.02102    0.06651   216%  43.3  110s
 339580 117724    0.06425   36   61    0.02102    0.06626   215%  43.4  115s
 352165 121423    0.02160   32   50    0.02102    0.06602   214%  43.4  120s
 367718 125555    0.03356   36   56    0.02102    0.06578   213%  43.4  125s
 382141 129503    0.05373   38   54    0.02102    0.06554   212%  43.5  130s
 397709 133615    0.03314   38   52    0.02102    0.06529   211%  43.5  135s
 411341 137451    0.02912   35   66    0.02102    0.06506   210%  43.5  140s
 425915 141585     cutoff   35         0.02102    0.06486   209%  43.5  145s
 441587 145897    0.04718   42   46    0.02102    0.06459   207%  43.6  150s
 455580 149345    0.03646   35   62    0.02102    0.06440   206%  43.6  155s
 470451 153497    0.04014   36   61    0.02102    0.06419   205%  43.6  160s
 485900 157784    0.03218   36   58    0.02102    0.06399   204%  43.6  165s
 501004 162082    0.02356   33   47    0.02102    0.06378   203%  43.7  170s
 515959 166238     cutoff   38         0.02102    0.06357   202%  43.7  175s
 530165 170296     cutoff   37         0.02102    0.06339   202%  43.7  180s
 543639 174025    0.02199   34   45    0.02102    0.06324   201%  43.7  185s
 559029 178126    0.03389   38   54    0.02102    0.06305   200%  43.8  190s
 574589 182495     cutoff   37         0.02102    0.06284   199%  43.8  195s
 589482 186788    0.03941   30   60    0.02102    0.06269   198%  43.8  200s
 605039 190930     cutoff   41         0.02102    0.06253   197%  43.8  205s
 619911 195318     cutoff   35         0.02102    0.06239   197%  43.8  210s
 634324 199169    0.02959   35   45    0.02102    0.06226   196%  43.8  215s
 650161 203381    0.02296   43   60    0.02102    0.06212   196%  43.8  220s
 665368 207527     cutoff   42         0.02102    0.06199   195%  43.8  225s
 680925 211384     cutoff   39         0.02102    0.06184   194%  43.8  230s
 693994 215099    0.05116   42   61    0.02102    0.06173   194%  43.8  235s
 709689 219051     cutoff   38         0.02102    0.06159   193%  43.9  240s
 723192 222185     cutoff   39         0.02102    0.06146   192%  43.9  245s
 737991 226310     cutoff   41         0.02102    0.06133   192%  43.9  250s
 747634 228818     cutoff   40         0.02102    0.06125   191%  43.9  255s
 761208 232771    0.02848   37   58    0.02102    0.06113   191%  43.9  260s
 776163 236717     cutoff   37         0.02102    0.06101   190%  43.8  265s
 790900 240651    0.02254   51   60    0.02102    0.06090   190%  43.9  270s
 805573 244670    0.04697   36   55    0.02102    0.06077   189%  43.9  275s
 819210 248154     cutoff   45         0.02102    0.06065   189%  43.9  280s
 833038 251420     cutoff   38         0.02102    0.06055   188%  43.9  285s
 846751 254699     cutoff   41         0.02102    0.06043   187%  43.9  290s
 859898 258278     cutoff   33         0.02102    0.06033   187%  43.9  295s
 874566 262180    0.04370   29   56    0.02102    0.06022   186%  43.9  300s
 888600 266005    0.04158   38   56    0.02102    0.06010   186%  43.9  305s
 902506 269528    0.02245   44   61    0.02102    0.05998   185%  43.9  310s
 915579 272937    0.02270   39   37    0.02102    0.05989   185%  43.9  315s
 929909 276799    0.05556   33   59    0.02102    0.05981   185%  43.9  320s
 945354 281139    0.03699   30   55    0.02102    0.05971   184%  43.9  325s
 960971 285442    0.02855   36   58    0.02102    0.05963   184%  43.8  330s
 974637 288884    0.02613   35   55    0.02102    0.05954   183%  43.9  335s
 989171 292271    0.02547   37   58    0.02102    0.05945   183%  43.9  340s
 1003708 295998    0.02768   31   54    0.02102    0.05935   182%  43.9  345s
 1017547 298992     cutoff   41         0.02102    0.05926   182%  43.9  350s
 1032675 302888     cutoff   39         0.02102    0.05917   181%  43.9  355s
 1047568 306814    0.02564   38   56    0.02102    0.05908   181%  43.9  360s
 1062858 310430     cutoff   41         0.02102    0.05899   181%  43.9  365s
 1073953 313313    0.04787   37   60    0.02102    0.05893   180%  43.9  370s
 1088425 317119     cutoff   43         0.02102    0.05886   180%  43.9  375s
 1102912 320778    0.04495   34   60    0.02102    0.05878   180%  43.9  380s
 1117555 324435 infeasible   46         0.02102    0.05870   179%  43.9  385s
 1132121 328217    0.03423   32   60    0.02102    0.05863   179%  43.9  390s
H1145837 309301                       0.0235412    0.05856   149%  43.9  394s
H1146227 309364                       0.0235412    0.05856   149%  43.9  394s
 1146997 309572    0.02743   30   50    0.02354    0.05856   149%  43.9  395s
 1159766 312078    0.04087   29   59    0.02354    0.05848   148%  43.9  400s
 1175009 314907    0.02576   40   49    0.02354    0.05838   148%  43.9  405s
 1190401 318380     cutoff   40         0.02354    0.05829   148%  43.9  410s
 1205230 321472     cutoff   34         0.02354    0.05820   147%  43.9  415s
 1219325 324296     cutoff   38         0.02354    0.05811   147%  43.9  420s
 1234593 327562    0.04238   36   58    0.02354    0.05802   146%  43.9  425s
 1249873 331042    0.04792   41   60    0.02354    0.05793   146%  43.9  430s
 1263245 333829     cutoff   43         0.02354    0.05785   146%  43.9  435s
 1277577 336870    0.02555   38   63    0.02354    0.05778   145%  43.9  440s
 1292364 340010    0.02736   38   62    0.02354    0.05770   145%  43.8  445s
 1306294 343049    0.04391   32   62    0.02354    0.05762   145%  43.8  450s
 1320472 346040    0.02843   43   48    0.02354    0.05754   144%  43.8  455s
 1335796 349435     cutoff   36         0.02354    0.05746   144%  43.8  460s
 1351005 352573    0.05109   32   62    0.02354    0.05738   144%  43.8  465s
 1362958 354919    0.02608   31   51    0.02354    0.05732   144%  43.9  470s
 1376459 357655    0.05715   29   67    0.02354    0.05726   143%  43.8  475s
 1389394 360379    0.03515   38   59    0.02354    0.05719   143%  43.9  480s
 1404128 363677    0.03698   30   70    0.02354    0.05711   143%  43.9  485s
 1418872 366645    0.04799   31   50    0.02354    0.05704   142%  43.9  490s
 1433595 369575     cutoff   35         0.02354    0.05696   142%  43.9  495s
 1448202 372934    0.03474   43   57    0.02354    0.05690   142%  43.8  500s
 1462965 375608    0.02607   39   57    0.02354    0.05682   141%  43.8  505s
 1478108 378973    0.04097   37   58    0.02354    0.05675   141%  43.8  510s
 1492697 381784    0.03182   38   60    0.02354    0.05668   141%  43.8  515s
H1502316 383605                       0.0235412    0.05663   141%  43.8  517s
 1507679 384693    0.05027   37   50    0.02354    0.05661   140%  43.8  520s
 1522859 387933     cutoff   42         0.02354    0.05654   140%  43.8  525s
H1535466 390246                       0.0235412    0.05649   140%  43.8  529s
 1536487 390528    0.03434   30   53    0.02354    0.05648   140%  43.8  530s
 1550648 393173     cutoff   48         0.02354    0.05641   140%  43.8  535s
 1565450 395911     cutoff   46         0.02354    0.05634   139%  43.8  540s
 1578991 398161    0.03172   40   54    0.02354    0.05628   139%  43.8  545s
 1593776 400603    0.02364   32   56    0.02354    0.05622   139%  43.8  550s
 1609354 404531    0.04105   41   42    0.02354    0.05615   139%  43.7  555s
 1624431 407450    0.05320   30   51    0.02354    0.05608   138%  43.7  560s
 1638399 410037    0.04629   34   64    0.02354    0.05602   138%  43.7  565s
 1649436 412328    0.03599   30   67    0.02354    0.05597   138%  43.7  570s
 1665284 415172    0.03292   38   65    0.02354    0.05591   138%  43.7  575s
 1680027 418096    0.04545   36   65    0.02354    0.05585   137%  43.7  580s
 1694051 420701    0.03152   43   24    0.02354    0.05579   137%  43.7  585s
 1709619 423614    0.02380   37   49    0.02354    0.05573   137%  43.7  590s
 1724510 426556    0.04266   35   53    0.02354    0.05566   136%  43.7  595s
 1738771 429310     cutoff   35         0.02354    0.05560   136%  43.7  600s
 1753448 432776    0.02386   50   52    0.02354    0.05555   136%  43.7  605s
 1769534 436464    0.05264   36   62    0.02354    0.05548   136%  43.6  610s
 1783897 439713    0.02615   39   50    0.02354    0.05544   135%  43.6  615s
 1798216 442259    0.03038   36   54    0.02354    0.05538   135%  43.6  620s
 1812879 445259    0.03360   46   56    0.02354    0.05533   135%  43.6  625s
 1827915 448501    0.02596   53   54    0.02354    0.05528   135%  43.6  630s
 1841847 451448    0.05053   38   60    0.02354    0.05522   135%  43.6  635s
 1856609 454573    0.02456   40   57    0.02354    0.05517   134%  43.6  640s
 1871704 457579     cutoff   41         0.02354    0.05512   134%  43.6  645s
 1887231 460594    0.02553   39   63    0.02354    0.05507   134%  43.6  650s
 1899527 462853 infeasible   66         0.02354    0.05503   134%  43.6  655s
 1915156 466218    0.02716   45   54    0.02354    0.05497   134%  43.6  660s
 1930354 469288    0.02437   48   49    0.02354    0.05492   133%  43.6  665s
 1945440 472504    0.02720   35   62    0.02354    0.05486   133%  43.6  670s
 1959832 475397    0.03357   35   59    0.02354    0.05482   133%  43.6  675s
 1975285 478323 infeasible   50         0.02354    0.05476   133%  43.6  680s
 1990641 481118     cutoff   34         0.02354    0.05471   132%  43.6  685s
 2006320 484495    0.04689   38   62    0.02354    0.05466   132%  43.5  690s
 2022207 487340    0.02419   42   56    0.02354    0.05461   132%  43.5  695s
 2038110 490235    0.02773   40   45    0.02354    0.05456   132%  43.5  700s
 2053586 493383    0.03418   36   57    0.02354    0.05451   132%  43.5  705s
 2068900 495945    0.03662   35   68    0.02354    0.05446   131%  43.5  710s
 2082828 498574     cutoff   37         0.02354    0.05442   131%  43.5  715s
 2098058 501013     cutoff   43         0.02354    0.05438   131%  43.5  720s
 2112192 503528    0.04045   31   59    0.02354    0.05433   131%  43.5  725s
 2125462 506250     cutoff   36         0.02354    0.05429   131%  43.5  730s
 2139438 508747    0.03617   42   55    0.02354    0.05426   130%  43.5  735s
 2153564 511329    0.03762   39   57    0.02354    0.05421   130%  43.5  740s
 2168062 514097     cutoff   40         0.02354    0.05417   130%  43.5  745s
 2181214 516685     cutoff   45         0.02354    0.05414   130%  43.5  750s
 2192059 518623     cutoff   41         0.02354    0.05410   130%  43.5  755s
 2205584 521354    0.04523   34   62    0.02354    0.05406   130%  43.5  760s
 2219984 524129     cutoff   38         0.02354    0.05402   129%  43.5  765s
 2234261 526810    0.04439   37   49    0.02354    0.05398   129%  43.4  770s
 2247702 529210    0.03876   32   57    0.02354    0.05393   129%  43.4  775s
 2261889 531716    0.02998   37   67    0.02354    0.05389   129%  43.4  780s
 2275670 534708    0.02634   41   56    0.02354    0.05385   129%  43.4  785s
 2290123 537711     cutoff   44         0.02354    0.05381   129%  43.4  790s
 2303180 540037     cutoff   53         0.02354    0.05377   128%  43.4  795s
 2315565 542426    0.03447   36   58    0.02354    0.05373   128%  43.4  800s
 2329303 545045     cutoff   42         0.02354    0.05370   128%  43.4  805s
 2343905 547758    0.02449   42   55    0.02354    0.05365   128%  43.4  810s
 2359784 550629    0.04560   32   66    0.02354    0.05361   128%  43.4  815s
 2373918 553522    0.04476   40   60    0.02354    0.05357   128%  43.4  820s
 2389943 556210    0.03763   48   55    0.02354    0.05353   127%  43.4  825s
 2405341 558837    0.04740   34   63    0.02354    0.05349   127%  43.4  830s
 2421102 561612    0.02738   41   57    0.02354    0.05345   127%  43.3  835s
 2436018 564315    0.02470   39   57    0.02354    0.05341   127%  43.3  840s
 2449981 566571    0.03184   38   56    0.02354    0.05337   127%  43.3  845s
 2465868 569286    0.04490   37   57    0.02354    0.05333   127%  43.3  850s
 2481203 571962    0.02952   34   57    0.02354    0.05328   126%  43.3  855s
 2496299 574280    0.03084   39   41    0.02354    0.05324   126%  43.3  860s
 2511580 576881    0.04228   35   48    0.02354    0.05320   126%  43.3  865s
 2527855 580049    0.04003   29   54    0.02354    0.05316   126%  43.3  870s
 2543250 582621     cutoff   36         0.02354    0.05312   126%  43.3  875s
 2558636 585128    0.04774   33   67    0.02354    0.05308   125%  43.3  880s
 2572240 587424    0.04900   35   66    0.02354    0.05304   125%  43.3  885s
 2587919 590658    0.02860   41   52    0.02354    0.05300   125%  43.2  890s
 2603714 592956     cutoff   40         0.02354    0.05297   125%  43.2  895s
 2618284 595575    0.03319   44   58    0.02354    0.05293   125%  43.2  900s
 2632657 597889    0.03083   39   52    0.02354    0.05290   125%  43.2  905s
 2648087 600242    0.03083   42   59    0.02354    0.05285   125%  43.2  910s
 2664169 602880 infeasible   33         0.02354    0.05282   124%  43.2  915s
 2678274 604926     cutoff   40         0.02354    0.05278   124%  43.2  920s
 2688906 606789 infeasible   40         0.02354    0.05275   124%  43.2  925s
 2703988 609337    0.02821   41   50    0.02354    0.05272   124%  43.2  930s
 2719365 611814     cutoff   38         0.02354    0.05268   124%  43.2  935s
 2734929 614713    0.02433   37   50    0.02354    0.05265   124%  43.2  940s
 2750728 617145    0.04796   46   60    0.02354    0.05261   123%  43.2  945s
 2766007 619545    0.04709   36   63    0.02354    0.05258   123%  43.2  950s
 2779779 622101    0.03408   36   62    0.02354    0.05254   123%  43.2  955s
 2794866 624445     cutoff   37         0.02354    0.05251   123%  43.2  960s
 2811048 627255    0.03285   40   53    0.02354    0.05247   123%  43.1  965s
 2826057 629985    0.03515   36   54    0.02354    0.05244   123%  43.1  970s
 2841685 632554     cutoff   36         0.02354    0.05240   123%  43.1  975s
 2856201 634894     cutoff   40         0.02354    0.05237   122%  43.1  980s
 2871439 637614    0.03644   32   59    0.02354    0.05234   122%  43.1  985s
 2886830 640462    0.02810   34   55    0.02354    0.05230   122%  43.1  990s
 2902085 642996    0.02567   38   59    0.02354    0.05226   122%  43.1  995s
 2916409 645587     cutoff   41         0.02354    0.05223   122%  43.1 1000s
 2929567 647644     cutoff   33         0.02354    0.05220   122%  43.1 1005s
 2944577 649820 infeasible   45         0.02354    0.05217   122%  43.1 1010s
 2961129 652942    0.02468   34   64    0.02354    0.05214   121%  43.1 1015s
 2975977 655295     cutoff   43         0.02354    0.05210   121%  43.1 1020s
 2990787 657673    0.04097   44   54    0.02354    0.05207   121%  43.0 1025s
 3006403 659812     cutoff   37         0.02354    0.05204   121%  43.0 1030s
 3021011 662686     cutoff   36         0.02354    0.05200   121%  43.0 1035s
 3036325 665176    0.04072   34   61    0.02354    0.05197   121%  43.0 1040s
 3049647 667450    0.04665   28   63    0.02354    0.05194   121%  43.0 1045s
 3065679 669838     cutoff   50         0.02354    0.05190   120%  43.0 1050s
 3080837 672307    0.02530   37   54    0.02354    0.05187   120%  43.0 1055s
 3095892 674918    0.04511   32   68    0.02354    0.05184   120%  43.0 1060s
 3108816 676870    0.03166   40   48    0.02354    0.05181   120%  43.0 1065s
 3123430 679379    0.02909   39   60    0.02354    0.05178   120%  43.0 1070s
 3138546 682037     cutoff   43         0.02354    0.05175   120%  43.0 1075s
 3152466 684414    0.04906   36   59    0.02354    0.05171   120%  43.0 1080s
 3168050 687306     cutoff   49         0.02354    0.05169   120%  43.0 1085s
 3183655 690001 infeasible   45         0.02354    0.05165   119%  43.0 1090s
 3198846 692556     cutoff   40         0.02354    0.05162   119%  42.9 1095s
 3213147 694464    0.05097   34   63    0.02354    0.05159   119%  42.9 1100s
 3228382 697250    0.02873   42   51    0.02354    0.05156   119%  42.9 1105s
 3243306 700219     cutoff   37         0.02354    0.05153   119%  42.9 1110s
 3258203 702806     cutoff   46         0.02354    0.05150   119%  42.9 1115s
 3274203 705501     cutoff   41         0.02354    0.05147   119%  42.9 1120s
 3289111 707764     cutoff   31         0.02354    0.05144   119%  42.9 1125s
 3303840 710227     cutoff   39         0.02354    0.05141   118%  42.9 1130s
 3319905 713195    0.03186   39   55    0.02354    0.05139   118%  42.9 1135s
 3336082 716107     cutoff   43         0.02354    0.05135   118%  42.9 1140s
 3350813 718460     cutoff   41         0.02354    0.05133   118%  42.9 1145s
 3363126 720597 infeasible   44         0.02354    0.05130   118%  42.9 1150s
 3378018 722514     cutoff   42         0.02354    0.05127   118%  42.9 1155s
 3392672 724904 infeasible   27         0.02354    0.05125   118%  42.8 1160s
 3408099 727304    0.04503   39   64    0.02354    0.05122   118%  42.8 1165s
 3422666 729625     cutoff   40         0.02354    0.05119   117%  42.8 1170s
 3437811 732098    0.02838   41   50    0.02354    0.05117   117%  42.8 1175s
 3452910 734396     cutoff   42         0.02354    0.05114   117%  42.8 1180s
 3467391 736573    0.04476   33   50    0.02354    0.05111   117%  42.8 1185s
 3483419 738926     cutoff   43         0.02354    0.05107   117%  42.8 1190s
 3498345 741096    0.02923   41   54    0.02354    0.05104   117%  42.8 1195s
 3513787 743747    0.03147   40   61    0.02354    0.05101   117%  42.8 1200s
 3525594 745657    0.03155   35   63    0.02354    0.05099   117%  42.8 1205s
 3540989 749042     cutoff   41         0.02354    0.05096   116%  42.7 1210s
 3554726 751183    0.03148   34   51    0.02354    0.05094   116%  42.7 1215s
 3569843 753344     cutoff   40         0.02354    0.05091   116%  42.7 1220s
 3585350 755700    0.04327   34   61    0.02354    0.05088   116%  42.7 1225s
 3600946 758637    0.02589   43   52    0.02354    0.05085   116%  42.7 1230s
 3616828 761276    0.02362   41   50    0.02354    0.05082   116%  42.7 1235s
 3632394 763456 infeasible   42         0.02354    0.05079   116%  42.7 1240s
 3647391 765954    0.03486   38   57    0.02354    0.05077   116%  42.7 1245s
 3663250 768499    0.03754   36   60    0.02354    0.05074   116%  42.7 1250s
 3678621 771041    0.04044   34   60    0.02354    0.05071   115%  42.7 1255s
 3693586 773684    0.04599   31   70    0.02354    0.05068   115%  42.7 1260s
 3708646 776547    0.04778   29   66    0.02354    0.05065   115%  42.6 1265s
 3721387 778790     cutoff   36         0.02354    0.05063   115%  42.6 1270s
 3734472 780799     cutoff   43         0.02354    0.05061   115%  42.6 1275s
 3750060 783197    0.03009   38   64    0.02354    0.05058   115%  42.6 1280s
 3765172 785918    0.02938   35   54    0.02354    0.05056   115%  42.6 1285s
 3779921 788485     cutoff   45         0.02354    0.05053   115%  42.6 1290s
 3794319 790675     cutoff   46         0.02354    0.05051   115%  42.6 1295s
 3809231 793039    0.04468   45   63    0.02354    0.05048   114%  42.6 1300s
 3823088 795152    0.04813   30   55    0.02354    0.05046   114%  42.6 1305s
 3836593 797259    0.03099   35   62    0.02354    0.05043   114%  42.6 1310s
 3851117 799463    0.03959   31   59    0.02354    0.05041   114%  42.6 1315s
 3866159 801945    0.02518   54   47    0.02354    0.05038   114%  42.6 1320s
 3878463 803866    0.04001   37   51    0.02354    0.05036   114%  42.5 1325s
 3893635 806206    0.02992   36   54    0.02354    0.05033   114%  42.5 1330s
 3908565 808203    0.03594   43   60    0.02354    0.05031   114%  42.5 1335s
 3922340 810489     cutoff   40         0.02354    0.05028   114%  42.5 1340s
 3935514 812606    0.04650   31   66    0.02354    0.05026   113%  42.5 1345s
 3951769 814619     cutoff   38         0.02354    0.05023   113%  42.5 1350s
 3966876 817023     cutoff   39         0.02354    0.05020   113%  42.5 1355s
 3981626 819463 infeasible   38         0.02354    0.05018   113%  42.5 1360s
H3986310 799210                       0.0242243    0.05017   107%  42.5 1361s
H3986456 799207                       0.0242243    0.05017   107%  42.5 1361s
 3995602 800331    0.02666   41   59    0.02422    0.05015   107%  42.5 1365s
 4009422 802353     cutoff   43         0.02422    0.05012   107%  42.5 1370s
 4023444 805067    0.04058   39   62    0.02422    0.05010   107%  42.5 1375s
 4037592 807087    0.04098   35   55    0.02422    0.05007   107%  42.5 1380s
 4052200 809442    0.03394   40   60    0.02422    0.05005   107%  42.4 1385s
 4066155 811594    0.02621   41   53    0.02422    0.05002   106%  42.4 1390s
 4081940 814060     cutoff   41         0.02422    0.04999   106%  42.4 1395s
 4096008 816308    0.02992   41   51    0.02422    0.04997   106%  42.4 1400s
 4108354 818047     cutoff   46         0.02422    0.04995   106%  42.4 1405s
 4122915 820121    0.02713   34   54    0.02422    0.04992   106%  42.4 1410s
 4138413 822561    0.02756   40   58    0.02422    0.04990   106%  42.4 1415s
 4153566 824718    0.03077   34   60    0.02422    0.04987   106%  42.4 1420s
 4169158 827005     cutoff   46         0.02422    0.04985   106%  42.4 1425s
 4184925 829469    0.02507   38   55    0.02422    0.04982   106%  42.4 1430s
 4200664 831567    0.03078   41   58    0.02422    0.04980   106%  42.4 1435s
 4216751 833807    0.04957   33   61    0.02422    0.04977   105%  42.4 1440s
 4232447 835929     cutoff   42         0.02422    0.04974   105%  42.4 1445s
 4247875 838202    0.03054   38   56    0.02422    0.04972   105%  42.4 1450s
 4263393 840466    0.04968   33   64    0.02422    0.04969   105%  42.3 1455s
 4278420 843132    0.03157   43   63    0.02422    0.04967   105%  42.3 1460s
 4291189 844986    0.04524   33   54    0.02422    0.04964   105%  42.3 1465s
 4307725 847436    0.03764   40   65    0.02422    0.04962   105%  42.3 1470s
 4323545 850216    0.03690   50   43    0.02422    0.04959   105%  42.3 1475s
 4339061 852534    0.03231   40   58    0.02422    0.04957   105%  42.3 1480s
 4352144 854481     cutoff   43         0.02422    0.04955   105%  42.3 1485s
 4367527 856854    0.04155   47   61    0.02422    0.04952   104%  42.3 1490s
 4383881 859514    0.03148   44   44    0.02422    0.04950   104%  42.3 1495s
 4399792 861555    0.04014   34   60    0.02422    0.04947   104%  42.3 1500s
 4415531 864360    0.04296   47   59    0.02422    0.04945   104%  42.3 1505s
 4432221 866992    0.02908   32   47    0.02422    0.04943   104%  42.3 1510s
 4446892 869210 infeasible   42         0.02422    0.04940   104%  42.2 1515s
 4463068 871701     cutoff   41         0.02422    0.04938   104%  42.2 1520s
 4478988 873670    0.02439   43   50    0.02422    0.04935   104%  42.2 1525s
 4494495 876089    0.02590   38   66    0.02422    0.04933   104%  42.2 1530s
 4509811 878307    0.03489   44   53    0.02422    0.04931   104%  42.2 1535s
 4525926 880384    0.02888   44   54    0.02422    0.04928   103%  42.2 1540s
 4541765 882708    0.03268   48   56    0.02422    0.04925   103%  42.2 1545s
 4556223 884780    0.02531   43   50    0.02422    0.04923   103%  42.2 1550s
 4571836 887062    0.02600   36   59    0.02422    0.04921   103%  42.2 1555s
 4587774 889321     cutoff   38         0.02422    0.04918   103%  42.2 1560s
 4603304 891386    0.04044   29   56    0.02422    0.04916   103%  42.2 1565s
 4615348 893255     cutoff   43         0.02422    0.04914   103%  42.2 1570s
 4631384 895772    0.04420   35   59    0.02422    0.04912   103%  42.2 1575s
 4647557 898365    0.04471   42   57    0.02422    0.04910   103%  42.1 1580s
 4664218 901296     cutoff   37         0.02422    0.04907   103%  42.1 1585s
 4679603 903568     cutoff   35         0.02422    0.04905   102%  42.1 1590s
 4696188 905930    0.03858   33   62    0.02422    0.04902   102%  42.1 1595s
 4708665 908215    0.03969   33   61    0.02422    0.04900   102%  42.1 1600s
 4724707 909970     cutoff   34         0.02422    0.04898   102%  42.1 1605s
 4740204 912147     cutoff   37         0.02422    0.04895   102%  42.1 1610s
 4754844 914408    0.03560   38   56    0.02422    0.04893   102%  42.1 1615s
 4771411 916504     cutoff   39         0.02422    0.04891   102%  42.1 1620s
 4786273 918664     cutoff   35         0.02422    0.04888   102%  42.1 1625s
 4803071 921120     cutoff   46         0.02422    0.04886   102%  42.1 1630s
 4817732 923532    0.03140   43   64    0.02422    0.04884   102%  42.1 1635s
 4833039 925626    0.04852   36   51    0.02422    0.04882   102%  42.1 1640s
 4849774 928182    0.02494   38   59    0.02422    0.04879   101%  42.0 1645s
 4866440 930590     cutoff   37         0.02422    0.04877   101%  42.0 1650s
 4881916 932812    0.04261   31   67    0.02422    0.04875   101%  42.0 1655s
 4897348 934794    0.03413   40   58    0.02422    0.04872   101%  42.0 1660s
 4913666 937035     cutoff   51         0.02422    0.04870   101%  42.0 1665s
 4929441 939353    0.02659   40   52    0.02422    0.04868   101%  42.0 1670s
 4943912 941533     cutoff   39         0.02422    0.04866   101%  42.0 1675s
 4960808 943897     cutoff   32         0.02422    0.04863   101%  42.0 1680s
 4977431 946299    0.03464   32   44    0.02422    0.04861   101%  42.0 1685s
 4993046 948570    0.04710   37   60    0.02422    0.04859   101%  42.0 1690s
 5008777 951043    0.04844   33   62    0.02422    0.04857   100%  42.0 1695s
 5024403 953771     cutoff   40         0.02422    0.04855   100%  41.9 1700s
 5040604 955988     cutoff   47         0.02422    0.04852   100%  41.9 1705s
 5057065 958666    0.03729   44   56    0.02422    0.04850   100%  41.9 1710s
H5073920 960885                       0.0242243    0.04848   100%  41.9 1715s
 5087920 963037     cutoff   39         0.02422    0.04846   100%  41.9 1720s
 5103975 965495    0.03525   39   65    0.02422    0.04843   100%  41.9 1725s
 5119934 967741     cutoff   30         0.02422    0.04841   100%  41.9 1730s
 5133749 969748    0.03877   39   56    0.02422    0.04839   100%  41.9 1735s
 5148987 971990     cutoff   42         0.02422    0.04837   100%  41.9 1740s
 5165403 974561     cutoff   43         0.02422    0.04835   100%  41.9 1745s
 5181391 976969     cutoff   46         0.02422    0.04833   100%  41.8 1750s
 5194946 979067     cutoff   49         0.02422    0.04831  99.4%  41.8 1755s
 5209828 981336    0.02543   35   56    0.02422    0.04829  99.4%  41.8 1760s
 5226582 983679    0.03874   41   61    0.02422    0.04827  99.3%  41.8 1765s
 5242600 986029    0.03222   34   67    0.02422    0.04825  99.2%  41.8 1770s
 5258956 988461    0.04808   29   62    0.02422    0.04823  99.1%  41.8 1775s
 5275171 990380    0.04007   38   54    0.02422    0.04821  99.0%  41.8 1780s
 5291270 992726     cutoff   37         0.02422    0.04819  98.9%  41.8 1785s
 5307682 995515    0.02744   41   58    0.02422    0.04817  98.8%  41.8 1790s
 5323496 997867    0.03310   49   53    0.02422    0.04815  98.8%  41.8 1795s
 5339394 999942     cutoff   47         0.02422    0.04813  98.7%  41.8 1800s
 5354043 1001943    0.02625   35   58    0.02422    0.04811  98.6%  41.8 1805s
 5369365 1004232     cutoff   35         0.02422    0.04809  98.5%  41.8 1810s
 5385354 1006137    0.02645   38   58    0.02422    0.04807  98.4%  41.7 1815s
 5401871 1008695    0.03099   36   54    0.02422    0.04805  98.3%  41.7 1820s
 5417492 1011203    0.04046   34   63    0.02422    0.04803  98.3%  41.7 1825s
 5434193 1013799    0.03501   49   53    0.02422    0.04801  98.2%  41.7 1830s
 5449463 1016020    0.03796   39   62    0.02422    0.04799  98.1%  41.7 1835s
 5465690 1018392     cutoff   48         0.02422    0.04797  98.0%  41.7 1840s
 5480612 1020280     cutoff   37         0.02422    0.04795  97.9%  41.7 1845s
 5497169 1022809    0.03630   43   60    0.02422    0.04793  97.9%  41.7 1850s
 5512815 1024951     cutoff   36         0.02422    0.04791  97.8%  41.7 1855s
 5528579 1027227     cutoff   33         0.02422    0.04789  97.7%  41.7 1860s
 5543467 1029283     cutoff   43         0.02422    0.04788  97.6%  41.7 1865s
 5560013 1031556    0.03014   37   58    0.02422    0.04786  97.6%  41.7 1870s
 5575458 1033939    0.02448   37   54    0.02422    0.04784  97.5%  41.7 1875s
 5590636 1036190     cutoff   40         0.02422    0.04782  97.4%  41.6 1880s
 5607117 1038370    0.03658   34   55    0.02422    0.04780  97.3%  41.6 1885s
 5623464 1040929    0.03335   43   50    0.02422    0.04778  97.2%  41.6 1890s
 5640066 1043334 infeasible   31         0.02422    0.04776  97.2%  41.6 1895s
 5651336 1045083    0.03284   37   52    0.02422    0.04775  97.1%  41.6 1900s
 5666974 1047581     cutoff   38         0.02422    0.04773  97.0%  41.6 1905s
 5683394 1049982     cutoff   43         0.02422    0.04771  97.0%  41.6 1910s
 5698945 1052342    0.04469   34   62    0.02422    0.04770  96.9%  41.6 1915s
 5714126 1054642     cutoff   45         0.02422    0.04768  96.8%  41.6 1920s
 5729820 1056618    0.02737   40   37    0.02422    0.04766  96.8%  41.6 1925s
 5744368 1058885     cutoff   45         0.02422    0.04765  96.7%  41.5 1930s
 5759343 1060970    0.02554   53   54    0.02422    0.04763  96.6%  41.5 1935s
 5775952 1063496    0.03041   36   61    0.02422    0.04761  96.5%  41.5 1940s
 5791927 1065852     cutoff   42         0.02422    0.04759  96.4%  41.5 1945s
 5809601 1068403    0.03457   38   61    0.02422    0.04757  96.4%  41.5 1950s
 5826653 1070913     cutoff   40         0.02422    0.04755  96.3%  41.5 1955s
 5842775 1073147    0.04499   37   53    0.02422    0.04753  96.2%  41.5 1960s
 5859473 1075758    0.04744   35   62    0.02422    0.04751  96.1%  41.5 1965s
 5875463 1077857     cutoff   38         0.02422    0.04749  96.1%  41.5 1970s
 5892008 1079882    0.02787   41   53    0.02422    0.04747  96.0%  41.5 1975s
 5908377 1082141    0.02677   39   63    0.02422    0.04745  95.9%  41.5 1980s
 5925274 1084781    0.02632   41   58    0.02422    0.04743  95.8%  41.4 1985s
 5941144 1087166     cutoff   39         0.02422    0.04742  95.7%  41.4 1990s
 5958547 1089584    0.02755   38   58    0.02422    0.04740  95.7%  41.4 1995s
 5974142 1091709    0.04650   33   58    0.02422    0.04738  95.6%  41.4 2000s
 5990238 1094043     cutoff   31         0.02422    0.04736  95.5%  41.4 2005s
 6005908 1096104     cutoff   39         0.02422    0.04735  95.4%  41.4 2010s
 6021965 1098628     cutoff   42         0.02422    0.04733  95.4%  41.4 2015s
 6038842 1101000    0.03193   39   56    0.02422    0.04731  95.3%  41.4 2020s
 6055841 1103174    0.02592   37   55    0.02422    0.04729  95.2%  41.4 2025s
 6071521 1105422    0.02855   40   54    0.02422    0.04728  95.2%  41.4 2030s
 6087525 1107668    0.04725   31   72    0.02422    0.04726  95.1%  41.4 2035s
 6103949 1110223 infeasible   56         0.02422    0.04724  95.0%  41.3 2040s
 6119873 1112238    0.02942   37   53    0.02422    0.04722  94.9%  41.3 2045s
 6133803 1114119     cutoff   51         0.02422    0.04721  94.9%  41.3 2050s
 6149018 1116700     cutoff   43         0.02422    0.04719  94.8%  41.3 2055s
 6166044 1119117     cutoff   37         0.02422    0.04718  94.8%  41.3 2060s
 6181962 1121371    0.03740   32   49    0.02422    0.04716  94.7%  41.3 2065s
 6198207 1124310    0.03189   51   58    0.02422    0.04714  94.6%  41.3 2070s
 6213608 1127801     cutoff   38         0.02422    0.04714  94.6%  41.3 2075s
 6231205 1130530     cutoff   44         0.02422    0.04712  94.5%  41.3 2080s
 6248601 1133262    0.03119   44   59    0.02422    0.04710  94.5%  41.3 2085s
 6265484 1135662    0.03137   43   54    0.02422    0.04709  94.4%  41.3 2090s
 6280466 1137846     cutoff   44         0.02422    0.04708  94.3%  41.3 2095s
 6297140 1140116     cutoff   40         0.02422    0.04706  94.3%  41.3 2100s
 6312945 1142132    0.02436   39   57    0.02422    0.04704  94.2%  41.2 2105s
 6329672 1144701    0.02667   42   51    0.02422    0.04703  94.1%  41.2 2110s
 6344479 1146741    0.02506   41   50    0.02422    0.04701  94.1%  41.2 2115s
 6361327 1148869     cutoff   41         0.02422    0.04700  94.0%  41.2 2120s
 6377479 1151029    0.03016   36   51    0.02422    0.04698  93.9%  41.2 2125s
 6393463 1153121    0.03757   35   64    0.02422    0.04696  93.9%  41.2 2130s
 6407030 1154998     cutoff   33         0.02422    0.04695  93.8%  41.2 2135s
 6424157 1157214    0.02718   42   54    0.02422    0.04693  93.7%  41.2 2140s
 6440795 1159827    0.03639   44   62    0.02422    0.04691  93.7%  41.2 2145s
 6457653 1161998     cutoff   36         0.02422    0.04690  93.6%  41.2 2150s
 6472186 1164036    0.02675   52   55    0.02422    0.04688  93.5%  41.2 2155s
 6488609 1166149     cutoff   38         0.02422    0.04687  93.5%  41.2 2160s
 6505606 1168628     cutoff   43         0.02422    0.04685  93.4%  41.2 2165s
 6521873 1170749    0.03013   47   60    0.02422    0.04683  93.3%  41.2 2170s
 6537463 1173094    0.02585   43   51    0.02422    0.04682  93.3%  41.1 2175s
 6553890 1175999    0.02480   72   18    0.02422    0.04681  93.2%  41.1 2180s
 6571310 1178773    0.04121   35   58    0.02422    0.04679  93.2%  41.1 2185s
 6585871 1180650    0.04029   35   56    0.02422    0.04678  93.1%  41.1 2190s
 6599810 1182877     cutoff   38         0.02422    0.04676  93.0%  41.1 2195s
 6615376 1184956 infeasible   40         0.02422    0.04675  93.0%  41.1 2200s
 6631568 1187132    0.04456   29   74    0.02422    0.04673  92.9%  41.1 2205s
 6648510 1189763     cutoff   42         0.02422    0.04671  92.8%  41.1 2210s
 6664265 1191813    0.02532   36   63    0.02422    0.04670  92.8%  41.1 2215s
 6680863 1194317     cutoff   41         0.02422    0.04668  92.7%  41.1 2220s
 6697264 1196552    0.02539   47   31    0.02422    0.04667  92.6%  41.1 2225s
 6714655 1198791     cutoff   34         0.02422    0.04665  92.6%  41.1 2230s
 6731702 1200589    0.02464   40   47    0.02422    0.04663  92.5%  41.0 2235s
 6748766 1203366    0.03307   40   51    0.02422    0.04662  92.4%  41.0 2240s
 6765438 1205646     cutoff   40         0.02422    0.04660  92.4%  41.0 2245s
 6780277 1207770    0.02544   44   54    0.02422    0.04659  92.3%  41.0 2250s
 6796884 1210276     cutoff   38         0.02422    0.04657  92.2%  41.0 2255s
 6813763 1212421     cutoff   37         0.02422    0.04655  92.2%  41.0 2260s
 6830261 1214955     cutoff   46         0.02422    0.04654  92.1%  41.0 2265s
 6845084 1216996    0.03786   55   58    0.02422    0.04652  92.1%  41.0 2270s
 6860783 1218972    0.02577   43   52    0.02422    0.04651  92.0%  41.0 2275s
 6878525 1221510    0.02469   42   43    0.02422    0.04649  91.9%  41.0 2280s
 6894565 1224204     cutoff   41         0.02422    0.04648  91.9%  41.0 2285s
 6910014 1226303     cutoff   32         0.02422    0.04646  91.8%  41.0 2290s
 6926262 1228355    0.03371   36   54    0.02422    0.04645  91.7%  41.0 2295s
 6943476 1230739 infeasible   40         0.02422    0.04643  91.7%  41.0 2300s
 6960249 1232835 infeasible   58         0.02422    0.04642  91.6%  40.9 2305s
 6975610 1234958     cutoff   48         0.02422    0.04640  91.5%  40.9 2310s
 6991528 1236945    0.04638   35   57    0.02422    0.04639  91.5%  40.9 2315s
 7008248 1239000    0.03580   39   55    0.02422    0.04637  91.4%  40.9 2320s
 7025087 1241340    0.02881   40   56    0.02422    0.04635  91.4%  40.9 2325s
 7038454 1243260    0.02788   42   63    0.02422    0.04634  91.3%  40.9 2330s
 7054888 1245342     cutoff   45         0.02422    0.04633  91.2%  40.9 2335s
 7071593 1247498     cutoff   42         0.02422    0.04631  91.2%  40.9 2340s
 7089609 1249901    0.04339   39   63    0.02422    0.04630  91.1%  40.9 2345s
 7105865 1252031    0.02695   40   57    0.02422    0.04628  91.0%  40.9 2350s
 7119275 1253967    0.04124   44   65    0.02422    0.04627  91.0%  40.9 2355s
 7134604 1256157    0.03516   38   65    0.02422    0.04625  90.9%  40.9 2360s
 7151302 1258537    0.04350   34   56    0.02422    0.04624  90.9%  40.9 2365s
 7168334 1261309    0.03926   46   51    0.02422    0.04622  90.8%  40.9 2370s
 7185081 1263673    0.04479   32   66    0.02422    0.04621  90.8%  40.8 2375s
 7200800 1265861    0.02553   44   36    0.02422    0.04620  90.7%  40.8 2380s
 7218397 1268258     cutoff   48         0.02422    0.04618  90.6%  40.8 2385s
 7234861 1270495    0.02670   38   59    0.02422    0.04616  90.6%  40.8 2390s
 7252401 1273219     cutoff   42         0.02422    0.04615  90.5%  40.8 2395s
 7267622 1275362    0.02874   39   65    0.02422    0.04613  90.4%  40.8 2400s
 7283877 1277860    0.03800   39   59    0.02422    0.04612  90.4%  40.8 2405s
 7299233 1279856     cutoff   46         0.02422    0.04610  90.3%  40.8 2410s
 7316532 1282434     cutoff   46         0.02422    0.04609  90.3%  40.8 2415s
 7332819 1284501    0.03784   39   53    0.02422    0.04607  90.2%  40.8 2420s
 7348299 1286713     cutoff   43         0.02422    0.04606  90.1%  40.8 2425s
 7365049 1289039     cutoff   42         0.02422    0.04605  90.1%  40.8 2430s
 7382465 1291398    0.03052   36   61    0.02422    0.04603  90.0%  40.8 2435s
 7399898 1293980     cutoff   45         0.02422    0.04602  90.0%  40.7 2440s
 7416405 1296260     cutoff   44         0.02422    0.04600  89.9%  40.7 2445s
 7433828 1298467     cutoff   54         0.02422    0.04599  89.8%  40.7 2450s
 7446550 1300222    0.03233   46   57    0.02422    0.04598  89.8%  40.7 2455s
 7463950 1302322    0.03050   50   51    0.02422    0.04596  89.7%  40.7 2460s
 7480900 1304811    0.02646   38   52    0.02422    0.04595  89.7%  40.7 2465s
 7496678 1306655    0.03392   36   58    0.02422    0.04593  89.6%  40.7 2470s
 7514322 1308618    0.02838   35   49    0.02422    0.04592  89.6%  40.7 2475s
 7531550 1311253     cutoff   38         0.02422    0.04590  89.5%  40.7 2480s
 7548598 1313550     cutoff   39         0.02422    0.04589  89.4%  40.7 2485s
 7564393 1315842    0.03523   50   56    0.02422    0.04587  89.4%  40.7 2490s
 7581120 1317994     cutoff   44         0.02422    0.04586  89.3%  40.7 2495s
 7597990 1320036    0.02742   42   61    0.02422    0.04585  89.3%  40.7 2500s
 7614757 1322415     cutoff   46         0.02422    0.04583  89.2%  40.6 2505s
 7628121 1324332    0.03355   37   62    0.02422    0.04582  89.2%  40.6 2510s
 7642388 1326427    0.02750   45   55    0.02422    0.04581  89.1%  40.6 2515s
 7658897 1328895    0.03989   37   57    0.02422    0.04580  89.1%  40.6 2520s
 7672805 1330498    0.04219   37   61    0.02422    0.04579  89.0%  40.6 2525s
 7687201 1332831     cutoff   48         0.02422    0.04577  89.0%  40.6 2530s
 7701099 1334635     cutoff   47         0.02422    0.04576  88.9%  40.6 2535s
 7717008 1336779 infeasible   44         0.02422    0.04575  88.8%  40.6 2540s
 7731759 1339276 infeasible   42         0.02422    0.04574  88.8%  40.6 2545s
 7746900 1341621    0.03218   37   61    0.02422    0.04572  88.7%  40.6 2550s
 7762466 1343841     cutoff   41         0.02422    0.04571  88.7%  40.6 2555s
 7778695 1345822     cutoff   41         0.02422    0.04570  88.6%  40.6 2560s
 7794055 1347799    0.02521   45   56    0.02422    0.04568  88.6%  40.6 2565s
 7809426 1349965     cutoff   41         0.02422    0.04567  88.5%  40.6 2570s
 7825005 1352036     cutoff   54         0.02422    0.04566  88.5%  40.5 2575s
 7841326 1354242    0.03649   38   68    0.02422    0.04565  88.4%  40.5 2580s
 7855773 1356139    0.03177   32   55    0.02422    0.04563  88.4%  40.5 2585s
 7871354 1358101     cutoff   41         0.02422    0.04562  88.3%  40.5 2590s
 7887720 1360461    0.03021   41   62    0.02422    0.04561  88.3%  40.5 2595s
 7903184 1362524    0.02695   45   53    0.02422    0.04559  88.2%  40.5 2600s
 7918648 1364601    0.03657   40   56    0.02422    0.04558  88.2%  40.5 2605s
 7935173 1366537     cutoff   42         0.02422    0.04557  88.1%  40.5 2610s
 7952426 1368978     cutoff   41         0.02422    0.04555  88.0%  40.5 2615s
 7968712 1370999     cutoff   50         0.02422    0.04554  88.0%  40.5 2620s
 7984578 1373010     cutoff   44         0.02422    0.04552  87.9%  40.5 2625s
 8001640 1375120    0.02554   35   62    0.02422    0.04551  87.9%  40.5 2630s
 8018781 1377697    0.02985   34   57    0.02422    0.04550  87.8%  40.5 2635s
 8034612 1379804     cutoff   44         0.02422    0.04548  87.8%  40.5 2640s
 8048165 1381675     cutoff   53         0.02422    0.04547  87.7%  40.5 2645s
 8064495 1383958     cutoff   39         0.02422    0.04546  87.7%  40.4 2650s
 8081499 1386438    0.02584   59   14    0.02422    0.04545  87.6%  40.4 2655s
 8097944 1388664    0.02857   36   64    0.02422    0.04544  87.6%  40.4 2660s
 8114796 1390866     cutoff   47         0.02422    0.04542  87.5%  40.4 2665s
 8128376 1392537    0.02471   37   54    0.02422    0.04541  87.5%  40.4 2670s
 8145899 1395352     cutoff   45         0.02422    0.04540  87.4%  40.4 2675s
 8162841 1397644 infeasible   43         0.02422    0.04539  87.4%  40.4 2680s
 8179613 1399738    0.02649   40   63    0.02422    0.04537  87.3%  40.4 2685s
 8196470 1402037    0.02508   45   51    0.02422    0.04536  87.2%  40.4 2690s
 8214119 1404423     cutoff   35         0.02422    0.04535  87.2%  40.4 2695s
 8228362 1406474     cutoff   43         0.02422    0.04534  87.1%  40.4 2700s
 8245378 1408862    0.03654   36   66    0.02422    0.04532  87.1%  40.4 2705s
 8261640 1410857     cutoff   39         0.02422    0.04531  87.0%  40.4 2710s
 8277975 1412942     cutoff   40         0.02422    0.04530  87.0%  40.4 2715s
 8292452 1414680    0.03822   42   66    0.02422    0.04528  86.9%  40.4 2720s
 8310110 1416906     cutoff   57         0.02422    0.04527  86.9%  40.4 2725s
 8327350 1419443     cutoff   39         0.02422    0.04526  86.8%  40.3 2730s
 8344830 1421895    0.02470   39   61    0.02422    0.04524  86.8%  40.3 2735s
 8360907 1424188    0.02739   41   55    0.02422    0.04523  86.7%  40.3 2740s
 8378200 1426846    0.02754   40   54    0.02422    0.04522  86.7%  40.3 2745s
 8395339 1429075     cutoff   40         0.02422    0.04521  86.6%  40.3 2750s
 8411941 1431287     cutoff   38         0.02422    0.04519  86.6%  40.3 2755s
 8427513 1433171    0.03676   41   64    0.02422    0.04518  86.5%  40.3 2760s
 8443664 1435026    0.04215   33   65    0.02422    0.04517  86.5%  40.3 2765s
 8461291 1437157    0.03108   38   56    0.02422    0.04516  86.4%  40.3 2770s
 8477685 1439149    0.02526   43   55    0.02422    0.04514  86.4%  40.3 2775s
 8492715 1441172    0.04241   38   67    0.02422    0.04513  86.3%  40.3 2780s
 8509794 1443498     cutoff   39         0.02422    0.04512  86.3%  40.3 2785s
 8525734 1445403    0.04461   46   58    0.02422    0.04511  86.2%  40.3 2790s
 8543706 1447887    0.03234   36   61    0.02422    0.04509  86.2%  40.3 2795s
 8559429 1449970     cutoff   41         0.02422    0.04508  86.1%  40.3 2800s
 8572940 1451795     cutoff   35         0.02422    0.04507  86.1%  40.2 2805s
 8589789 1454220     cutoff   36         0.02422    0.04506  86.0%  40.2 2810s
 8606521 1456522     cutoff   40         0.02422    0.04504  85.9%  40.2 2815s
 8624605 1458859    0.02656   41   46    0.02422    0.04503  85.9%  40.2 2820s
 8641165 1461153    0.03460   37   54    0.02422    0.04502  85.8%  40.2 2825s
 8658438 1463261    0.03359   47   56    0.02422    0.04501  85.8%  40.2 2830s
 8675277 1465342    0.02857   44   50    0.02422    0.04499  85.7%  40.2 2835s
 8692215 1467420    0.03215   35   60    0.02422    0.04498  85.7%  40.2 2840s
 8709538 1469792     cutoff   46         0.02422    0.04497  85.6%  40.2 2845s
 8726404 1472077 infeasible   39         0.02422    0.04495  85.6%  40.2 2850s
 8742332 1474029    0.02567   41   52    0.02422    0.04494  85.5%  40.2 2855s
 8758868 1476083 infeasible   38         0.02422    0.04493  85.5%  40.2 2860s
 8775486 1478276    0.03545   40   55    0.02422    0.04492  85.4%  40.2 2865s
 8791812 1480492 infeasible   46         0.02422    0.04491  85.4%  40.2 2870s
 8809595 1482961    0.02585   37   55    0.02422    0.04489  85.3%  40.2 2875s
 8824992 1484748     cutoff   40         0.02422    0.04488  85.3%  40.2 2880s
 8841546 1486986     cutoff   39         0.02422    0.04487  85.2%  40.2 2885s
 8858229 1489152     cutoff   38         0.02422    0.04486  85.2%  40.1 2890s
 8874111 1491122     cutoff   39         0.02422    0.04485  85.1%  40.1 2895s
 8890967 1493290    0.03149   38   54    0.02422    0.04483  85.1%  40.1 2900s
 8908914 1495577     cutoff   40         0.02422    0.04482  85.0%  40.1 2905s
 8925792 1497944     cutoff   41         0.02422    0.04481  85.0%  40.1 2910s
 8942114 1500468 infeasible   43         0.02422    0.04480  84.9%  40.1 2915s
 8957018 1502383    0.03312   47   63    0.02422    0.04479  84.9%  40.1 2920s
 8973271 1504694    0.04182   44   39    0.02422    0.04478  84.8%  40.1 2925s
 8990201 1506980    0.03059   46   48    0.02422    0.04477  84.8%  40.1 2930s
 9006237 1508969     cutoff   41         0.02422    0.04475  84.8%  40.1 2935s
 9021357 1510816    0.03175   39   55    0.02422    0.04474  84.7%  40.1 2940s
 9038160 1512685     cutoff   37         0.02422    0.04473  84.7%  40.1 2945s
 9055019 1514912    0.03773   37   57    0.02422    0.04472  84.6%  40.1 2950s
 9072811 1517224    0.02566   43   53    0.02422    0.04471  84.6%  40.1 2955s
 9088700 1519795     cutoff   49         0.02422    0.04470  84.5%  40.1 2960s
 9105179 1521851    0.03076   39   39    0.02422    0.04469  84.5%  40.1 2965s
 9121526 1523947     cutoff   39         0.02422    0.04467  84.4%  40.1 2970s
 9135921 1525805     cutoff   44         0.02422    0.04466  84.4%  40.1 2975s
 9153586 1527824    0.03255   41   54    0.02422    0.04465  84.3%  40.0 2980s
 9169068 1530056    0.02423   42   53    0.02422    0.04464  84.3%  40.0 2985s
 9185871 1532304     cutoff   35         0.02422    0.04463  84.2%  40.0 2990s
 9202987 1534600    0.02428   67   29    0.02422    0.04462  84.2%  40.0 2995s
 9218499 1536719    0.03134   35   63    0.02422    0.04461  84.2%  40.0 3000s
 9234978 1538791     cutoff   56         0.02422    0.04460  84.1%  40.0 3005s
 9251968 1540938     cutoff   44         0.02422    0.04459  84.1%  40.0 3010s
 9268460 1543166    0.02478   47   56    0.02422    0.04457  84.0%  40.0 3015s
 9285222 1545067 infeasible   48         0.02422    0.04456  84.0%  40.0 3020s
 9301017 1546967    0.03887   31   62    0.02422    0.04455  83.9%  40.0 3025s
 9317859 1548967     cutoff   39         0.02422    0.04454  83.9%  40.0 3030s
 9334785 1550971     cutoff   48         0.02422    0.04453  83.8%  40.0 3035s
 9351690 1553204    0.02923   41   54    0.02422    0.04451  83.8%  40.0 3040s
 9368689 1555469     cutoff   45         0.02422    0.04450  83.7%  40.0 3045s
 9384176 1557223     cutoff   48         0.02422    0.04449  83.7%  40.0 3050s
 9398701 1558946    0.03354   50   45    0.02422    0.04448  83.6%  40.0 3055s
 9413624 1560600     cutoff   43         0.02422    0.04447  83.6%  40.0 3060s
 9427865 1562357    0.02555   44   61    0.02422    0.04446  83.5%  40.0 3065s
 9441043 1564028    0.02468   43   40    0.02422    0.04445  83.5%  39.9 3070s
 9456589 1566038     cutoff   45         0.02422    0.04444  83.5%  39.9 3075s
 9471302 1567661    0.03856   47   64    0.02422    0.04443  83.4%  39.9 3080s
 9486667 1569440    0.03657   38   64    0.02422    0.04442  83.4%  39.9 3085s
 9501124 1571355    0.02570   45   55    0.02422    0.04441  83.3%  39.9 3090s
 9514087 1572926     cutoff   37         0.02422    0.04440  83.3%  39.9 3095s
 9530336 1574682    0.02503   40   57    0.02422    0.04439  83.3%  39.9 3100s
 9545627 1576465     cutoff   37         0.02422    0.04438  83.2%  39.9 3105s
 9560911 1578343    0.03581   44   58    0.02422    0.04437  83.2%  39.9 3110s
 9575289 1580170     cutoff   54         0.02422    0.04436  83.1%  39.9 3115s
 9590658 1582023    0.02459   49   55    0.02422    0.04435  83.1%  39.9 3120s
 9605465 1583738    0.03558   41   47    0.02422    0.04434  83.1%  39.9 3125s
 9620595 1585635    0.03797   26   39    0.02422    0.04433  83.0%  39.9 3130s
 9633555 1587330    0.03369   47   54    0.02422    0.04433  83.0%  39.9 3135s
 9646941 1589039    0.03772   41   58    0.02422    0.04432  82.9%  39.9 3140s
 9663907 1591250    0.02514   30   54    0.02422    0.04431  82.9%  39.9 3145s
 9681005 1593613    0.04233   38   65    0.02422    0.04430  82.9%  39.9 3150s
 9697858 1595560    0.03071   43   59    0.02422    0.04428  82.8%  39.9 3155s
 9715481 1597681    0.04197   42   50    0.02422    0.04427  82.8%  39.9 3160s
 9733370 1600338    0.03186   44   59    0.02422    0.04426  82.7%  39.8 3165s
 9749653 1602303    0.02548   35   52    0.02422    0.04425  82.7%  39.8 3170s
 9767585 1604630    0.02451   40   56    0.02422    0.04424  82.6%  39.8 3175s
 9784177 1606635     cutoff   43         0.02422    0.04422  82.6%  39.8 3180s
 9800999 1608742    0.03193   46   62    0.02422    0.04421  82.5%  39.8 3185s
 9817878 1610829    0.02687   44   61    0.02422    0.04420  82.5%  39.8 3190s
 9831391 1612429     cutoff   49         0.02422    0.04419  82.4%  39.8 3195s
 9847954 1614413     cutoff   45         0.02422    0.04418  82.4%  39.8 3200s
 9863630 1616152    0.02435   44   57    0.02422    0.04417  82.4%  39.8 3205s
 9880895 1618194    0.04377   44   64    0.02422    0.04416  82.3%  39.8 3210s
 9898597 1620506     cutoff   50         0.02422    0.04415  82.3%  39.8 3215s
 9916453 1622846    0.04007   38   64    0.02422    0.04414  82.2%  39.8 3220s
 9933143 1624919     cutoff   42         0.02422    0.04413  82.2%  39.8 3225s
 9950754 1627122     cutoff   31         0.02422    0.04412  82.1%  39.8 3230s
 9967830 1629308    0.03319   37   49    0.02422    0.04411  82.1%  39.8 3235s
 9984970 1631463     cutoff   51         0.02422    0.04410  82.0%  39.8 3240s
 10001603 1633747     cutoff   43         0.02422    0.04408  82.0%  39.8 3245s
 10019470 1635739     cutoff   45         0.02422    0.04407  81.9%  39.8 3250s
 10037335 1638091     cutoff   39         0.02422    0.04406  81.9%  39.8 3255s
 10054421 1640253     cutoff   48         0.02422    0.04405  81.8%  39.7 3260s
 10068771 1642167    0.03259   44   57    0.02422    0.04404  81.8%  39.7 3265s
 10085429 1644281     cutoff   57         0.02422    0.04403  81.8%  39.7 3270s
 10103248 1646446    0.03345   35   56    0.02422    0.04402  81.7%  39.7 3275s
 10119509 1648233    0.02757   42   57    0.02422    0.04401  81.7%  39.7 3280s
 10136012 1650462     cutoff   34         0.02422    0.04400  81.6%  39.7 3285s
 10152165 1652373    0.03789   34   56    0.02422    0.04398  81.6%  39.7 3290s
 10169105 1654538     cutoff   40         0.02422    0.04397  81.5%  39.7 3295s
 10183998 1656432    0.03966   39   54    0.02422    0.04396  81.5%  39.7 3300s
 10197316 1658105     cutoff   48         0.02422    0.04396  81.5%  39.7 3305s
 10214871 1660164    0.02844   41   55    0.02422    0.04395  81.4%  39.7 3310s
 10231729 1662695    0.02832   37   61    0.02422    0.04393  81.4%  39.7 3315s
 10249295 1665051     cutoff   36         0.02422    0.04392  81.3%  39.7 3320s
 10266106 1667439    0.02762   45   55    0.02422    0.04391  81.3%  39.7 3325s
 10283647 1669999     cutoff   32         0.02422    0.04390  81.2%  39.7 3330s
 10300657 1672101    0.03635   34   61    0.02422    0.04389  81.2%  39.7 3335s
 10316019 1673913     cutoff   41         0.02422    0.04388  81.1%  39.7 3340s
 10332806 1676253    0.03835   41   58    0.02422    0.04387  81.1%  39.7 3345s
 10350207 1678224 infeasible   53         0.02422    0.04386  81.1%  39.6 3350s
 10366455 1680365    0.02453   46   49    0.02422    0.04385  81.0%  39.6 3355s
 10381923 1682587    0.03430   32   62    0.02422    0.04384  81.0%  39.6 3360s
 10399025 1684787     cutoff   39         0.02422    0.04383  80.9%  39.6 3365s
 10414539 1686787     cutoff   44         0.02422    0.04382  80.9%  39.6 3370s
 10432258 1689057    0.02982   45   51    0.02422    0.04381  80.8%  39.6 3375s
 10448755 1690969     cutoff   38         0.02422    0.04380  80.8%  39.6 3380s
 10466268 1693316     cutoff   45         0.02422    0.04379  80.8%  39.6 3385s
 10483297 1695317    0.02984   39   55    0.02422    0.04378  80.7%  39.6 3390s
 10496580 1697059    0.02787   53   61    0.02422    0.04377  80.7%  39.6 3395s
 10513442 1699295    0.02961   38   63    0.02422    0.04376  80.6%  39.6 3400s
 10531386 1701693    0.02609   41   56    0.02422    0.04375  80.6%  39.6 3405s
 10546360 1703460     cutoff   48         0.02422    0.04374  80.6%  39.6 3410s
 10562690 1705713     cutoff   40         0.02422    0.04373  80.5%  39.6 3415s
 10580638 1707994     cutoff   38         0.02422    0.04372  80.5%  39.6 3420s
 10598101 1710222     cutoff   42         0.02422    0.04371  80.4%  39.6 3425s
 10614987 1712707     cutoff   37         0.02422    0.04370  80.4%  39.6 3430s
 10632546 1714874    0.03831   43   57    0.02422    0.04369  80.3%  39.6 3435s
 10649887 1716869    0.02641   37   53    0.02422    0.04368  80.3%  39.6 3440s
 10666828 1718937    0.02735   37   58    0.02422    0.04367  80.3%  39.5 3445s
 10684351 1721237    0.03260   44   53    0.02422    0.04366  80.2%  39.5 3450s
 10700465 1723123     cutoff   45         0.02422    0.04365  80.2%  39.5 3455s
 10716700 1725066    0.04135   38   63    0.02422    0.04364  80.1%  39.5 3460s
 10732918 1727171    0.02646   45   56    0.02422    0.04363  80.1%  39.5 3465s
 10750670 1729768    0.03057   48   63    0.02422    0.04362  80.1%  39.5 3470s
 10767121 1731741     cutoff   37         0.02422    0.04361  80.0%  39.5 3475s
 10780721 1733286     cutoff   44         0.02422    0.04360  80.0%  39.5 3480s
 10797789 1735417    0.03670   38   61    0.02422    0.04359  79.9%  39.5 3485s
 10815424 1737511     cutoff   45         0.02422    0.04358  79.9%  39.5 3490s
 10828976 1739133     cutoff   40         0.02422    0.04357  79.9%  39.5 3495s
 10846676 1741095    0.02636   35   56    0.02422    0.04356  79.8%  39.5 3500s
 10864847 1743430     cutoff   39         0.02422    0.04355  79.8%  39.5 3505s
 10880996 1745695    0.03118   40   56    0.02422    0.04354  79.7%  39.5 3510s
 10898449 1747802    0.02433   56   33    0.02422    0.04353  79.7%  39.5 3515s
 10914484 1749519     cutoff   54         0.02422    0.04352  79.7%  39.5 3520s
 10931136 1751422    0.03028   38   58    0.02422    0.04351  79.6%  39.5 3525s
 10948957 1753303     cutoff   31         0.02422    0.04350  79.6%  39.5 3530s
 10966272 1755337    0.02547   41   52    0.02422    0.04349  79.5%  39.5 3535s
 10983511 1757422    0.03806   53   48    0.02422    0.04348  79.5%  39.4 3540s
 11001185 1759555    0.04034   36   65    0.02422    0.04347  79.4%  39.4 3545s
 11014546 1761386    0.03723   34   68    0.02422    0.04346  79.4%  39.4 3550s
 11031885 1763143    0.02763   45   58    0.02422    0.04345  79.4%  39.4 3555s
 11049143 1765281    0.04047   37   54    0.02422    0.04344  79.3%  39.4 3560s
 11066467 1767437    0.03606   35   47    0.02422    0.04343  79.3%  39.4 3565s
 11084112 1769417    0.03163   48   51    0.02422    0.04342  79.2%  39.4 3570s
 11101169 1771671    0.02833   40   39    0.02422    0.04341  79.2%  39.4 3575s
 11117364 1773478     cutoff   42         0.02422    0.04340  79.2%  39.4 3580s
 11135257 1775505     cutoff   38         0.02422    0.04339  79.1%  39.4 3585s
 11152419 1777834    0.02900   44   51    0.02422    0.04338  79.1%  39.4 3590s
 11168820 1779669     cutoff   43         0.02422    0.04337  79.0%  39.4 3595s
 11185714 1781375     cutoff   46         0.02422    0.04336  79.0%  39.4 3600s
H11196321 1703725                       0.0250818    0.04336  72.9%  39.4 3603s
 11199715 1704063    0.02868   41   37    0.02508    0.04335  72.9%  39.4 3605s
 11215761 1705658     cutoff   41         0.02508    0.04334  72.8%  39.4 3610s
H11219579 1705998                       0.0250818    0.04334  72.8%  39.4 3611s
 11231623 1707568     cutoff   42         0.02508    0.04333  72.8%  39.4 3615s
 11247826 1709411    0.02856   37   54    0.02508    0.04332  72.7%  39.4 3620s
 11264777 1711090    0.02646   48   46    0.02508    0.04331  72.7%  39.4 3625s
 11281172 1712687    0.03099   39   59    0.02508    0.04330  72.6%  39.4 3630s
 11294837 1714114    0.03271   45   41    0.02508    0.04329  72.6%  39.4 3635s
 11312142 1715948    0.02972   45   52    0.02508    0.04328  72.6%  39.3 3640s
 11329469 1717893    0.03795   39   54    0.02508    0.04327  72.5%  39.3 3645s
 11346521 1719632    0.02742   42   47    0.02508    0.04326  72.5%  39.3 3650s
 11363898 1721265     cutoff   41         0.02508    0.04325  72.4%  39.3 3655s
 11381117 1723423    0.03346   53   36    0.02508    0.04324  72.4%  39.3 3660s
 11397159 1725064    0.04224   48   48    0.02508    0.04323  72.3%  39.3 3665s
 11415154 1726744    0.03634   46   55    0.02508    0.04322  72.3%  39.3 3670s
 11433089 1728458    0.03667   38   60    0.02508    0.04321  72.3%  39.3 3675s
 11449357 1730121     cutoff   38         0.02508    0.04320  72.2%  39.3 3680s
 11467158 1732087    0.03665   46   59    0.02508    0.04318  72.2%  39.3 3685s
 11483716 1733789     cutoff   48         0.02508    0.04317  72.1%  39.3 3690s
 11500308 1735320    0.02564   42   56    0.02508    0.04316  72.1%  39.3 3695s
 11517518 1737273 infeasible   33         0.02508    0.04315  72.0%  39.3 3700s
 11535925 1739315     cutoff   49         0.02508    0.04314  72.0%  39.3 3705s
 11553315 1741273 infeasible   49         0.02508    0.04313  72.0%  39.3 3710s
 11569804 1743340    0.03836   34   62    0.02508    0.04312  71.9%  39.3 3715s
 11587631 1745226    0.03932   30   72    0.02508    0.04311  71.9%  39.3 3720s
 11604163 1746915    0.04011   44   56    0.02508    0.04310  71.8%  39.3 3725s
 11617278 1748137     cutoff   42         0.02508    0.04309  71.8%  39.3 3730s
 11634550 1750109    0.02837   44   43    0.02508    0.04308  71.8%  39.2 3735s
 11652370 1751912    0.03106   41   60    0.02508    0.04307  71.7%  39.2 3740s
 11668967 1753517     cutoff   42         0.02508    0.04306  71.7%  39.2 3745s
 11685978 1755550     cutoff   47         0.02508    0.04306  71.7%  39.2 3750s
 11702661 1757083    0.02969   43   54    0.02508    0.04305  71.6%  39.2 3755s
 11720600 1758951    0.04283   36   58    0.02508    0.04303  71.6%  39.2 3760s
 11737588 1760998     cutoff   34         0.02508    0.04302  71.5%  39.2 3765s
 11755401 1762995    0.04074   41   58    0.02508    0.04302  71.5%  39.2 3770s
 11773120 1765067    0.04167   40   55    0.02508    0.04301  71.5%  39.2 3775s
 11790521 1766981     cutoff   31         0.02508    0.04300  71.4%  39.2 3780s
 11806982 1768724    0.02822   36   57    0.02508    0.04299  71.4%  39.2 3785s
 11820556 1770260    0.03388   35   51    0.02508    0.04298  71.3%  39.2 3790s
 11839146 1772300    0.02930   29   71    0.02508    0.04297  71.3%  39.2 3795s
 11857180 1774211    0.02882   36   47    0.02508    0.04296  71.3%  39.2 3800s
 11874349 1776465     cutoff   45         0.02508    0.04295  71.2%  39.2 3805s
 11890617 1778362     cutoff   39         0.02508    0.04294  71.2%  39.2 3810s
 11907928 1780138     cutoff   36         0.02508    0.04293  71.2%  39.2 3815s
 11925094 1781847    0.04279   34   66    0.02508    0.04292  71.1%  39.1 3820s
 11941928 1783909     cutoff   40         0.02508    0.04291  71.1%  39.1 3825s
 11959908 1785868    0.03453   47   50    0.02508    0.04290  71.0%  39.1 3830s
 11977157 1787666     cutoff   38         0.02508    0.04289  71.0%  39.1 3835s
 11994963 1789337     cutoff   48         0.02508    0.04288  71.0%  39.1 3840s
 12008028 1790924    0.02912   47   57    0.02508    0.04287  70.9%  39.1 3845s
 12027109 1792548    0.02569   63   36    0.02508    0.04286  70.9%  39.1 3850s
 12044412 1794589    0.02953   44   41    0.02508    0.04285  70.9%  39.1 3855s
 12061691 1796175    0.02918   45   56    0.02508    0.04284  70.8%  39.1 3860s
 12079132 1797867    0.02550   37   62    0.02508    0.04283  70.8%  39.1 3865s
 12094492 1799586     cutoff   40         0.02508    0.04283  70.7%  39.1 3870s
 12111998 1801196     cutoff   36         0.02508    0.04282  70.7%  39.1 3875s
 12129175 1802989    0.02988   43   53    0.02508    0.04281  70.7%  39.1 3880s
 12146248 1804941    0.02611   37   61    0.02508    0.04280  70.6%  39.1 3885s
 12162035 1806511    0.03042   39   58    0.02508    0.04279  70.6%  39.1 3890s
 12179296 1808246    0.04207   44   60    0.02508    0.04278  70.6%  39.1 3895s
 12196904 1810183    0.02860   43   56    0.02508    0.04277  70.5%  39.1 3900s
 12212825 1811853    0.02764   33   43    0.02508    0.04276  70.5%  39.1 3905s
 12226299 1813348    0.03085   38   59    0.02508    0.04275  70.5%  39.1 3910s
 12242456 1815029    0.02926   39   52    0.02508    0.04275  70.4%  39.1 3915s
 12259248 1816617    0.02833   45   57    0.02508    0.04274  70.4%  39.0 3920s
 12275492 1818337    0.03507   39   44    0.02508    0.04273  70.4%  39.0 3925s
 12292337 1820067     cutoff   42         0.02508    0.04272  70.3%  39.0 3930s
 12309984 1821727    0.02923   37   55    0.02508    0.04271  70.3%  39.0 3935s
 12326895 1823453     cutoff   39         0.02508    0.04270  70.3%  39.0 3940s
 12343739 1825102    0.03632   46   55    0.02508    0.04269  70.2%  39.0 3945s
 12358786 1826533 infeasible   47         0.02508    0.04268  70.2%  39.0 3950s
 12375733 1828151     cutoff   49         0.02508    0.04268  70.1%  39.0 3955s
 12391833 1829731     cutoff   44         0.02508    0.04267  70.1%  39.0 3960s
 12407573 1831364    0.03700   41   61    0.02508    0.04266  70.1%  39.0 3965s
 12424076 1833032    0.03255   39   71    0.02508    0.04265  70.0%  39.0 3970s
 12440084 1834975     cutoff   41         0.02508    0.04264  70.0%  39.0 3975s
 12455447 1836490    0.03442   42   59    0.02508    0.04263  70.0%  39.0 3980s
 12468185 1838047    0.03912   42   64    0.02508    0.04263  70.0%  39.0 3985s
 12484726 1839753     cutoff   47         0.02508    0.04262  69.9%  39.0 3990s
 12501687 1841614    0.03730   40   53    0.02508    0.04261  69.9%  39.0 3995s
 12518017 1843371     cutoff   40         0.02508    0.04260  69.8%  39.0 4000s
 12534012 1844798    0.03432   32   60    0.02508    0.04259  69.8%  39.0 4005s
 12549488 1846270    0.04183   40   61    0.02508    0.04259  69.8%  39.0 4010s
 12565757 1847710    0.02639   43   57    0.02508    0.04258  69.7%  39.0 4015s
 12581707 1849168    0.03303   39   62    0.02508    0.04257  69.7%  39.0 4020s
 12595936 1850767     cutoff   37         0.02508    0.04256  69.7%  39.0 4025s
 12612558 1852480    0.02531   35   56    0.02508    0.04255  69.7%  38.9 4030s
 12627514 1854187     cutoff   45         0.02508    0.04255  69.6%  38.9 4035s
 12644468 1855828     cutoff   55         0.02508    0.04254  69.6%  38.9 4040s
 12661554 1857583    0.04236   40   62    0.02508    0.04253  69.6%  38.9 4045s
 12676596 1859223     cutoff   45         0.02508    0.04252  69.5%  38.9 4050s
 12693184 1860863     cutoff   49         0.02508    0.04251  69.5%  38.9 4055s
 12708100 1862345     cutoff   40         0.02508    0.04250  69.5%  38.9 4060s
 12724856 1864123     cutoff   41         0.02508    0.04249  69.4%  38.9 4065s
 12738893 1865372     cutoff   44         0.02508    0.04249  69.4%  38.9 4070s
 12756477 1867033 infeasible   38         0.02508    0.04248  69.4%  38.9 4075s
 12774404 1868847    0.03073   40   59    0.02508    0.04247  69.3%  38.9 4080s
 12791815 1870602 infeasible   41         0.02508    0.04246  69.3%  38.9 4085s
 12808623 1872188     cutoff   38         0.02508    0.04245  69.2%  38.9 4090s
 12823612 1873902    0.02778   43   48    0.02508    0.04244  69.2%  38.9 4095s
 12841012 1875860    0.03901   41   56    0.02508    0.04243  69.2%  38.9 4100s
 12857474 1877563    0.02841   35   51    0.02508    0.04243  69.1%  38.9 4105s
 12875585 1879219    0.03046   35   51    0.02508    0.04242  69.1%  38.9 4110s
 12892675 1880924     cutoff   41         0.02508    0.04241  69.1%  38.9 4115s
 12910117 1883001     cutoff   32         0.02508    0.04240  69.0%  38.9 4120s
 12927295 1884707    0.02571   41   51    0.02508    0.04239  69.0%  38.9 4125s
 12945997 1886666     cutoff   42         0.02508    0.04238  69.0%  38.8 4130s
 12961804 1888150     cutoff   45         0.02508    0.04237  68.9%  38.8 4135s
 12979682 1889924    0.02595   40   58    0.02508    0.04236  68.9%  38.8 4140s
 12997327 1891891    0.03306   43   60    0.02508    0.04235  68.9%  38.8 4145s
 13014545 1893675     cutoff   49         0.02508    0.04234  68.8%  38.8 4150s
 13030272 1895381    0.03088   37   49    0.02508    0.04234  68.8%  38.8 4155s
 13048278 1897397    0.03079   38   64    0.02508    0.04233  68.8%  38.8 4160s
 13064704 1898931     cutoff   48         0.02508    0.04232  68.7%  38.8 4165s
 13082184 1900655    0.04010   38   60    0.02508    0.04231  68.7%  38.8 4170s
 13096880 1901903    0.04193   34   63    0.02508    0.04230  68.7%  38.8 4175s
 13114166 1903487     cutoff   47         0.02508    0.04230  68.6%  38.8 4180s
 13131695 1905473     cutoff   40         0.02508    0.04229  68.6%  38.8 4185s
 13149738 1907134     cutoff   36         0.02508    0.04228  68.6%  38.8 4190s
 13166304 1908713    0.03467   34   60    0.02508    0.04227  68.5%  38.8 4195s
 13185061 1910596    0.03061   37   58    0.02508    0.04226  68.5%  38.8 4200s
 13202908 1912251    0.03128   49   63    0.02508    0.04225  68.5%  38.8 4205s
 13220309 1913891     cutoff   41         0.02508    0.04224  68.4%  38.8 4210s
 13237330 1915508    0.03330   45   58    0.02508    0.04223  68.4%  38.8 4215s
 13255872 1917290    0.03881   44   59    0.02508    0.04222  68.3%  38.8 4220s
 13273707 1919049     cutoff   68         0.02508    0.04221  68.3%  38.7 4225s
H13282905 1862565                       0.0255963    0.04221  64.9%  38.7 4227s
H13283323 1862537                       0.0255963    0.04221  64.9%  38.7 4228s
H13283754 1862576                       0.0255963    0.04221  64.9%  38.7 4228s
 13288027 1862855     cutoff   36         0.02560    0.04221  64.9%  38.7 4230s
 13304628 1864328     cutoff   44         0.02560    0.04220  64.9%  38.7 4235s
 13322412 1865986    0.04010   39   57    0.02560    0.04219  64.8%  38.7 4240s
H13331599 1867177                       0.0255963    0.04218  64.8%  38.7 4243s
H13331796 1867177                       0.0255963    0.04218  64.8%  38.7 4243s
 13336803 1867720    0.02830   48   49    0.02560    0.04218  64.8%  38.7 4245s
 13354173 1869135     cutoff   40         0.02560    0.04217  64.8%  38.7 4250s
 13372387 1870964    0.03041   34   54    0.02560    0.04216  64.7%  38.7 4255s
 13388980 1872579    0.03644   38   39    0.02560    0.04215  64.7%  38.7 4260s
 13404895 1873971    0.03198   43   53    0.02560    0.04214  64.6%  38.7 4265s
 13423020 1875415    0.02721   65   42    0.02560    0.04213  64.6%  38.7 4270s
 13440850 1877007    0.03379   37   60    0.02560    0.04212  64.6%  38.7 4275s
 13458348 1878429    0.03162   43   60    0.02560    0.04211  64.5%  38.7 4280s
 13474286 1879721     cutoff   41         0.02560    0.04211  64.5%  38.7 4285s
 13492063 1881258     cutoff   38         0.02560    0.04210  64.5%  38.7 4290s
 13506725 1882744     cutoff   47         0.02560    0.04209  64.4%  38.7 4295s
 13523355 1884149    0.02798   37   46    0.02560    0.04208  64.4%  38.7 4300s
 13540285 1885646     cutoff   45         0.02560    0.04207  64.4%  38.7 4305s
 13553967 1886840    0.04193   39   62    0.02560    0.04206  64.3%  38.7 4310s
 13571756 1888500     cutoff   43         0.02560    0.04205  64.3%  38.7 4315s
 13589228 1890112    0.02930   42   64    0.02560    0.04205  64.3%  38.7 4320s
 13605415 1891654    0.02674   41   55    0.02560    0.04204  64.2%  38.6 4325s
 13623715 1893164     cutoff   41         0.02560    0.04203  64.2%  38.6 4330s
 13640610 1894689    0.02720   46   56    0.02560    0.04202  64.2%  38.6 4335s
 13657614 1896213    0.03272   40   62    0.02560    0.04201  64.1%  38.6 4340s
 13676391 1898175    0.02772   38   56    0.02560    0.04200  64.1%  38.6 4345s
 13693390 1899833    0.03027   43   61    0.02560    0.04200  64.1%  38.6 4350s
 13711573 1901366    0.03511   39   69    0.02560    0.04199  64.0%  38.6 4355s
 13729168 1902697    0.04099   28   63    0.02560    0.04198  64.0%  38.6 4360s
 13746860 1904600     cutoff   37         0.02560    0.04197  64.0%  38.6 4365s
 13765135 1906383    0.03431   41   44    0.02560    0.04196  63.9%  38.6 4370s
 13780730 1908028     cutoff   43         0.02560    0.04195  63.9%  38.6 4375s
 13798333 1909555    0.02987   47   49    0.02560    0.04194  63.9%  38.6 4380s
 13816514 1911142     cutoff   50         0.02560    0.04193  63.8%  38.6 4385s
 13834801 1912836    0.03022   49   58    0.02560    0.04192  63.8%  38.6 4390s
 13851250 1914611    0.03707   37   62    0.02560    0.04192  63.8%  38.6 4396s
 13869086 1915793    0.03781   39   50    0.02560    0.04191  63.7%  38.6 4400s
 13886205 1917441    0.02562   41   44    0.02560    0.04190  63.7%  38.6 4405s
 13903696 1919055     cutoff   39         0.02560    0.04189  63.7%  38.6 4410s
 13921403 1920521    0.02591   41   55    0.02560    0.04188  63.6%  38.6 4415s
 13938211 1922064    0.03112   50   53    0.02560    0.04187  63.6%  38.6 4420s
 13955986 1923716     cutoff   37         0.02560    0.04186  63.5%  38.5 4425s
 13973434 1925138     cutoff   39         0.02560    0.04185  63.5%  38.5 4430s
 13989064 1926592     cutoff   44         0.02560    0.04185  63.5%  38.5 4435s
 14004716 1927960 infeasible   45         0.02560    0.04184  63.5%  38.5 4440s
 14022575 1929598     cutoff   33         0.02560    0.04183  63.4%  38.5 4445s
 14041005 1931312    0.03515   39   56    0.02560    0.04182  63.4%  38.5 4450s
 14059303 1933027    0.03901   47   56    0.02560    0.04181  63.4%  38.5 4455s
 14075648 1934841     cutoff   45         0.02560    0.04181  63.3%  38.5 4460s
 14093503 1936427     cutoff   42         0.02560    0.04180  63.3%  38.5 4465s
 14111121 1937919    0.02667   42   56    0.02560    0.04179  63.3%  38.5 4470s
 14129248 1939390     cutoff   37         0.02560    0.04178  63.2%  38.5 4475s
 14145726 1940896     cutoff   41         0.02560    0.04177  63.2%  38.5 4480s
 14164726 1942689    0.02698   48   62    0.02560    0.04176  63.2%  38.5 4485s
 14182099 1944042     cutoff   38         0.02560    0.04175  63.1%  38.5 4490s
 14198648 1945370     cutoff   40         0.02560    0.04175  63.1%  38.5 4495s
 14216959 1947329    0.02754   43   57    0.02560    0.04174  63.1%  38.5 4500s
 14234910 1949116     cutoff   40         0.02560    0.04173  63.0%  38.5 4505s
 14251885 1950798    0.03665   37   62    0.02560    0.04172  63.0%  38.5 4510s
 14269319 1952270    0.03803   48   54    0.02560    0.04171  63.0%  38.5 4515s
 14286842 1953943     cutoff   54         0.02560    0.04170  62.9%  38.4 4520s
 14304663 1955477     cutoff   58         0.02560    0.04170  62.9%  38.4 4525s
 14323490 1957093    0.03065   38   55    0.02560    0.04169  62.9%  38.4 4530s
 14339504 1958516    0.03072   39   57    0.02560    0.04168  62.8%  38.4 4535s
 14357498 1959882    0.03671   48   58    0.02560    0.04167  62.8%  38.4 4540s
 14375626 1961524     cutoff   36         0.02560    0.04166  62.8%  38.4 4545s
 14391802 1963081    0.02787   51   38    0.02560    0.04165  62.7%  38.4 4550s
 14410248 1964988    0.02780   38   54    0.02560    0.04165  62.7%  38.4 4555s
 14428712 1966581    0.03264   39   56    0.02560    0.04164  62.7%  38.4 4560s
 14447704 1968831     cutoff   38         0.02560    0.04163  62.6%  38.4 4565s
 14464597 1970222     cutoff   33         0.02560    0.04162  62.6%  38.4 4570s
 14481364 1971647     cutoff   46         0.02560    0.04162  62.6%  38.4 4575s
 14499265 1973302     cutoff   47         0.02560    0.04161  62.6%  38.4 4580s
 14516754 1974611     cutoff   49         0.02560    0.04160  62.5%  38.4 4585s
 14534639 1976389    0.03844   44   52    0.02560    0.04159  62.5%  38.4 4590s
 14551347 1977853    0.03581   36   69    0.02560    0.04158  62.5%  38.4 4595s
 14569266 1979395    0.02761   42   50    0.02560    0.04157  62.4%  38.4 4600s
 14587746 1981209     cutoff   40         0.02560    0.04157  62.4%  38.4 4605s
 14605142 1982723    0.03683   31   50    0.02560    0.04156  62.4%  38.4 4610s
 14621893 1984158    0.03551   52   33    0.02560    0.04155  62.3%  38.3 4615s
 14640675 1985763    0.02803   53   52    0.02560    0.04154  62.3%  38.3 4620s
 14658352 1987174     cutoff   43         0.02560    0.04153  62.3%  38.3 4625s
 14674887 1988632    0.03134   43   50    0.02560    0.04153  62.2%  38.3 4630s
 14692195 1990051    0.03635   50   49    0.02560    0.04152  62.2%  38.3 4635s
 14710131 1991607     cutoff   43         0.02560    0.04151  62.2%  38.3 4640s
 14728218 1993171     cutoff   42         0.02560    0.04150  62.1%  38.3 4645s
 14746139 1994744    0.03026   39   58    0.02560    0.04149  62.1%  38.3 4650s
 14760183 1995960     cutoff   40         0.02560    0.04149  62.1%  38.3 4655s
 14777580 1997497    0.03740   41   57    0.02560    0.04148  62.0%  38.3 4660s
 14795479 1999199    0.03893   41   50    0.02560    0.04147  62.0%  38.3 4665s
 14813166 2000636    0.03978   35   52    0.02560    0.04146  62.0%  38.3 4670s
 14831226 2002356    0.02694   48   56    0.02560    0.04145  62.0%  38.3 4675s
 14848999 2003592     cutoff   49         0.02560    0.04145  61.9%  38.3 4680s
 14867045 2005111    0.02704   43   58    0.02560    0.04144  61.9%  38.3 4685s
 14884235 2006761    0.03520   43   61    0.02560    0.04143  61.9%  38.3 4690s
 14902512 2008306    0.03600   31   59    0.02560    0.04142  61.8%  38.3 4695s
 14920132 2009669    0.02845   45   60    0.02560    0.04142  61.8%  38.3 4700s
 14938799 2011619     cutoff   35         0.02560    0.04141  61.8%  38.3 4705s
 14952148 2012873    0.02654   40   57    0.02560    0.04140  61.7%  38.3 4710s
 14969994 2014462     cutoff   45         0.02560    0.04139  61.7%  38.2 4715s
 14987596 2016349    0.03412   46   56    0.02560    0.04138  61.7%  38.2 4720s
 15005650 2017878 infeasible   38         0.02560    0.04138  61.7%  38.2 4725s
 15024796 2019529     cutoff   45         0.02560    0.04137  61.6%  38.2 4730s
 15042874 2021106 infeasible   40         0.02560    0.04136  61.6%  38.2 4735s
 15061355 2022488    0.02746   43   48    0.02560    0.04135  61.5%  38.2 4740s
 15078377 2023973    0.02624   49   49    0.02560    0.04134  61.5%  38.2 4745s
 15096784 2025538     cutoff   50         0.02560    0.04133  61.5%  38.2 4750s
 15112872 2026869    0.03657   45   60    0.02560    0.04133  61.5%  38.2 4755s
 15131621 2028544     cutoff   52         0.02560    0.04132  61.4%  38.2 4760s
 15149323 2029967     cutoff   44         0.02560    0.04131  61.4%  38.2 4765s
 15166135 2031271    0.02924   53   57    0.02560    0.04130  61.4%  38.2 4770s
 15183791 2032850     cutoff   43         0.02560    0.04130  61.3%  38.2 4775s
 15201710 2034736 infeasible   38         0.02560    0.04129  61.3%  38.2 4780s
 15220214 2036122    0.04094   39   67    0.02560    0.04128  61.3%  38.2 4785s
 15236796 2037702    0.03018   43   58    0.02560    0.04127  61.2%  38.2 4790s
 15254864 2039220    0.02696   49   51    0.02560    0.04126  61.2%  38.2 4795s
 15272632 2041141    0.03263   42   51    0.02560    0.04126  61.2%  38.2 4800s
 15291112 2042837     cutoff   45         0.02560    0.04125  61.1%  38.2 4805s
 15308358 2044372    0.03826   43   60    0.02560    0.04124  61.1%  38.2 4810s
 15325485 2045718     cutoff   48         0.02560    0.04123  61.1%  38.1 4815s
 15339683 2046964    0.03470   40   46    0.02560    0.04123  61.1%  38.1 4820s
 15356354 2048627     cutoff   56         0.02560    0.04122  61.0%  38.1 4825s
 15373171 2050426    0.03498   35   66    0.02560    0.04121  61.0%  38.1 4830s
 15388954 2051885     cutoff   40         0.02560    0.04121  61.0%  38.1 4835s
 15405857 2053581    0.04117   36   55    0.02560    0.04120  61.0%  38.1 4840s
 15421630 2055389     cutoff   35         0.02560    0.04119  60.9%  38.1 4845s
 15438421 2056890    0.03405   43   52    0.02560    0.04119  60.9%  38.1 4850s
 15452763 2057815     cutoff   47         0.02560    0.04118  60.9%  38.1 4855s
 15469570 2059193 infeasible   46         0.02560    0.04117  60.8%  38.1 4860s
 15486988 2061105    0.02760   48   53    0.02560    0.04116  60.8%  38.1 4865s
 15504566 2062793    0.03272   39   59    0.02560    0.04116  60.8%  38.1 4870s
 15520806 2064246    0.02659   40   55    0.02560    0.04115  60.8%  38.1 4875s
H15527705 1907652                       0.0268086    0.04115  53.5%  38.1 4877s
H15527757 1907668                       0.0268086    0.04115  53.5%  38.1 4877s
H15528949 1881696                       0.0270149    0.04115  52.3%  38.1 4878s
H15529031 1881770                       0.0270149    0.04115  52.3%  38.1 4878s
 15531583 1881897    0.03459   38   44    0.02701    0.04114  52.3%  38.1 4880s
 15547515 1883018     cutoff   40         0.02701    0.04114  52.3%  38.1 4885s
 15563814 1883946    0.02702   42   57    0.02701    0.04113  52.2%  38.1 4890s
 15579284 1884882     cutoff   47         0.02701    0.04112  52.2%  38.1 4895s
 15595575 1885779     cutoff   42         0.02701    0.04111  52.2%  38.1 4900s
 15612158 1886591     cutoff   53         0.02701    0.04110  52.2%  38.1 4905s
 15627502 1887531     cutoff   36         0.02701    0.04110  52.1%  38.1 4910s
 15644292 1888389    0.03577   45   66    0.02701    0.04109  52.1%  38.0 4915s
 15661079 1889769    0.03038   38   58    0.02701    0.04108  52.1%  38.0 4920s
 15677474 1890541     cutoff   42         0.02701    0.04107  52.0%  38.0 4925s
 15694459 1891667     cutoff   46         0.02701    0.04106  52.0%  38.0 4930s
 15710265 1892768     cutoff   39         0.02701    0.04106  52.0%  38.0 4935s
 15727761 1893635     cutoff   39         0.02701    0.04105  51.9%  38.0 4940s
 15745043 1894739     cutoff   38         0.02701    0.04104  51.9%  38.0 4945s
 15762159 1895730    0.03157   41   57    0.02701    0.04103  51.9%  38.0 4950s
 15777018 1896639    0.03149   38   58    0.02701    0.04102  51.8%  38.0 4955s
 15794140 1897700    0.03106   39   56    0.02701    0.04101  51.8%  38.0 4960s
 15809901 1898715    0.02918   45   47    0.02701    0.04101  51.8%  38.0 4965s
 15826135 1899790     cutoff   40         0.02701    0.04100  51.8%  38.0 4970s
 15840736 1900565     cutoff   46         0.02701    0.04099  51.7%  38.0 4975s
 15858902 1901782     cutoff   43         0.02701    0.04098  51.7%  38.0 4980s
 15875653 1902738    0.02807   43   51    0.02701    0.04097  51.7%  38.0 4985s
 15893385 1903738     cutoff   35         0.02701    0.04096  51.6%  38.0 4990s
 15905521 1904435     cutoff   33         0.02701    0.04096  51.6%  38.0 4995s
 15923211 1905499    0.03224   44   56    0.02701    0.04095  51.6%  38.0 5000s
 15939558 1906371    0.02980   45   54    0.02701    0.04094  51.5%  38.0 5005s
 15957862 1907773     cutoff   39         0.02701    0.04093  51.5%  37.9 5010s
 15974714 1908770    0.03319   37   60    0.02701    0.04092  51.5%  37.9 5015s
 15992730 1909811     cutoff   43         0.02701    0.04091  51.5%  37.9 5020s
 16010158 1910919    0.04063   44   62    0.02701    0.04091  51.4%  37.9 5025s
H16010274 1886953                       0.0272008    0.04091  50.4%  37.9 5025s
H16010548 1886972                       0.0272008    0.04091  50.4%  37.9 5025s
 16022242 1887545    0.02953   42   57    0.02720    0.04090  50.4%  37.9 5030s
 16039715 1888826    0.02777   38   54    0.02720    0.04089  50.3%  37.9 5035s
 16056760 1889825    0.02933   45   54    0.02720    0.04088  50.3%  37.9 5040s
 16074232 1890901    0.03050   35   37    0.02720    0.04087  50.3%  37.9 5045s
 16090427 1891712     cutoff   51         0.02720    0.04087  50.2%  37.9 5050s
 16107475 1893070    0.02954   42   55    0.02720    0.04086  50.2%  37.9 5055s
 16123816 1894089     cutoff   42         0.02720    0.04085  50.2%  37.9 5060s
 16140577 1894756     cutoff   37         0.02720    0.04084  50.1%  37.9 5065s
 16155984 1895676     cutoff   37         0.02720    0.04083  50.1%  37.9 5070s
 16173963 1896698     cutoff   44         0.02720    0.04083  50.1%  37.9 5075s
 16190875 1897701     cutoff   43         0.02720    0.04082  50.1%  37.9 5080s
 16207352 1898628    0.03087   41   48    0.02720    0.04081  50.0%  37.9 5085s
 16224524 1899472    0.02975   40   55    0.02720    0.04080  50.0%  37.9 5090s
 16240468 1900313    0.02822   35   54    0.02720    0.04079  50.0%  37.9 5095s
 16255050 1901215     cutoff   37         0.02720    0.04078  49.9%  37.9 5100s
 16272453 1902081    0.02751   44   58    0.02720    0.04078  49.9%  37.8 5105s
 16288888 1902848    0.02931   40   57    0.02720    0.04077  49.9%  37.8 5110s
 16303326 1903664    0.03445   39   55    0.02720    0.04076  49.9%  37.8 5115s
 16320803 1904802     cutoff   46         0.02720    0.04075  49.8%  37.8 5120s
 16337048 1905648     cutoff   49         0.02720    0.04074  49.8%  37.8 5125s
 16354942 1906559    0.03229   42   66    0.02720    0.04074  49.8%  37.8 5130s
 16371809 1907413    0.03270   38   49    0.02720    0.04073  49.7%  37.8 5135s
H16376184 1907731                       0.0272009    0.04072  49.7%  37.8 5136s
H16377421 1896106                       0.0272887    0.04072  49.2%  37.8 5137s
H16377474 1896200                       0.0272887    0.04072  49.2%  37.8 5137s
H16378696 1895057                       0.0272980    0.04072  49.2%  37.8 5138s
 16382017 1895263    0.03587   40   60    0.02730    0.04072  49.2%  37.8 5140s
 16399851 1896440     cutoff   43         0.02730    0.04071  49.1%  37.8 5145s
H16406605 1896714                       0.0272980    0.04071  49.1%  37.8 5147s
 16412932 1896938    0.03167   44   57    0.02730    0.04071  49.1%  37.8 5150s
 16430393 1897926    0.03923   43   59    0.02730    0.04070  49.1%  37.8 5155s
 16447345 1898674    0.03480   32   57    0.02730    0.04069  49.1%  37.8 5160s
 16462620 1899474     cutoff   52         0.02730    0.04068  49.0%  37.8 5165s
 16479099 1900242     cutoff   45         0.02730    0.04067  49.0%  37.8 5170s
 16496494 1901257    0.03825   33   59    0.02730    0.04067  49.0%  37.8 5175s
 16513483 1902068    0.02959   43   58    0.02730    0.04066  48.9%  37.8 5180s
 16529618 1902847    0.02824   45   60    0.02730    0.04065  48.9%  37.8 5185s
 16546547 1903987    0.02824   44   27    0.02730    0.04064  48.9%  37.8 5190s
 16564697 1905012    0.02930   49   58    0.02730    0.04063  48.9%  37.8 5195s
 16581638 1905917     cutoff   39         0.02730    0.04063  48.8%  37.8 5200s
 16597293 1906636     cutoff   41         0.02730    0.04062  48.8%  37.7 5205s
 16614785 1907304    0.03158   40   54    0.02730    0.04061  48.8%  37.7 5210s
 16630570 1908055    0.03043   36   54    0.02730    0.04060  48.7%  37.7 5215s
 16648624 1909050    0.02840   38   56    0.02730    0.04059  48.7%  37.7 5220s
 16666705 1910191     cutoff   43         0.02730    0.04058  48.7%  37.7 5225s
 16683490 1911107    0.02813   54   58    0.02730    0.04058  48.6%  37.7 5230s
 16701594 1912172    0.02948   41   49    0.02730    0.04057  48.6%  37.7 5235s
 16719753 1912928    0.02787   51   43    0.02730    0.04056  48.6%  37.7 5240s
 16738450 1913948    0.02863   46   51    0.02730    0.04055  48.5%  37.7 5245s
 16754754 1914758    0.03159   31   56    0.02730    0.04054  48.5%  37.7 5250s
 16770822 1915408    0.02972   38   48    0.02730    0.04053  48.5%  37.7 5255s
 16788621 1916333     cutoff   48         0.02730    0.04053  48.5%  37.7 5260s
 16806810 1917182    0.02995   48   50    0.02730    0.04052  48.4%  37.7 5265s
 16823489 1917763    0.03182   52   52    0.02730    0.04051  48.4%  37.7 5270s
 16841375 1918822     cutoff   48         0.02730    0.04050  48.4%  37.7 5275s
 16859567 1919690    0.02770   40   55    0.02730    0.04049  48.3%  37.7 5280s
 16877520 1920587    0.02870   48   58    0.02730    0.04048  48.3%  37.7 5285s
 16893498 1921493    0.02928   40   57    0.02730    0.04048  48.3%  37.7 5290s
 16910972 1922253    0.03770   31   53    0.02730    0.04047  48.2%  37.7 5295s
 16928152 1923072     cutoff   56         0.02730    0.04046  48.2%  37.6 5300s
 16943858 1923801    0.02903   40   52    0.02730    0.04045  48.2%  37.6 5305s
 16960824 1924646     cutoff   51         0.02730    0.04045  48.2%  37.6 5310s
 16979256 1925744     cutoff   48         0.02730    0.04044  48.1%  37.6 5315s
 16997795 1926644     cutoff   37         0.02730    0.04043  48.1%  37.6 5320s
H17011303 1921043                       0.0273450    0.04042  47.8%  37.6 5323s
 17012588 1921156    0.03647   56   59    0.02734    0.04042  47.8%  37.6 5325s
 17030236 1922007     cutoff   40         0.02734    0.04041  47.8%  37.6 5330s
 17049338 1922845    0.02886   48   58    0.02734    0.04040  47.8%  37.6 5335s
 17068838 1923688     cutoff   45         0.02734    0.04039  47.7%  37.6 5340s
 17086542 1924417    0.02900   41   47    0.02734    0.04039  47.7%  37.6 5345s
 17101847 1925060    0.03219   42   54    0.02734    0.04038  47.7%  37.6 5350s
 17120232 1926061    0.02757   39   56    0.02734    0.04037  47.6%  37.6 5355s
 17138864 1926977    0.03065   38   62    0.02734    0.04036  47.6%  37.6 5360s
 17157381 1927691     cutoff   55         0.02734    0.04035  47.6%  37.6 5365s
 17172084 1928301     cutoff   52         0.02734    0.04035  47.5%  37.6 5370s
 17189281 1929074     cutoff   33         0.02734    0.04034  47.5%  37.6 5375s
 17207617 1929878     cutoff   44         0.02734    0.04033  47.5%  37.6 5380s
 17226177 1930628    0.02972   40   54    0.02734    0.04032  47.5%  37.6 5385s
 17244769 1931733     cutoff   46         0.02734    0.04031  47.4%  37.6 5390s
 17262793 1932480    0.03095   41   47    0.02734    0.04030  47.4%  37.5 5395s
 17280994 1933116    0.03177   44   59    0.02734    0.04029  47.4%  37.5 5400s
 17300042 1934076    0.03923   40   52    0.02734    0.04028  47.3%  37.5 5405s
 17318951 1935042    0.03914   41   58    0.02734    0.04028  47.3%  37.5 5410s
 17336076 1935709     cutoff   45         0.02734    0.04027  47.3%  37.5 5415s
 17353210 1936550 infeasible   40         0.02734    0.04026  47.2%  37.5 5420s
 17371689 1937301    0.03231   35   56    0.02734    0.04025  47.2%  37.5 5425s
 17389940 1938215     cutoff   49         0.02734    0.04024  47.2%  37.5 5430s
 17407500 1938915    0.03191   35   64    0.02734    0.04024  47.1%  37.5 5435s
 17426229 1939580    0.02862   41   56    0.02734    0.04023  47.1%  37.5 5440s
 17444880 1940466    0.02820   43   57    0.02734    0.04022  47.1%  37.5 5445s
 17462745 1941224    0.02874   39   58    0.02734    0.04021  47.0%  37.5 5450s
 17481982 1942127    0.03746   37   57    0.02734    0.04020  47.0%  37.5 5455s
 17496249 1942702     cutoff   45         0.02734    0.04019  47.0%  37.5 5460s
 17513391 1943535    0.03618   32   56    0.02734    0.04019  47.0%  37.5 5465s
 17530951 1944428     cutoff   42         0.02734    0.04018  46.9%  37.5 5470s
 17549772 1945470    0.03194   48   60    0.02734    0.04017  46.9%  37.5 5475s
 17567006 1946260    0.02946   50   50    0.02734    0.04016  46.9%  37.5 5480s
 17585670 1947063    0.03487   36   62    0.02734    0.04015  46.8%  37.5 5485s
 17603920 1947948     cutoff   37         0.02734    0.04015  46.8%  37.4 5490s
 17622549 1948627    0.03896   36   63    0.02734    0.04014  46.8%  37.4 5495s
 17641591 1949539    0.03703   43   63    0.02734    0.04013  46.8%  37.4 5500s
 17660500 1950397    0.03022   33   63    0.02734    0.04012  46.7%  37.4 5505s
 17678897 1951057     cutoff   38         0.02734    0.04011  46.7%  37.4 5510s
 17698639 1951900 infeasible   55         0.02734    0.04010  46.6%  37.4 5515s
 17716073 1952892     cutoff   45         0.02734    0.04009  46.6%  37.4 5520s
 17734405 1953702     cutoff   45         0.02734    0.04009  46.6%  37.4 5525s
 17753026 1954465    0.02766   44   54    0.02734    0.04008  46.6%  37.4 5530s
 17766665 1955381     cutoff   41         0.02734    0.04007  46.5%  37.4 5535s
 17789012 1956228    0.04006   44   45    0.02734    0.04006  46.5%  37.4 5540s
 17806894 1957013     cutoff   43         0.02734    0.04005  46.5%  37.4 5545s
 17824961 1957713    0.03152   44   50    0.02734    0.04004  46.4%  37.4 5550s
 17841889 1958456     cutoff   48         0.02734    0.04004  46.4%  37.4 5555s
 17860064 1959255    0.02790   35   51    0.02734    0.04003  46.4%  37.4 5560s
 17878497 1960223    0.02742   31   62    0.02734    0.04002  46.4%  37.4 5565s
 17897772 1960984    0.03061   49   26    0.02734    0.04001  46.3%  37.4 5570s
 17915641 1961700     cutoff   46         0.02734    0.04000  46.3%  37.4 5575s
 17934334 1962954     cutoff   44         0.02734    0.03999  46.3%  37.4 5580s
 17952593 1963924    0.03998   40   48    0.02734    0.03999  46.2%  37.3 5585s
 17969172 1964580     cutoff   46         0.02734    0.03998  46.2%  37.3 5590s
H17987216 1965485                       0.0273450    0.03997  46.2%  37.3 5594s
 17987311 1965482    0.03806   48   61    0.02734    0.03997  46.2%  37.3 5595s
 18004370 1966164     cutoff   42         0.02734    0.03996  46.1%  37.3 5600s
 18022363 1966864     cutoff   36         0.02734    0.03995  46.1%  37.3 5605s
 18039283 1967445 infeasible   36         0.02734    0.03995  46.1%  37.3 5610s
 18053038 1968162     cutoff   41         0.02734    0.03994  46.1%  37.3 5615s
 18071583 1968986    0.03236   41   61    0.02734    0.03993  46.0%  37.3 5620s
 18089201 1969821    0.03584   35   55    0.02734    0.03992  46.0%  37.3 5625s
 18108082 1970620     cutoff   47         0.02734    0.03992  46.0%  37.3 5630s
 18126542 1971528    0.02804   42   51    0.02734    0.03991  45.9%  37.3 5635s
 18145886 1972290     cutoff   48         0.02734    0.03990  45.9%  37.3 5640s
 18164095 1973212     cutoff   44         0.02734    0.03989  45.9%  37.3 5645s
 18181984 1973964    0.03304   39   61    0.02734    0.03988  45.8%  37.3 5650s
 18200920 1974628    0.03889   36   54    0.02734    0.03987  45.8%  37.3 5655s
 18219956 1975423    0.03117   40   55    0.02734    0.03986  45.8%  37.3 5660s
 18238756 1976283    0.02828   39   38    0.02734    0.03986  45.8%  37.3 5665s
 18257457 1977256     cutoff   48         0.02734    0.03985  45.7%  37.3 5670s
 18274433 1977768    0.02905   40   58    0.02734    0.03984  45.7%  37.3 5675s
 18292644 1978452    0.02991   41   48    0.02734    0.03983  45.7%  37.3 5680s
 18311668 1979268    0.02974   51   54    0.02734    0.03982  45.6%  37.3 5685s
 18327276 1979889     cutoff   43         0.02734    0.03982  45.6%  37.2 5690s
 18345787 1980757    0.02914   45   59    0.02734    0.03981  45.6%  37.2 5695s
 18364133 1981705    0.03146   44   57    0.02734    0.03980  45.6%  37.2 5700s
 18380909 1982375     cutoff   42         0.02734    0.03979  45.5%  37.2 5705s
 18398443 1982977     cutoff   34         0.02734    0.03979  45.5%  37.2 5710s
 18416887 1983797     cutoff   47         0.02734    0.03978  45.5%  37.2 5715s
 18435601 1984340    0.03268   33   66    0.02734    0.03977  45.4%  37.2 5720s
 18453976 1985064     cutoff   45         0.02734    0.03976  45.4%  37.2 5725s
 18470757 1985781     cutoff   42         0.02734    0.03975  45.4%  37.2 5730s
 18489611 1986672     cutoff   45         0.02734    0.03975  45.4%  37.2 5735s
 18508016 1987468     cutoff   52         0.02734    0.03974  45.3%  37.2 5740s
 18525080 1988069     cutoff   31         0.02734    0.03973  45.3%  37.2 5745s
 18544023 1988862     cutoff   38         0.02734    0.03972  45.3%  37.2 5750s
 18559603 1989307     cutoff   45         0.02734    0.03971  45.2%  37.2 5755s
 18577960 1990144     cutoff   51         0.02734    0.03971  45.2%  37.2 5760s
 18596645 1990862     cutoff   34         0.02734    0.03970  45.2%  37.2 5765s
 18613942 1991501     cutoff   44         0.02734    0.03969  45.1%  37.2 5770s
 18632669 1992183    0.03879   32   57    0.02734    0.03968  45.1%  37.2 5775s
 18651736 1992903    0.03238   42   49    0.02734    0.03967  45.1%  37.2 5780s
 18670374 1993539    0.02879   44   56    0.02734    0.03967  45.1%  37.2 5785s
 18687865 1994344    0.03708   38   63    0.02734    0.03966  45.0%  37.2 5790s
 18706024 1995095    0.03260   44   54    0.02734    0.03965  45.0%  37.1 5795s
 18724042 1995687     cutoff   38         0.02734    0.03964  45.0%  37.1 5800s
 18742711 1996614    0.03723   43   55    0.02734    0.03964  44.9%  37.1 5805s
 18759720 1997267    0.02994   35   64    0.02734    0.03963  44.9%  37.1 5810s
 18778303 1997975    0.02997   46   41    0.02734    0.03962  44.9%  37.1 5815s
 18792120 1998500     cutoff   41         0.02734    0.03961  44.9%  37.1 5820s
 18810049 1999240    0.03274   28   55    0.02734    0.03961  44.8%  37.1 5825s
 18829231 2000155    0.02910   54   42    0.02734    0.03960  44.8%  37.1 5830s
 18846684 2000769     cutoff   35         0.02734    0.03959  44.8%  37.1 5835s
 18865465 2001492     cutoff   33         0.02734    0.03958  44.8%  37.1 5840s
 18884385 2002412    0.02806   45   37    0.02734    0.03958  44.7%  37.1 5845s
 18902787 2003045    0.03925   53   54    0.02734    0.03957  44.7%  37.1 5850s
 18921768 2003877     cutoff   45         0.02734    0.03956  44.7%  37.1 5855s
 18939156 2004552    0.02785   42   69    0.02734    0.03955  44.6%  37.1 5860s
 18958594 2005268    0.03038   44   54    0.02734    0.03954  44.6%  37.1 5865s
 18974054 2005742 infeasible   40         0.02734    0.03954  44.6%  37.1 5870s
 18991940 2006721    0.02892   42   55    0.02734    0.03953  44.6%  37.1 5875s
 19010093 2007627    0.03447   41   55    0.02734    0.03952  44.5%  37.1 5880s
 19027310 2008370    0.03255   47   55    0.02734    0.03952  44.5%  37.1 5885s
 19046163 2009153    0.02900   33   52    0.02734    0.03951  44.5%  37.1 5890s
 19064613 2009813    0.02846   41   57    0.02734    0.03950  44.5%  37.1 5895s
 19083197 2010695     cutoff   44         0.02734    0.03949  44.4%  37.0 5900s
 19097613 2011213    0.02822   42   59    0.02734    0.03949  44.4%  37.0 5905s
 19115147 2011960     cutoff   43         0.02734    0.03948  44.4%  37.0 5910s
 19134570 2012748     cutoff   43         0.02734    0.03947  44.3%  37.0 5915s
 19153372 2013426     cutoff   44         0.02734    0.03946  44.3%  37.0 5920s
 19171640 2014117    0.02849   39   52    0.02734    0.03946  44.3%  37.0 5925s
 19189902 2014638     cutoff   43         0.02734    0.03945  44.3%  37.0 5930s
 19209336 2015371    0.03938   42   54    0.02734    0.03944  44.2%  37.0 5935s
 19228084 2016321    0.03359   39   58    0.02734    0.03943  44.2%  37.0 5940s
 19244456 2017136    0.03284   43   47    0.02734    0.03943  44.2%  37.0 5945s
 19263062 2017945    0.03088   37   55    0.02734    0.03942  44.2%  37.0 5950s
 19281231 2018763    0.03883   35   65    0.02734    0.03941  44.1%  37.0 5955s
 19299230 2019314     cutoff   42         0.02734    0.03940  44.1%  37.0 5960s
 19317660 2020211    0.03094   43   49    0.02734    0.03940  44.1%  37.0 5965s
 19335893 2020894    0.03788   39   53    0.02734    0.03939  44.0%  37.0 5970s
 19352171 2021757    0.03778   41   58    0.02734    0.03938  44.0%  37.0 5975s
 19367964 2022380     cutoff   47         0.02734    0.03938  44.0%  37.0 5980s
 19386119 2023107     cutoff   57         0.02734    0.03937  44.0%  37.0 5985s
 19405031 2024038     cutoff   40         0.02734    0.03936  43.9%  37.0 5990s
 19424213 2024964     cutoff   46         0.02734    0.03935  43.9%  37.0 5995s
 19443117 2025609    0.03334   40   68    0.02734    0.03934  43.9%  37.0 6000s
 19461531 2026266     cutoff   45         0.02734    0.03934  43.9%  36.9 6005s
 19477820 2027128 infeasible   36         0.02734    0.03933  43.8%  36.9 6011s
 19495160 2027571    0.03148   41   55    0.02734    0.03932  43.8%  36.9 6015s
 19513560 2028225    0.03031   47   60    0.02734    0.03932  43.8%  36.9 6020s
 19533492 2028934    0.02858   44   56    0.02734    0.03931  43.8%  36.9 6025s
 19551837 2029688    0.03403   41   54    0.02734    0.03930  43.7%  36.9 6030s
 19569584 2030573 infeasible   53         0.02734    0.03929  43.7%  36.9 6035s
 19588684 2031223    0.02813   49   56    0.02734    0.03929  43.7%  36.9 6040s
 19607051 2031966    0.03893   35   65    0.02734    0.03928  43.6%  36.9 6045s
 19624173 2032515    0.03268   31   51    0.02734    0.03927  43.6%  36.9 6050s
 19638300 2033220    0.03519   36   53    0.02734    0.03927  43.6%  36.9 6055s
 19657102 2033851     cutoff   46         0.02734    0.03926  43.6%  36.9 6060s
 19676301 2034630    0.02994   39   62    0.02734    0.03925  43.5%  36.9 6065s
 19695262 2035297     cutoff   59         0.02734    0.03924  43.5%  36.9 6070s
 19713897 2036058    0.03329   34   58    0.02734    0.03923  43.5%  36.9 6075s
 19731662 2036779    0.03175   54   57    0.02734    0.03923  43.5%  36.9 6080s
 19750822 2037519    0.02945   38   64    0.02734    0.03922  43.4%  36.9 6085s
 19768791 2038193     cutoff   45         0.02734    0.03921  43.4%  36.9 6090s
 19789067 2039034    0.03725   43   56    0.02734    0.03920  43.4%  36.9 6095s
 19807916 2039617    0.02951   48   59    0.02734    0.03920  43.3%  36.9 6100s
 19827375 2040308    0.03859   36   38    0.02734    0.03919  43.3%  36.9 6105s
 19846463 2041021     cutoff   35         0.02734    0.03918  43.3%  36.8 6110s
 19864972 2041697    0.03820   33   53    0.02734    0.03917  43.3%  36.8 6115s
 19882744 2042243     cutoff   40         0.02734    0.03917  43.2%  36.8 6120s
 19900832 2043136     cutoff   51         0.02734    0.03916  43.2%  36.8 6125s
 19920044 2043946     cutoff   38         0.02734    0.03915  43.2%  36.8 6130s
 19936723 2044867     cutoff   44         0.02734    0.03914  43.1%  36.8 6135s
 19954717 2045615     cutoff   47         0.02734    0.03914  43.1%  36.8 6140s
 19973694 2046774     cutoff   53         0.02734    0.03913  43.1%  36.8 6145s
 19990219 2047441     cutoff   47         0.02734    0.03912  43.1%  36.8 6150s
 20009485 2048124    0.03669   38   56    0.02734    0.03912  43.0%  36.8 6155s
 20026251 2048765     cutoff   36         0.02734    0.03911  43.0%  36.8 6160s
 20044564 2049667     cutoff   40         0.02734    0.03910  43.0%  36.8 6165s
 20063268 2050434     cutoff   35         0.02734    0.03909  43.0%  36.8 6170s
 20081717 2051012    0.03022   35   58    0.02734    0.03909  42.9%  36.8 6175s
 20098607 2051503    0.02751   42   57    0.02734    0.03908  42.9%  36.8 6180s
 20117164 2052212     cutoff   41         0.02734    0.03907  42.9%  36.8 6185s
 20136670 2053168    0.03249   50   45    0.02734    0.03907  42.9%  36.8 6190s
 20155342 2053973    0.02947   40   53    0.02734    0.03906  42.8%  36.8 6195s
 20173159 2054725    0.03888   33   66    0.02734    0.03905  42.8%  36.8 6200s
 20191953 2055526    0.03191   43   55    0.02734    0.03904  42.8%  36.8 6205s
 20210949 2056194     cutoff   39         0.02734    0.03904  42.8%  36.8 6210s
 20229023 2056894    0.03199   55   34    0.02734    0.03903  42.7%  36.8 6215s
 20247023 2057297    0.03067   44   56    0.02734    0.03902  42.7%  36.7 6220s
 20266067 2057781    0.03380   43   63    0.02734    0.03901  42.7%  36.7 6225s
 20284543 2058647    0.03413   40   59    0.02734    0.03901  42.6%  36.7 6230s
 20304713 2059403    0.02793   45   57    0.02734    0.03900  42.6%  36.7 6235s
 20322259 2060164     cutoff   50         0.02734    0.03899  42.6%  36.7 6240s
 20339626 2060687     cutoff   41         0.02734    0.03898  42.6%  36.7 6245s
 20357922 2061405    0.03338   43   54    0.02734    0.03898  42.5%  36.7 6250s
 20375648 2061927    0.03660   50   59    0.02734    0.03897  42.5%  36.7 6255s
 20393649 2062650    0.03826   45   62    0.02734    0.03896  42.5%  36.7 6260s
 20411767 2063367    0.03805   38   58    0.02734    0.03896  42.5%  36.7 6265s
 20431335 2063983     cutoff   43         0.02734    0.03895  42.4%  36.7 6270s
 20450563 2064679     cutoff   43         0.02734    0.03894  42.4%  36.7 6275s
 20468830 2065245    0.03823   30   64    0.02734    0.03893  42.4%  36.7 6280s
 20482809 2065973 infeasible   44         0.02734    0.03893  42.4%  36.7 6285s
 20500969 2066545 infeasible   49         0.02734    0.03892  42.3%  36.7 6290s
 20520177 2067395     cutoff   44         0.02734    0.03891  42.3%  36.7 6295s
 20538952 2067970 infeasible   48         0.02734    0.03891  42.3%  36.7 6300s
 20557895 2068764     cutoff   43         0.02734    0.03890  42.3%  36.7 6305s
 20575919 2069150    0.03018   44   63    0.02734    0.03889  42.2%  36.7 6310s
 20595036 2070084     cutoff   43         0.02734    0.03888  42.2%  36.7 6315s
 20614151 2070944    0.03615   56   58    0.02734    0.03888  42.2%  36.7 6320s
 20633158 2071565    0.03802   39   60    0.02734    0.03887  42.1%  36.6 6325s
 20651396 2072398    0.02748   41   54    0.02734    0.03886  42.1%  36.6 6330s
 20670232 2072911    0.02884   47   54    0.02734    0.03886  42.1%  36.6 6335s
 20689819 2073709     cutoff   36         0.02734    0.03885  42.1%  36.6 6340s
 20708516 2074433     cutoff   41         0.02734    0.03884  42.0%  36.6 6345s
 20723969 2074810 infeasible   42         0.02734    0.03883  42.0%  36.6 6350s
 20743430 2075341     cutoff   39         0.02734    0.03883  42.0%  36.6 6355s
 20761904 2075943     cutoff   47         0.02734    0.03882  42.0%  36.6 6360s
 20781212 2076582     cutoff   36         0.02734    0.03881  41.9%  36.6 6365s
 20797777 2077109    0.02821   38   61    0.02734    0.03881  41.9%  36.6 6370s
 20817597 2077795    0.03143   45   53    0.02734    0.03880  41.9%  36.6 6375s
 20837199 2078376    0.02845   48   58    0.02734    0.03879  41.9%  36.6 6380s
 20856338 2078974    0.03093   47   52    0.02734    0.03878  41.8%  36.6 6385s
 20874960 2079743     cutoff   49         0.02734    0.03878  41.8%  36.6 6390s
 20889361 2080340     cutoff   45         0.02734    0.03877  41.8%  36.6 6395s
 20908456 2081028    0.03188   42   56    0.02734    0.03876  41.8%  36.6 6400s
 20926868 2081669    0.02998   46   42    0.02734    0.03876  41.7%  36.6 6405s
 20946218 2082215     cutoff   44         0.02734    0.03875  41.7%  36.6 6410s
 20965186 2082799     cutoff   42         0.02734    0.03874  41.7%  36.6 6415s
 20981806 2083562     cutoff   51         0.02734    0.03874  41.7%  36.6 6420s
 21001886 2084249    0.03141   44   54    0.02734    0.03873  41.6%  36.6 6425s
 21020138 2084896    0.02752   42   56    0.02734    0.03872  41.6%  36.6 6430s
 21038438 2085741     cutoff   46         0.02734    0.03871  41.6%  36.5 6435s
 21055169 2086264    0.02780   39   56    0.02734    0.03871  41.6%  36.5 6440s
 21074092 2086952     cutoff   44         0.02734    0.03870  41.5%  36.5 6445s
 21092455 2087504    0.02998   48   56    0.02734    0.03869  41.5%  36.5 6450s
 21110838 2088131     cutoff   43         0.02734    0.03869  41.5%  36.5 6455s
 21128372 2088695    0.02760   40   57    0.02734    0.03868  41.5%  36.5 6460s
 21142823 2089229    0.03419   44   57    0.02734    0.03868  41.4%  36.5 6465s
 21162347 2089959     cutoff   41         0.02734    0.03867  41.4%  36.5 6470s
 21181337 2090682    0.02934   39   49    0.02734    0.03866  41.4%  36.5 6475s
 21200154 2091264     cutoff   39         0.02734    0.03865  41.4%  36.5 6480s
 21219872 2091848    0.03279   39   61    0.02734    0.03865  41.3%  36.5 6485s
 21238409 2092477     cutoff   43         0.02734    0.03864  41.3%  36.5 6490s
 21257177 2093101    0.02759   43   56    0.02734    0.03863  41.3%  36.5 6495s
 21275082 2093645    0.03862   30   69    0.02734    0.03862  41.2%  36.5 6500s
 21294147 2094182     cutoff   39         0.02734    0.03862  41.2%  36.5 6505s
 21313490 2094794    0.03258   47   47    0.02734    0.03861  41.2%  36.5 6510s
 21332359 2095622    0.03122   38   57    0.02734    0.03860  41.2%  36.5 6515s
 21350344 2096374     cutoff   41         0.02734    0.03860  41.1%  36.5 6520s
 21369524 2097021    0.03218   43   49    0.02734    0.03859  41.1%  36.5 6525s
 21388314 2097527    0.03043   44   48    0.02734    0.03858  41.1%  36.5 6530s
 21406655 2098061     cutoff   42         0.02734    0.03857  41.1%  36.5 6535s
 21423541 2098521    0.02996   51   55    0.02734    0.03857  41.0%  36.5 6540s
 21442214 2099338     cutoff   42         0.02734    0.03856  41.0%  36.4 6545s
 21462158 2099731     cutoff   39         0.02734    0.03855  41.0%  36.4 6550s
 21477150 2100045    0.02794   46   59    0.02734    0.03855  41.0%  36.4 6555s
 21494791 2100743    0.02778   43   56    0.02734    0.03854  40.9%  36.4 6560s
 21512676 2101054     cutoff   45         0.02734    0.03853  40.9%  36.4 6565s
 21530110 2101649    0.03502   49   43    0.02734    0.03853  40.9%  36.4 6570s
 21548886 2102341    0.03127   44   66    0.02734    0.03852  40.9%  36.4 6575s
 21567618 2102951    0.03534   40   58    0.02734    0.03851  40.8%  36.4 6580s
 21585883 2103696     cutoff   43         0.02734    0.03851  40.8%  36.4 6585s
 21605617 2105047     cutoff   47         0.02734    0.03850  40.8%  36.4 6590s
 21624276 2105527    0.02850   44   53    0.02734    0.03849  40.8%  36.4 6595s
 21643448 2106097     cutoff   38         0.02734    0.03849  40.7%  36.4 6600s
 21659532 2106610    0.03113   42   49    0.02734    0.03848  40.7%  36.4 6605s
 21678484 2107438     cutoff   37         0.02734    0.03847  40.7%  36.4 6610s
 21697115 2108198    0.03101   43   54    0.02734    0.03847  40.7%  36.4 6615s
 21716002 2108848    0.03057   43   51    0.02734    0.03846  40.7%  36.4 6620s
 21733783 2109511    0.02742   41   52    0.02734    0.03846  40.6%  36.4 6625s
 21752120 2110168    0.03845   36   66    0.02734    0.03845  40.6%  36.4 6630s
 21770299 2110978 infeasible   48         0.02734    0.03844  40.6%  36.4 6635s
 21789870 2111479    0.02989   37   58    0.02734    0.03844  40.6%  36.4 6640s
 21808453 2112090     cutoff   42         0.02734    0.03843  40.5%  36.4 6645s
 21824735 2112467     cutoff   43         0.02734    0.03842  40.5%  36.4 6650s
 21842578 2113000     cutoff   45         0.02734    0.03842  40.5%  36.3 6655s
 21862372 2113708     cutoff   43         0.02734    0.03841  40.5%  36.3 6660s
 21882345 2114539     cutoff   42         0.02734    0.03840  40.4%  36.3 6665s
 21902004 2115070     cutoff   43         0.02734    0.03840  40.4%  36.3 6670s
 21920946 2115615     cutoff   60         0.02734    0.03839  40.4%  36.3 6675s
 21941763 2116235     cutoff   44         0.02734    0.03838  40.4%  36.3 6680s
 21962470 2117008     cutoff   44         0.02734    0.03838  40.3%  36.3 6685s
 21983866 2117628    0.03137   46   62    0.02734    0.03837  40.3%  36.3 6690s
 22003116 2118229    0.03836   77   23    0.02734    0.03837  40.3%  36.3 6695s
 22022301 2118594    0.03137   47   55    0.02734    0.03836  40.3%  36.3 6700s
 22041270 2119291    0.02929   55   38    0.02734    0.03835  40.3%  36.3 6705s
 22060000 2119779    0.03705   36   48    0.02734    0.03835  40.2%  36.3 6710s
 22078275 2120308     cutoff   57         0.02734    0.03834  40.2%  36.3 6715s
 22097612 2120859     cutoff   36         0.02734    0.03833  40.2%  36.3 6720s
 22116372 2121687    0.03134   37   55    0.02734    0.03833  40.2%  36.3 6725s
 22134993 2122437     cutoff   43         0.02734    0.03832  40.1%  36.3 6730s
 22153391 2123275     cutoff   45         0.02734    0.03832  40.1%  36.3 6735s
 22171192 2123673     cutoff   46         0.02734    0.03831  40.1%  36.2 6740s
 22191790 2124212     cutoff   38         0.02734    0.03830  40.1%  36.2 6745s
 22211147 2124709    0.03082   45   41    0.02734    0.03829  40.0%  36.2 6750s
 22227771 2125243    0.03243   40   50    0.02734    0.03829  40.0%  36.2 6755s
 22245008 2126048     cutoff   32         0.02734    0.03828  40.0%  36.2 6760s
 22262534 2126446    0.03250   40   60    0.02734    0.03828  40.0%  36.2 6765s
 22282232 2127011    0.03618   41   59    0.02734    0.03827  40.0%  36.2 6770s
 22301470 2127731    0.02787   46   52    0.02734    0.03826  39.9%  36.2 6775s
 22320417 2128211    0.02939   40   63    0.02734    0.03826  39.9%  36.2 6780s
 22339083 2128710 infeasible   40         0.02734    0.03825  39.9%  36.2 6785s
 22358242 2129364    0.03413   40   44    0.02734    0.03824  39.9%  36.2 6790s
 22376962 2129830 infeasible   43         0.02734    0.03824  39.8%  36.2 6795s
 22396448 2130501    0.02981   40   48    0.02734    0.03823  39.8%  36.2 6800s
 22415634 2130976     cutoff   49         0.02734    0.03822  39.8%  36.2 6805s
 22433805 2131344    0.02914   48   54    0.02734    0.03822  39.8%  36.2 6810s
 22452375 2131890     cutoff   46         0.02734    0.03821  39.7%  36.2 6815s
 22470214 2132487    0.03582   35   53    0.02734    0.03820  39.7%  36.2 6820s
 22488846 2133127     cutoff   42         0.02734    0.03820  39.7%  36.2 6825s
 22506548 2133668     cutoff   38         0.02734    0.03819  39.7%  36.2 6830s
 22522785 2134002    0.02813   44   56    0.02734    0.03818  39.6%  36.2 6835s
 22541298 2135047    0.03066   45   50    0.02734    0.03818  39.6%  36.2 6840s
 22559498 2135423     cutoff   45         0.02734    0.03817  39.6%  36.2 6845s
 22578138 2135980     cutoff   45         0.02734    0.03817  39.6%  36.2 6850s
 22597382 2136428     cutoff   33         0.02734    0.03816  39.5%  36.1 6855s
 22616620 2137008    0.02980   35   57    0.02734    0.03815  39.5%  36.1 6860s
 22633634 2137470    0.03678   42   59    0.02734    0.03815  39.5%  36.1 6865s
 22653439 2138055    0.02771   46   49    0.02734    0.03814  39.5%  36.1 6870s
 22672303 2138792     cutoff   47         0.02734    0.03813  39.4%  36.1 6875s
 22692152 2139571    0.03686   36   65    0.02734    0.03813  39.4%  36.1 6880s
 22710768 2139943    0.03665   46   57    0.02734    0.03812  39.4%  36.1 6885s
 22729374 2140559     cutoff   40         0.02734    0.03811  39.4%  36.1 6890s
 22749993 2141313    0.03156   46   56    0.02734    0.03811  39.4%  36.1 6895s
 22768985 2141624    0.02880   46   44    0.02734    0.03810  39.3%  36.1 6900s
 22783203 2142141    0.02857   43   59    0.02734    0.03809  39.3%  36.1 6905s
 22801892 2142602    0.03398   44   56    0.02734    0.03809  39.3%  36.1 6910s
 22820578 2143047    0.02902   45   55    0.02734    0.03808  39.3%  36.1 6915s
 22839055 2143461    0.02849   39   50    0.02734    0.03807  39.2%  36.1 6920s
 22856645 2143889     cutoff   38         0.02734    0.03807  39.2%  36.1 6925s
 22874929 2144306    0.03238   39   60    0.02734    0.03806  39.2%  36.1 6930s
 22894832 2144734     cutoff   39         0.02734    0.03806  39.2%  36.1 6935s
 22913750 2145429    0.03256   48   52    0.02734    0.03805  39.1%  36.1 6940s
 22933086 2145853     cutoff   41         0.02734    0.03804  39.1%  36.1 6945s
 22952026 2146292     cutoff   52         0.02734    0.03804  39.1%  36.1 6950s
 22971799 2146904     cutoff   40         0.02734    0.03803  39.1%  36.1 6955s
 22990920 2147711     cutoff   41         0.02734    0.03802  39.0%  36.1 6960s
 23009845 2148167    0.03474   47   38    0.02734    0.03801  39.0%  36.1 6965s
 23026925 2149454    0.02918   38   56    0.02734    0.03801  39.0%  36.0 6970s
 23045871 2149930     cutoff   46         0.02734    0.03800  39.0%  36.0 6975s
 23064635 2150406    0.03502   41   64    0.02734    0.03800  38.9%  36.0 6980s
 23083496 2151058     cutoff   43         0.02734    0.03799  38.9%  36.0 6985s
 23100458 2151547    0.02867   38   53    0.02734    0.03798  38.9%  36.0 6990s
 23120101 2152169     cutoff   63         0.02734    0.03798  38.9%  36.0 6995s
 23139678 2152770    0.02776   49   43    0.02734    0.03797  38.9%  36.0 7000s
 23158720 2153234    0.03076   40   54    0.02734    0.03796  38.8%  36.0 7005s
 23178443 2153718     cutoff   39         0.02734    0.03796  38.8%  36.0 7010s
 23195820 2154149    0.03461   44   50    0.02734    0.03795  38.8%  36.0 7015s
 23214843 2154744 infeasible   40         0.02734    0.03794  38.8%  36.0 7020s
 23234502 2155445    0.02773   39   61    0.02734    0.03794  38.7%  36.0 7025s
 23253695 2156000    0.02995   46   56    0.02734    0.03793  38.7%  36.0 7030s
 23273357 2157019     cutoff   43         0.02734    0.03792  38.7%  36.0 7035s
 23286210 2157367    0.03725   37   65    0.02734    0.03792  38.7%  36.0 7040s
 23305378 2157749    0.03721   31   64    0.02734    0.03791  38.6%  36.0 7045s
 23324199 2158397     cutoff   40         0.02734    0.03791  38.6%  36.0 7050s
 23342968 2159107     cutoff   48         0.02734    0.03790  38.6%  36.0 7055s
 23362284 2159696    0.03103   37   58    0.02734    0.03789  38.6%  36.0 7060s
 23381669 2160150    0.02735   41   54    0.02734    0.03789  38.6%  36.0 7065s
 23399703 2160997    0.02755   47   57    0.02734    0.03788  38.5%  36.0 7070s
 23416107 2161554    0.02961   42   55    0.02734    0.03788  38.5%  36.0 7075s
 23436180 2162307     cutoff   42         0.02734    0.03787  38.5%  35.9 7080s
 23456303 2163038    0.03375   40   62    0.02734    0.03786  38.5%  35.9 7085s
 23476150 2163726     cutoff   40         0.02734    0.03786  38.4%  35.9 7090s
 23496382 2164199    0.02810   43   51    0.02734    0.03785  38.4%  35.9 7095s
 23516404 2164772     cutoff   41         0.02734    0.03784  38.4%  35.9 7100s
 23535044 2165114    0.02970   42   53    0.02734    0.03784  38.4%  35.9 7105s
 23551798 2165581     cutoff   58         0.02734    0.03783  38.3%  35.9 7110s
 23569120 2166003    0.03732   42   56    0.02734    0.03783  38.3%  35.9 7115s
 23588846 2166490    0.03774   33   61    0.02734    0.03782  38.3%  35.9 7120s
 23605769 2167033     cutoff   51         0.02734    0.03781  38.3%  35.9 7125s
 23625573 2167630     cutoff   45         0.02734    0.03781  38.3%  35.9 7130s
 23643917 2168314    0.02936   55   47    0.02734    0.03780  38.2%  35.9 7135s
 23662056 2169090    0.02824   43   52    0.02734    0.03779  38.2%  35.9 7140s
 23679808 2169628     cutoff   49         0.02734    0.03779  38.2%  35.9 7145s
 23698751 2170218    0.02947   42   57    0.02734    0.03778  38.2%  35.9 7150s
 23717690 2170919    0.03070   51   42    0.02734    0.03778  38.1%  35.9 7155s
 23736558 2171453    0.03732   34   54    0.02734    0.03777  38.1%  35.9 7160s
 23753829 2171922     cutoff   41         0.02734    0.03776  38.1%  35.9 7165s
 23772956 2172547     cutoff   44         0.02734    0.03776  38.1%  35.9 7170s
 23792225 2173123    0.03575   31   57    0.02734    0.03775  38.1%  35.9 7175s
 23809657 2173613    0.03473   46   50    0.02734    0.03774  38.0%  35.9 7180s
 23826494 2173803    0.02855   39   57    0.02734    0.03774  38.0%  35.9 7185s
 23845810 2174742     cutoff   40         0.02734    0.03773  38.0%  35.8 7190s
 23864503 2175565    0.03057   41   49    0.02734    0.03773  38.0%  35.8 7195s
 23883909 2176716    0.03118   44   54    0.02734    0.03772  37.9%  35.8 7200s
 23900189 2176943     cutoff   48         0.02734    0.03771  37.9%  35.8 7205s
 23918497 2177421     cutoff   48         0.02734    0.03771  37.9%  35.8 7210s
 23936738 2178031    0.02851   40   43    0.02734    0.03770  37.9%  35.8 7215s
 23953644 2178457    0.03086   36   60    0.02734    0.03770  37.9%  35.8 7220s
 23967575 2178819    0.03285   40   59    0.02734    0.03769  37.8%  35.8 7225s
 23985460 2179371    0.03148   41   66    0.02734    0.03769  37.8%  35.8 7230s
 24004673 2180277 infeasible   41         0.02734    0.03768  37.8%  35.8 7235s
 24022784 2180648    0.02840   45   23    0.02734    0.03767  37.8%  35.8 7240s
 24041312 2181229     cutoff   44         0.02734    0.03767  37.7%  35.8 7245s
 24059673 2181867    0.02999   42   48    0.02734    0.03766  37.7%  35.8 7250s
 24076370 2182254    0.02839   38   57    0.02734    0.03766  37.7%  35.8 7255s
 24094857 2182570     cutoff   49         0.02734    0.03765  37.7%  35.8 7260s
 24113361 2182832    0.03074   38   58    0.02734    0.03764  37.7%  35.8 7265s
 24131830 2183125    0.02861   43   60    0.02734    0.03764  37.6%  35.8 7270s
 24149237 2183477    0.02788   40   54    0.02734    0.03763  37.6%  35.8 7275s
 24167582 2183711    0.03076   39   40    0.02734    0.03762  37.6%  35.8 7280s
 24186315 2184252     cutoff   46         0.02734    0.03762  37.6%  35.8 7285s
 24205022 2184935 infeasible   45         0.02734    0.03761  37.5%  35.8 7290s
 24222922 2185251     cutoff   38         0.02734    0.03761  37.5%  35.8 7295s
 24240665 2185676     cutoff   47         0.02734    0.03760  37.5%  35.8 7300s
 24257714 2186024     cutoff   48         0.02734    0.03759  37.5%  35.8 7305s
 24276759 2186483    0.03707   45   60    0.02734    0.03759  37.5%  35.7 7310s
 24295429 2187015    0.03347   54   45    0.02734    0.03758  37.4%  35.7 7315s
 24314058 2187403    0.02976   44   55    0.02734    0.03758  37.4%  35.7 7320s
 24330299 2188070     cutoff   49         0.02734    0.03757  37.4%  35.7 7325s
 24348972 2188482     cutoff   46         0.02734    0.03756  37.4%  35.7 7330s
 24367045 2189195    0.03402   38   53    0.02734    0.03756  37.4%  35.7 7335s
 24386482 2190321    0.02773   42   59    0.02734    0.03755  37.3%  35.7 7340s
 24402879 2190619    0.02834   46   53    0.02734    0.03755  37.3%  35.7 7345s
 24420886 2190877     cutoff   46         0.02734    0.03754  37.3%  35.7 7350s
 24439257 2191252    0.03020   50   57    0.02734    0.03754  37.3%  35.7 7355s
 24457988 2191818    0.03560   39   52    0.02734    0.03753  37.2%  35.7 7360s
 24473437 2192247     cutoff   47         0.02734    0.03752  37.2%  35.7 7365s
 24491054 2192935    0.03603   35   58    0.02734    0.03752  37.2%  35.7 7370s
 24508650 2193561     cutoff   53         0.02734    0.03751  37.2%  35.7 7375s
 24526547 2194074     cutoff   43         0.02734    0.03751  37.2%  35.7 7380s
 24543856 2194443     cutoff   41         0.02734    0.03750  37.1%  35.7 7385s
 24561802 2195290    0.03054   47   57    0.02734    0.03750  37.1%  35.7 7390s
 24579802 2195844     cutoff   37         0.02734    0.03749  37.1%  35.7 7395s
 24595298 2196239     cutoff   35         0.02734    0.03748  37.1%  35.7 7400s
 24612359 2196662    0.03703   49   53    0.02734    0.03748  37.1%  35.7 7405s
 24630457 2197112    0.03228   43   57    0.02734    0.03747  37.0%  35.7 7410s
 24646728 2198065    0.02857   89    6    0.02734    0.03747  37.0%  35.7 7415s
 24664951 2198488    0.03746   47   55    0.02734    0.03746  37.0%  35.7 7420s
 24683616 2199052    0.02803   41   51    0.02734    0.03746  37.0%  35.7 7425s
 24700936 2199497    0.02790   48   61    0.02734    0.03745  37.0%  35.6 7430s
 24716925 2199943     cutoff   41         0.02734    0.03745  36.9%  35.6 7435s
 24734415 2200257     cutoff   48         0.02734    0.03744  36.9%  35.6 7440s
 24752281 2200786 infeasible   50         0.02734    0.03744  36.9%  35.6 7445s
 24769770 2201398    0.02786   39   54    0.02734    0.03743  36.9%  35.6 7450s
 24787615 2201932    0.02744   58   36    0.02734    0.03743  36.9%  35.6 7455s
 24803227 2202381 infeasible   45         0.02734    0.03742  36.8%  35.6 7460s
 24820296 2203343    0.02758   49   36    0.02734    0.03741  36.8%  35.6 7465s
 24837309 2203884     cutoff   58         0.02734    0.03741  36.8%  35.6 7470s
 24853213 2204446    0.03501   44   52    0.02734    0.03740  36.8%  35.6 7475s
 24871264 2204902     cutoff   43         0.02734    0.03740  36.8%  35.6 7480s
 24884466 2205103     cutoff   36         0.02734    0.03739  36.7%  35.6 7485s
 24901706 2205723     cutoff   39         0.02734    0.03739  36.7%  35.6 7490s
 24919623 2206319    0.03374   45   44    0.02734    0.03738  36.7%  35.6 7495s
 24938022 2207037    0.02847   51   58    0.02734    0.03738  36.7%  35.6 7500s
 24955839 2207929    0.03354   46   57    0.02734    0.03737  36.7%  35.6 7505s
 24974732 2208736    0.03046   46   52    0.02734    0.03737  36.6%  35.6 7510s
 24993079 2209973    0.03274   38   60    0.02734    0.03736  36.6%  35.6 7515s
 25013050 2211792    0.02768   93   13    0.02734    0.03736  36.6%  35.6 7520s
 25039966 2215397     cutoff   45         0.02734    0.03735  36.6%  35.5 7525s
 25066249 2218497    0.02802   94   12    0.02734    0.03735  36.6%  35.5 7530s
 25089341 2220998    0.02735   91   13    0.02734    0.03735  36.6%  35.5 7535s
 25110056 2222277    0.03358   42   55    0.02734    0.03734  36.6%  35.5 7540s
 25128704 2223391     cutoff   48         0.02734    0.03734  36.5%  35.5 7545s
 25145154 2224326    0.03296   47   55    0.02734    0.03733  36.5%  35.5 7550s
 25163906 2225198     cutoff   43         0.02734    0.03733  36.5%  35.5 7555s
 25180851 2226221     cutoff   46         0.02734    0.03733  36.5%  35.5 7560s
 25198873 2226995    0.02793   48   52    0.02734    0.03732  36.5%  35.5 7565s
 25214728 2227541    0.02929   48   55    0.02734    0.03732  36.5%  35.5 7570s
 25232069 2228052    0.02960   50   57    0.02734    0.03731  36.4%  35.5 7575s
 25249809 2228641     cutoff   44         0.02734    0.03731  36.4%  35.5 7580s
 25270708 2231092     cutoff   72         0.02734    0.03730  36.4%  35.4 7585s
 25296388 2232724     cutoff   70         0.02734    0.03730  36.4%  35.4 7590s
 25317332 2233692    0.03637   49   56    0.02734    0.03730  36.4%  35.4 7595s
 25337436 2234622     cutoff   46         0.02734    0.03730  36.4%  35.4 7600s
 25355626 2235415     cutoff   49         0.02734    0.03729  36.4%  35.4 7605s
 25372493 2236156    0.02736   45   55    0.02734    0.03729  36.4%  35.4 7610s
 25389629 2236841    0.03441   39   54    0.02734    0.03728  36.3%  35.4 7615s
 25407029 2237271     cutoff   35         0.02734    0.03728  36.3%  35.4 7620s
 25421085 2237737     cutoff   41         0.02734    0.03727  36.3%  35.4 7625s
 25439810 2238417    0.02929   56   56    0.02734    0.03727  36.3%  35.4 7630s
 25457071 2238781    0.03447   47   59    0.02734    0.03726  36.3%  35.4 7635s
 25475686 2239188    0.02922   44   54    0.02734    0.03726  36.2%  35.4 7640s
 25496228 2240079    0.02786   47   36    0.02734    0.03725  36.2%  35.4 7645s
 25516147 2240755 infeasible   41         0.02734    0.03725  36.2%  35.4 7650s
 25535946 2241452    0.03500   37   62    0.02734    0.03724  36.2%  35.4 7655s
 25554343 2241939    0.02905   42   58    0.02734    0.03724  36.2%  35.3 7660s
 25570084 2242295    0.03209   47   54    0.02734    0.03723  36.2%  35.3 7665s
 25589386 2242845     cutoff   55         0.02734    0.03723  36.1%  35.3 7670s
 25609056 2243448     cutoff   44         0.02734    0.03722  36.1%  35.3 7675s
 25627567 2244355     cutoff   48         0.02734    0.03721  36.1%  35.3 7680s
 25647341 2244993    0.02790   30   60    0.02734    0.03721  36.1%  35.3 7685s
 25666297 2245532    0.02772   43   52    0.02734    0.03720  36.1%  35.3 7690s
 25685280 2246261    0.02735   39   59    0.02734    0.03720  36.0%  35.3 7695s
 25705520 2247320    0.03168   36   56    0.02734    0.03719  36.0%  35.3 7700s
 25725221 2248231    0.02772   46   55    0.02734    0.03719  36.0%  35.3 7705s
 25744148 2248949     cutoff   34         0.02734    0.03718  36.0%  35.3 7710s
 25763322 2249654    0.03717   37   52    0.02734    0.03717  35.9%  35.3 7715s
 25781559 2250193     cutoff   47         0.02734    0.03717  35.9%  35.3 7720s
 25801596 2250836    0.02887   50   59    0.02734    0.03716  35.9%  35.3 7725s
 25816836 2251543    0.02878   48   57    0.02734    0.03716  35.9%  35.3 7730s
 25835808 2252015    0.02994   43   52    0.02734    0.03715  35.9%  35.3 7735s
 25855258 2252583     cutoff   50         0.02734    0.03715  35.8%  35.3 7740s
 25874560 2253506    0.03061   33   52    0.02734    0.03714  35.8%  35.3 7745s
 25894882 2254079    0.02740   51   40    0.02734    0.03714  35.8%  35.3 7750s
 25914476 2254703    0.03024   39   53    0.02734    0.03713  35.8%  35.3 7755s
 25934681 2255252     cutoff   52         0.02734    0.03712  35.8%  35.3 7760s
 25953650 2255728    0.03047   43   61    0.02734    0.03712  35.7%  35.3 7765s
 25973345 2256348     cutoff   41         0.02734    0.03711  35.7%  35.2 7770s
 25992848 2256829     cutoff   47         0.02734    0.03711  35.7%  35.2 7775s
 26010641 2257270    0.03519   40   58    0.02734    0.03710  35.7%  35.2 7780s
 26029078 2257849    0.03017   39   55    0.02734    0.03710  35.7%  35.2 7785s
 26047994 2258402    0.02947   45   57    0.02734    0.03709  35.6%  35.2 7790s
 26067607 2258773    0.03142   37   57    0.02734    0.03708  35.6%  35.2 7795s
 26085260 2259298    0.03263   45   58    0.02734    0.03708  35.6%  35.2 7800s
 26103604 2259736    0.02779   47   53    0.02734    0.03707  35.6%  35.2 7805s
 26124185 2260369     cutoff   42         0.02734    0.03707  35.6%  35.2 7810s
 26143553 2260911    0.03704   51   33    0.02734    0.03706  35.5%  35.2 7815s
 26160990 2261320    0.03223   45   48    0.02734    0.03706  35.5%  35.2 7820s
 26179381 2261911    0.03705   40   63    0.02734    0.03705  35.5%  35.2 7825s
 26198903 2262567     cutoff   36         0.02734    0.03705  35.5%  35.2 7830s
 26218749 2263057    0.02888   54   49    0.02734    0.03704  35.5%  35.2 7835s
 26235940 2263742    0.03302   46   42    0.02734    0.03703  35.4%  35.2 7840s
 26255859 2264392    0.03178   35   47    0.02734    0.03703  35.4%  35.2 7845s
 26275554 2264927    0.03100   40   56    0.02734    0.03702  35.4%  35.2 7850s
 26293624 2265292     cutoff   42         0.02734    0.03702  35.4%  35.2 7855s
 26312053 2265833    0.03562   42   61    0.02734    0.03701  35.4%  35.2 7860s
 26329898 2266474    0.02768   48   59    0.02734    0.03701  35.3%  35.2 7865s
 26349562 2267079    0.02913   42   54    0.02734    0.03700  35.3%  35.2 7870s
 26368793 2267558    0.03700   39   54    0.02734    0.03700  35.3%  35.2 7875s
 26387990 2268750     cutoff   50         0.02734    0.03699  35.3%  35.1 7880s
 26407587 2269487    0.02788   62   20    0.02734    0.03699  35.3%  35.1 7885s
 26427924 2270095     cutoff   37         0.02734    0.03698  35.2%  35.1 7890s
 26446092 2270702    0.03648   40   49    0.02734    0.03698  35.2%  35.1 7895s
 26464975 2271508    0.02969   55   34    0.02734    0.03697  35.2%  35.1 7900s
 26483594 2272138     cutoff   37         0.02734    0.03697  35.2%  35.1 7905s
 26503442 2272832 infeasible   44         0.02734    0.03696  35.2%  35.1 7910s
 26522862 2273449    0.03455   43   58    0.02734    0.03696  35.1%  35.1 7915s
 26543265 2274018     cutoff   37         0.02734    0.03695  35.1%  35.1 7920s
 26562551 2274527    0.03270   44   55    0.02734    0.03694  35.1%  35.1 7925s
 26580562 2275104     cutoff   47         0.02734    0.03694  35.1%  35.1 7930s
 26596831 2275734 infeasible   36         0.02734    0.03693  35.1%  35.1 7935s
 26617062 2276500    0.03254   42   62    0.02734    0.03693  35.0%  35.1 7940s
 26636203 2277194     cutoff   49         0.02734    0.03692  35.0%  35.1 7945s
 26653352 2277907    0.02875   80   24    0.02734    0.03692  35.0%  35.1 7950s
 26673329 2278382     cutoff   42         0.02734    0.03691  35.0%  35.1 7955s
 26693397 2279024     cutoff   40         0.02734    0.03691  35.0%  35.1 7960s
 26711618 2279652    0.03440   44   47    0.02734    0.03690  34.9%  35.1 7965s
 26730965 2280645     cutoff   51         0.02734    0.03690  34.9%  35.1 7970s
 26744761 2281186     cutoff   44         0.02734    0.03689  34.9%  35.1 7975s
 26763475 2281639     cutoff   37         0.02734    0.03689  34.9%  35.1 7980s
 26783873 2282413     cutoff   47         0.02734    0.03688  34.9%  35.1 7985s
 26803539 2282917     cutoff   31         0.02734    0.03687  34.9%  35.1 7990s
 26822232 2283254    0.03558   40   68    0.02734    0.03687  34.8%  35.0 7995s
 26841727 2283866    0.02806   40   59    0.02734    0.03686  34.8%  35.0 8000s
 26861020 2284234    0.03215   39   58    0.02734    0.03686  34.8%  35.0 8005s
 26880823 2285026     cutoff   42         0.02734    0.03685  34.8%  35.0 8010s
 26900772 2285641    0.03304   39   63    0.02734    0.03685  34.7%  35.0 8015s
 26920543 2286127    0.02735   44   41    0.02734    0.03684  34.7%  35.0 8020s
 26938816 2286484    0.03656   32   64    0.02734    0.03684  34.7%  35.0 8025s
 26957966 2286919     cutoff   44         0.02734    0.03683  34.7%  35.0 8030s
 26977004 2287471     cutoff   43         0.02734    0.03682  34.7%  35.0 8035s
 26995562 2287986    0.02756   38   54    0.02734    0.03682  34.6%  35.0 8040s
 27014857 2288555     cutoff   39         0.02734    0.03681  34.6%  35.0 8045s
 27034797 2289271    0.03304   39   58    0.02734    0.03681  34.6%  35.0 8050s
 27054142 2289716     cutoff   43         0.02734    0.03680  34.6%  35.0 8055s
 27071811 2290285    0.02748   38   44    0.02734    0.03680  34.6%  35.0 8060s
 27089838 2290490     cutoff   50         0.02734    0.03679  34.5%  35.0 8065s
 27109449 2290948     cutoff   47         0.02734    0.03679  34.5%  35.0 8070s
 27129276 2291412    0.03292   40   52    0.02734    0.03678  34.5%  35.0 8075s
 27146895 2291991     cutoff   41         0.02734    0.03678  34.5%  35.0 8080s
 27164622 2292615    0.02821   45   41    0.02734    0.03677  34.5%  35.0 8085s
 27183334 2293248    0.02801   45   27    0.02734    0.03676  34.4%  35.0 8090s
 27203058 2293964     cutoff   42         0.02734    0.03676  34.4%  35.0 8095s
 27223258 2294369    0.02800   32   63    0.02734    0.03675  34.4%  35.0 8100s
 27242710 2295242     cutoff   44         0.02734    0.03675  34.4%  34.9 8105s
 27261021 2295843    0.03026   45   53    0.02734    0.03674  34.4%  34.9 8110s
 27279981 2296046    0.03339   37   56    0.02734    0.03674  34.4%  34.9 8115s
 27300161 2296704    0.02810   48   53    0.02734    0.03673  34.3%  34.9 8120s
 27319791 2297216    0.02844   47   26    0.02734    0.03673  34.3%  34.9 8125s
 27333556 2297371     cutoff   38         0.02734    0.03672  34.3%  34.9 8130s
 27354412 2298096     cutoff   42         0.02734    0.03672  34.3%  34.9 8135s
 27374221 2298641    0.03670   61   31    0.02734    0.03671  34.3%  34.9 8140s
 27393425 2299197     cutoff   39         0.02734    0.03671  34.2%  34.9 8145s
 27410116 2299550     cutoff   38         0.02734    0.03670  34.2%  34.9 8150s
 27429981 2300155    0.03643   39   58    0.02734    0.03670  34.2%  34.9 8155s
 27449631 2300610     cutoff   48         0.02734    0.03669  34.2%  34.9 8160s
 27469199 2301002    0.03297   43   57    0.02734    0.03669  34.2%  34.9 8165s
 27488334 2301291    0.03035   51   55    0.02734    0.03668  34.1%  34.9 8170s
 27503265 2301766    0.03021   36   60    0.02734    0.03668  34.1%  34.9 8175s
 27523457 2302167    0.03201   45   55    0.02734    0.03667  34.1%  34.9 8180s
 27540256 2302412    0.02750   50   53    0.02734    0.03667  34.1%  34.9 8185s
 27557519 2302739     cutoff   49         0.02734    0.03666  34.1%  34.9 8190s
 27575674 2303255     cutoff   46         0.02734    0.03666  34.0%  34.9 8195s
 27595295 2303848    0.02939   43   56    0.02734    0.03665  34.0%  34.9 8200s
 27615243 2304108    0.03565   47   63    0.02734    0.03664  34.0%  34.9 8205s
 27634653 2304410     cutoff   45         0.02734    0.03664  34.0%  34.9 8210s
 27654624 2304914    0.02985   42   56    0.02734    0.03663  34.0%  34.9 8215s
 27674122 2305303    0.03533   41   58    0.02734    0.03663  33.9%  34.9 8220s
 27692681 2305803     cutoff   46         0.02734    0.03662  33.9%  34.9 8225s
 27711700 2306469     cutoff   70         0.02734    0.03662  33.9%  34.8 8230s
 27730365 2306671 infeasible   47         0.02734    0.03661  33.9%  34.8 8235s
 27748694 2307090    0.02756   43   54    0.02734    0.03661  33.9%  34.8 8240s
 27767699 2307537    0.02950   36   53    0.02734    0.03660  33.8%  34.8 8245s
 27785448 2308101     cutoff   43         0.02734    0.03660  33.8%  34.8 8250s
 27803177 2308390     cutoff   46         0.02734    0.03659  33.8%  34.8 8255s
 27824062 2309040    0.03072   45   53    0.02734    0.03658  33.8%  34.8 8260s
 27841615 2309268     cutoff   41         0.02734    0.03658  33.8%  34.8 8265s
 27860532 2309589     cutoff   38         0.02734    0.03657  33.7%  34.8 8270s
 27879956 2310180     cutoff   42         0.02734    0.03657  33.7%  34.8 8275s
 27898175 2310683    0.02904   45   52    0.02734    0.03656  33.7%  34.8 8280s
 27915679 2311052    0.03230   41   56    0.02734    0.03656  33.7%  34.8 8285s
 27935955 2311286    0.03627   43   53    0.02734    0.03655  33.7%  34.8 8290s
 27954710 2311844    0.02822   52   50    0.02734    0.03655  33.7%  34.8 8295s
 27974432 2312185     cutoff   49         0.02734    0.03654  33.6%  34.8 8300s
 27993199 2312408    0.03315   43   45    0.02734    0.03654  33.6%  34.8 8305s
 28010648 2312870     cutoff   49         0.02734    0.03653  33.6%  34.8 8310s
 28030026 2313271    0.02955   48   50    0.02734    0.03653  33.6%  34.8 8315s
 28048912 2313528     cutoff   39         0.02734    0.03652  33.6%  34.8 8320s
 28067781 2313806     cutoff   44         0.02734    0.03651  33.5%  34.8 8325s
 28084291 2314204     cutoff   49         0.02734    0.03651  33.5%  34.8 8330s
 28101348 2314733    0.03072   38   52    0.02734    0.03651  33.5%  34.8 8335s
 28120518 2315232    0.02768   36   56    0.02734    0.03650  33.5%  34.8 8340s
 28139896 2315538     cutoff   42         0.02734    0.03649  33.5%  34.8 8345s
 28158178 2316127    0.03141   52   50    0.02734    0.03649  33.4%  34.7 8350s
 28176217 2316492     cutoff   39         0.02734    0.03648  33.4%  34.7 8355s
 28195562 2316794    0.02984   45   54    0.02734    0.03648  33.4%  34.7 8360s
 28214939 2317273     cutoff   44         0.02734    0.03647  33.4%  34.7 8365s
 28233990 2317623     cutoff   45         0.02734    0.03647  33.4%  34.7 8370s
 28252175 2318326    0.03507   40   28    0.02734    0.03646  33.3%  34.7 8375s
 28272242 2318794    0.03373   39   57    0.02734    0.03646  33.3%  34.7 8380s
 28292037 2319273    0.02843   43   63    0.02734    0.03645  33.3%  34.7 8385s
 28310862 2319843    0.03367   40   54    0.02734    0.03645  33.3%  34.7 8390s
 28327754 2320241    0.03200   47   55    0.02734    0.03644  33.3%  34.7 8395s
 28346211 2320601    0.03090   41   47    0.02734    0.03644  33.3%  34.7 8400s
 28365569 2321207     cutoff   52         0.02734    0.03643  33.2%  34.7 8405s
 28385378 2321584     cutoff   36         0.02734    0.03643  33.2%  34.7 8410s
 28401507 2321883     cutoff   41         0.02734    0.03642  33.2%  34.7 8415s
 28421734 2322311     cutoff   47         0.02734    0.03642  33.2%  34.7 8420s
 28441173 2322752    0.02748   46   58    0.02734    0.03641  33.2%  34.7 8425s
 28460587 2323410    0.02861   44   52    0.02734    0.03641  33.1%  34.7 8430s
 28479985 2324416 infeasible   77         0.02734    0.03640  33.1%  34.7 8435s
 28494362 2324917    0.03205   47   55    0.02734    0.03640  33.1%  34.7 8440s
 28513595 2325363    0.02776   38   54    0.02734    0.03639  33.1%  34.7 8445s
 28534080 2325586     cutoff   40         0.02734    0.03639  33.1%  34.7 8450s
 28552875 2326058     cutoff   49         0.02734    0.03638  33.0%  34.7 8455s
 28572977 2326411     cutoff   38         0.02734    0.03637  33.0%  34.7 8460s
 28592938 2326897     cutoff   40         0.02734    0.03637  33.0%  34.6 8465s
 28613341 2327416    0.03134   37   54    0.02734    0.03636  33.0%  34.6 8470s
 28633492 2327974    0.03309   50   57    0.02734    0.03636  33.0%  34.6 8475s
 28653425 2328517    0.02886   51   53    0.02734    0.03635  32.9%  34.6 8480s
 28671271 2329318     cutoff   50         0.02734    0.03635  32.9%  34.6 8485s
 28690906 2330122     cutoff   45         0.02734    0.03634  32.9%  34.6 8490s
 28710972 2330993     cutoff   41         0.02734    0.03634  32.9%  34.6 8495s
 28731852 2331972    0.03594   46   61    0.02734    0.03633  32.9%  34.6 8500s
 28751535 2332619     cutoff   44         0.02734    0.03633  32.9%  34.6 8505s
 28771684 2333596     cutoff   42         0.02734    0.03632  32.8%  34.6 8510s
 28791005 2333951    0.02905   47   52    0.02734    0.03632  32.8%  34.6 8515s
 28808792 2334703    0.03466   35   55    0.02734    0.03631  32.8%  34.6 8520s
 28827408 2335063    0.03442   46   54    0.02734    0.03631  32.8%  34.6 8525s
 28847356 2335311     cutoff   45         0.02734    0.03630  32.8%  34.6 8530s
 28867880 2336232     cutoff   40         0.02734    0.03630  32.7%  34.6 8535s
 28888776 2336705    0.03418   47   54    0.02734    0.03629  32.7%  34.6 8540s
 28903340 2337052    0.03036   46   44    0.02734    0.03629  32.7%  34.6 8545s
 28923357 2337648 infeasible   43         0.02734    0.03628  32.7%  34.6 8550s
 28943370 2338340     cutoff   42         0.02734    0.03628  32.7%  34.6 8555s
 28961041 2338927    0.02892   37   60    0.02734    0.03627  32.6%  34.6 8560s
 28982912 2340207    0.02985   38   55    0.02734    0.03627  32.6%  34.6 8565s
 29005221 2342723    0.02744   98    4    0.02734    0.03626  32.6%  34.5 8570s
 29026886 2345081    0.03084   43   57    0.02734    0.03626  32.6%  34.5 8575s
 29048835 2347144 infeasible   86         0.02734    0.03626  32.6%  34.5 8580s
 29072267 2350150    0.02907   53   44    0.02734    0.03625  32.6%  34.5 8585s
 29096027 2353740    0.02954   37   57    0.02734    0.03625  32.6%  34.5 8590s
 29123091 2358306    0.03212   43   56    0.02734    0.03625  32.6%  34.5 8595s
 29147619 2362078 infeasible   91         0.02734    0.03625  32.6%  34.5 8600s
 29171273 2364629     cutoff   47         0.02734    0.03625  32.6%  34.4 8605s
 29195457 2366373    0.02776   86   15    0.02734    0.03625  32.5%  34.4 8610s
 29219497 2367453    0.03335   44   48    0.02734    0.03624  32.5%  34.4 8615s
 29242923 2368180     cutoff   35         0.02734    0.03624  32.5%  34.4 8620s
 29261983 2369010    0.02756   34   60    0.02734    0.03624  32.5%  34.4 8625s
 29278057 2369482     cutoff   47         0.02734    0.03624  32.5%  34.4 8630s
 29301065 2370362    0.03370   50   56    0.02734    0.03623  32.5%  34.4 8635s
 29321833 2371188     cutoff   43         0.02734    0.03623  32.5%  34.4 8640s
 29344161 2372102     cutoff   88         0.02734    0.03623  32.5%  34.3 8645s
 29367206 2373150    0.02757   89   11    0.02734    0.03623  32.5%  34.3 8650s
 29389313 2373980    0.03375   46   53    0.02734    0.03622  32.5%  34.3 8655s
 29408743 2374755     cutoff   39         0.02734    0.03622  32.5%  34.3 8660s
 29426660 2375439 infeasible   90         0.02734    0.03622  32.4%  34.3 8665s
 29446024 2375915 infeasible   43         0.02734    0.03621  32.4%  34.3 8670s
 29469178 2377273     cutoff   39         0.02734    0.03621  32.4%  34.3 8675s
 29492665 2378973     cutoff   46         0.02734    0.03621  32.4%  34.3 8680s
 29518466 2381299     cutoff   87         0.02734    0.03620  32.4%  34.3 8685s
 29543412 2382772 infeasible   51         0.02734    0.03620  32.4%  34.3 8690s
 29562241 2383278     cutoff   43         0.02734    0.03620  32.4%  34.2 8695s
 29581740 2383779    0.02818   41   56    0.02734    0.03619  32.4%  34.2 8700s
 29599941 2384331     cutoff   48         0.02734    0.03619  32.3%  34.2 8705s
 29618078 2385181     cutoff   50         0.02734    0.03619  32.3%  34.2 8710s
 29638481 2386063    0.03160   41   55    0.02734    0.03618  32.3%  34.2 8715s
 29658328 2386830     cutoff   44         0.02734    0.03617  32.3%  34.2 8720s
 29676051 2388052    0.03234   77   32    0.02734    0.03617  32.3%  34.2 8725s
 29696924 2388126     cutoff   53         0.02734    0.03617  32.3%  34.2 8730s
 29716103 2388991     cutoff   41         0.02734    0.03617  32.3%  34.2 8735s
 29736349 2389498    0.03616   37   54    0.02734    0.03616  32.2%  34.2 8740s
 29756394 2390408     cutoff   41         0.02734    0.03616  32.2%  34.2 8745s
 29777139 2390946     cutoff   46         0.02734    0.03615  32.2%  34.2 8750s
 29797653 2391516    0.03598   39   51    0.02734    0.03615  32.2%  34.2 8755s
 29817844 2392419 infeasible   51         0.02734    0.03614  32.2%  34.2 8760s
 29838310 2393151    0.03614   41   65    0.02734    0.03614  32.2%  34.2 8765s
 29857548 2393652    0.02817   49   58    0.02734    0.03613  32.1%  34.2 8770s
 29878942 2394109    0.02751   45   51    0.02734    0.03613  32.1%  34.2 8775s
 29898716 2394734     cutoff   46         0.02734    0.03612  32.1%  34.2 8780s
 29916590 2395193    0.03132   43   60    0.02734    0.03612  32.1%  34.1 8785s
 29936098 2396011    0.03111   40   57    0.02734    0.03611  32.1%  34.1 8790s
 29954567 2396580     cutoff   42         0.02734    0.03611  32.0%  34.1 8795s
 29973988 2397183     cutoff   49         0.02734    0.03610  32.0%  34.1 8800s
 29991997 2397852    0.03253   40   57    0.02734    0.03610  32.0%  34.1 8805s
 30011708 2398516    0.03307   47   48    0.02734    0.03609  32.0%  34.1 8810s
 30029408 2399158     cutoff   43         0.02734    0.03609  32.0%  34.1 8815s
 30049303 2399887     cutoff   38         0.02734    0.03608  32.0%  34.1 8820s
 30068327 2400528     cutoff   44         0.02734    0.03608  31.9%  34.1 8825s
 30083701 2401171    0.03372   45   56    0.02734    0.03608  31.9%  34.1 8830s
 30102224 2401737     cutoff   37         0.02734    0.03607  31.9%  34.1 8835s
 30122385 2402001    0.02736   51   52    0.02734    0.03607  31.9%  34.1 8840s
 30142013 2402920     cutoff   44         0.02734    0.03606  31.9%  34.1 8845s
 30161646 2403428    0.03120   38   54    0.02734    0.03606  31.9%  34.1 8850s
 30180325 2403892    0.03007   53   47    0.02734    0.03605  31.8%  34.1 8855s
 30200687 2404413    0.02750   40   57    0.02734    0.03605  31.8%  34.1 8860s
 30219814 2404961    0.03282   36   55    0.02734    0.03604  31.8%  34.1 8865s
 30236908 2405565     cutoff   47         0.02734    0.03604  31.8%  34.1 8870s
 30257167 2406226    0.03080   42   59    0.02734    0.03604  31.8%  34.1 8875s
 30276659 2407146     cutoff   41         0.02734    0.03603  31.8%  34.1 8880s
 30292926 2407509     cutoff   65         0.02734    0.03603  31.8%  34.1 8885s
 30312512 2408116     cutoff   41         0.02734    0.03602  31.7%  34.1 8890s
 30330260 2409201 infeasible   53         0.02734    0.03602  31.7%  34.0 8895s
 30350451 2410460    0.03222   42   55    0.02734    0.03602  31.7%  34.0 8900s
 30369831 2411678    0.02932   51   57    0.02734    0.03601  31.7%  34.0 8905s
 30391192 2413549     cutoff   41         0.02734    0.03601  31.7%  34.0 8910s
 30414950 2416051    0.02759   96   21    0.02734    0.03601  31.7%  34.0 8915s
 30437269 2417430    0.03600   90   14    0.02734    0.03601  31.7%  34.0 8920s
 30461172 2418705 infeasible   39         0.02734    0.03600  31.7%  34.0 8925s
 30481363 2419379    0.03073   39   56    0.02734    0.03600  31.7%  34.0 8930s
 30503749 2420043    0.02930   42   55    0.02734    0.03600  31.6%  34.0 8935s
 30518316 2420759    0.02976   77   21    0.02734    0.03600  31.6%  34.0 8940s
 30536855 2421350    0.02829   41   50    0.02734    0.03599  31.6%  34.0 8945s
 30555002 2422211     cutoff   51         0.02734    0.03599  31.6%  33.9 8950s
 30575200 2422685    0.02776   49   59    0.02734    0.03599  31.6%  33.9 8955s
 30593059 2423180    0.03009   45   51    0.02734    0.03598  31.6%  33.9 8960s
 30613537 2423904    0.02877   32   54    0.02734    0.03598  31.6%  33.9 8965s
 30633282 2424721    0.02764   50   61    0.02734    0.03597  31.6%  33.9 8970s
 30654169 2425514    0.03099   42   50    0.02734    0.03597  31.5%  33.9 8975s
 30674804 2426523    0.03049   37   52    0.02734    0.03597  31.5%  33.9 8980s
 30694895 2427362     cutoff   50         0.02734    0.03596  31.5%  33.9 8985s
 30715257 2427894    0.02838   47   55    0.02734    0.03596  31.5%  33.9 8990s
 30735523 2428535     cutoff   46         0.02734    0.03595  31.5%  33.9 8995s
 30755164 2429203     cutoff   46         0.02734    0.03595  31.5%  33.9 9000s
 30774351 2429827     cutoff   43         0.02734    0.03594  31.4%  33.9 9005s
 30794366 2430391     cutoff   47         0.02734    0.03594  31.4%  33.9 9010s
 30813764 2431108    0.03277   38   56    0.02734    0.03593  31.4%  33.9 9015s
 30834201 2431995    0.02777   49   53    0.02734    0.03593  31.4%  33.9 9020s
 30851949 2432589     cutoff   42         0.02734    0.03592  31.4%  33.9 9025s
 30872134 2433223    0.03310   38   54    0.02734    0.03592  31.4%  33.9 9030s
 30892926 2433962    0.02746   39   54    0.02734    0.03591  31.3%  33.9 9035s
 30913659 2434509    0.02857   51   53    0.02734    0.03591  31.3%  33.9 9040s
 30934666 2435189     cutoff   46         0.02734    0.03591  31.3%  33.9 9045s
 30955597 2435917    0.02975   44   53    0.02734    0.03590  31.3%  33.9 9050s
 30974868 2436571     cutoff   38         0.02734    0.03590  31.3%  33.8 9055s
 30995193 2437263    0.03067   50   55    0.02734    0.03589  31.3%  33.8 9060s
 31016609 2438363     cutoff   51         0.02734    0.03589  31.2%  33.8 9065s
 31034876 2438965    0.02790   43   49    0.02734    0.03588  31.2%  33.8 9070s
 31055743 2439647    0.03484   47   54    0.02734    0.03588  31.2%  33.8 9075s
 31075854 2440552     cutoff   49         0.02734    0.03587  31.2%  33.8 9080s
 31095384 2441088    0.02888   44   58    0.02734    0.03587  31.2%  33.8 9085s
 31115218 2441718    0.03291   41   58    0.02734    0.03586  31.1%  33.8 9090s
 31131774 2442367    0.03030   43   57    0.02734    0.03586  31.1%  33.8 9095s
 31151884 2442915    0.03035   43   49    0.02734    0.03585  31.1%  33.8 9100s
 31172514 2443717    0.03226   49   46    0.02734    0.03585  31.1%  33.8 9105s
 31192512 2444583    0.03064   39   50    0.02734    0.03585  31.1%  33.8 9110s
 31213422 2445261    0.03408   44   53    0.02734    0.03584  31.1%  33.8 9115s
 31234755 2446062    0.03102   34   56    0.02734    0.03584  31.1%  33.8 9120s
 31253537 2446519    0.02873   44   54    0.02734    0.03583  31.0%  33.8 9125s
 31275474 2447078    0.03488   38   55    0.02734    0.03583  31.0%  33.8 9130s
 31295536 2447909    0.03012   43   61    0.02734    0.03582  31.0%  33.8 9135s
 31315883 2449033     cutoff   39         0.02734    0.03582  31.0%  33.8 9140s
 31336123 2449518    0.03222   35   63    0.02734    0.03581  31.0%  33.8 9145s
 31355813 2450102    0.03302   41   47    0.02734    0.03581  31.0%  33.8 9150s
 31373735 2450571     cutoff   47         0.02734    0.03580  30.9%  33.8 9155s
 31394779 2451122    0.03301   46   52    0.02734    0.03580  30.9%  33.8 9160s
 31415780 2451785     cutoff   43         0.02734    0.03579  30.9%  33.7 9165s
 31436766 2452270    0.03386   51   57    0.02734    0.03579  30.9%  33.7 9170s
 31456814 2452894    0.03454   43   55    0.02734    0.03579  30.9%  33.7 9175s
 31475450 2453427 infeasible   44         0.02734    0.03578  30.9%  33.7 9180s
 31495374 2453861    0.02756   49   47    0.02734    0.03578  30.8%  33.7 9185s
 31515980 2454735     cutoff   54         0.02734    0.03577  30.8%  33.7 9190s
 31534723 2455183    0.03456   38   60    0.02734    0.03577  30.8%  33.7 9195s
 31555221 2456043     cutoff   42         0.02734    0.03576  30.8%  33.7 9200s
 31576709 2456511     cutoff   46         0.02734    0.03576  30.8%  33.7 9205s
 31597632 2457078    0.03013   42   46    0.02734    0.03575  30.7%  33.7 9210s
 31618008 2457655    0.02815   40   49    0.02734    0.03575  30.7%  33.7 9215s
 31635720 2458052     cutoff   41         0.02734    0.03574  30.7%  33.7 9220s
 31655448 2458501    0.02843   46   52    0.02734    0.03574  30.7%  33.7 9225s
 31675989 2458968    0.03083   39   56    0.02734    0.03573  30.7%  33.7 9230s
 31696580 2459843    0.03272   36   58    0.02734    0.03573  30.7%  33.7 9235s
 31714940 2460330     cutoff   43         0.02734    0.03573  30.6%  33.7 9240s
 31734343 2461093    0.03368   35   53    0.02734    0.03572  30.6%  33.7 9245s
 31753560 2461687     cutoff   48         0.02734    0.03572  30.6%  33.7 9250s
 31775188 2462289     cutoff   45         0.02734    0.03571  30.6%  33.7 9255s
 31795399 2462996     cutoff   39         0.02734    0.03571  30.6%  33.7 9260s
 31813316 2463585    0.03033   49   38    0.02734    0.03570  30.6%  33.7 9265s
 31833409 2464359     cutoff   36         0.02734    0.03570  30.5%  33.7 9270s
 31853764 2464849     cutoff   46         0.02734    0.03569  30.5%  33.7 9275s
 31873449 2465379    0.03090   48   53    0.02734    0.03569  30.5%  33.6 9280s
 31895021 2466084    0.03433   41   48    0.02734    0.03568  30.5%  33.6 9285s
 31913550 2466511    0.03466   39   64    0.02734    0.03568  30.5%  33.6 9290s
 31933844 2467224    0.02997   47   42    0.02734    0.03568  30.5%  33.6 9295s
 31949618 2467799    0.02752   48   57    0.02734    0.03567  30.5%  33.6 9300s
 31971350 2468245    0.02737   42   54    0.02734    0.03567  30.4%  33.6 9305s
 31991097 2468700     cutoff   47         0.02734    0.03566  30.4%  33.6 9310s
 32009613 2469127     cutoff   49         0.02734    0.03566  30.4%  33.6 9315s
 32030394 2469609    0.03387   39   47    0.02734    0.03565  30.4%  33.6 9320s
 32051237 2470212    0.02877   37   58    0.02734    0.03565  30.4%  33.6 9325s
 32071711 2470731    0.03323   43   57    0.02734    0.03564  30.4%  33.6 9330s
 32091787 2471396     cutoff   43         0.02734    0.03564  30.3%  33.6 9335s
 32112973 2472063 infeasible   66         0.02734    0.03564  30.3%  33.6 9340s
 32133135 2472619    0.03027   48   64    0.02734    0.03563  30.3%  33.6 9345s
 32153357 2473335    0.02745   53   51    0.02734    0.03563  30.3%  33.6 9350s
 32174930 2473921    0.03012   41   58    0.02734    0.03562  30.3%  33.6 9355s
 32187917 2474268    0.02988   44   57    0.02734    0.03562  30.3%  33.6 9360s
 32207812 2474950     cutoff   45         0.02734    0.03561  30.2%  33.6 9365s
 32229321 2475726     cutoff   47         0.02734    0.03561  30.2%  33.6 9370s
 32249214 2476269     cutoff   45         0.02734    0.03561  30.2%  33.6 9375s
 32270541 2476801    0.03200   40   62    0.02734    0.03560  30.2%  33.6 9380s
 32290479 2477294     cutoff   44         0.02734    0.03560  30.2%  33.6 9385s
 32311144 2477924    0.02739   38   54    0.02734    0.03559  30.2%  33.6 9390s
 32332471 2478336     cutoff   51         0.02734    0.03559  30.1%  33.5 9395s
 32352194 2478867    0.03129   43   51    0.02734    0.03558  30.1%  33.5 9400s
 32373456 2479409    0.03395   46   56    0.02734    0.03558  30.1%  33.5 9405s
 32393808 2480006    0.02760   40   59    0.02734    0.03557  30.1%  33.5 9410s
 32414847 2480350    0.03316   39   62    0.02734    0.03557  30.1%  33.5 9415s
 32434763 2480914     cutoff   41         0.02734    0.03556  30.1%  33.5 9420s
 32454934 2481436     cutoff   42         0.02734    0.03556  30.0%  33.5 9425s
 32473527 2481797     cutoff   43         0.02734    0.03555  30.0%  33.5 9430s
 32494283 2482665     cutoff   44         0.02734    0.03555  30.0%  33.5 9435s
 32513586 2483754     cutoff   52         0.02734    0.03555  30.0%  33.5 9440s
 32533299 2484281    0.02895   41   59    0.02734    0.03554  30.0%  33.5 9445s
 32554451 2484939     cutoff   40         0.02734    0.03554  30.0%  33.5 9450s
 32575080 2485492    0.03459   40   54    0.02734    0.03553  29.9%  33.5 9455s
 32595157 2486212    0.03373   51   45    0.02734    0.03553  29.9%  33.5 9460s
 32615178 2486858    0.02960   48   52    0.02734    0.03552  29.9%  33.5 9465s
 32634348 2487238    0.03249   41   54    0.02734    0.03552  29.9%  33.5 9470s
 32655246 2488062    0.03535   39   61    0.02734    0.03551  29.9%  33.5 9475s
 32675569 2488773     cutoff   42         0.02734    0.03551  29.9%  33.5 9480s
 32696632 2489593    0.02782   38   56    0.02734    0.03550  29.8%  33.5 9485s
 32716074 2490117     cutoff   43         0.02734    0.03550  29.8%  33.5 9490s
 32734800 2490465    0.02881   44   57    0.02734    0.03550  29.8%  33.5 9495s
 32755315 2490894     cutoff   46         0.02734    0.03549  29.8%  33.5 9500s
 32776417 2491532    0.03263   41   62    0.02734    0.03549  29.8%  33.5 9505s
 32794897 2491864    0.03537   44   32    0.02734    0.03548  29.8%  33.5 9510s
 32816109 2492493     cutoff   40         0.02734    0.03548  29.7%  33.4 9515s
 32837466 2493022    0.03538   36   57    0.02734    0.03547  29.7%  33.4 9520s
 32857536 2493510    0.03330   45   59    0.02734    0.03547  29.7%  33.4 9525s
 32877618 2493927     cutoff   50         0.02734    0.03546  29.7%  33.4 9530s
 32897446 2494603    0.03270   38   50    0.02734    0.03546  29.7%  33.4 9535s
 32916755 2494892     cutoff   45         0.02734    0.03546  29.7%  33.4 9540s
 32939424 2495586     cutoff   44         0.02734    0.03545  29.6%  33.4 9545s
 32958376 2496148     cutoff   49         0.02734    0.03545  29.6%  33.4 9550s
 32978654 2496854     cutoff   48         0.02734    0.03544  29.6%  33.4 9555s
 32999028 2497228    0.02738   40   60    0.02734    0.03544  29.6%  33.4 9560s
 33020506 2497684    0.02762   41   52    0.02734    0.03543  29.6%  33.4 9565s
 33039261 2498089    0.02744   42   52    0.02734    0.03543  29.6%  33.4 9570s
 33059121 2498587    0.03542   45   52    0.02734    0.03543  29.5%  33.4 9575s
 33079782 2499073     cutoff   49         0.02734    0.03542  29.5%  33.4 9580s
 33100246 2500029    0.03089   54   58    0.02734    0.03542  29.5%  33.4 9585s
 33117093 2500727    0.02859   38   64    0.02734    0.03541  29.5%  33.4 9590s
 33137072 2501260    0.03518   44   51    0.02734    0.03541  29.5%  33.4 9595s
 33158284 2501956    0.03441   44   62    0.02734    0.03540  29.5%  33.4 9600s
 33176918 2502342     cutoff   42         0.02734    0.03540  29.5%  33.4 9605s
 33198347 2502997     cutoff   48         0.02734    0.03539  29.4%  33.4 9610s
 33219376 2503313     cutoff   39         0.02734    0.03539  29.4%  33.4 9615s
 33239760 2503598     cutoff   54         0.02734    0.03539  29.4%  33.4 9620s
 33261358 2504172    0.03021   40   58    0.02734    0.03538  29.4%  33.4 9625s
 33279105 2504890     cutoff   46         0.02734    0.03538  29.4%  33.4 9630s
 33300160 2505588     cutoff   52         0.02734    0.03537  29.4%  33.3 9635s
 33318623 2506220    0.02905   46   53    0.02734    0.03537  29.3%  33.3 9640s
 33339361 2506951    0.03079   46   56    0.02734    0.03536  29.3%  33.3 9645s
 33357548 2507331    0.03493   38   60    0.02734    0.03536  29.3%  33.3 9650s
 33378348 2507845    0.03240   37   63    0.02734    0.03536  29.3%  33.3 9655s
 33398207 2508377     cutoff   54         0.02734    0.03535  29.3%  33.3 9660s
 33418932 2508710    0.03326   48   59    0.02734    0.03535  29.3%  33.3 9665s
 33439047 2509210    0.03018   45   58    0.02734    0.03534  29.2%  33.3 9670s
 33457155 2509601     cutoff   45         0.02734    0.03534  29.2%  33.3 9675s
 33478972 2510003    0.02860   37   58    0.02734    0.03533  29.2%  33.3 9680s
 33499883 2510712     cutoff   50         0.02734    0.03533  29.2%  33.3 9685s
 33521014 2511488     cutoff   40         0.02734    0.03532  29.2%  33.3 9690s
 33539912 2511981    0.03376   48   58    0.02734    0.03532  29.2%  33.3 9695s
 33560763 2512341    0.03430   42   56    0.02734    0.03532  29.2%  33.3 9700s
 33578676 2513058     cutoff   46         0.02734    0.03531  29.1%  33.3 9705s
 33599456 2514420    0.03033   47   53    0.02734    0.03531  29.1%  33.3 9710s
 33624449 2516894    0.03308   36   57    0.02734    0.03531  29.1%  33.3 9715s
 33645729 2518859    0.03518   80   22    0.02734    0.03530  29.1%  33.3 9720s
 33667859 2520346     cutoff   41         0.02734    0.03530  29.1%  33.3 9725s
 33689686 2522314     cutoff   52         0.02734    0.03529  29.1%  33.2 9730s
 33710578 2523257     cutoff   42         0.02734    0.03529  29.1%  33.2 9735s
 33730712 2524452    0.02986   58   42    0.02734    0.03529  29.0%  33.2 9740s
 33752846 2526278    0.02898   40   57    0.02734    0.03528  29.0%  33.2 9745s
 33774006 2527397    0.03057   37   56    0.02734    0.03528  29.0%  33.2 9750s
 33794709 2528215    0.02847   55   42    0.02734    0.03528  29.0%  33.2 9755s
 33813770 2528760    0.02842   42   52    0.02734    0.03527  29.0%  33.2 9760s
 33835158 2529632    0.02738   50   50    0.02734    0.03527  29.0%  33.2 9765s
 33855262 2530297    0.02959   48   53    0.02734    0.03526  29.0%  33.2 9770s
 33875506 2530944     cutoff   51         0.02734    0.03526  28.9%  33.2 9775s
 33893225 2531713     cutoff   47         0.02734    0.03526  28.9%  33.2 9780s
 33913938 2532669    0.02899   40   57    0.02734    0.03525  28.9%  33.2 9785s
 33934458 2533983     cutoff   49         0.02734    0.03525  28.9%  33.2 9790s
 33955498 2534784     cutoff   47         0.02734    0.03524  28.9%  33.2 9795s
 33975914 2535545    0.02902   48   55    0.02734    0.03524  28.9%  33.2 9800s
 33995297 2536253    0.02764   37   59    0.02734    0.03524  28.9%  33.2 9805s
 34016025 2537207     cutoff   55         0.02734    0.03523  28.8%  33.2 9810s
 34036897 2538167    0.03105   46   51    0.02734    0.03523  28.8%  33.2 9815s
 34056357 2538779    0.02823   44   47    0.02734    0.03522  28.8%  33.2 9820s
 34072661 2539444     cutoff   45         0.02734    0.03522  28.8%  33.2 9826s
 34092332 2540125     cutoff   58         0.02734    0.03522  28.8%  33.2 9830s
 34112342 2540554     cutoff   42         0.02734    0.03521  28.8%  33.1 9835s
 34133743 2541008     cutoff   41         0.02734    0.03521  28.8%  33.1 9840s
 34155376 2541370     cutoff   41         0.02734    0.03521  28.7%  33.1 9845s
 34174586 2541793     cutoff   41         0.02734    0.03520  28.7%  33.1 9850s
 34195845 2542207    0.03100   40   52    0.02734    0.03520  28.7%  33.1 9855s
 34216169 2542911    0.03078   38   49    0.02734    0.03519  28.7%  33.1 9860s
 34236602 2543934    0.03361   39   55    0.02734    0.03519  28.7%  33.1 9865s
H34243772 2524060                       0.0274235    0.03519  28.3%  33.1 9867s
 34254339 2524346    0.02920   86   12    0.02742    0.03519  28.3%  33.1 9870s
H34272741 2524876                       0.0274235    0.03518  28.3%  33.1 9874s
H34273565 2524945                       0.0274235    0.03518  28.3%  33.1 9875s
H34273697 2524945                       0.0274235    0.03518  28.3%  33.1 9875s
H34274026 2524988                       0.0274235    0.03518  28.3%  33.1 9875s
H34274169 2524988                       0.0274235    0.03518  28.3%  33.1 9875s
H34274305 2524988                       0.0274235    0.03518  28.3%  33.1 9875s
H34275033 2525006                       0.0274235    0.03518  28.3%  33.1 9876s
 34288025 2525575    0.02831   39   55    0.02742    0.03518  28.3%  33.1 9880s
 34309432 2526093     cutoff   46         0.02742    0.03518  28.3%  33.1 9885s
 34330114 2526627     cutoff   38         0.02742    0.03517  28.3%  33.1 9890s
 34348312 2527255    0.03418   41   55    0.02742    0.03517  28.2%  33.1 9895s
H34355873 2527619                       0.0274235    0.03517  28.2%  33.1 9897s
H34355957 2527662                       0.0274235    0.03517  28.2%  33.1 9897s
 34362381 2528020    0.03059   40   61    0.02742    0.03517  28.2%  33.1 9900s
 34382805 2528805 infeasible   83         0.02742    0.03516  28.2%  33.1 9905s
 34404120 2530203    0.03373   38   63    0.02742    0.03516  28.2%  33.1 9910s
 34424885 2531099     cutoff   43         0.02742    0.03515  28.2%  33.1 9915s
 34444752 2532016    0.03147   40   44    0.02742    0.03515  28.2%  33.1 9920s
 34462795 2532808    0.03139   35   61    0.02742    0.03515  28.2%  33.1 9925s
 34483268 2533495     cutoff   54         0.02742    0.03514  28.1%  33.1 9930s
 34504514 2534510     cutoff   40         0.02742    0.03514  28.1%  33.1 9935s
 34525250 2535135    0.02883   45   58    0.02742    0.03513  28.1%  33.1 9940s
 34543719 2535482     cutoff   39         0.02742    0.03513  28.1%  33.0 9945s
 34564811 2536242    0.03131   42   60    0.02742    0.03513  28.1%  33.0 9950s
 34586297 2536814     cutoff   46         0.02742    0.03512  28.1%  33.0 9955s
 34607312 2537463    0.02760   42   67    0.02742    0.03512  28.1%  33.0 9960s
 34626437 2537994     cutoff   41         0.02742    0.03511  28.0%  33.0 9965s
 34646776 2538792     cutoff   50         0.02742    0.03511  28.0%  33.0 9970s
 34666737 2539641    0.02903   44   56    0.02742    0.03511  28.0%  33.0 9975s
 34689060 2540149    0.02838   47   58    0.02742    0.03510  28.0%  33.0 9980s
 34708908 2540830     cutoff   45         0.02742    0.03510  28.0%  33.0 9985s
 34728471 2541726    0.03214   42   54    0.02742    0.03509  28.0%  33.0 9990s
 34749601 2542438    0.03246   37   43    0.02742    0.03509  28.0%  33.0 9995s
 34768663 2542888     cutoff   50         0.02742    0.03508  27.9%  33.0 10000s
 34789461 2543567     cutoff   39         0.02742    0.03508  27.9%  33.0 10005s
 34810548 2544405    0.02898   47   48    0.02742    0.03508  27.9%  33.0 10010s
 34832533 2545295    0.02756   80   12    0.02742    0.03507  27.9%  33.0 10015s
 34850496 2545653    0.02888   53   44    0.02742    0.03507  27.9%  33.0 10020s
 34869577 2546202     cutoff   45         0.02742    0.03506  27.9%  33.0 10025s
 34890830 2546729    0.03502   38   63    0.02742    0.03506  27.8%  33.0 10030s
 34911824 2547513    0.02843   81   14    0.02742    0.03506  27.8%  33.0 10035s
 34933886 2547998    0.03009   70   44    0.02742    0.03505  27.8%  33.0 10040s
 34955334 2548636    0.03291   47   60    0.02742    0.03505  27.8%  33.0 10045s
 34976180 2549244    0.03166   42   57    0.02742    0.03504  27.8%  33.0 10050s
 34997829 2549767     cutoff   50         0.02742    0.03504  27.8%  33.0 10055s
 35015916 2550310     cutoff   46         0.02742    0.03504  27.8%  32.9 10060s
 35037146 2551022    0.03001   44   59    0.02742    0.03503  27.7%  32.9 10065s
 35059187 2551642    0.03271   41   56    0.02742    0.03503  27.7%  32.9 10070s
 35081160 2552126     cutoff   44         0.02742    0.03502  27.7%  32.9 10075s
 35101373 2552702    0.02805   42   56    0.02742    0.03502  27.7%  32.9 10080s
 35122334 2553346    0.03243   51   50    0.02742    0.03501  27.7%  32.9 10085s
 35144638 2553808    0.02954   45   63    0.02742    0.03501  27.7%  32.9 10090s
 35165704 2555159     cutoff   46         0.02742    0.03501  27.6%  32.9 10095s
 35181786 2555567    0.03500   42   55    0.02742    0.03500  27.6%  32.9 10100s
 35203598 2557267    0.03149   39   59    0.02742    0.03500  27.6%  32.9 10105s
 35223961 2557966     cutoff   46         0.02742    0.03499  27.6%  32.9 10110s
 35244791 2558556    0.03305   44   60    0.02742    0.03499  27.6%  32.9 10115s
 35279478 2567229    0.02877   80   14    0.02742    0.03499  27.6%  32.9 10120s
 35315876 2573790    0.02868   81   14    0.02742    0.03499  27.6%  32.8 10125s
 35349703 2577998    0.02847   81   13    0.02742    0.03499  27.6%  32.8 10130s
 35382593 2581207    0.02950   82   17    0.02742    0.03499  27.6%  32.8 10135s
 35409271 2582939    0.02765   44   58    0.02742    0.03499  27.6%  32.8 10140s
 35426509 2583285     cutoff   40         0.02742    0.03498  27.6%  32.8 10145s
 35442601 2583878    0.02762   46   38    0.02742    0.03498  27.6%  32.8 10150s
 35460346 2584546     cutoff   38         0.02742    0.03498  27.5%  32.8 10155s
 35481982 2585387 infeasible   53         0.02742    0.03497  27.5%  32.8 10160s
 35503621 2587093    0.02894   35   60    0.02742    0.03497  27.5%  32.8 10165s
 35524251 2587764    0.03488   40   59    0.02742    0.03497  27.5%  32.8 10170s
 35542934 2588500     cutoff   47         0.02742    0.03496  27.5%  32.8 10175s
 35564418 2589182    0.02854   50   55    0.02742    0.03496  27.5%  32.8 10180s
 35584087 2590034 infeasible   38         0.02742    0.03496  27.5%  32.7 10185s
 35605654 2590848     cutoff   57         0.02742    0.03495  27.5%  32.7 10190s
 35626397 2591315    0.03039   33   59    0.02742    0.03495  27.4%  32.7 10195s
 35641729 2591808     cutoff   42         0.02742    0.03494  27.4%  32.7 10200s
 35661942 2592519    0.03276   40   58    0.02742    0.03494  27.4%  32.7 10205s
 35682659 2593225     cutoff   36         0.02742    0.03494  27.4%  32.7 10210s
 35701330 2594088     cutoff   38         0.02742    0.03493  27.4%  32.7 10215s
 35719278 2594569     cutoff   42         0.02742    0.03493  27.4%  32.7 10220s
 35739409 2595005    0.03105   45   55    0.02742    0.03493  27.4%  32.7 10225s
 35759534 2595419     cutoff   53         0.02742    0.03492  27.3%  32.7 10230s
 35779785 2595484    0.03226   52   54    0.02742    0.03492  27.3%  32.7 10235s
 35800196 2595992    0.03224   44   54    0.02742    0.03491  27.3%  32.7 10240s
 35821187 2596625    0.03082   43   60    0.02742    0.03491  27.3%  32.7 10245s
 35841488 2597165    0.03193   41   55    0.02742    0.03491  27.3%  32.7 10250s
 35860167 2597758    0.02855   49   55    0.02742    0.03490  27.3%  32.7 10255s
 35880354 2598112    0.03058   42   57    0.02742    0.03490  27.3%  32.7 10260s
 35901128 2598707     cutoff   51         0.02742    0.03489  27.2%  32.7 10265s
 35921988 2599498    0.03071   47   50    0.02742    0.03489  27.2%  32.7 10270s
 35940462 2599932     cutoff   40         0.02742    0.03489  27.2%  32.7 10275s
 35961039 2600417    0.03302   44   53    0.02742    0.03488  27.2%  32.7 10280s
 35979252 2601244     cutoff   51         0.02742    0.03488  27.2%  32.7 10285s
 36000182 2601784    0.03186   51   48    0.02742    0.03487  27.2%  32.7 10290s
 36017675 2602066     cutoff   44         0.02742    0.03487  27.2%  32.7 10295s
 36037301 2602401    0.03470   41   55    0.02742    0.03487  27.1%  32.7 10300s
 36057052 2602800    0.03192   47   59    0.02742    0.03486  27.1%  32.7 10305s
 36077249 2603279     cutoff   44         0.02742    0.03486  27.1%  32.6 10310s
 36097459 2603703     cutoff   47         0.02742    0.03486  27.1%  32.6 10315s
 36116304 2604224    0.02794   62   36    0.02742    0.03485  27.1%  32.6 10320s
 36135997 2604903    0.03345   43   53    0.02742    0.03485  27.1%  32.6 10325s
 36155520 2605855     cutoff   44         0.02742    0.03484  27.1%  32.6 10330s
 36175484 2606487     cutoff   43         0.02742    0.03484  27.0%  32.6 10335s
 36193664 2607100     cutoff   43         0.02742    0.03484  27.0%  32.6 10340s
 36213635 2607543    0.02964   46   50    0.02742    0.03483  27.0%  32.6 10345s
 36233003 2608187     cutoff   40         0.02742    0.03483  27.0%  32.6 10350s
 36253483 2608612    0.03392   52   56    0.02742    0.03483  27.0%  32.6 10355s
 36272177 2609112     cutoff   47         0.02742    0.03482  27.0%  32.6 10360s
 36290885 2609612     cutoff   52         0.02742    0.03482  27.0%  32.6 10365s
 36310811 2610429     cutoff   46         0.02742    0.03481  27.0%  32.6 10370s
 36328889 2611311    0.02788   54   54    0.02742    0.03481  26.9%  32.6 10375s
 36348315 2611693     cutoff   41         0.02742    0.03481  26.9%  32.6 10380s
 36361693 2612258     cutoff   49         0.02742    0.03481  26.9%  32.6 10385s
 36381142 2613408    0.02935   46   64    0.02742    0.03480  26.9%  32.6 10390s
 36399972 2614723    0.03072   40   57    0.02742    0.03480  26.9%  32.6 10395s
 36417055 2615581    0.02947   75   37    0.02742    0.03480  26.9%  32.6 10400s
 36435570 2616624    0.02876   57   49    0.02742    0.03479  26.9%  32.6 10405s
 36455222 2617343     cutoff   44         0.02742    0.03479  26.9%  32.6 10410s
 36473621 2617973     cutoff   42         0.02742    0.03479  26.8%  32.6 10415s
 36493138 2618547    0.03145   44   53    0.02742    0.03478  26.8%  32.6 10420s
 36511989 2619062     cutoff   43         0.02742    0.03478  26.8%  32.6 10425s
 36530552 2619714     cutoff   40         0.02742    0.03477  26.8%  32.6 10430s
 36549360 2620124     cutoff   41         0.02742    0.03477  26.8%  32.6 10435s
 36568311 2620549    0.02904   44   60    0.02742    0.03477  26.8%  32.5 10440s
 36588105 2621072    0.03458   42   56    0.02742    0.03476  26.8%  32.5 10445s
 36607153 2621589    0.02862   47   59    0.02742    0.03476  26.8%  32.5 10450s
 36623540 2621974    0.02795   44   55    0.02742    0.03476  26.7%  32.5 10455s
 36640468 2622290     cutoff   40         0.02742    0.03475  26.7%  32.5 10460s
 36659752 2622692    0.03140   44   51    0.02742    0.03475  26.7%  32.5 10465s
 36680173 2623104    0.02986   42   55    0.02742    0.03475  26.7%  32.5 10470s
 36699365 2623253    0.02938   41   56    0.02742    0.03474  26.7%  32.5 10475s
 36718257 2623648     cutoff   47         0.02742    0.03474  26.7%  32.5 10480s
 36736341 2624150     cutoff   35         0.02742    0.03473  26.7%  32.5 10485s
 36755504 2624500     cutoff   37         0.02742    0.03473  26.6%  32.5 10490s
 36774396 2625010     cutoff   49         0.02742    0.03473  26.6%  32.5 10495s
 36793655 2625306    0.03116   40   57    0.02742    0.03472  26.6%  32.5 10500s
 36810893 2625855     cutoff   37         0.02742    0.03472  26.6%  32.5 10505s
 36830854 2626266     cutoff   47         0.02742    0.03472  26.6%  32.5 10510s
 36850877 2627066     cutoff   48         0.02742    0.03471  26.6%  32.5 10515s
 36867176 2627590    0.02981   50   55    0.02742    0.03471  26.6%  32.5 10520s
 36886746 2628991    0.03415   39   55    0.02742    0.03471  26.6%  32.5 10525s
 36902033 2629574    0.03094   54   43    0.02742    0.03470  26.5%  32.5 10530s
 36920833 2630050    0.03385   34   57    0.02742    0.03470  26.5%  32.5 10535s
 36940758 2630532    0.03166   44   57    0.02742    0.03470  26.5%  32.5 10540s
 36960813 2630892     cutoff   47         0.02742    0.03469  26.5%  32.5 10545s
 36980761 2631471 infeasible   35         0.02742    0.03469  26.5%  32.5 10550s
 37002181 2632030 infeasible   49         0.02742    0.03468  26.5%  32.5 10555s
 37021671 2632429     cutoff   38         0.02742    0.03468  26.5%  32.5 10560s
 37040637 2632898     cutoff   54         0.02742    0.03468  26.4%  32.5 10565s
 37061485 2633429     cutoff   46         0.02742    0.03467  26.4%  32.5 10570s
 37082398 2634331     cutoff   48         0.02742    0.03467  26.4%  32.4 10575s
 37102908 2635130    0.03375   46   47    0.02742    0.03466  26.4%  32.4 10580s
 37123061 2636010     cutoff   46         0.02742    0.03466  26.4%  32.4 10585s
 37143247 2636818     cutoff   42         0.02742    0.03466  26.4%  32.4 10590s
 37163266 2637462    0.03369   34   39    0.02742    0.03465  26.4%  32.4 10595s
 37183196 2637855    0.03464   41   55    0.02742    0.03465  26.4%  32.4 10600s
 37198026 2637958 infeasible   53         0.02742    0.03465  26.3%  32.4 10605s
 37218812 2638358     cutoff   48         0.02742    0.03464  26.3%  32.4 10610s
 37239584 2638802    0.03378   40   63    0.02742    0.03464  26.3%  32.4 10615s
 37260736 2639502    0.03463   41   60    0.02742    0.03464  26.3%  32.4 10620s
 37282360 2640242     cutoff   42         0.02742    0.03463  26.3%  32.4 10625s
 37303221 2640740     cutoff   43         0.02742    0.03463  26.3%  32.4 10630s
 37323457 2641218     cutoff   46         0.02742    0.03462  26.3%  32.4 10635s
 37344359 2641692    0.03439   50   58    0.02742    0.03462  26.2%  32.4 10640s
 37365297 2642131    0.03226   41   58    0.02742    0.03462  26.2%  32.4 10645s
 37385530 2642584    0.03011   41   54    0.02742    0.03461  26.2%  32.4 10650s
 37406896 2643131 infeasible   50         0.02742    0.03461  26.2%  32.4 10655s
 37428456 2643863 infeasible   48         0.02742    0.03460  26.2%  32.4 10660s
 37444527 2644395    0.02993   52   54    0.02742    0.03460  26.2%  32.4 10665s
 37466435 2644841     cutoff   50         0.02742    0.03460  26.2%  32.4 10670s
 37487394 2645560    0.02762   40   58    0.02742    0.03459  26.1%  32.4 10675s
 37508892 2646176     cutoff   49         0.02742    0.03459  26.1%  32.4 10680s
 37530237 2646302     cutoff   50         0.02742    0.03459  26.1%  32.4 10685s
 37552078 2646835    0.03239   46   43    0.02742    0.03458  26.1%  32.4 10690s
 37573494 2647284    0.03299   43   38    0.02742    0.03458  26.1%  32.4 10695s
 37595399 2647677     cutoff   42         0.02742    0.03457  26.1%  32.3 10700s
 37617746 2648192     cutoff   44         0.02742    0.03457  26.1%  32.3 10705s
 37639518 2648629    0.03053   38   65    0.02742    0.03457  26.0%  32.3 10710s
 37662163 2649326     cutoff   68         0.02742    0.03456  26.0%  32.3 10715s
 37684459 2649792     cutoff   47         0.02742    0.03456  26.0%  32.3 10720s
 37706734 2650779    0.03441   42   67    0.02742    0.03455  26.0%  32.3 10725s
 37726838 2651208    0.03455   38   67    0.02742    0.03455  26.0%  32.3 10730s
 37748577 2651859     cutoff   41         0.02742    0.03454  26.0%  32.3 10735s
 37770000 2652368    0.02924   41   55    0.02742    0.03454  26.0%  32.3 10740s
 37792695 2653085 infeasible   48         0.02742    0.03454  25.9%  32.3 10745s
 37813003 2653596    0.03450   42   44    0.02742    0.03453  25.9%  32.3 10750s
 37832816 2654121    0.03285   45   63    0.02742    0.03453  25.9%  32.3 10755s
 37852605 2654693     cutoff   51         0.02742    0.03453  25.9%  32.3 10760s
 37874334 2655413     cutoff   49         0.02742    0.03452  25.9%  32.3 10765s
 37897355 2657758    0.03094   49   65    0.02742    0.03452  25.9%  32.3 10770s
 37917945 2659839     cutoff   52         0.02742    0.03452  25.9%  32.3 10775s
 37940747 2662097    0.02904   50   56    0.02742    0.03451  25.9%  32.3 10780s
 37962910 2664109     cutoff   79         0.02742    0.03451  25.8%  32.3 10785s
 37984888 2665880     cutoff   47         0.02742    0.03451  25.8%  32.3 10790s
 38002857 2666759     cutoff   50         0.02742    0.03451  25.8%  32.3 10795s
 38024533 2667729 infeasible   43         0.02742    0.03450  25.8%  32.2 10800s
 38046878 2668637    0.03031   36   52    0.02742    0.03450  25.8%  32.2 10805s
 38069422 2669515    0.02931   36   56    0.02742    0.03450  25.8%  32.2 10810s
 38091762 2670108    0.03193   48   56    0.02742    0.03449  25.8%  32.2 10815s
 38113647 2670772    0.02888   39   61    0.02742    0.03449  25.8%  32.2 10820s
 38135091 2671780     cutoff   51         0.02742    0.03449  25.8%  32.2 10825s
 38158521 2673166     cutoff   46         0.02742    0.03448  25.7%  32.2 10830s
 38181868 2674024     cutoff   37         0.02742    0.03448  25.7%  32.2 10835s
 38204778 2674559    0.03448   65   26    0.02742    0.03448  25.7%  32.2 10840s
 38228604 2675464    0.02759   37   58    0.02742    0.03447  25.7%  32.2 10845s
 38251063 2676362    0.03253   41   48    0.02742    0.03447  25.7%  32.2 10850s
 38272171 2677297    0.03233   42   52    0.02742    0.03447  25.7%  32.2 10855s
 38294894 2678684    0.02955   54   59    0.02742    0.03446  25.7%  32.2 10860s
 38317661 2680358     cutoff   41         0.02742    0.03446  25.7%  32.2 10865s
 38342434 2682269    0.03073   47   49    0.02742    0.03446  25.7%  32.2 10870s
 38365032 2684894     cutoff   49         0.02742    0.03446  25.6%  32.2 10875s
 38388606 2686923    0.02752   56   58    0.02742    0.03445  25.6%  32.1 10880s
 38411603 2688252    0.02840   49   43    0.02742    0.03445  25.6%  32.1 10885s
 38433945 2689285    0.03005   57   53    0.02742    0.03445  25.6%  32.1 10890s
 38454553 2690114    0.02788   42   49    0.02742    0.03444  25.6%  32.1 10895s
 38474882 2691332     cutoff   50         0.02742    0.03444  25.6%  32.1 10900s
 38492865 2691858     cutoff   43         0.02742    0.03444  25.6%  32.1 10905s
 38515052 2692580     cutoff   47         0.02742    0.03443  25.6%  32.1 10910s
 38537669 2693626     cutoff   41         0.02742    0.03443  25.5%  32.1 10915s
 38558730 2694497 infeasible   57         0.02742    0.03442  25.5%  32.1 10920s
 38581444 2695529    0.03075   46   56    0.02742    0.03442  25.5%  32.1 10925s
 38603515 2696853     cutoff   43         0.02742    0.03442  25.5%  32.1 10930s
 38626201 2698023    0.03433   41   61    0.02742    0.03441  25.5%  32.1 10935s
 38648500 2699665    0.03002   35   51    0.02742    0.03441  25.5%  32.1 10940s
 38678440 2706092    0.02811   77   11    0.02742    0.03441  25.5%  32.1 10945s
 38710210 2713532     cutoff   82         0.02742    0.03441  25.5%  32.0 10950s
 38741833 2721210     cutoff   43         0.02742    0.03441  25.5%  32.0 10955s
 38766810 2725720     cutoff   46         0.02742    0.03440  25.5%  32.0 10960s
 38786131 2726905 infeasible   44         0.02742    0.03440  25.4%  32.0 10965s
 38805016 2728169     cutoff   45         0.02742    0.03440  25.4%  32.0 10970s
 38827493 2730116    0.03358   47   57    0.02742    0.03440  25.4%  32.0 10975s
 38850736 2731411     cutoff   48         0.02742    0.03439  25.4%  32.0 10980s
 38872743 2732580    0.02806   44   50    0.02742    0.03439  25.4%  32.0 10985s
 38894543 2733942    0.03151   37   60    0.02742    0.03439  25.4%  32.0 10990s
 38915783 2735460     cutoff   41         0.02742    0.03438  25.4%  32.0 10995s
 38936861 2736860     cutoff   44         0.02742    0.03438  25.4%  32.0 11000s
 38959249 2737847    0.03372   37   60    0.02742    0.03438  25.4%  32.0 11005s
 38981768 2738890    0.02761   55   55    0.02742    0.03437  25.3%  32.0 11010s
 39001915 2739765     cutoff   50         0.02742    0.03437  25.3%  32.0 11015s
 39023893 2740721     cutoff   54         0.02742    0.03437  25.3%  32.0 11020s
 39044942 2741881     cutoff   66         0.02742    0.03436  25.3%  31.9 11025s
 39066397 2743057     cutoff   40         0.02742    0.03436  25.3%  31.9 11030s
 39086754 2743696    0.02830   33   56    0.02742    0.03436  25.3%  31.9 11035s
 39107922 2744821     cutoff   41         0.02742    0.03435  25.3%  31.9 11040s
 39131452 2746475     cutoff   80         0.02742    0.03435  25.3%  31.9 11045s
 39153881 2747777    0.03140   49   61    0.02742    0.03435  25.2%  31.9 11050s
 39173718 2748496    0.03433   38   55    0.02742    0.03434  25.2%  31.9 11055s
 39195977 2749553    0.02753   90   18    0.02742    0.03434  25.2%  31.9 11060s
 39218157 2750827    0.03076   46   61    0.02742    0.03434  25.2%  31.9 11065s
 39240733 2751830    0.03421   43   46    0.02742    0.03433  25.2%  31.9 11070s
 39261362 2753038     cutoff   51         0.02742    0.03433  25.2%  31.9 11075s
 39282958 2754122     cutoff   47         0.02742    0.03433  25.2%  31.9 11080s
 39304026 2754927    0.02801   48   46    0.02742    0.03432  25.2%  31.9 11085s
 39325016 2756032    0.03260   46   59    0.02742    0.03432  25.1%  31.9 11090s
 39344763 2757205     cutoff   49         0.02742    0.03432  25.1%  31.9 11095s
 39367174 2758086    0.03298   44   51    0.02742    0.03431  25.1%  31.9 11100s
 39389859 2759239     cutoff   45         0.02742    0.03431  25.1%  31.9 11105s
 39411695 2760223    0.02800   72   19    0.02742    0.03431  25.1%  31.9 11110s
 39428510 2760703     cutoff   45         0.02742    0.03430  25.1%  31.9 11115s
 39450510 2761482     cutoff   48         0.02742    0.03430  25.1%  31.9 11120s
 39471780 2762675    0.02789   45   51    0.02742    0.03430  25.1%  31.8 11125s
 39493860 2764260    0.03020   38   64    0.02742    0.03429  25.0%  31.8 11130s
 39514865 2765479    0.03404   43   57    0.02742    0.03429  25.0%  31.8 11135s
 39537080 2766793    0.03429   72   15    0.02742    0.03429  25.0%  31.8 11140s
 39559228 2768415     cutoff   41         0.02742    0.03428  25.0%  31.8 11145s
 39582237 2769732    0.03102   48   53    0.02742    0.03428  25.0%  31.8 11150s
 39603995 2770509    0.03200   42   54    0.02742    0.03428  25.0%  31.8 11155s
 39626664 2771780    0.02744   53   55    0.02742    0.03427  25.0%  31.8 11160s
 39648360 2772486    0.03326   39   53    0.02742    0.03427  25.0%  31.8 11165s
 39668664 2773449    0.02759   51   46    0.02742    0.03427  25.0%  31.8 11170s
 39690170 2774224    0.03426   74   12    0.02742    0.03426  24.9%  31.8 11175s
 39711606 2775333     cutoff   46         0.02742    0.03426  24.9%  31.8 11180s
 39732332 2776346     cutoff   47         0.02742    0.03426  24.9%  31.8 11185s
 39755552 2780671 infeasible   95         0.02742    0.03425  24.9%  31.8 11190s
 39789908 2795485     cutoff   71         0.02742    0.03425  24.9%  31.8 11195s
 39816219 2802939    0.03028   44   53    0.02742    0.03425  24.9%  31.7 11200s
 39834559 2803872 infeasible   69         0.02742    0.03425  24.9%  31.7 11205s
 39852423 2804620     cutoff   51         0.02742    0.03425  24.9%  31.7 11210s
 39872949 2805638    0.02891   43   53    0.02742    0.03424  24.9%  31.7 11215s
 39895443 2806719    0.03424   79   11    0.02742    0.03424  24.9%  31.7 11220s
 39917059 2807686    0.02759   98    9    0.02742    0.03424  24.8%  31.7 11225s
 39939986 2808535    0.03422   42   54    0.02742    0.03423  24.8%  31.7 11230s
 39961595 2809265    0.02766   44   53    0.02742    0.03423  24.8%  31.7 11235s
 39983658 2810549     cutoff   45         0.02742    0.03423  24.8%  31.7 11240s
 40006485 2811872     cutoff   38         0.02742    0.03422  24.8%  31.7 11245s
 40028883 2812934    0.02857   43   56    0.02742    0.03422  24.8%  31.7 11250s
 40048366 2813773    0.02863   46   55    0.02742    0.03421  24.8%  31.7 11255s
 40070386 2814284     cutoff   43         0.02742    0.03421  24.8%  31.7 11260s
 40092109 2815166     cutoff   52         0.02742    0.03421  24.7%  31.7 11265s
 40113829 2815997    0.03376   37   62    0.02742    0.03420  24.7%  31.7 11270s
 40135370 2816813 infeasible   38         0.02742    0.03420  24.7%  31.7 11275s
 40156851 2817308     cutoff   52         0.02742    0.03420  24.7%  31.7 11280s
 40176981 2818012     cutoff   54         0.02742    0.03419  24.7%  31.7 11285s
 40198959 2818929     cutoff   48         0.02742    0.03419  24.7%  31.7 11290s
 40220662 2819587     cutoff   50         0.02742    0.03419  24.7%  31.7 11295s
 40242269 2820509    0.02892   51   52    0.02742    0.03418  24.6%  31.7 11300s
 40263517 2821112    0.02836   54   54    0.02742    0.03418  24.6%  31.7 11305s
 40283611 2821916    0.02996   44   52    0.02742    0.03418  24.6%  31.6 11310s
 40304674 2822942    0.02941   51   50    0.02742    0.03417  24.6%  31.6 11315s
 40325309 2823966    0.02751   47   48    0.02742    0.03417  24.6%  31.6 11320s
 40345409 2824389    0.03024   40   59    0.02742    0.03417  24.6%  31.6 11325s
 40365573 2825204    0.03294   51   57    0.02742    0.03416  24.6%  31.6 11330s
 40387222 2825841    0.02890   42   56    0.02742    0.03416  24.6%  31.6 11335s
 40408311 2826612    0.03405   34   56    0.02742    0.03416  24.5%  31.6 11340s
 40429724 2827628    0.03247   48   41    0.02742    0.03415  24.5%  31.6 11345s
 40451483 2828630    0.03079   44   55    0.02742    0.03415  24.5%  31.6 11350s
 40470347 2829003    0.02852   51   57    0.02742    0.03414  24.5%  31.6 11355s
 40491873 2829961     cutoff   51         0.02742    0.03414  24.5%  31.6 11360s
 40511097 2830810 infeasible   58         0.02742    0.03414  24.5%  31.6 11365s
 40534078 2832242    0.02864   43   51    0.02742    0.03414  24.5%  31.6 11370s
 40553014 2832721     cutoff   59         0.02742    0.03413  24.5%  31.6 11375s
 40573281 2833114    0.03400   45   55    0.02742    0.03413  24.4%  31.6 11380s
 40594245 2833925    0.03057   44   44    0.02742    0.03412  24.4%  31.6 11385s
 40615579 2834590     cutoff   49         0.02742    0.03412  24.4%  31.6 11390s
 40636624 2835390    0.02929   47   56    0.02742    0.03412  24.4%  31.6 11395s
H40645665 2835813                       0.0274235    0.03412  24.4%  31.6 11397s
 40653839 2836129 infeasible   50         0.02742    0.03412  24.4%  31.6 11400s
 40674939 2836922    0.02797   48   55    0.02742    0.03411  24.4%  31.6 11405s
 40697581 2837799    0.02914   47   58    0.02742    0.03411  24.4%  31.6 11410s
 40717881 2838367     cutoff   56         0.02742    0.03410  24.4%  31.6 11415s
 40740085 2838751     cutoff   50         0.02742    0.03410  24.3%  31.6 11420s
 40760409 2839060    0.02866   55   54    0.02742    0.03410  24.3%  31.6 11425s
 40783458 2839519    0.03178   44   51    0.02742    0.03409  24.3%  31.6 11430s
 40796909 2839774    0.02820   47   43    0.02742    0.03409  24.3%  31.5 11435s
H40813516 2840448                       0.0274235    0.03409  24.3%  31.5 11439s
 40815423 2840458     cutoff   48         0.02742    0.03409  24.3%  31.5 11440s
 40837496 2840818    0.02967   44   54    0.02742    0.03408  24.3%  31.5 11445s
 40859192 2841325    0.02937   41   59    0.02742    0.03408  24.3%  31.5 11450s
 40881283 2841727    0.02912   53   59    0.02742    0.03408  24.3%  31.5 11455s
 40902948 2842508     cutoff   55         0.02742    0.03407  24.2%  31.5 11460s
 40924532 2843073     cutoff   48         0.02742    0.03407  24.2%  31.5 11465s
 40945873 2843511    0.03315   44   53    0.02742    0.03407  24.2%  31.5 11470s
 40964439 2843950    0.03093   38   61    0.02742    0.03406  24.2%  31.5 11475s
H40965011 2843947                       0.0274235    0.03406  24.2%  31.5 11475s
 40983811 2844483    0.03406   43   65    0.02742    0.03406  24.2%  31.5 11480s
 41006220 2845493 infeasible   49         0.02742    0.03406  24.2%  31.5 11485s
 41025867 2846027    0.03145   50   47    0.02742    0.03405  24.2%  31.5 11490s
 41045070 2846409    0.03039   44   56    0.02742    0.03405  24.2%  31.5 11495s
 41067131 2847115     cutoff   49         0.02742    0.03405  24.2%  31.5 11500s
 41087227 2847595     cutoff   44         0.02742    0.03404  24.1%  31.5 11505s
 41107163 2847966    0.02823   47   38    0.02742    0.03404  24.1%  31.5 11510s
 41129435 2848577     cutoff   49         0.02742    0.03404  24.1%  31.5 11515s
 41150707 2848971    0.03244   33   57    0.02742    0.03403  24.1%  31.5 11520s
 41170631 2849703     cutoff   51         0.02742    0.03403  24.1%  31.5 11525s
 41191668 2850470     cutoff   50         0.02742    0.03403  24.1%  31.5 11530s
 41213536 2851134    0.02914   46   50    0.02742    0.03402  24.1%  31.5 11535s
 41234215 2851813     cutoff   54         0.02742    0.03402  24.1%  31.5 11540s
 41255152 2852363    0.02876   53   55    0.02742    0.03402  24.0%  31.5 11545s
 41274735 2852917     cutoff   42         0.02742    0.03401  24.0%  31.5 11550s
 41296447 2853653     cutoff   47         0.02742    0.03401  24.0%  31.5 11555s
 41317687 2854363     cutoff   40         0.02742    0.03401  24.0%  31.5 11560s
 41339421 2855775    0.03047   55   56    0.02742    0.03400  24.0%  31.4 11565s
H41347311 2856090                       0.0274235    0.03400  24.0%  31.4 11567s
 41355174 2856467    0.03160   37   56    0.02742    0.03400  24.0%  31.4 11570s
 41376578 2857089     cutoff   45         0.02742    0.03400  24.0%  31.4 11575s
 41399036 2858301     cutoff   50         0.02742    0.03399  24.0%  31.4 11580s
 41419879 2858942     cutoff   45         0.02742    0.03399  23.9%  31.4 11585s
 41438797 2859397     cutoff   48         0.02742    0.03399  23.9%  31.4 11590s
 41460976 2860461    0.03299   42   51    0.02742    0.03398  23.9%  31.4 11595s
 41482923 2861453     cutoff   49         0.02742    0.03398  23.9%  31.4 11600s
 41504699 2862627     cutoff   41         0.02742    0.03398  23.9%  31.4 11605s
 41526336 2863895     cutoff   53         0.02742    0.03397  23.9%  31.4 11610s
 41543146 2864665    0.02940   40   46    0.02742    0.03397  23.9%  31.4 11615s
 41564930 2865156    0.02765  111    2    0.02742    0.03397  23.9%  31.4 11620s
 41585350 2865960    0.03091   45   58    0.02742    0.03396  23.9%  31.4 11625s
 41606508 2866925    0.03225   46   55    0.02742    0.03396  23.8%  31.4 11630s
 41625727 2867781    0.02747   47   55    0.02742    0.03396  23.8%  31.4 11635s
 41645713 2868690    0.02770   53   54    0.02742    0.03395  23.8%  31.4 11640s
 41667280 2870034     cutoff   57         0.02742    0.03395  23.8%  31.4 11645s
 41687358 2871097    0.03327   46   53    0.02742    0.03395  23.8%  31.4 11650s
 41709590 2872517     cutoff   42         0.02742    0.03395  23.8%  31.4 11655s
 41732059 2873853    0.03320   29   68    0.02742    0.03394  23.8%  31.4 11660s
 41753126 2874990    0.02884   43   54    0.02742    0.03394  23.8%  31.4 11665s
 41775477 2876124     cutoff   47         0.02742    0.03394  23.8%  31.4 11670s
 41797519 2877512    0.02998  100    6    0.02742    0.03393  23.7%  31.4 11675s
 41818755 2879204    0.02818   43   51    0.02742    0.03393  23.7%  31.4 11680s
 41841158 2881268    0.02788   43   58    0.02742    0.03393  23.7%  31.3 11685s
 41864359 2883088    0.02852   42   45    0.02742    0.03393  23.7%  31.3 11690s
 41889296 2885336 infeasible   41         0.02742    0.03392  23.7%  31.3 11695s
 41912237 2887222    0.03150   41   58    0.02742    0.03392  23.7%  31.3 11700s
 41935921 2888487    0.02938   53   54    0.02742    0.03392  23.7%  31.3 11705s
 41957457 2889817    0.03391   83   16    0.02742    0.03391  23.7%  31.3 11710s
 41980805 2891620    0.02998   46   54    0.02742    0.03391  23.7%  31.3 11715s
 42003731 2893130    0.03005   92   23    0.02742    0.03391  23.6%  31.3 11720s
 42024881 2895241    0.03308   49   56    0.02742    0.03391  23.6%  31.3 11725s
 42047534 2896666     cutoff   54         0.02742    0.03390  23.6%  31.3 11730s
 42071080 2897918     cutoff   43         0.02742    0.03390  23.6%  31.3 11735s
 42092047 2898964    0.02799   43   59    0.02742    0.03390  23.6%  31.3 11740s
 42113415 2900684     cutoff   53         0.02742    0.03389  23.6%  31.3 11745s
 42133654 2901801     cutoff   52         0.02742    0.03389  23.6%  31.3 11750s
 42153095 2903096    0.03217   43   51    0.02742    0.03389  23.6%  31.3 11755s
 42175555 2904624    0.03191   45   60    0.02742    0.03388  23.6%  31.3 11760s
 42198208 2906036    0.03158   41   50    0.02742    0.03388  23.5%  31.3 11765s
 42221577 2907569    0.03385   51   60    0.02742    0.03388  23.5%  31.3 11770s
 42244004 2908954    0.03277   47   65    0.02742    0.03387  23.5%  31.3 11775s
 42267061 2909957    0.02824   34   53    0.02742    0.03387  23.5%  31.2 11780s
 42287366 2911034    0.02839   44   49    0.02742    0.03387  23.5%  31.2 11785s
 42309976 2912098    0.03073   38   49    0.02742    0.03387  23.5%  31.2 11790s
 42333416 2913495    0.02980   46   56    0.02742    0.03386  23.5%  31.2 11795s
 42356568 2914856     cutoff   44         0.02742    0.03386  23.5%  31.2 11800s
 42379510 2916603    0.03032   35   59    0.02742    0.03386  23.5%  31.2 11805s
 42401309 2918745     cutoff   48         0.02742    0.03385  23.4%  31.2 11810s
 42423263 2920237    0.02885   37   59    0.02742    0.03385  23.4%  31.2 11815s
 42447274 2922063     cutoff   51         0.02742    0.03385  23.4%  31.2 11820s
 42470281 2923387     cutoff   50         0.02742    0.03384  23.4%  31.2 11825s
 42493151 2925464    0.03332   40   53    0.02742    0.03384  23.4%  31.2 11830s
 42510325 2926456    0.02797   39   54    0.02742    0.03384  23.4%  31.2 11835s
 42532711 2927493     cutoff   48         0.02742    0.03384  23.4%  31.2 11840s
 42555314 2928594     cutoff   40         0.02742    0.03383  23.4%  31.2 11845s
 42577960 2929794    0.03159   45   55    0.02742    0.03383  23.4%  31.2 11850s
 42600493 2930910    0.02800   43   52    0.02742    0.03383  23.3%  31.2 11855s
 42623367 2931943    0.03283   48   57    0.02742    0.03382  23.3%  31.2 11860s
 42645664 2933045    0.02884   47   56    0.02742    0.03382  23.3%  31.2 11865s
 42668831 2934196     cutoff   42         0.02742    0.03382  23.3%  31.2 11870s
 42692219 2935093    0.03372   44   51    0.02742    0.03381  23.3%  31.2 11875s
 42715505 2935949     cutoff   43         0.02742    0.03381  23.3%  31.1 11880s
 42738106 2936812     cutoff   49         0.02742    0.03381  23.3%  31.1 11885s
 42760815 2937530     cutoff   48         0.02742    0.03380  23.3%  31.1 11890s
 42784077 2938660     cutoff   43         0.02742    0.03380  23.2%  31.1 11895s
 42807414 2939787    0.02973   41   56    0.02742    0.03380  23.2%  31.1 11900s
 42830419 2941515     cutoff   39         0.02742    0.03379  23.2%  31.1 11905s
 42854069 2943306     cutoff   43         0.02742    0.03379  23.2%  31.1 11910s
 42870874 2944492     cutoff   46         0.02742    0.03379  23.2%  31.1 11915s
 42894332 2945707    0.02974   33   61    0.02742    0.03378  23.2%  31.1 11920s
 42917167 2946551    0.03378   43   52    0.02742    0.03378  23.2%  31.1 11925s
 42940096 2947748    0.02833   47   61    0.02742    0.03378  23.2%  31.1 11930s
 42961207 2949052    0.03300   42   58    0.02742    0.03377  23.2%  31.1 11935s
 42981794 2949927    0.02941   42   60    0.02742    0.03377  23.1%  31.1 11940s
 43003529 2950870     cutoff   48         0.02742    0.03377  23.1%  31.1 11945s
 43026139 2951469    0.03324   40   56    0.02742    0.03377  23.1%  31.1 11950s
 43048206 2952223     cutoff   41         0.02742    0.03376  23.1%  31.1 11955s
 43071148 2952692    0.02974   88   15    0.02742    0.03376  23.1%  31.1 11960s
 43093238 2953313    0.02751   40   58    0.02742    0.03376  23.1%  31.1 11965s
 43114857 2953868    0.02979   45   60    0.02742    0.03375  23.1%  31.1 11970s
 43137224 2954781    0.02908   49   49    0.02742    0.03375  23.1%  31.1 11975s
 43159292 2955426    0.03238   34   60    0.02742    0.03374  23.1%  31.1 11980s
 43180552 2956245    0.02756   35   56    0.02742    0.03374  23.0%  31.0 11985s
 43204052 2957050     cutoff   41         0.02742    0.03374  23.0%  31.0 11990s
 43226500 2957745    0.03365   29   55    0.02742    0.03374  23.0%  31.0 11995s
 43249381 2958586    0.03373   35   62    0.02742    0.03373  23.0%  31.0 12000s
 43270915 2959137    0.03004   52   53    0.02742    0.03373  23.0%  31.0 12005s
 43290352 2959728     cutoff   50         0.02742    0.03373  23.0%  31.0 12010s
 43312792 2960569     cutoff   44         0.02742    0.03372  23.0%  31.0 12015s
 43334099 2961417    0.03215   42   56    0.02742    0.03372  23.0%  31.0 12020s
 43356495 2962232     cutoff   49         0.02742    0.03372  22.9%  31.0 12025s
 43380459 2963159     cutoff   38         0.02742    0.03371  22.9%  31.0 12030s
 43402908 2963626    0.03162   34   64    0.02742    0.03371  22.9%  31.0 12035s
 43424756 2964459     cutoff   50         0.02742    0.03371  22.9%  31.0 12040s
 43446009 2965053     cutoff   44         0.02742    0.03370  22.9%  31.0 12045s
 43469673 2965846    0.02996   50   50    0.02742    0.03370  22.9%  31.0 12050s
 43491547 2966475 infeasible   79         0.02742    0.03370  22.9%  31.0 12055s
 43514698 2967407     cutoff   40         0.02742    0.03369  22.9%  31.0 12060s
 43535667 2968614    0.03369   44   54    0.02742    0.03369  22.9%  31.0 12065s
 43558140 2969176    0.03205   46   46    0.02742    0.03369  22.8%  31.0 12070s
 43580397 2970299     cutoff   48         0.02742    0.03368  22.8%  31.0 12075s
 43603363 2971014    0.02965   54   44    0.02742    0.03368  22.8%  31.0 12080s
 43623753 2971371     cutoff   83         0.02742    0.03368  22.8%  31.0 12085s
 43646118 2972040     cutoff   55         0.02742    0.03367  22.8%  31.0 12090s
 43669412 2973272    0.03349   44   49    0.02742    0.03367  22.8%  30.9 12095s
 43691028 2974090    0.03026   41   53    0.02742    0.03367  22.8%  30.9 12100s
 43713178 2974754     cutoff   50         0.02742    0.03366  22.8%  30.9 12105s
 43733655 2975268    0.03307   46   59    0.02742    0.03366  22.7%  30.9 12110s
 43756260 2975674     cutoff   47         0.02742    0.03366  22.7%  30.9 12115s
 43778229 2975938    0.03285   31   66    0.02742    0.03365  22.7%  30.9 12120s
 43800867 2976379    0.02853   42   51    0.02742    0.03365  22.7%  30.9 12125s
 43821144 2976607     cutoff   58         0.02742    0.03365  22.7%  30.9 12130s
 43843121 2976929     cutoff   42         0.02742    0.03364  22.7%  30.9 12135s
 43865195 2977535    0.02992   44   59    0.02742    0.03364  22.7%  30.9 12140s
 43887263 2978147    0.02760   43   63    0.02742    0.03364  22.7%  30.9 12145s
 43909984 2978476    0.03108   40   47    0.02742    0.03363  22.6%  30.9 12150s
 43926428 2979094    0.03058   46   55    0.02742    0.03363  22.6%  30.9 12155s
 43947130 2979920    0.02760   43   55    0.02742    0.03363  22.6%  30.9 12160s
 43969716 2980754    0.02851   47   54    0.02742    0.03362  22.6%  30.9 12165s
 43992589 2981668    0.02804   41   64    0.02742    0.03362  22.6%  30.9 12170s
 44014872 2982121     cutoff   48         0.02742    0.03362  22.6%  30.9 12175s
 44038555 2983071     cutoff   40         0.02742    0.03361  22.6%  30.9 12180s
 44062287 2983883     cutoff   42         0.02742    0.03361  22.6%  30.9 12185s
 44086061 2984797    0.02968   41   50    0.02742    0.03361  22.6%  30.9 12190s
 44110565 2985790    0.03360   73   15    0.02742    0.03361  22.5%  30.9 12195s
 44134650 2986905     cutoff   39         0.02742    0.03360  22.5%  30.9 12200s
 44158054 2987938    0.02795   81    8    0.02742    0.03360  22.5%  30.9 12205s
 44181300 2988662    0.03305   41   53    0.02742    0.03360  22.5%  30.9 12210s
 44204499 2989178    0.03263   76   11    0.02742    0.03359  22.5%  30.8 12215s
 44227797 2990431     cutoff   45         0.02742    0.03359  22.5%  30.8 12220s
 44250405 2991498     cutoff   47         0.02742    0.03359  22.5%  30.8 12225s
 44267311 2992392     cutoff   47         0.02742    0.03358  22.5%  30.8 12230s
 44290691 2993093    0.03297   45   62    0.02742    0.03358  22.5%  30.8 12235s
 44313767 2994011    0.03187   45   53    0.02742    0.03358  22.4%  30.8 12240s
 44337646 2995216     cutoff   69         0.02742    0.03358  22.4%  30.8 12245s
 44359804 2995933    0.02795   46   57    0.02742    0.03357  22.4%  30.8 12250s
 44384605 2996739     cutoff   72         0.02742    0.03357  22.4%  30.8 12255s
 44406997 2997507     cutoff   46         0.02742    0.03357  22.4%  30.8 12260s
 44429516 2998169    0.03356   82   11    0.02742    0.03356  22.4%  30.8 12265s
 44451325 2998524    0.03128   37   46    0.02742    0.03356  22.4%  30.8 12270s
 44473464 2998846    0.03029   44   58    0.02742    0.03356  22.4%  30.8 12275s
 44495221 2999001     cutoff   50         0.02742    0.03355  22.4%  30.8 12280s
 44517282 2999756    0.02988   45   58    0.02742    0.03355  22.3%  30.8 12285s
 44540144 3000361    0.02977   46   52    0.02742    0.03355  22.3%  30.8 12290s
 44558609 3000848     cutoff   76         0.02742    0.03354  22.3%  30.8 12295s
 44581728 3001416    0.03341   63   33    0.02742    0.03354  22.3%  30.8 12300s
 44603927 3001612    0.03050   36   69    0.02742    0.03354  22.3%  30.8 12305s
 44624676 3001838     cutoff   50         0.02742    0.03353  22.3%  30.8 12310s
 44647416 3001919    0.02936   38   58    0.02742    0.03353  22.3%  30.8 12315s
 44669509 3002320     cutoff   50         0.02742    0.03353  22.3%  30.8 12320s
 44693199 3003010     cutoff   68         0.02742    0.03352  22.2%  30.8 12325s
 44715070 3003372    0.03349   43   57    0.02742    0.03352  22.2%  30.7 12330s
 44738307 3004049     cutoff   49         0.02742    0.03352  22.2%  30.7 12335s
 44761930 3004845    0.02808   46   56    0.02742    0.03351  22.2%  30.7 12340s
 44784553 3005428    0.02771   44   53    0.02742    0.03351  22.2%  30.7 12345s
 44806666 3005913     cutoff   41         0.02742    0.03351  22.2%  30.7 12350s
 44828524 3006112     cutoff   44         0.02742    0.03351  22.2%  30.7 12355s
 44848791 3006708    0.02850   38   57    0.02742    0.03350  22.2%  30.7 12360s
 44872620 3007860    0.02963   57   55    0.02742    0.03350  22.2%  30.7 12365s
 44897706 3008724     cutoff   40         0.02742    0.03350  22.1%  30.7 12370s
 44919568 3009589    0.02773   43   54    0.02742    0.03349  22.1%  30.7 12375s
 44938643 3010136     cutoff   91         0.02742    0.03349  22.1%  30.7 12380s
 44962594 3010696     cutoff   48         0.02742    0.03349  22.1%  30.7 12385s
 44985126 3011051     cutoff   50         0.02742    0.03349  22.1%  30.7 12390s
 45007418 3011644    0.02787   50   46    0.02742    0.03348  22.1%  30.7 12395s
 45027499 3012246    0.03306  128   20    0.02742    0.03348  22.1%  30.7 12400s
 45049045 3013405     cutoff   49         0.02742    0.03348  22.1%  30.7 12405s
 45071659 3014680    0.02782   53   45    0.02742    0.03348  22.1%  30.7 12410s
 45095031 3017862    0.02950   81   23    0.02742    0.03347  22.1%  30.7 12415s
 45116094 3018545    0.02943   39   57    0.02742    0.03347  22.0%  30.7 12420s
 45132974 3019630 infeasible   41         0.02742    0.03347  22.0%  30.7 12425s
 45153412 3020143    0.03092   39   61    0.02742    0.03347  22.0%  30.7 12430s
 45175355 3021086    0.02956   82   13    0.02742    0.03346  22.0%  30.6 12435s
 45197319 3021929    0.03338   33   62    0.02742    0.03346  22.0%  30.6 12440s
 45218845 3022438    0.02828   38   58    0.02742    0.03346  22.0%  30.6 12445s
 45240465 3023379     cutoff   48         0.02742    0.03345  22.0%  30.6 12450s
 45262626 3024449    0.03344   73   19    0.02742    0.03345  22.0%  30.6 12455s
 45281955 3024875     cutoff   47         0.02742    0.03345  22.0%  30.6 12460s
 45302998 3025820     cutoff   48         0.02742    0.03344  22.0%  30.6 12465s
 45324528 3026766     cutoff   40         0.02742    0.03344  21.9%  30.6 12470s
 45346195 3027218     cutoff   49         0.02742    0.03344  21.9%  30.6 12475s
 45367043 3027361    0.03243   51   52    0.02742    0.03344  21.9%  30.6 12480s
 45388503 3028698 infeasible   55         0.02742    0.03343  21.9%  30.6 12485s
 45409528 3029683    0.03163   45   54    0.02742    0.03343  21.9%  30.6 12490s
 45429220 3030914    0.02947   48   54    0.02742    0.03343  21.9%  30.6 12495s
 45449757 3031424    0.03155   49   52    0.02742    0.03342  21.9%  30.6 12500s
 45471120 3032267    0.03333   41   58    0.02742    0.03342  21.9%  30.6 12505s
 45493164 3032973     cutoff   47         0.02742    0.03342  21.9%  30.6 12510s
 45515019 3033762    0.02898   40   61    0.02742    0.03341  21.8%  30.6 12515s
 45530624 3034408    0.03158   37   56    0.02742    0.03341  21.8%  30.6 12520s
 45552440 3035527     cutoff   41         0.02742    0.03341  21.8%  30.6 12525s
 45580930 3042532     cutoff   80         0.02742    0.03341  21.8%  30.6 12530s
 45609293 3049428    0.02833   80    8    0.02742    0.03341  21.8%  30.6 12535s
 45640955 3057931    0.03341   68   11    0.02742    0.03341  21.8%  30.5 12540s
 45675133 3067607    0.02836   75   12    0.02742    0.03341  21.8%  30.5 12545s
 45710603 3077959    0.02831   74   13    0.02742    0.03341  21.8%  30.5 12550s
 45744255 3087814    0.02840   70   12    0.02742    0.03341  21.8%  30.5 12555s
 45776996 3096869    0.02834   85    7    0.02742    0.03340  21.8%  30.5 12560s
 45811568 3106068     cutoff   47         0.02742    0.03340  21.8%  30.4 12565s
 45845857 3115134    0.02833   73   12    0.02742    0.03340  21.8%  30.4 12570s
 45879416 3124485     cutoff   36         0.02742    0.03340  21.8%  30.4 12575s
 45912873 3133568    0.02829   82   11    0.02742    0.03340  21.8%  30.4 12580s
 45944695 3142041     cutoff   72         0.02742    0.03340  21.8%  30.4 12585s
 45974290 3149319    0.03034   78   13    0.02742    0.03340  21.8%  30.4 12590s
 46003404 3155302    0.02825   87    7    0.02742    0.03340  21.8%  30.4 12595s
 46029623 3160545 infeasible   40         0.02742    0.03340  21.8%  30.3 12600s
 46056101 3165245    0.03039   43   56    0.02742    0.03340  21.8%  30.3 12605s
 46079636 3168191    0.02851   40   56    0.02742    0.03340  21.8%  30.3 12610s
 46097072 3169313    0.03037   52   45    0.02742    0.03339  21.8%  30.3 12615s
 46117456 3170314     cutoff   48         0.02742    0.03339  21.8%  30.3 12620s
 46131828 3170828     cutoff   41         0.02742    0.03339  21.8%  30.3 12625s
 46154452 3171689     cutoff   42         0.02742    0.03339  21.7%  30.3 12630s
 46177075 3172204    0.03032   49   52    0.02742    0.03338  21.7%  30.3 12635s
 46192974 3172593     cutoff   51         0.02742    0.03338  21.7%  30.3 12640s
 46214764 3172741    0.02835   48   50    0.02742    0.03338  21.7%  30.3 12645s
 46236931 3173008 infeasible   87         0.02742    0.03337  21.7%  30.3 12650s
 46259532 3173420     cutoff   48         0.02742    0.03337  21.7%  30.3 12655s
 46282072 3173500    0.02974   42   58    0.02742    0.03337  21.7%  30.3 12660s
 46304923 3173958     cutoff   50         0.02742    0.03336  21.7%  30.3 12665s
 46327773 3174206     cutoff   56         0.02742    0.03336  21.6%  30.3 12670s
 46349608 3174406    0.02964   43   57    0.02742    0.03336  21.6%  30.3 12675s
 46372412 3174661     cutoff   40         0.02742    0.03335  21.6%  30.3 12680s
 46394093 3174870    0.03335   39   51    0.02742    0.03335  21.6%  30.3 12685s
 46413708 3175524    0.03334   40   62    0.02742    0.03335  21.6%  30.3 12690s
 46438014 3177752    0.03259   41   52    0.02742    0.03334  21.6%  30.3 12695s
 46461994 3179941    0.02903   46   48    0.02742    0.03334  21.6%  30.3 12700s
 46486094 3182383    0.02913   52   45    0.02742    0.03334  21.6%  30.2 12705s
 46508653 3184949    0.03251   44   49    0.02742    0.03334  21.6%  30.2 12710s
 46533118 3186857    0.02880   54   60    0.02742    0.03333  21.6%  30.2 12715s
 46557447 3189130     cutoff   53         0.02742    0.03333  21.5%  30.2 12720s
 46581317 3191287 infeasible   88         0.02742    0.03333  21.5%  30.2 12725s
 46598812 3192111     cutoff   45         0.02742    0.03333  21.5%  30.2 12730s
 46624988 3196660     cutoff   42         0.02742    0.03332  21.5%  30.2 12735s
 46650693 3201354     cutoff   57         0.02742    0.03332  21.5%  30.2 12740s
 46676897 3205116    0.02772   81   17    0.02742    0.03332  21.5%  30.2 12745s
 46702808 3209284    0.03135   35   59    0.02742    0.03332  21.5%  30.2 12750s
 46726012 3211263    0.03111   48   57    0.02742    0.03332  21.5%  30.2 12755s
 46746859 3211724    0.03200   35   63    0.02742    0.03331  21.5%  30.2 12760s
 46767347 3212234    0.03317   40   63    0.02742    0.03331  21.5%  30.2 12765s
 46788968 3212493    0.02997   70   23    0.02742    0.03331  21.5%  30.2 12770s
 46811832 3212738    0.02830   44   48    0.02742    0.03330  21.4%  30.2 12775s
 46835051 3213441     cutoff   45         0.02742    0.03330  21.4%  30.2 12780s
 46859694 3215904     cutoff   39         0.02742    0.03330  21.4%  30.2 12785s
 46881352 3216427     cutoff   37         0.02742    0.03329  21.4%  30.2 12790s
 46904326 3216935    0.02920   46   58    0.02742    0.03329  21.4%  30.2 12795s
 46927060 3217164    0.03039   40   57    0.02742    0.03329  21.4%  30.2 12800s
 46949902 3217571    0.03215   39   54    0.02742    0.03328  21.4%  30.1 12805s
 46971199 3218253     cutoff   89         0.02742    0.03328  21.4%  30.1 12810s
 46993692 3219312    0.02948   48   52    0.02742    0.03328  21.3%  30.1 12815s
 47018666 3223168    0.03065   41   54    0.02742    0.03328  21.3%  30.1 12820s
 47043240 3225820     cutoff   51         0.02742    0.03327  21.3%  30.1 12825s
 47066894 3227399    0.03103   81   23    0.02742    0.03327  21.3%  30.1 12830s
 47087765 3230867     cutoff   42         0.02742    0.03327  21.3%  30.1 12835s
 47111650 3234188 infeasible   86         0.02742    0.03327  21.3%  30.1 12840s
 47134864 3236630    0.03321   38   61    0.02742    0.03327  21.3%  30.1 12845s
 47158362 3237003     cutoff   45         0.02742    0.03326  21.3%  30.1 12850s
 47179140 3237246     cutoff   45         0.02742    0.03326  21.3%  30.1 12855s
 47198411 3237669    0.02807   41   55    0.02742    0.03326  21.3%  30.1 12860s
 47221178 3238057     cutoff   36         0.02742    0.03325  21.3%  30.1 12865s
 47244424 3239034     cutoff   42         0.02742    0.03325  21.3%  30.1 12870s
 47267943 3240080    0.02755   44   55    0.02742    0.03325  21.2%  30.1 12875s
 47290756 3240805     cutoff   45         0.02742    0.03325  21.2%  30.1 12880s
 47313148 3241332    0.03287   43   50    0.02742    0.03324  21.2%  30.1 12885s
 47335982 3241952     cutoff   42         0.02742    0.03324  21.2%  30.1 12890s
 47359013 3242652     cutoff   48         0.02742    0.03324  21.2%  30.1 12895s
 47382639 3245059     cutoff   89         0.02742    0.03323  21.2%  30.1 12900s
 47406618 3247822    0.02919   83   23    0.02742    0.03323  21.2%  30.0 12905s
 47429934 3250658     cutoff   53         0.02742    0.03323  21.2%  30.0 12910s
 47453666 3252982    0.02885   91   20    0.02742    0.03323  21.2%  30.0 12915s
 47478416 3255930    0.02784   42   62    0.02742    0.03323  21.2%  30.0 12920s
 47501666 3257671     cutoff   42         0.02742    0.03322  21.1%  30.0 12925s
 47522280 3258253    0.03209   43   55    0.02742    0.03322  21.1%  30.0 12930s
 47545748 3260937 infeasible   97         0.02742    0.03322  21.1%  30.0 12935s
 47567239 3263606    0.02808   41   57    0.02742    0.03322  21.1%  30.0 12940s
 47587549 3264816    0.02771   76   27    0.02742    0.03321  21.1%  30.0 12945s
 47608328 3265499     cutoff   45         0.02742    0.03321  21.1%  30.0 12950s
 47629154 3266258    0.02749   43   53    0.02742    0.03321  21.1%  30.0 12955s
 47650373 3267010     cutoff   54         0.02742    0.03320  21.1%  30.0 12960s
 47670624 3267978    0.02961   42   56    0.02742    0.03320  21.1%  30.0 12965s
 47693603 3272191 infeasible   88         0.02742    0.03320  21.1%  30.0 12970s
 47708692 3273855    0.03141   35   60    0.02742    0.03320  21.1%  30.0 12975s
 47732970 3278397     cutoff   49         0.02742    0.03320  21.1%  30.0 12980s
 47755971 3280755    0.03089   85   22    0.02742    0.03319  21.0%  30.0 12985s
 47780011 3283660    0.02751   52   46    0.02742    0.03319  21.0%  30.0 12990s
 47799680 3284487     cutoff   46         0.02742    0.03319  21.0%  30.0 12995s
 47821833 3285202    0.03037   42   50    0.02742    0.03319  21.0%  30.0 13000s
 47844803 3285866     cutoff   47         0.02742    0.03318  21.0%  30.0 13005s
 47866966 3287047    0.03063   82   16    0.02742    0.03318  21.0%  29.9 13010s
 47888719 3287628     cutoff   49         0.02742    0.03318  21.0%  29.9 13015s
 47911658 3288216    0.02779   41   38    0.02742    0.03317  21.0%  29.9 13020s
 47934362 3289704     cutoff   45         0.02742    0.03317  21.0%  29.9 13025s
 47955783 3291339     cutoff   47         0.02742    0.03317  21.0%  29.9 13030s
 47978606 3293895    0.02759   45   63    0.02742    0.03317  20.9%  29.9 13035s
 47998152 3296372     cutoff   52         0.02742    0.03317  20.9%  29.9 13040s
 48021393 3299246    0.03108   83   24    0.02742    0.03316  20.9%  29.9 13045s
 48045659 3301418     cutoff   49         0.02742    0.03316  20.9%  29.9 13050s
 48070049 3302681    0.02779   90   17    0.02742    0.03316  20.9%  29.9 13055s
 48093383 3304352    0.02909   44   57    0.02742    0.03316  20.9%  29.9 13060s
 48116233 3304993    0.03061   31   63    0.02742    0.03315  20.9%  29.9 13065s
 48139893 3306127    0.02793   41   52    0.02742    0.03315  20.9%  29.9 13070s
 48163437 3307702     cutoff   72         0.02742    0.03315  20.9%  29.9 13075s
 48186470 3308435     cutoff   46         0.02742    0.03314  20.9%  29.9 13080s
 48207600 3309949    0.02808   34   56    0.02742    0.03314  20.8%  29.9 13085s
 48229485 3310973    0.03199   46   46    0.02742    0.03314  20.8%  29.9 13090s
 48252748 3312354    0.03142   37   43    0.02742    0.03314  20.8%  29.9 13095s
 48276753 3313405    0.03191   50   54    0.02742    0.03313  20.8%  29.9 13100s
 48294261 3313946     cutoff   40         0.02742    0.03313  20.8%  29.9 13105s
 48317959 3315378    0.02994   41   56    0.02742    0.03313  20.8%  29.9 13110s
 48341119 3316206    0.03119   45   64    0.02742    0.03312  20.8%  29.9 13115s
 48364646 3316857    0.03032   54   55    0.02742    0.03312  20.8%  29.9 13120s
 48387974 3317676    0.03013   52   57    0.02742    0.03312  20.8%  29.9 13125s
 48410675 3318194    0.02917   43   49    0.02742    0.03311  20.8%  29.8 13130s
 48434079 3318987     cutoff   44         0.02742    0.03311  20.7%  29.8 13135s
 48458461 3319802     cutoff   45         0.02742    0.03311  20.7%  29.8 13140s
 48482283 3320671     cutoff   45         0.02742    0.03311  20.7%  29.8 13145s
 48505626 3321182 infeasible   38         0.02742    0.03310  20.7%  29.8 13150s
 48526994 3321597    0.03115   85   16    0.02742    0.03310  20.7%  29.8 13155s
 48550162 3321694     cutoff   50         0.02742    0.03310  20.7%  29.8 13160s
 48573325 3322208     cutoff   47         0.02742    0.03310  20.7%  29.8 13165s
 48596683 3322702    0.02753   41   54    0.02742    0.03309  20.7%  29.8 13170s
 48617678 3323198     cutoff   48         0.02742    0.03309  20.7%  29.8 13175s
 48641824 3324212     cutoff   56         0.02742    0.03309  20.7%  29.8 13180s
 48664103 3324916    0.03007   42   54    0.02742    0.03308  20.6%  29.8 13185s
 48684787 3325446     cutoff   52         0.02742    0.03308  20.6%  29.8 13190s
 48707106 3326083     cutoff   47         0.02742    0.03308  20.6%  29.8 13195s
 48730115 3326977    0.02962   43   52    0.02742    0.03308  20.6%  29.8 13200s
 48752833 3328271    0.02781   46   55    0.02742    0.03307  20.6%  29.8 13205s
 48776113 3329598    0.03307   76   10    0.02742    0.03307  20.6%  29.8 13210s
 48797482 3330512     cutoff   40         0.02742    0.03307  20.6%  29.8 13215s
 48820400 3332152    0.02771   47   58    0.02742    0.03307  20.6%  29.8 13220s
 48843829 3333336     cutoff   53         0.02742    0.03307  20.6%  29.8 13225s
 48864084 3334384    0.03172   79   21    0.02742    0.03306  20.6%  29.8 13230s
 48887082 3335566     cutoff   53         0.02742    0.03306  20.6%  29.8 13235s
 48909229 3335790     cutoff   52         0.02742    0.03306  20.6%  29.8 13240s
 48928537 3336538    0.02811   45   58    0.02742    0.03306  20.5%  29.8 13245s
 48952143 3337512    0.02992   44   60    0.02742    0.03306  20.5%  29.7 13250s
 48974149 3338289    0.02903   45   56    0.02742    0.03305  20.5%  29.7 13255s
 48998185 3339433    0.02814   46   51    0.02742    0.03305  20.5%  29.7 13260s
 49023228 3340517    0.03088   45   56    0.02742    0.03305  20.5%  29.7 13265s
 49047540 3342234    0.03035   37   61    0.02742    0.03305  20.5%  29.7 13270s
 49071310 3343624    0.03304   91   12    0.02742    0.03304  20.5%  29.7 13275s
 49096385 3344779    0.03304   40   59    0.02742    0.03304  20.5%  29.7 13280s
 49120775 3345304    0.03238   36   58    0.02742    0.03304  20.5%  29.7 13285s
 49144555 3345859    0.02989   44   53    0.02742    0.03304  20.5%  29.7 13290s
 49164453 3346154    0.03025   44   50    0.02742    0.03304  20.5%  29.7 13295s
 49188203 3346508    0.02957   41   55    0.02742    0.03303  20.5%  29.7 13300s
 49212273 3347197     cutoff   46         0.02742    0.03303  20.4%  29.7 13305s
 49235692 3347757    0.03303   40   60    0.02742    0.03303  20.4%  29.7 13310s
 49257310 3348243    0.02886   37   60    0.02742    0.03302  20.4%  29.7 13315s
 49280346 3349005 infeasible   34         0.02742    0.03302  20.4%  29.7 13320s
 49304446 3349774     cutoff   39         0.02742    0.03302  20.4%  29.7 13325s
 49328090 3350584     cutoff   38         0.02742    0.03301  20.4%  29.7 13330s
 49350117 3351560     cutoff   54         0.02742    0.03301  20.4%  29.7 13335s
 49375497 3354645     cutoff   49         0.02742    0.03301  20.4%  29.7 13340s
 49398754 3355349    0.02849   52   50    0.02742    0.03301  20.4%  29.7 13345s
 49419880 3356013     cutoff   52         0.02742    0.03300  20.4%  29.7 13350s
 49443021 3357032     cutoff   55         0.02742    0.03300  20.3%  29.7 13355s
 49466959 3357680    0.02791   39   55    0.02742    0.03300  20.3%  29.7 13360s
 49489958 3357884     cutoff   43         0.02742    0.03300  20.3%  29.6 13365s
 49512981 3358603    0.02874   48   52    0.02742    0.03299  20.3%  29.6 13370s
 49534298 3359350    0.03082   45   46    0.02742    0.03299  20.3%  29.6 13375s
 49557496 3359952     cutoff   41         0.02742    0.03299  20.3%  29.6 13380s
 49578285 3360416     cutoff   43         0.02742    0.03299  20.3%  29.6 13385s
 49601816 3361085    0.02875   40   59    0.02742    0.03298  20.3%  29.6 13390s
 49619524 3361487     cutoff   46         0.02742    0.03298  20.3%  29.6 13395s
 49640993 3362127    0.02843   55   44    0.02742    0.03298  20.3%  29.6 13400s
 49664333 3362745    0.02887   50   58    0.02742    0.03297  20.2%  29.6 13405s
 49688352 3363145    0.03250   44   63    0.02742    0.03297  20.2%  29.6 13410s
 49711655 3363540    0.02821   61   45    0.02742    0.03297  20.2%  29.6 13415s
 49735632 3364092    0.02961   46   53    0.02742    0.03297  20.2%  29.6 13420s
 49759307 3365254    0.02903   82   18    0.02742    0.03296  20.2%  29.6 13425s
 49782689 3365973     cutoff   50         0.02742    0.03296  20.2%  29.6 13430s
 49806391 3366704    0.03220   40   46    0.02742    0.03296  20.2%  29.6 13435s
 49829796 3367411     cutoff   94         0.02742    0.03295  20.2%  29.6 13440s
 49853095 3368013     cutoff   47         0.02742    0.03295  20.2%  29.6 13445s
 49874944 3368453     cutoff   46         0.02742    0.03295  20.1%  29.6 13450s
 49893258 3368982    0.02754   43   56    0.02742    0.03295  20.1%  29.6 13455s
 49916069 3369775    0.03098   39   62    0.02742    0.03294  20.1%  29.6 13460s
 49938962 3370670     cutoff   48         0.02742    0.03294  20.1%  29.6 13465s
 49962469 3371481    0.02891   56   59    0.02742    0.03294  20.1%  29.6 13470s
 49984320 3372178    0.03281   48   58    0.02742    0.03293  20.1%  29.6 13475s
 50006663 3372911    0.02755   43   58    0.02742    0.03293  20.1%  29.6 13480s
 50030184 3373978    0.02875   82   19    0.02742    0.03293  20.1%  29.6 13485s
 50053978 3374717     cutoff   46         0.02742    0.03293  20.1%  29.6 13490s
 50074251 3375575    0.02978   38   54    0.02742    0.03292  20.1%  29.6 13495s
 50097927 3376230 infeasible   49         0.02742    0.03292  20.0%  29.6 13500s
 50120625 3376756    0.02997   43   52    0.02742    0.03292  20.0%  29.6 13505s
 50143823 3377677    0.03273   50   57    0.02742    0.03292  20.0%  29.5 13510s
 50166627 3378549    0.03288   38   60    0.02742    0.03291  20.0%  29.5 13515s
 50189314 3379749     cutoff   45         0.02742    0.03291  20.0%  29.5 13520s
 50212432 3380177     cutoff   44         0.02742    0.03291  20.0%  29.5 13525s
 50233189 3380751    0.03002   52   57    0.02742    0.03291  20.0%  29.5 13530s
 50252797 3381281     cutoff   43         0.02742    0.03290  20.0%  29.5 13535s
 50274222 3381708    0.02996   49   52    0.02742    0.03290  20.0%  29.5 13540s
 50295241 3382385    0.03230   43   60    0.02742    0.03290  20.0%  29.5 13545s
 50318499 3382493    0.03123   49   48    0.02742    0.03289  20.0%  29.5 13550s
 50341610 3382853     cutoff   49         0.02742    0.03289  19.9%  29.5 13555s
 50364469 3383780     cutoff   47         0.02742    0.03289  19.9%  29.5 13560s
 50387231 3384188     cutoff   41         0.02742    0.03289  19.9%  29.5 13565s
 50410495 3384921     cutoff   47         0.02742    0.03288  19.9%  29.5 13570s
 50434137 3385552    0.03021   41   58    0.02742    0.03288  19.9%  29.5 13575s
 50457165 3386059    0.02981   51   58    0.02742    0.03288  19.9%  29.5 13580s
 50479157 3386357     cutoff   46         0.02742    0.03287  19.9%  29.5 13585s
 50500674 3386792     cutoff   50         0.02742    0.03287  19.9%  29.5 13590s
 50523860 3388332    0.02774   37   53    0.02742    0.03287  19.9%  29.5 13595s
 50544246 3389088    0.03053   50   58    0.02742    0.03287  19.9%  29.5 13600s
 50568145 3389765    0.03246   52   55    0.02742    0.03286  19.8%  29.5 13605s
 50589267 3390531    0.03165   52   55    0.02742    0.03286  19.8%  29.5 13610s
 50612676 3391328    0.03282   53   38    0.02742    0.03286  19.8%  29.5 13615s
 50636183 3392199    0.02788   52   53    0.02742    0.03286  19.8%  29.5 13620s
 50658947 3392873     cutoff   47         0.02742    0.03285  19.8%  29.5 13625s
 50674354 3393359    0.02790   46   52    0.02742    0.03285  19.8%  29.5 13630s
 50696956 3393987    0.02831   37   59    0.02742    0.03285  19.8%  29.5 13635s
 50720353 3394704     cutoff   44         0.02742    0.03285  19.8%  29.5 13640s
 50744209 3396181     cutoff   57         0.02742    0.03284  19.8%  29.5 13645s
 50770054 3397431 infeasible  111         0.02742    0.03284  19.8%  29.5 13650s
 50792791 3397952 infeasible  107         0.02742    0.03284  19.8%  29.4 13655s
 50812444 3397191    0.02799   36   53    0.02742    0.03284  19.8%  29.4 13660s
 50834620 3396724    0.03284   86   19    0.02742    0.03284  19.7%  29.4 13665s
 50858013 3396733    0.02820   43   53    0.02742    0.03284  19.7%  29.4 13670s
 50879528 3396650    0.02845   43   54    0.02742    0.03283  19.7%  29.4 13675s
 50902950 3396867    0.03251   46   56    0.02742    0.03283  19.7%  29.4 13680s
 50926303 3397239    0.02755   47   59    0.02742    0.03283  19.7%  29.4 13685s
 50950108 3397528     cutoff   41         0.02742    0.03282  19.7%  29.4 13690s
 50972623 3397734     cutoff   52         0.02742    0.03282  19.7%  29.4 13695s
 50995822 3397852     cutoff   45         0.02742    0.03282  19.7%  29.4 13700s
 51018946 3397933    0.03044   52   53    0.02742    0.03282  19.7%  29.4 13705s
 51041760 3398359     cutoff   45         0.02742    0.03281  19.7%  29.4 13710s
 51063139 3398629     cutoff   41         0.02742    0.03281  19.6%  29.4 13715s
 51086059 3399113     cutoff   52         0.02742    0.03281  19.6%  29.4 13720s
 51109052 3399276    0.03261   42   57    0.02742    0.03280  19.6%  29.4 13725s
 51132189 3399498    0.02851   47   60    0.02742    0.03280  19.6%  29.4 13730s
 51151013 3399736 infeasible   39         0.02742    0.03280  19.6%  29.4 13735s
 51171585 3399783     cutoff   43         0.02742    0.03280  19.6%  29.4 13740s
 51195136 3399890    0.03279   31   61    0.02742    0.03279  19.6%  29.4 13745s
 51217232 3400182     cutoff   45         0.02742    0.03279  19.6%  29.4 13750s
 51239878 3400356    0.03139   41   57    0.02742    0.03279  19.6%  29.4 13755s
 51262615 3400521    0.02951   36   54    0.02742    0.03279  19.6%  29.4 13760s
 51282842 3400881     cutoff   48         0.02742    0.03278  19.5%  29.4 13765s
 51305342 3401227    0.02886   35   59    0.02742    0.03278  19.5%  29.4 13770s
 51328973 3401337     cutoff   47         0.02742    0.03278  19.5%  29.4 13775s
 51352022 3401424     cutoff   46         0.02742    0.03277  19.5%  29.4 13780s
 51375191 3401836     cutoff   48         0.02742    0.03277  19.5%  29.4 13785s
 51398900 3401972     cutoff   52         0.02742    0.03277  19.5%  29.4 13790s
 51422247 3402299     cutoff   45         0.02742    0.03276  19.5%  29.4 13795s
 51443532 3402948    0.02749   46   54    0.02742    0.03276  19.5%  29.4 13800s
 51467002 3403493     cutoff   46         0.02742    0.03276  19.5%  29.4 13805s
 51490034 3404022     cutoff   47         0.02742    0.03276  19.4%  29.3 13810s
 51513561 3404181    0.02973   48   51    0.02742    0.03275  19.4%  29.3 13815s
 51535112 3404548    0.03129   43   49    0.02742    0.03275  19.4%  29.3 13820s
 51555124 3404739    0.02912   39   58    0.02742    0.03275  19.4%  29.3 13825s
 51578752 3404802     cutoff   45         0.02742    0.03274  19.4%  29.3 13830s
 51600431 3405025    0.03066   39   59    0.02742    0.03274  19.4%  29.3 13835s
 51623885 3404997    0.03271   32   50    0.02742    0.03274  19.4%  29.3 13840s
 51646391 3405081     cutoff   46         0.02742    0.03274  19.4%  29.3 13845s
 51668266 3405321    0.02754   44   54    0.02742    0.03273  19.4%  29.3 13850s
 51688892 3405788     cutoff   62         0.02742    0.03273  19.4%  29.3 13855s
 51711670 3405925     cutoff   50         0.02742    0.03273  19.3%  29.3 13860s
 51734523 3406604    0.02755   37   58    0.02742    0.03273  19.3%  29.3 13865s
 51757571 3406948     cutoff   45         0.02742    0.03272  19.3%  29.3 13870s
 51778685 3406969    0.02933   45   62    0.02742    0.03272  19.3%  29.3 13875s
 51801300 3407223     cutoff   50         0.02742    0.03272  19.3%  29.3 13880s
 51824539 3407871     cutoff   49         0.02742    0.03271  19.3%  29.3 13885s
 51848064 3408259    0.02763   40   61    0.02742    0.03271  19.3%  29.3 13890s
 51868457 3408535     cutoff   50         0.02742    0.03271  19.3%  29.3 13895s
 51891973 3408842    0.03235   44   54    0.02742    0.03271  19.3%  29.3 13900s
 51914325 3409099     cutoff   42         0.02742    0.03270  19.3%  29.3 13905s
 51935998 3409647     cutoff   56         0.02742    0.03270  19.2%  29.3 13910s
 51956839 3410218    0.02861   43   62    0.02742    0.03270  19.2%  29.3 13915s
 51978970 3410856     cutoff   38         0.02742    0.03270  19.2%  29.3 13920s
 52003439 3411412    0.03214   61   36    0.02742    0.03269  19.2%  29.3 13925s
 52026561 3412077 infeasible   57         0.02742    0.03269  19.2%  29.3 13930s
 52049526 3412469    0.02926   46   49    0.02742    0.03269  19.2%  29.3 13935s
 52070511 3412456     cutoff   53         0.02742    0.03269  19.2%  29.3 13940s
 52093804 3412795    0.03176   44   54    0.02742    0.03268  19.2%  29.3 13945s
 52117138 3412945     cutoff   50         0.02742    0.03268  19.2%  29.3 13950s
 52138116 3413048    0.03158   50   38    0.02742    0.03268  19.2%  29.3 13955s
 52159592 3413223    0.03036   46   56    0.02742    0.03267  19.1%  29.3 13960s
 52182794 3413498    0.03001   52   53    0.02742    0.03267  19.1%  29.3 13965s
 52206890 3413982     cutoff   46         0.02742    0.03267  19.1%  29.3 13970s
 52228219 3414272     cutoff   56         0.02742    0.03267  19.1%  29.2 13975s
 52247474 3414521    0.03234   44   47    0.02742    0.03266  19.1%  29.2 13980s
 52269848 3414633    0.02790   50   54    0.02742    0.03266  19.1%  29.2 13985s
 52292235 3414868     cutoff   62         0.02742    0.03266  19.1%  29.2 13990s
 52315138 3415058     cutoff   50         0.02742    0.03265  19.1%  29.2 13995s
 52336675 3415386    0.02784   49   57    0.02742    0.03265  19.1%  29.2 14000s
 52359794 3415885    0.02748   54   52    0.02742    0.03265  19.1%  29.2 14005s
 52382885 3415986     cutoff   42         0.02742    0.03265  19.0%  29.2 14010s
 52405863 3416069     cutoff   55         0.02742    0.03264  19.0%  29.2 14015s
 52425958 3416091    0.03242   43   51    0.02742    0.03264  19.0%  29.2 14020s
 52448229 3416153    0.03031   48   55    0.02742    0.03264  19.0%  29.2 14025s
 52471773 3416483    0.02789   51   55    0.02742    0.03263  19.0%  29.2 14030s
 52494005 3416847    0.02974   52   48    0.02742    0.03263  19.0%  29.2 14035s
 52517199 3417368     cutoff   63         0.02742    0.03263  19.0%  29.2 14040s
 52538849 3417681     cutoff   47         0.02742    0.03263  19.0%  29.2 14045s
 52561651 3418006    0.03262   38   59    0.02742    0.03262  19.0%  29.2 14050s
 52584434 3418618    0.02894   42   62    0.02742    0.03262  18.9%  29.2 14055s
 52608166 3418928    0.02751   41   56    0.02742    0.03262  18.9%  29.2 14060s
 52630141 3419391     cutoff   37         0.02742    0.03261  18.9%  29.2 14065s
 52652515 3419570    0.03102   49   51    0.02742    0.03261  18.9%  29.2 14070s
 52675139 3419596    0.03104   73   29    0.02742    0.03261  18.9%  29.2 14075s
 52697945 3420143    0.03093   39   48    0.02742    0.03261  18.9%  29.2 14080s
 52718457 3420326    0.03051   51   50    0.02742    0.03260  18.9%  29.2 14085s
 52741110 3420668    0.02847   55   47    0.02742    0.03260  18.9%  29.2 14090s
 52763943 3421052     cutoff   43         0.02742    0.03260  18.9%  29.2 14095s
 52787468 3421505     cutoff   48         0.02742    0.03259  18.9%  29.2 14100s
 52808105 3422012    0.03040   44   52    0.02742    0.03259  18.8%  29.2 14105s
 52831718 3422995     cutoff   41         0.02742    0.03259  18.8%  29.2 14110s
 52855992 3424348    0.03259   76   23    0.02742    0.03259  18.8%  29.2 14115s
 52882336 3424598     cutoff   45         0.02742    0.03258  18.8%  29.2 14120s
 52905894 3424686    0.02870   53   49    0.02742    0.03258  18.8%  29.2 14125s
 52925971 3424689     cutoff   48         0.02742    0.03258  18.8%  29.1 14130s
 52951255 3424891     cutoff   42         0.02742    0.03258  18.8%  29.1 14135s
 52974761 3425202     cutoff   46         0.02742    0.03257  18.8%  29.1 14140s
 52992665 3425442     cutoff   45         0.02742    0.03257  18.8%  29.1 14145s
 53015167 3425490     cutoff   46         0.02742    0.03257  18.8%  29.1 14150s
 53038877 3425371    0.03074   47   57    0.02742    0.03257  18.8%  29.1 14155s
 53062149 3425805    0.03256   47   61    0.02742    0.03256  18.7%  29.1 14160s
 53085387 3426276    0.02778   57   40    0.02742    0.03256  18.7%  29.1 14165s
 53108503 3426657    0.03112   48   48    0.02742    0.03256  18.7%  29.1 14170s
 53132132 3427184    0.02921   44   54    0.02742    0.03255  18.7%  29.1 14175s
 53156669 3430138 infeasible   86         0.02742    0.03255  18.7%  29.1 14180s
 53182089 3435556     cutoff   45         0.02742    0.03255  18.7%  29.1 14185s
 53207148 3441320    0.02939   47   56    0.02742    0.03255  18.7%  29.1 14190s
 53233288 3447786    0.02817   45   50    0.02742    0.03255  18.7%  29.1 14195s
 53260870 3455038 infeasible   85         0.02742    0.03255  18.7%  29.1 14200s
 53284521 3461350 infeasible   85         0.02742    0.03255  18.7%  29.1 14205s
 53310690 3468261 infeasible   80         0.02742    0.03254  18.7%  29.1 14210s
 53329703 3473128    0.02861   81   10    0.02742    0.03254  18.7%  29.1 14215s
 53354048 3479868 infeasible   87         0.02742    0.03254  18.7%  29.0 14220s
 53379968 3486536    0.03254   72   11    0.02742    0.03254  18.7%  29.0 14225s
 53408117 3493736    0.02834   84   12    0.02742    0.03254  18.7%  29.0 14230s
 53437935 3500458 infeasible   83         0.02742    0.03254  18.7%  29.0 14235s
 53462916 3506971 infeasible   82         0.02742    0.03254  18.7%  29.0 14240s
 53492699 3514440    0.02861   79    9    0.02742    0.03254  18.7%  29.0 14245s
 53520173 3520995    0.02859   78    9    0.02742    0.03254  18.7%  29.0 14250s
 53547544 3527655    0.03226   39   57    0.02742    0.03254  18.7%  29.0 14255s
 53576175 3534098     cutoff   53         0.02742    0.03254  18.6%  29.0 14260s
 53602187 3539812    0.02830   79    7    0.02742    0.03254  18.6%  29.0 14265s
 53626180 3542751    0.02768   45   55    0.02742    0.03253  18.6%  28.9 14270s
 53650622 3544752    0.03040   45   55    0.02742    0.03253  18.6%  28.9 14275s
 53672466 3546200     cutoff   42         0.02742    0.03253  18.6%  28.9 14280s
 53691781 3547594    0.02865   65   29    0.02742    0.03253  18.6%  28.9 14285s
 53716948 3548674    0.03088   40   55    0.02742    0.03253  18.6%  28.9 14290s
 53742007 3550104     cutoff   48         0.02742    0.03252  18.6%  28.9 14295s
 53763555 3550833    0.03225   44   62    0.02742    0.03252  18.6%  28.9 14300s
 53787041 3551381    0.02913   37   57    0.02742    0.03252  18.6%  28.9 14305s
 53809676 3552062    0.03153   66   44    0.02742    0.03252  18.6%  28.9 14310s
 53832972 3552571    0.03011   48   54    0.02742    0.03251  18.6%  28.9 14315s
 53857996 3553065    0.02800   59   38    0.02742    0.03251  18.5%  28.9 14320s
 53873822 3553410    0.03147   40   65    0.02742    0.03251  18.5%  28.9 14325s
 53896595 3553805     cutoff   44         0.02742    0.03251  18.5%  28.9 14330s
 53919858 3553940     cutoff   45         0.02742    0.03250  18.5%  28.9 14335s
 53941881 3554397    0.02858   39   64    0.02742    0.03250  18.5%  28.9 14340s
 53965771 3554685    0.03072   38   48    0.02742    0.03250  18.5%  28.9 14345s
 53989619 3555115     cutoff   49         0.02742    0.03249  18.5%  28.9 14350s
 54011940 3555378    0.02960   41   60    0.02742    0.03249  18.5%  28.9 14355s
 54034145 3555884    0.03112   40   57    0.02742    0.03249  18.5%  28.9 14360s
 54057379 3556114    0.02798   70   19    0.02742    0.03249  18.5%  28.9 14365s
 54081022 3556290    0.02974   49   52    0.02742    0.03248  18.5%  28.9 14370s
 54104080 3556883     cutoff   38         0.02742    0.03248  18.4%  28.9 14375s
 54127176 3557448     cutoff   41         0.02742    0.03248  18.4%  28.9 14380s
 54151110 3558100    0.02892   50   53    0.02742    0.03247  18.4%  28.9 14385s
 54173966 3558831    0.02798   54   52    0.02742    0.03247  18.4%  28.9 14390s
 54196447 3559271     cutoff   45         0.02742    0.03247  18.4%  28.9 14395s
 54220560 3560114     cutoff   45         0.02742    0.03247  18.4%  28.9 14400s
 54241988 3560572     cutoff   47         0.02742    0.03246  18.4%  28.9 14405s
 54264510 3561216    0.03035   43   59    0.02742    0.03246  18.4%  28.9 14410s
 54288359 3563202    0.02756   37   41    0.02742    0.03246  18.4%  28.9 14415s
 54311510 3564325     cutoff   50         0.02742    0.03246  18.4%  28.8 14420s
 54333184 3564556     cutoff   43         0.02742    0.03245  18.3%  28.8 14425s
 54356651 3565437    0.02993  115   12    0.02742    0.03245  18.3%  28.8 14430s
 54378677 3566758    0.02852   45   58    0.02742    0.03245  18.3%  28.8 14435s
 54402807 3569843    0.03245   46   61    0.02742    0.03245  18.3%  28.8 14440s
 54426964 3571327    0.03014   41   52    0.02742    0.03244  18.3%  28.8 14445s
 54447653 3572016    0.03240   40   61    0.02742    0.03244  18.3%  28.8 14450s
 54471432 3573280    0.03147   39   62    0.02742    0.03244  18.3%  28.8 14455s
 54494583 3574315     cutoff   46         0.02742    0.03244  18.3%  28.8 14460s
 54517412 3575559    0.03210   47   49    0.02742    0.03243  18.3%  28.8 14465s
 54541338 3576725    0.03233   41   56    0.02742    0.03243  18.3%  28.8 14470s
 54563078 3577779    0.02852   45   55    0.02742    0.03243  18.2%  28.8 14475s
 54585648 3579159    0.02822   53   41    0.02742    0.03243  18.2%  28.8 14480s
 54609631 3580737    0.03125   46   53    0.02742    0.03242  18.2%  28.8 14485s
 54633278 3581988     cutoff   47         0.02742    0.03242  18.2%  28.8 14490s
 54656839 3584884    0.02798  100   25    0.02742    0.03242  18.2%  28.8 14495s
 54686127 3587281     cutoff   58         0.02742    0.03242  18.2%  28.8 14500s
 54713138 3588609    0.02915   97   24    0.02742    0.03242  18.2%  28.8 14505s
 54735641 3589556    0.03191   43   55    0.02742    0.03241  18.2%  28.8 14510s
 54759153 3590231     cutoff   93         0.02742    0.03241  18.2%  28.8 14515s
 54783531 3591660     cutoff   53         0.02742    0.03241  18.2%  28.8 14520s
 54807464 3593742     cutoff   38         0.02742    0.03241  18.2%  28.8 14525s
 54832620 3595105     cutoff   54         0.02742    0.03241  18.2%  28.7 14530s
 54857066 3595783    0.03083   45   56    0.02742    0.03240  18.2%  28.7 14535s
 54879409 3596214     cutoff   46         0.02742    0.03240  18.2%  28.7 14540s
 54904017 3597102    0.03184   43   54    0.02742    0.03240  18.1%  28.7 14545s
 54928050 3596964    0.03074   46   56    0.02742    0.03240  18.1%  28.7 14550s
 54950985 3596778     cutoff   46         0.02742    0.03240  18.1%  28.7 14555s
 54972930 3596808    0.03232   44   56    0.02742    0.03239  18.1%  28.7 14560s
 54996363 3597005    0.02838   38   48    0.02742    0.03239  18.1%  28.7 14565s
 55020672 3597060    0.03157   36   65    0.02742    0.03239  18.1%  28.7 14570s
 55043316 3597205    0.02860   47   61    0.02742    0.03238  18.1%  28.7 14575s
 55065375 3597385     cutoff   53         0.02742    0.03238  18.1%  28.7 14580s
 55087073 3597446     cutoff   48         0.02742    0.03238  18.1%  28.7 14585s
 55110664 3597552    0.03238   48   55    0.02742    0.03238  18.1%  28.7 14590s
 55134843 3597401    0.03237   44   56    0.02742    0.03237  18.1%  28.7 14595s
 55156170 3597537     cutoff   54         0.02742    0.03237  18.0%  28.7 14600s
 55179868 3597680     cutoff   45         0.02742    0.03237  18.0%  28.7 14605s
 55202998 3597818    0.02759   38   54    0.02742    0.03237  18.0%  28.7 14610s
 55227022 3598599    0.02866   48   55    0.02742    0.03236  18.0%  28.7 14615s
 55248853 3598981    0.02893   54   41    0.02742    0.03236  18.0%  28.7 14620s
 55271969 3599212     cutoff   46         0.02742    0.03236  18.0%  28.7 14625s
 55294802 3599657    0.02907   37   57    0.02742    0.03236  18.0%  28.7 14630s
 55318744 3599782     cutoff   43         0.02742    0.03235  18.0%  28.7 14635s
 55341880 3599937     cutoff   43         0.02742    0.03235  18.0%  28.7 14640s
 55364104 3599960     cutoff   40         0.02742    0.03235  18.0%  28.7 14645s
 55387477 3600100     cutoff   48         0.02742    0.03235  18.0%  28.7 14650s
 55408477 3600293    0.03157   45   54    0.02742    0.03234  17.9%  28.7 14655s
 55432829 3600424    0.02974   46   61    0.02742    0.03234  17.9%  28.7 14660s
 55454530 3600327    0.03068   39   56    0.02742    0.03234  17.9%  28.7 14665s
 55477175 3600443     cutoff   42         0.02742    0.03234  17.9%  28.7 14670s
 55499291 3600295     cutoff   51         0.02742    0.03233  17.9%  28.7 14675s
 55522485 3600200    0.02966   43   54    0.02742    0.03233  17.9%  28.7 14680s
 55545402 3600057 infeasible   64         0.02742    0.03233  17.9%  28.6 14685s
 55566560 3600053 infeasible   66         0.02742    0.03233  17.9%  28.6 14690s
 55590056 3599806    0.02975   41   62    0.02742    0.03232  17.9%  28.6 14695s
 55613212 3600099    0.03231   46   64    0.02742    0.03232  17.9%  28.6 14700s
 55637202 3600205    0.02951   45   54    0.02742    0.03232  17.8%  28.6 14705s
 55658736 3600264     cutoff   50         0.02742    0.03231  17.8%  28.6 14710s
 55682898 3600353     cutoff   48         0.02742    0.03231  17.8%  28.6 14715s
 55706343 3600607     cutoff   44         0.02742    0.03231  17.8%  28.6 14720s
 55729861 3600642     cutoff   53         0.02742    0.03231  17.8%  28.6 14725s
 55750963 3600652     cutoff   42         0.02742    0.03230  17.8%  28.6 14730s
 55774849 3600748     cutoff   85         0.02742    0.03230  17.8%  28.6 14735s
 55798041 3601191     cutoff   43         0.02742    0.03230  17.8%  28.6 14740s
 55821345 3601375    0.02979   36   58    0.02742    0.03230  17.8%  28.6 14745s
 55844694 3601521 infeasible   56         0.02742    0.03229  17.8%  28.6 14750s
 55866074 3601849     cutoff   54         0.02742    0.03229  17.7%  28.6 14755s
 55889293 3601965     cutoff   43         0.02742    0.03229  17.7%  28.6 14760s
 55912885 3602080     cutoff   51         0.02742    0.03229  17.7%  28.6 14765s
 55935874 3602286     cutoff   50         0.02742    0.03228  17.7%  28.6 14770s
 55957016 3602876     cutoff   37         0.02742    0.03228  17.7%  28.6 14775s
 55979157 3602836     cutoff   48         0.02742    0.03228  17.7%  28.6 14780s
 56002264 3602941    0.02831   43   55    0.02742    0.03228  17.7%  28.6 14785s
 56024895 3602987     cutoff   44         0.02742    0.03227  17.7%  28.6 14790s
 56048111 3603107     cutoff   46         0.02742    0.03227  17.7%  28.6 14795s
 56069645 3603258     cutoff   39         0.02742    0.03227  17.7%  28.6 14800s
 56092758 3603394    0.02942   40   59    0.02742    0.03226  17.7%  28.6 14805s
 56114402 3603207    0.03079   45   51    0.02742    0.03226  17.6%  28.6 14810s
 56136204 3603475     cutoff   47         0.02742    0.03226  17.6%  28.6 14815s
 56158733 3603620    0.02851   42   56    0.02742    0.03226  17.6%  28.6 14820s
 56180266 3603772     cutoff   39         0.02742    0.03225  17.6%  28.6 14825s
 56203705 3603561    0.02966   48   49    0.02742    0.03225  17.6%  28.6 14830s
 56227363 3603742     cutoff   46         0.02742    0.03225  17.6%  28.6 14835s
 56250603 3603792    0.02970   54   55    0.02742    0.03225  17.6%  28.6 14840s
 56269188 3603840    0.02891   43   52    0.02742    0.03224  17.6%  28.6 14845s
 56292509 3603941    0.02991   48   54    0.02742    0.03224  17.6%  28.6 14850s
 56316500 3604097    0.03169   46   52    0.02742    0.03224  17.6%  28.6 14855s
 56340370 3604265    0.02802   47   54    0.02742    0.03224  17.5%  28.6 14860s
 56363835 3604495    0.02992   43   57    0.02742    0.03223  17.5%  28.6 14865s
 56385999 3604444    0.03180   42   51    0.02742    0.03223  17.5%  28.5 14870s
 56409571 3604251    0.03186   52   56    0.02742    0.03223  17.5%  28.5 14875s
 56431962 3604399    0.03067   41   54    0.02742    0.03223  17.5%  28.5 14880s
 56455884 3604538    0.02989   45   52    0.02742    0.03222  17.5%  28.5 14885s
 56479482 3604414     cutoff   47         0.02742    0.03222  17.5%  28.5 14890s
 56502658 3604156    0.02802   52   50    0.02742    0.03222  17.5%  28.5 14895s
 56526213 3603990     cutoff   44         0.02742    0.03221  17.5%  28.5 14900s
 56548533 3603975     cutoff   47         0.02742    0.03221  17.5%  28.5 14905s
 56572226 3603719    0.03068   45   59    0.02742    0.03221  17.4%  28.5 14910s
 56594444 3603687     cutoff   45         0.02742    0.03221  17.4%  28.5 14915s
 56618483 3603715    0.03186   62   57    0.02742    0.03220  17.4%  28.5 14920s
 56640388 3603907    0.03048   49   58    0.02742    0.03220  17.4%  28.5 14925s
 56664037 3604144     cutoff   41         0.02742    0.03220  17.4%  28.5 14930s
 56687938 3604221     cutoff   51         0.02742    0.03219  17.4%  28.5 14935s
 56711413 3604337    0.02951   46   60    0.02742    0.03219  17.4%  28.5 14940s
 56735261 3604381    0.02824   44   52    0.02742    0.03219  17.4%  28.5 14945s
 56756658 3604606    0.03145   42   46    0.02742    0.03219  17.4%  28.5 14950s
 56778107 3604430    0.02814   50   38    0.02742    0.03218  17.4%  28.5 14955s
 56801340 3605097    0.03172   53   46    0.02742    0.03218  17.4%  28.5 14960s
 56824650 3605367     cutoff   40         0.02742    0.03218  17.3%  28.5 14965s
 56845870 3605425     cutoff   41         0.02742    0.03218  17.3%  28.5 14970s
 56868462 3605354    0.03106   48   54    0.02742    0.03218  17.3%  28.5 14975s
 56891575 3605326     cutoff   68         0.02742    0.03217  17.3%  28.5 14980s
 56915338 3605401     cutoff   48         0.02742    0.03217  17.3%  28.5 14985s
 56936897 3605303     cutoff   49         0.02742    0.03217  17.3%  28.5 14990s
 56960198 3605414     cutoff   47         0.02742    0.03216  17.3%  28.5 14995s
 56983156 3605318     cutoff   46         0.02742    0.03216  17.3%  28.5 15000s
 57006810 3605482    0.03075   45   55    0.02742    0.03216  17.3%  28.5 15005s
 57023583 3605561    0.02748   85   10    0.02742    0.03216  17.3%  28.5 15010s
 57046965 3605890    0.02916   43   50    0.02742    0.03215  17.3%  28.5 15015s
 57070102 3606067    0.02899   51   47    0.02742    0.03215  17.2%  28.5 15020s
 57091649 3605994    0.02849   44   53    0.02742    0.03215  17.2%  28.5 15025s
 57114897 3605816     cutoff   47         0.02742    0.03215  17.2%  28.5 15030s
 57137993 3605887     cutoff   41         0.02742    0.03214  17.2%  28.5 15035s
 57161557 3605811     cutoff   48         0.02742    0.03214  17.2%  28.5 15040s
 57185289 3605844    0.03214   41   55    0.02742    0.03214  17.2%  28.5 15045s
 57208446 3605879    0.03173   44   56    0.02742    0.03214  17.2%  28.5 15050s
 57232398 3605911    0.03174   46   55    0.02742    0.03213  17.2%  28.5 15055s
 57255089 3605978     cutoff   47         0.02742    0.03213  17.2%  28.4 15060s
 57278260 3605824    0.02797   64   36    0.02742    0.03213  17.2%  28.4 15065s
 57301411 3605703    0.02816   48   49    0.02742    0.03213  17.1%  28.4 15070s
 57324801 3605412 infeasible   44         0.02742    0.03212  17.1%  28.4 15075s
 57349111 3605672    0.02985   41   53    0.02742    0.03212  17.1%  28.4 15080s
 57370164 3605528    0.02846   46   52    0.02742    0.03212  17.1%  28.4 15085s
 57392825 3605338     cutoff   43         0.02742    0.03212  17.1%  28.4 15090s
 57416213 3605143    0.02758   40   64    0.02742    0.03211  17.1%  28.4 15095s
 57438046 3605350    0.02778   47   59    0.02742    0.03211  17.1%  28.4 15100s
 57459083 3605248     cutoff   47         0.02742    0.03211  17.1%  28.4 15105s
 57482749 3605306     cutoff   43         0.02742    0.03210  17.1%  28.4 15110s
 57505830 3605301    0.03208   39   56    0.02742    0.03210  17.1%  28.4 15115s
 57527127 3605461     cutoff   42         0.02742    0.03210  17.1%  28.4 15120s
 57549992 3605438     cutoff   51         0.02742    0.03210  17.0%  28.4 15125s
 57573790 3605545    0.03008   42   56    0.02742    0.03209  17.0%  28.4 15130s
 57597120 3605762    0.02781   43   55    0.02742    0.03209  17.0%  28.4 15135s
 57620775 3605678     cutoff   51         0.02742    0.03209  17.0%  28.4 15140s
 57641358 3605772    0.02930   48   34    0.02742    0.03209  17.0%  28.4 15145s
 57664583 3605710    0.03106   43   58    0.02742    0.03208  17.0%  28.4 15150s
 57688166 3605651     cutoff   43         0.02742    0.03208  17.0%  28.4 15155s
 57710849 3605514    0.03186   45   48    0.02742    0.03208  17.0%  28.4 15160s
 57734186 3605527     cutoff   50         0.02742    0.03208  17.0%  28.4 15165s
 57752407 3605091     cutoff   41         0.02742    0.03207  17.0%  28.4 15170s
 57775369 3605442    0.02807   42   52    0.02742    0.03207  17.0%  28.4 15175s
 57798644 3605631     cutoff   48         0.02742    0.03207  16.9%  28.4 15180s
 57821771 3605430     cutoff   44         0.02742    0.03207  16.9%  28.4 15185s
 57843347 3605429    0.02985   49   51    0.02742    0.03206  16.9%  28.4 15190s
 57867079 3605191    0.02921   53   58    0.02742    0.03206  16.9%  28.4 15195s
 57890759 3605062     cutoff   50         0.02742    0.03206  16.9%  28.4 15200s
 57913518 3605501 infeasible   63         0.02742    0.03206  16.9%  28.4 15205s
 57935921 3605440    0.03004   34   62    0.02742    0.03205  16.9%  28.4 15210s
 57958756 3605407    0.02786   35   54    0.02742    0.03205  16.9%  28.4 15215s
 57982411 3605346     cutoff   40         0.02742    0.03205  16.9%  28.4 15220s
 58003313 3605432    0.03194   48   60    0.02742    0.03205  16.9%  28.4 15225s
 58026849 3605451    0.02842   44   53    0.02742    0.03204  16.8%  28.4 15230s
 58050043 3605480     cutoff   59         0.02742    0.03204  16.8%  28.4 15235s
 58073385 3605708    0.02926   50   60    0.02742    0.03204  16.8%  28.4 15240s
 58093427 3605804     cutoff   51         0.02742    0.03204  16.8%  28.4 15245s
 58116602 3605920    0.03200   31   62    0.02742    0.03203  16.8%  28.3 15250s
 58139784 3606205     cutoff   50         0.02742    0.03203  16.8%  28.3 15255s
 58163472 3606144    0.02839   39   51    0.02742    0.03203  16.8%  28.3 15260s
 58187976 3606403     cutoff   42         0.02742    0.03203  16.8%  28.3 15265s
 58210055 3606266    0.02797   47   60    0.02742    0.03202  16.8%  28.3 15270s
 58232838 3606205 infeasible   85         0.02742    0.03202  16.8%  28.3 15275s
 58255453 3606292    0.02838   51   46    0.02742    0.03202  16.8%  28.3 15280s
 58279611 3606659     cutoff   49         0.02742    0.03202  16.7%  28.3 15285s
 58297741 3606725    0.02909   46   57    0.02742    0.03201  16.7%  28.3 15290s
 58321943 3606954     cutoff   56         0.02742    0.03201  16.7%  28.3 15295s
 58345069 3607305    0.02930   80   34    0.02742    0.03201  16.7%  28.3 15300s
 58368372 3607048    0.02882   81   10    0.02742    0.03201  16.7%  28.3 15305s
 58391783 3606720     cutoff   60         0.02742    0.03200  16.7%  28.3 15310s
 58414445 3606802    0.02911   96    4    0.02742    0.03200  16.7%  28.3 15315s
 58436555 3606644    0.03108   36   67    0.02742    0.03200  16.7%  28.3 15320s
 58459966 3606429 infeasible   88         0.02742    0.03200  16.7%  28.3 15325s
 58483501 3606272    0.02957   43   57    0.02742    0.03200  16.7%  28.3 15330s
 58507102 3606283    0.02880   45   55    0.02742    0.03199  16.7%  28.3 15335s
 58530542 3606380    0.03052   39   59    0.02742    0.03199  16.7%  28.3 15340s
 58554693 3606511    0.02846   46   52    0.02742    0.03199  16.6%  28.3 15345s
 58578236 3606362    0.02807   51   55    0.02742    0.03198  16.6%  28.3 15350s
 58599891 3606473    0.02908   44   62    0.02742    0.03198  16.6%  28.3 15355s
 58623103 3606360     cutoff   54         0.02742    0.03198  16.6%  28.3 15360s
 58646884 3606547     cutoff   50         0.02742    0.03198  16.6%  28.3 15365s
 58670475 3606619    0.02764   47   50    0.02742    0.03197  16.6%  28.3 15370s
 58692053 3606483    0.02847   48   49    0.02742    0.03197  16.6%  28.3 15375s
 58715340 3606237    0.03090   52   46    0.02742    0.03197  16.6%  28.3 15380s
 58737688 3606083     cutoff   46         0.02742    0.03197  16.6%  28.3 15385s
 58758824 3606093    0.03023   42   57    0.02742    0.03196  16.6%  28.3 15390s
 58782188 3605963    0.02795   41   62    0.02742    0.03196  16.5%  28.3 15395s
 58803462 3605880     cutoff   49         0.02742    0.03196  16.5%  28.3 15400s
 58826814 3605802    0.02801   52   45    0.02742    0.03196  16.5%  28.3 15405s
 58850077 3605642     cutoff   87         0.02742    0.03195  16.5%  28.3 15410s
 58873429 3605525     cutoff   50         0.02742    0.03195  16.5%  28.3 15415s
 58894066 3605416     cutoff   75         0.02742    0.03195  16.5%  28.3 15420s
 58916736 3605502    0.02950   40   64    0.02742    0.03195  16.5%  28.3 15425s
 58940033 3605320     cutoff   61         0.02742    0.03194  16.5%  28.3 15430s
 58963852 3605152     cutoff   52         0.02742    0.03194  16.5%  28.2 15435s
 58984791 3605007    0.02874   40   60    0.02742    0.03194  16.5%  28.2 15440s
 59006691 3604865    0.02956   49   54    0.02742    0.03194  16.5%  28.2 15445s
 59029933 3604582    0.03033   45   53    0.02742    0.03193  16.4%  28.2 15450s
 59053740 3604716     cutoff   59         0.02742    0.03193  16.4%  28.2 15455s
 59077240 3604482     cutoff   51         0.02742    0.03193  16.4%  28.2 15460s
 59097631 3604648     cutoff   45         0.02742    0.03193  16.4%  28.2 15465s
 59120399 3604546     cutoff   46         0.02742    0.03193  16.4%  28.2 15470s
 59141861 3604415    0.02887   46   54    0.02742    0.03192  16.4%  28.2 15475s
 59164432 3604283    0.03064   51   55    0.02742    0.03192  16.4%  28.2 15480s
 59186335 3604332     cutoff   50         0.02742    0.03192  16.4%  28.2 15485s
 59210415 3604182     cutoff   43         0.02742    0.03192  16.4%  28.2 15490s
 59233547 3604188    0.03043   41   63    0.02742    0.03191  16.4%  28.2 15495s
 59255936 3604238     cutoff   49         0.02742    0.03191  16.4%  28.2 15500s
 59277174 3604034    0.02875   53   46    0.02742    0.03191  16.4%  28.2 15505s
 59300169 3603921    0.02745   39   55    0.02742    0.03190  16.3%  28.2 15510s
 59323507 3603645     cutoff   46         0.02742    0.03190  16.3%  28.2 15515s
 59346458 3603843     cutoff   41         0.02742    0.03190  16.3%  28.2 15520s
 59368277 3603583     cutoff   49         0.02742    0.03190  16.3%  28.2 15525s
 59390983 3603379    0.02824   51   53    0.02742    0.03189  16.3%  28.2 15530s
 59414381 3603311     cutoff   49         0.02742    0.03189  16.3%  28.2 15535s
 59435733 3603224    0.02990   49   57    0.02742    0.03189  16.3%  28.2 15540s
 59458708 3603204     cutoff   59         0.02742    0.03189  16.3%  28.2 15545s
 59479634 3603168 infeasible   58         0.02742    0.03188  16.3%  28.2 15550s
 59501758 3602910    0.02981   58   53    0.02742    0.03188  16.3%  28.2 15555s
 59524323 3602549    0.02974   47   50    0.02742    0.03188  16.3%  28.2 15560s
 59546604 3602192     cutoff   45         0.02742    0.03188  16.2%  28.2 15565s
 59567805 3601850    0.03084   46   54    0.02742    0.03188  16.2%  28.2 15570s
 59590999 3601663     cutoff   41         0.02742    0.03187  16.2%  28.2 15575s
 59613863 3601501    0.03021   48   56    0.02742    0.03187  16.2%  28.2 15580s
 59636030 3601261     cutoff   44         0.02742    0.03187  16.2%  28.2 15585s
 59658836 3601063     cutoff   49         0.02742    0.03187  16.2%  28.2 15590s
 59680454 3600993    0.02973   50   52    0.02742    0.03186  16.2%  28.2 15595s
 59701834 3600792     cutoff   45         0.02742    0.03186  16.2%  28.2 15600s
 59723769 3600372     cutoff   45         0.02742    0.03186  16.2%  28.2 15605s
 59744983 3600159     cutoff   52         0.02742    0.03186  16.2%  28.2 15610s
 59765955 3599875    0.03077   42   57    0.02742    0.03185  16.2%  28.2 15615s
 59788570 3599872     cutoff   63         0.02742    0.03185  16.1%  28.2 15620s
 59811323 3599729    0.02815   53   56    0.02742    0.03185  16.1%  28.1 15625s
 59831330 3599436     cutoff   54         0.02742    0.03185  16.1%  28.1 15630s
 59853452 3599109    0.03046   48   54    0.02742    0.03184  16.1%  28.1 15635s
 59874822 3598701    0.03174   43   59    0.02742    0.03184  16.1%  28.1 15640s
 59896887 3598374    0.03184   36   59    0.02742    0.03184  16.1%  28.1 15645s
 59919763 3598160     cutoff   46         0.02742    0.03184  16.1%  28.1 15650s
 59940786 3598032    0.02786   42   55    0.02742    0.03183  16.1%  28.1 15655s
 59963895 3598047     cutoff   56         0.02742    0.03183  16.1%  28.1 15660s
 59986407 3597877     cutoff   46         0.02742    0.03183  16.1%  28.1 15665s
 60009106 3597681    0.02900   77   24    0.02742    0.03183  16.1%  28.1 15670s
 60030002 3597751    0.03091   46   57    0.02742    0.03182  16.0%  28.1 15675s
 60051867 3597612    0.03180   47   64    0.02742    0.03182  16.0%  28.1 15680s
 60074330 3597227    0.02750   40   52    0.02742    0.03182  16.0%  28.1 15685s
 60091597 3597290    0.02780   43   62    0.02742    0.03182  16.0%  28.1 15690s
 60112453 3597199     cutoff   45         0.02742    0.03182  16.0%  28.1 15695s
 60136618 3597254     cutoff   57         0.02742    0.03181  16.0%  28.1 15700s
 60158544 3597033    0.03107   47   52    0.02742    0.03181  16.0%  28.1 15705s
 60181845 3596827    0.03121   42   50    0.02742    0.03181  16.0%  28.1 15710s
 60203985 3596783    0.02839   49   40    0.02742    0.03181  16.0%  28.1 15715s
 60225669 3596582    0.02898   34   55    0.02742    0.03180  16.0%  28.1 15720s
 60248384 3596384    0.02807   42   56    0.02742    0.03180  16.0%  28.1 15725s
 60271412 3595927     cutoff   46         0.02742    0.03180  16.0%  28.1 15730s
 60294302 3595776    0.03178   42   38    0.02742    0.03180  15.9%  28.1 15735s
 60315139 3595665    0.02928   44   64    0.02742    0.03179  15.9%  28.1 15740s
 60337534 3595618     cutoff   39         0.02742    0.03179  15.9%  28.1 15745s
 60359599 3595377     cutoff   95         0.02742    0.03179  15.9%  28.1 15750s
 60380301 3595454     cutoff   44         0.02742    0.03179  15.9%  28.1 15755s
 60400731 3595495     cutoff   42         0.02742    0.03178  15.9%  28.1 15760s
 60419817 3595331    0.02756   84   11    0.02742    0.03178  15.9%  28.1 15765s
 60440912 3595159     cutoff   48         0.02742    0.03178  15.9%  28.1 15770s
 60464293 3595271     cutoff   46         0.02742    0.03178  15.9%  28.1 15775s
 60486490 3595325     cutoff   47         0.02742    0.03178  15.9%  28.1 15780s
 60507628 3595372     cutoff   38         0.02742    0.03177  15.9%  28.1 15785s
 60530153 3595193    0.02965   42   57    0.02742    0.03177  15.9%  28.1 15790s
 60552662 3595336    0.03020   50   59    0.02742    0.03177  15.8%  28.1 15795s
 60575637 3595332     cutoff   44         0.02742    0.03177  15.8%  28.1 15800s
 60597272 3595628    0.02798   68    7    0.02742    0.03176  15.8%  28.1 15805s
 60619808 3595730    0.03019   50   53    0.02742    0.03176  15.8%  28.1 15810s
 60642674 3595733    0.02831   47   54    0.02742    0.03176  15.8%  28.1 15815s
 60666360 3595473     cutoff   43         0.02742    0.03176  15.8%  28.0 15820s
 60690097 3595485     cutoff   44         0.02742    0.03176  15.8%  28.0 15825s
 60711160 3595677     cutoff   78         0.02742    0.03176  15.8%  28.0 15830s
 60735428 3596019 infeasible   81         0.02742    0.03175  15.8%  28.0 15835s
 60759907 3596670     cutoff   58         0.02742    0.03175  15.8%  28.0 15840s
 60781839 3597085     cutoff   44         0.02742    0.03175  15.8%  28.0 15845s
 60805869 3597731    0.03020   43   54    0.02742    0.03175  15.8%  28.0 15850s
 60828604 3598064    0.03054   59   48    0.02742    0.03175  15.8%  28.0 15855s
 60852227 3598857     cutoff   55         0.02742    0.03175  15.8%  28.0 15860s
 60877111 3599359     cutoff   80         0.02742    0.03174  15.8%  28.0 15865s
 60901641 3599718     cutoff   78         0.02742    0.03174  15.7%  28.0 15870s
 60922899 3600312    0.03035   41   59    0.02742    0.03174  15.7%  28.0 15875s
 60947303 3601115     cutoff   79         0.02742    0.03174  15.7%  28.0 15880s
 60970406 3602158    0.02831   51   47    0.02742    0.03174  15.7%  28.0 15885s
 60994984 3603199     cutoff   82         0.02742    0.03174  15.7%  28.0 15890s
 61018071 3603927    0.03174   75   12    0.02742    0.03174  15.7%  28.0 15895s
 61035619 3604301     cutoff   47         0.02742    0.03173  15.7%  28.0 15900s
 61058811 3604538    0.03173   74   12    0.02742    0.03173  15.7%  28.0 15905s
 61083018 3604893     cutoff   51         0.02742    0.03173  15.7%  28.0 15910s
 61106919 3605758    0.03009   72   29    0.02742    0.03173  15.7%  28.0 15915s
 61129744 3606218    0.02994   42   55    0.02742    0.03173  15.7%  28.0 15920s
 61152006 3606956 infeasible   80         0.02742    0.03173  15.7%  28.0 15925s
 61175475 3607911    0.02907   92   14    0.02742    0.03172  15.7%  28.0 15930s
 61199907 3608487    0.03127   42   62    0.02742    0.03172  15.7%  28.0 15935s
 61224057 3609103    0.02765   78   21    0.02742    0.03172  15.7%  28.0 15940s
 61247149 3609759    0.02890   42   56    0.02742    0.03172  15.7%  28.0 15945s
 61271289 3610567    0.03172   34   63    0.02742    0.03172  15.7%  28.0 15950s
 61295137 3612825 infeasible   81         0.02742    0.03172  15.7%  27.9 15955s
 61318662 3613520    0.02820   57   46    0.02742    0.03172  15.7%  27.9 15960s
 61342533 3614295    0.02768   50   55    0.02742    0.03171  15.6%  27.9 15965s
 61362500 3615330     cutoff   51         0.02742    0.03171  15.6%  27.9 15970s
 61384911 3615910    0.03036   42   54    0.02742    0.03171  15.6%  27.9 15975s
 61406651 3616569     cutoff   62         0.02742    0.03171  15.6%  27.9 15980s
 61428870 3616772     cutoff   47         0.02742    0.03171  15.6%  27.9 15985s
 61449393 3617528    0.02879   57   58    0.02742    0.03171  15.6%  27.9 15990s
 61473439 3617837    0.03016   45   56    0.02742    0.03170  15.6%  27.9 15995s
 61495788 3618127    0.03168   45   47    0.02742    0.03170  15.6%  27.9 16000s
 61517228 3618844     cutoff   79         0.02742    0.03170  15.6%  27.9 16005s
 61547889 3624680    0.03156   93    8    0.02742    0.03170  15.6%  27.9 16010s
 61582369 3632162 infeasible   89         0.02742    0.03170  15.6%  27.9 16015s
 61616709 3639369 infeasible   87         0.02742    0.03170  15.6%  27.9 16020s
 61650349 3646413    0.02962   82   15    0.02742    0.03170  15.6%  27.9 16025s
 61684346 3654653    0.03009   79   14    0.02742    0.03170  15.6%  27.9 16030s
 61717344 3661677     cutoff   50         0.02742    0.03170  15.6%  27.9 16035s
 61737810 3664340 infeasible  100         0.02742    0.03170  15.6%  27.9 16040s
 61760391 3666958     cutoff   43         0.02742    0.03170  15.6%  27.8 16045s
 61783016 3669338     cutoff   50         0.02742    0.03170  15.6%  27.8 16050s
 61803927 3670682     cutoff   46         0.02742    0.03170  15.6%  27.8 16055s
 61826383 3674035 infeasible   92         0.02742    0.03170  15.6%  27.8 16060s
 61858134 3679650    0.02946   80    8    0.02742    0.03170  15.6%  27.8 16065s
 61884614 3682964    0.03014   47   59    0.02742    0.03169  15.6%  27.8 16070s
 61906825 3686035    0.02835   47   53    0.02742    0.03169  15.6%  27.8 16075s
 61923259 3687323    0.02857   51   56    0.02742    0.03169  15.6%  27.8 16080s
 61943109 3689226    0.02764   51   51    0.02742    0.03169  15.6%  27.8 16085s
 61969270 3693574     cutoff   46         0.02742    0.03169  15.6%  27.8 16090s
 61995817 3697380    0.02785   96   11    0.02742    0.03169  15.6%  27.8 16095s
 62020150 3699259    0.02772   48   52    0.02742    0.03169  15.6%  27.8 16100s
 62044719 3701665    0.02748   44   53    0.02742    0.03169  15.6%  27.8 16105s
 62069098 3703878     cutoff   80         0.02742    0.03169  15.5%  27.8 16110s
 62093301 3705929     cutoff   40         0.02742    0.03169  15.5%  27.8 16115s
 62117801 3709050     cutoff   48         0.02742    0.03169  15.5%  27.8 16120s
 62143427 3713006    0.03004   81   13    0.02742    0.03168  15.5%  27.8 16125s
 62169403 3717318 infeasible   87         0.02742    0.03168  15.5%  27.8 16130s
 62196462 3721661    0.02950   44   61    0.02742    0.03168  15.5%  27.7 16135s
 62223006 3725339     cutoff   42         0.02742    0.03168  15.5%  27.7 16140s
 62249520 3728185 infeasible   80         0.02742    0.03168  15.5%  27.7 16145s
 62275894 3730582    0.02799   52   57    0.02742    0.03168  15.5%  27.7 16150s
 62295168 3732841     cutoff   43         0.02742    0.03168  15.5%  27.7 16155s
 62319964 3735106    0.02760   52   55    0.02742    0.03168  15.5%  27.7 16160s
 62342883 3736904    0.02751   43   56    0.02742    0.03168  15.5%  27.7 16165s
 62369177 3740342    0.03102   48   54    0.02742    0.03168  15.5%  27.7 16170s
 62394054 3743376 infeasible   77         0.02742    0.03167  15.5%  27.7 16175s
 62420397 3746181     cutoff   58         0.02742    0.03167  15.5%  27.7 16180s
 62447527 3749637    0.03012   78   30    0.02742    0.03167  15.5%  27.7 16185s
 62473396 3751762    0.03163   35   67    0.02742    0.03167  15.5%  27.7 16190s
 62499449 3754184     cutoff   56         0.02742    0.03167  15.5%  27.7 16195s
 62524607 3755471     cutoff   52         0.02742    0.03167  15.5%  27.7 16200s
 62549970 3756876     cutoff   58         0.02742    0.03167  15.5%  27.7 16205s
 62575656 3758038    0.02746   79   15    0.02742    0.03167  15.5%  27.7 16210s
 62601440 3759211     cutoff   78         0.02742    0.03166  15.5%  27.7 16215s
 62626176 3760368    0.03074   46   56    0.02742    0.03166  15.5%  27.7 16220s
 62649506 3761663    0.02746   77   16    0.02742    0.03166  15.5%  27.7 16225s
 62674583 3763076    0.03126   50   51    0.02742    0.03166  15.4%  27.7 16230s
 62699170 3764062    0.03115   39   57    0.02742    0.03166  15.4%  27.7 16235s
 62722619 3765001     cutoff   76         0.02742    0.03166  15.4%  27.7 16240s
 62747091 3766242     cutoff   51         0.02742    0.03166  15.4%  27.6 16245s
 62770756 3767440    0.03165   74   14    0.02742    0.03165  15.4%  27.6 16250s
 62795276 3768555    0.02898   78   24    0.02742    0.03165  15.4%  27.6 16255s
 62811123 3769503     cutoff   42         0.02742    0.03165  15.4%  27.6 16260s
 62835344 3770806     cutoff   47         0.02742    0.03165  15.4%  27.6 16265s
 62860290 3772446    0.03013   48   47    0.02742    0.03165  15.4%  27.6 16270s
 62885629 3774319     cutoff   51         0.02742    0.03165  15.4%  27.6 16275s
 62910343 3775920    0.03131   38   63    0.02742    0.03165  15.4%  27.6 16280s
 62936061 3778470     cutoff   58         0.02742    0.03164  15.4%  27.6 16285s
 62961210 3781296    0.02784   93   15    0.02742    0.03164  15.4%  27.6 16290s
 62987360 3785020    0.02923   48   53    0.02742    0.03164  15.4%  27.6 16295s
 63012172 3787169 infeasible   89         0.02742    0.03164  15.4%  27.6 16300s
 63037405 3789402 infeasible   83         0.02742    0.03164  15.4%  27.6 16305s
 63062210 3791619     cutoff   53         0.02742    0.03164  15.4%  27.6 16310s
 63087595 3793771    0.02917   82   16    0.02742    0.03164  15.4%  27.6 16315s
 63115042 3797828    0.02892   84   14    0.02742    0.03164  15.4%  27.6 16320s
 63139061 3800791    0.03164   74   12    0.02742    0.03164  15.4%  27.6 16325s
 63164939 3804389     cutoff   61         0.02742    0.03163  15.4%  27.6 16330s
 63191900 3807605 infeasible   51         0.02742    0.03163  15.4%  27.6 16335s
 63217697 3809470     cutoff   51         0.02742    0.03163  15.3%  27.6 16340s
 63241825 3810614     cutoff   56         0.02742    0.03163  15.3%  27.6 16345s
 63264271 3811349     cutoff   62         0.02742    0.03163  15.3%  27.6 16350s
 63287656 3812187    0.03162   73   13    0.02742    0.03163  15.3%  27.5 16355s
 63312347 3812945    0.03063   46   57    0.02742    0.03163  15.3%  27.5 16360s
 63337407 3813467     cutoff   77         0.02742    0.03163  15.3%  27.5 16365s
 63362567 3814122     cutoff   51         0.02742    0.03162  15.3%  27.5 16370s
 63384415 3814729    0.02903   85   19    0.02742    0.03162  15.3%  27.5 16375s
 63408926 3815188    0.03152   67   41    0.02742    0.03162  15.3%  27.5 16380s
 63433096 3815327    0.03162   76   12    0.02742    0.03162  15.3%  27.5 16385s
 63456834 3815447     cutoff   52         0.02742    0.03162  15.3%  27.5 16390s
 63482580 3815863    0.03155   39   55    0.02742    0.03162  15.3%  27.5 16395s
 63504162 3816171    0.03162   81   13    0.02742    0.03162  15.3%  27.5 16400s
 63525724 3816873    0.02901   77   20    0.02742    0.03161  15.3%  27.5 16405s
 63550794 3817303    0.03147   47   58    0.02742    0.03161  15.3%  27.5 16410s
 63576501 3817876 infeasible   78         0.02742    0.03161  15.3%  27.5 16415s
 63603168 3818587    0.02941   40   53    0.02742    0.03161  15.3%  27.5 16420s
 63627707 3819047    0.02795   46   57    0.02742    0.03161  15.3%  27.5 16425s
 63653141 3819759     cutoff   45         0.02742    0.03161  15.3%  27.5 16430s
 63678961 3820419    0.03154   45   53    0.02742    0.03161  15.3%  27.5 16435s
 63704251 3820768     cutoff   78         0.02742    0.03160  15.2%  27.5 16440s
 63726987 3821598     cutoff   38         0.02742    0.03160  15.2%  27.5 16445s
 63751344 3821985    0.03094   45   53    0.02742    0.03160  15.2%  27.5 16450s
 63775712 3822399    0.02999   41   63    0.02742    0.03160  15.2%  27.5 16455s
 63800196 3823372     cutoff   46         0.02742    0.03160  15.2%  27.5 16460s
 63823242 3824034     cutoff   50         0.02742    0.03160  15.2%  27.5 16465s
 63848489 3824575    0.03117   40   67    0.02742    0.03160  15.2%  27.5 16470s
 63873465 3825417    0.02903   45   56    0.02742    0.03160  15.2%  27.5 16475s
 63898045 3825980    0.03130   37   54    0.02742    0.03160  15.2%  27.4 16480s
 63920484 3826847     cutoff   48         0.02742    0.03159  15.2%  27.4 16485s
 63945708 3827498    0.02783   86    7    0.02742    0.03159  15.2%  27.4 16490s
 63971269 3828143    0.03139   42   42    0.02742    0.03159  15.2%  27.4 16495s
 63994925 3829088    0.02758   91   11    0.02742    0.03159  15.2%  27.4 16500s
 64018112 3830324    0.02772   89   11    0.02742    0.03159  15.2%  27.4 16505s
 64042428 3831398     cutoff   85         0.02742    0.03159  15.2%  27.4 16510s
 64067835 3832821 infeasible   94         0.02742    0.03159  15.2%  27.4 16515s
 64092457 3833668    0.03157   41   60    0.02742    0.03159  15.2%  27.4 16520s
 64117947 3834476 infeasible   95         0.02742    0.03159  15.2%  27.4 16525s
 64141695 3835473    0.02757   89    6    0.02742    0.03159  15.2%  27.4 16530s
 64167406 3836608    0.02914   88   16    0.02742    0.03159  15.2%  27.4 16535s
 64192403 3837681     cutoff   45         0.02742    0.03159  15.2%  27.4 16540s
 64217611 3839163 infeasible   97         0.02742    0.03159  15.2%  27.4 16545s
 64241792 3840318     cutoff   51         0.02742    0.03158  15.2%  27.4 16550s
 64264559 3841534    0.03032   81   14    0.02742    0.03158  15.2%  27.4 16555s
 64289663 3842407     cutoff   91         0.02742    0.03158  15.2%  27.4 16560s
 64315169 3843555     cutoff   46         0.02742    0.03158  15.2%  27.4 16565s
 64340526 3844592    0.03158   77   13    0.02742    0.03158  15.2%  27.4 16570s
 64365871 3845605     cutoff   52         0.02742    0.03158  15.2%  27.4 16575s
 64391810 3846699    0.03110   87   14    0.02742    0.03158  15.2%  27.4 16580s
 64416976 3847803    0.02773   92   11    0.02742    0.03158  15.2%  27.3 16585s
 64440143 3848525    0.03090   47   48    0.02742    0.03158  15.2%  27.3 16590s
 64465512 3849098     cutoff   52         0.02742    0.03158  15.1%  27.3 16595s
 64490567 3849950     cutoff  105         0.02742    0.03158  15.1%  27.3 16600s
 64515498 3850681    0.02910   78   23    0.02742    0.03158  15.1%  27.3 16605s
 64539980 3851676     cutoff   84         0.02742    0.03157  15.1%  27.3 16610s
 64563122 3852542    0.02750   48   56    0.02742    0.03157  15.1%  27.3 16615s
 64588969 3853567    0.03156  101    9    0.02742    0.03157  15.1%  27.3 16620s
 64614435 3854869    0.03157   75   15    0.02742    0.03157  15.1%  27.3 16625s
 64639739 3855859 infeasible   93         0.02742    0.03157  15.1%  27.3 16630s
 64663508 3857073     cutoff   44         0.02742    0.03157  15.1%  27.3 16635s
 64687716 3858032 infeasible   97         0.02742    0.03157  15.1%  27.3 16640s
 64711181 3859499    0.02768   45   62    0.02742    0.03157  15.1%  27.3 16645s
 64738479 3861121     cutoff   81         0.02742    0.03157  15.1%  27.3 16650s
 64762096 3862648     cutoff   82         0.02742    0.03157  15.1%  27.3 16655s
 64782790 3863958    0.02763   89   16    0.02742    0.03157  15.1%  27.3 16660s
 64809124 3865860    0.02787  100    3    0.02742    0.03157  15.1%  27.3 16665s
 64835009 3867554    0.03104   91   10    0.02742    0.03156  15.1%  27.3 16670s
 64861259 3869395    0.02881   87   25    0.02742    0.03156  15.1%  27.3 16675s
 64887241 3870985    0.03135   89   10    0.02742    0.03156  15.1%  27.3 16680s
 64913278 3872921    0.03154   76   13    0.02742    0.03156  15.1%  27.3 16685s
 64939488 3874576 infeasible   91         0.02742    0.03156  15.1%  27.2 16690s
 64964674 3876311    0.02817   93   15    0.02742    0.03156  15.1%  27.2 16695s
 64990318 3877916     cutoff   48         0.02742    0.03156  15.1%  27.2 16700s
 65015742 3880327    0.03091   81   12    0.02742    0.03156  15.1%  27.2 16705s
 65036763 3882285     cutoff   41         0.02742    0.03156  15.1%  27.2 16710s
 65062963 3885179    0.03156   87    7    0.02742    0.03156  15.1%  27.2 16715s
 65088388 3887914    0.02787   92   12    0.02742    0.03156  15.1%  27.2 16720s
 65113840 3891069    0.02792   91   12    0.02742    0.03156  15.1%  27.2 16725s
 65138774 3893932    0.02885   38   56    0.02742    0.03156  15.1%  27.2 16730s
 65160294 3896791    0.02922   87   15    0.02742    0.03156  15.1%  27.2 16735s
 65184867 3899840    0.03155   86   11    0.02742    0.03156  15.1%  27.2 16740s
 65207896 3902658     cutoff   82         0.02742    0.03155  15.1%  27.2 16745s
 65233828 3905759     cutoff   46         0.02742    0.03155  15.1%  27.2 16750s
 65258166 3908567 infeasible   96         0.02742    0.03155  15.1%  27.2 16755s
 65280128 3911109     cutoff   51         0.02742    0.03155  15.1%  27.2 16760s
 65303172 3914315     cutoff   52         0.02742    0.03155  15.1%  27.2 16765s
 65326524 3916683 infeasible   90         0.02742    0.03155  15.1%  27.2 16770s
 65351786 3919186    0.02758   95    7    0.02742    0.03155  15.1%  27.2 16775s
 65373398 3921499     cutoff   75         0.02742    0.03155  15.1%  27.2 16780s
 65398026 3923950    0.03147   75   18    0.02742    0.03155  15.1%  27.2 16785s
 65420074 3926245    0.03001   40   60    0.02742    0.03155  15.0%  27.2 16790s
 65445384 3928872    0.02788   92   16    0.02742    0.03155  15.0%  27.1 16795s
 65469776 3931188     cutoff   82         0.02742    0.03155  15.0%  27.1 16800s
 65494860 3933910    0.03108   90    8    0.02742    0.03155  15.0%  27.1 16805s
 65518571 3936669    0.03155   79   16    0.02742    0.03155  15.0%  27.1 16810s
 65543255 3939260     cutoff   50         0.02742    0.03155  15.0%  27.1 16815s
 65569255 3942187     cutoff   63         0.02742    0.03155  15.0%  27.1 16820s
 65594323 3944823    0.02907   88   11    0.02742    0.03155  15.0%  27.1 16825s
 65617491 3947268    0.03105   85   11    0.02742    0.03155  15.0%  27.1 16830s
 65642854 3949971    0.02771   89   11    0.02742    0.03154  15.0%  27.1 16835s
 65668825 3953218     cutoff   83         0.02742    0.03154  15.0%  27.1 16840s
 65694673 3956342    0.02772   92    7    0.02742    0.03154  15.0%  27.1 16845s
 65718730 3959489    0.02796   51   50    0.02742    0.03154  15.0%  27.1 16850s
 65740190 3962137    0.02996   41   50    0.02742    0.03154  15.0%  27.1 16855s
 65766693 3965633 infeasible   90         0.02742    0.03154  15.0%  27.1 16860s
 65793855 3969250     cutoff   83         0.02742    0.03154  15.0%  27.1 16865s
 65816986 3972036     cutoff   45         0.02742    0.03154  15.0%  27.1 16870s
 65843843 3975396     cutoff   79         0.02742    0.03154  15.0%  27.1 16875s
 65870547 3978738    0.03137   82   13    0.02742    0.03154  15.0%  27.1 16880s
 65896392 3982237 infeasible   81         0.02742    0.03154  15.0%  27.1 16885s
 65922655 3985460    0.02772   90    4    0.02742    0.03154  15.0%  27.1 16890s
 65948435 3988951     cutoff   85         0.02742    0.03154  15.0%  27.1 16895s
 65974789 3992352     cutoff   86         0.02742    0.03154  15.0%  27.0 16900s
 66000463 3995494    0.02785   91   15    0.02742    0.03154  15.0%  27.0 16905s
 66026597 3998829     cutoff   46         0.02742    0.03153  15.0%  27.0 16910s
 66049660 4001496 infeasible   95         0.02742    0.03153  15.0%  27.0 16915s
 66075047 4004655     cutoff   83         0.02742    0.03153  15.0%  27.0 16920s
 66100272 4007513    0.03135   85   10    0.02742    0.03153  15.0%  27.0 16925s
 66127114 4010668     cutoff   90         0.02742    0.03153  15.0%  27.0 16930s
 66151498 4013495 infeasible   79         0.02742    0.03153  15.0%  27.0 16935s
 66177168 4016543 infeasible   87         0.02742    0.03153  15.0%  27.0 16940s
 66200818 4019343    0.03141   35   63    0.02742    0.03153  15.0%  27.0 16945s
 66226365 4022259     cutoff   44         0.02742    0.03153  15.0%  27.0 16950s
 66252426 4025686     cutoff   40         0.02742    0.03153  15.0%  27.0 16955s
 66273559 4028499    0.02787   92   15    0.02742    0.03153  15.0%  27.0 16960s
 66298316 4031411    0.03107   89    9    0.02742    0.03153  15.0%  27.0 16965s
 66324074 4034256    0.03114   42   66    0.02742    0.03153  15.0%  27.0 16970s
 66350350 4037482     cutoff   48         0.02742    0.03153  15.0%  27.0 16975s
 66376537 4041017    0.03144   78   15    0.02742    0.03153  15.0%  27.0 16980s
 66402347 4044345    0.02795   91   12    0.02742    0.03153  15.0%  27.0 16985s
 66428823 4047686    0.02827   87   15    0.02742    0.03153  15.0%  27.0 16990s
 66455511 4051073     cutoff   83         0.02742    0.03152  15.0%  27.0 16995s
 66481396 4053855 infeasible   79         0.02742    0.03152  15.0%  27.0 17000s
 66508961 4057383    0.02763   84   11    0.02742    0.03152  14.9%  26.9 17005s
 66534049 4060628    0.02786   93   13    0.02742    0.03152  14.9%  26.9 17010s
 66557911 4063576 infeasible   92         0.02742    0.03152  14.9%  26.9 17015s
 66584024 4067153     cutoff   43         0.02742    0.03152  14.9%  26.9 17020s
 66608751 4070231    0.02786   89   12    0.02742    0.03152  14.9%  26.9 17025s
 66634793 4073785    0.02789   92   12    0.02742    0.03152  14.9%  26.9 17030s
 66661514 4077994    0.02978   53   50    0.02742    0.03152  14.9%  26.9 17035s
 66689285 4082835    0.03135   82   12    0.02742    0.03152  14.9%  26.9 17040s
 66715362 4087803    0.02790   84   17    0.02742    0.03152  14.9%  26.9 17045s
 66742286 4092542    0.02776   91   11    0.02742    0.03152  14.9%  26.9 17050s
 66769642 4097329    0.02919   85   16    0.02742    0.03152  14.9%  26.9 17055s
 66797229 4102337     cutoff   96         0.02742    0.03152  14.9%  26.9 17060s
 66822429 4107240    0.03135   82   16    0.02742    0.03152  14.9%  26.9 17065s
 66850103 4112410    0.02996   44   53    0.02742    0.03151  14.9%  26.9 17070s
 66878047 4117416    0.03151   80    8    0.02742    0.03151  14.9%  26.9 17075s
 66905360 4122004    0.03134   87    8    0.02742    0.03151  14.9%  26.9 17080s
 66927306 4126071     cutoff   54         0.02742    0.03151  14.9%  26.9 17085s
 66951924 4130535    0.02787   82    9    0.02742    0.03151  14.9%  26.9 17090s
 66977391 4135348    0.03151   83   13    0.02742    0.03151  14.9%  26.8 17095s
 67002950 4140247    0.03146   45   66    0.02742    0.03151  14.9%  26.8 17100s
 67026140 4144334    0.03086   50   58    0.02742    0.03151  14.9%  26.8 17105s
 67052393 4149318    0.02917   57   58    0.02742    0.03151  14.9%  26.8 17110s
 67079214 4154431    0.02834   91   14    0.02742    0.03151  14.9%  26.8 17115s
 67105799 4159555 infeasible   79         0.02742    0.03151  14.9%  26.8 17120s
 67133213 4165037 infeasible   91         0.02742    0.03151  14.9%  26.8 17125s
 67160308 4170231     cutoff   92         0.02742    0.03151  14.9%  26.8 17130s
 67184914 4174214    0.02774   84    9    0.02742    0.03151  14.9%  26.8 17135s
 67209122 4178101    0.02931   43   54    0.02742    0.03151  14.9%  26.8 17140s
 67234995 4181978    0.02987   51   50    0.02742    0.03150  14.9%  26.8 17145s
 67261099 4186027 infeasible   90         0.02742    0.03150  14.9%  26.8 17150s
 67289667 4190454 infeasible   93         0.02742    0.03150  14.9%  26.8 17155s
 67314062 4194554    0.03150   81   19    0.02742    0.03150  14.9%  26.8 17160s
 67342337 4199102 infeasible   93         0.02742    0.03150  14.9%  26.8 17165s
 67370243 4203416 infeasible   91         0.02742    0.03150  14.9%  26.8 17170s
 67398342 4208044     cutoff   88         0.02742    0.03150  14.9%  26.8 17175s
 67426155 4212331    0.02907   89   10    0.02742    0.03150  14.9%  26.8 17180s
 67450066 4216121    0.02840   92   14    0.02742    0.03150  14.9%  26.7 17185s
 67478840 4220601    0.02842   47   57    0.02742    0.03150  14.9%  26.7 17190s
 67508024 4225041    0.02824   52   55    0.02742    0.03150  14.9%  26.7 17195s
 67538371 4228499    0.02827   91   15    0.02742    0.03150  14.9%  26.7 17200s
 67566997 4232045    0.02773   87    3    0.02742    0.03150  14.8%  26.7 17205s
 67593626 4235603    0.02936   53   47    0.02742    0.03150  14.8%  26.7 17210s
 67623219 4239607 infeasible   90         0.02742    0.03149  14.8%  26.7 17215s
 67652281 4243643    0.02789   93   15    0.02742    0.03149  14.8%  26.7 17220s
 67680493 4247631    0.03149   83   11    0.02742    0.03149  14.8%  26.7 17225s
 67708774 4251765     cutoff   44         0.02742    0.03149  14.8%  26.7 17230s
 67737633 4256206 infeasible   91         0.02742    0.03149  14.8%  26.7 17235s
 67768064 4260802 infeasible   89         0.02742    0.03149  14.8%  26.7 17240s
 67797947 4265185 infeasible   88         0.02742    0.03149  14.8%  26.7 17245s
 67825483 4269510    0.02792   47   61    0.02742    0.03149  14.8%  26.7 17250s
 67852677 4273612     cutoff   40         0.02742    0.03149  14.8%  26.7 17255s
 67880584 4277503     cutoff   46         0.02742    0.03149  14.8%  26.6 17260s
 67909769 4282168    0.02947   47   54    0.02742    0.03149  14.8%  26.6 17265s
 67939782 4286747     cutoff   81         0.02742    0.03149  14.8%  26.6 17270s
 67966279 4290702    0.02960   45   52    0.02742    0.03149  14.8%  26.6 17275s
 67996040 4295171    0.03136   44   55    0.02742    0.03149  14.8%  26.6 17280s
 68025258 4300061    0.02767   91    3    0.02742    0.03149  14.8%  26.6 17285s
 68054456 4304345 infeasible   90         0.02742    0.03149  14.8%  26.6 17290s
 68082255 4308472    0.03148   82   11    0.02742    0.03149  14.8%  26.6 17295s
 68109777 4312826     cutoff   41         0.02742    0.03149  14.8%  26.6 17300s
 68138811 4317427    0.02786   88   12    0.02742    0.03149  14.8%  26.6 17305s
 68167538 4321935    0.03138   80   16    0.02742    0.03149  14.8%  26.6 17310s
 68196193 4326197     cutoff   41         0.02742    0.03148  14.8%  26.6 17315s
 68223228 4330397    0.02914   88    5    0.02742    0.03148  14.8%  26.6 17320s
 68253715 4334801    0.02772   93    7    0.02742    0.03148  14.8%  26.6 17325s
 68283220 4338493     cutoff   89         0.02742    0.03148  14.8%  26.6 17330s
 68311782 4341919     cutoff   54         0.02742    0.03148  14.8%  26.5 17335s
 68341786 4346005    0.02771   99    6    0.02742    0.03148  14.8%  26.5 17340s
 68364783 4348870    0.02884   45   56    0.02742    0.03148  14.8%  26.5 17345s
 68395754 4353386    0.02760   93    7    0.02742    0.03148  14.8%  26.5 17350s
 68426670 4357446     cutoff   47         0.02742    0.03148  14.8%  26.5 17355s
 68457340 4361449    0.02915   90    6    0.02742    0.03148  14.8%  26.5 17360s
 68487948 4365171    0.02777  104    7    0.02742    0.03148  14.8%  26.5 17365s
 68509344 4366282 infeasible   89         0.02742    0.03148  14.8%  26.5 17370s
 68539682 4369867     cutoff   93         0.02742    0.03148  14.8%  26.5 17375s
 68568606 4373916    0.02914   89   10    0.02742    0.03148  14.8%  26.5 17380s
 68599862 4377924    0.02787   89    9    0.02742    0.03148  14.8%  26.5 17385s
 68626627 4381334 infeasible   99         0.02742    0.03148  14.8%  26.5 17390s
 68656798 4385590    0.02771   99    5    0.02742    0.03148  14.8%  26.5 17395s
 68684274 4389582    0.02914   89    5    0.02742    0.03148  14.8%  26.5 17400s
 68712156 4393419     cutoff   91         0.02742    0.03148  14.8%  26.5 17405s
 68742594 4397755    0.02970   89   12    0.02742    0.03148  14.8%  26.4 17410s
 68771639 4401657    0.02776   93    3    0.02742    0.03148  14.8%  26.4 17415s
 68800372 4405902 infeasible   93         0.02742    0.03148  14.8%  26.4 17420s
 68829534 4409962 infeasible   88         0.02742    0.03148  14.8%  26.4 17425s
 68860303 4414414    0.02771   93    4    0.02742    0.03148  14.8%  26.4 17430s
 68885699 4418137     cutoff   88         0.02742    0.03148  14.8%  26.4 17435s
 68914782 4422383    0.03084   41   65    0.02742    0.03147  14.8%  26.4 17440s
 68944555 4427234 infeasible   89         0.02742    0.03147  14.8%  26.4 17445s
 68975418 4431721 infeasible   91         0.02742    0.03147  14.8%  26.4 17450s
 69006042 4436310 infeasible   96         0.02742    0.03147  14.8%  26.4 17455s
 69039289 4441956     cutoff   55         0.02742    0.03147  14.8%  26.4 17460s
 69067452 4446481 infeasible   94         0.02742    0.03147  14.8%  26.4 17465s
 69100298 4451548    0.02971   89   13    0.02742    0.03147  14.8%  26.4 17470s
 69133938 4456670    0.02764   90    7    0.02742    0.03147  14.8%  26.3 17475s
 69167187 4462275    0.02802   91    9    0.02742    0.03147  14.8%  26.3 17480s
 69200971 4467612    0.02764   89    7    0.02742    0.03147  14.8%  26.3 17485s
 69226111 4471257     cutoff   86         0.02742    0.03147  14.8%  26.3 17490s
 69258607 4476373    0.02793   95    5    0.02742    0.03147  14.8%  26.3 17495s
 69290794 4481182    0.02851   92    7    0.02742    0.03147  14.8%  26.3 17500s
 69324072 4486365    0.03147   89    8    0.02742    0.03147  14.8%  26.3 17505s
 69357606 4491837    0.02765   94    6    0.02742    0.03147  14.8%  26.3 17510s
 69389761 4497190    0.02773   97    5    0.02742    0.03147  14.8%  26.3 17515s
 69420663 4501764    0.02832   93   14    0.02742    0.03147  14.8%  26.3 17520s
 69454417 4507197    0.02782   90    8    0.02742    0.03147  14.8%  26.3 17525s
 69488646 4512808    0.02877   97    5    0.02742    0.03147  14.8%  26.3 17530s
 69523565 4518084     cutoff   51         0.02742    0.03147  14.8%  26.2 17535s
 69557673 4523149 infeasible   38         0.02742    0.03147  14.8%  26.2 17540s
 69588186 4528189    0.02974   88   12    0.02742    0.03147  14.8%  26.2 17545s
 69620205 4532600 infeasible   90         0.02742    0.03147  14.8%  26.2 17550s
 69651778 4537670 infeasible   93         0.02742    0.03147  14.7%  26.2 17555s
 69686728 4543610    0.02783   94    6    0.02742    0.03147  14.7%  26.2 17560s
 69719429 4548935    0.02781   92    7    0.02742    0.03147  14.7%  26.2 17565s
 69751603 4553916 infeasible  108         0.02742    0.03147  14.7%  26.2 17570s
 69787104 4559492    0.02767   92    6    0.02742    0.03147  14.7%  26.2 17575s
 69821577 4564759 infeasible   93         0.02742    0.03147  14.7%  26.2 17580s
 69854983 4570045    0.02773   88   13    0.02742    0.03147  14.7%  26.2 17585s
 69887445 4575163    0.02772   90    3    0.02742    0.03147  14.7%  26.2 17590s
 69918184 4580111    0.02767   91    3    0.02742    0.03147  14.7%  26.1 17595s
 69949883 4585017    0.03146   88    7    0.02742    0.03147  14.7%  26.1 17600s
 69982933 4590133 infeasible   96         0.02742    0.03147  14.7%  26.1 17605s
 70016039 4595382    0.03073   44   53    0.02742    0.03147  14.7%  26.1 17610s
 70050365 4600592 infeasible   95         0.02742    0.03146  14.7%  26.1 17615s
 70079410 4605139    0.02771   97    5    0.02742    0.03146  14.7%  26.1 17620s
 70113742 4610268    0.03146   87   12    0.02742    0.03146  14.7%  26.1 17625s
 70146233 4615075 infeasible   53         0.02742    0.03146  14.7%  26.1 17630s
 70178472 4620388 infeasible   93         0.02742    0.03146  14.7%  26.1 17635s
 70211686 4626069 infeasible   96         0.02742    0.03146  14.7%  26.1 17640s
 70242142 4630905     cutoff   98         0.02742    0.03146  14.7%  26.1 17645s
 70267370 4635229     cutoff   49         0.02742    0.03146  14.7%  26.1 17650s
 70299410 4640105    0.02892   45   60    0.02742    0.03146  14.7%  26.0 17655s
 70333580 4645418    0.02786   87   18    0.02742    0.03146  14.7%  26.0 17660s
 70365106 4650061    0.02780   90    5    0.02742    0.03146  14.7%  26.0 17665s
 70390133 4653537    0.02842   52   55    0.02742    0.03146  14.7%  26.0 17670s
 70420438 4657605 infeasible   92         0.02742    0.03146  14.7%  26.0 17675s
 70450237 4662068     cutoff   40         0.02742    0.03146  14.7%  26.0 17680s
 70478791 4666226     cutoff   97         0.02742    0.03146  14.7%  26.0 17685s
 70505299 4669923    0.02972   89   12    0.02742    0.03146  14.7%  26.0 17690s
 70534088 4673976    0.02782   98    5    0.02742    0.03146  14.7%  26.0 17695s
 70561145 4677864     cutoff   52         0.02742    0.03146  14.7%  26.0 17700s
 70588401 4681573    0.03146   86   14    0.02742    0.03146  14.7%  26.0 17705s
 70614658 4685592    0.02928   86   14    0.02742    0.03146  14.7%  26.0 17710s
 70641853 4689657    0.02774   97    3    0.02742    0.03146  14.7%  26.0 17715s
 70665710 4693385     cutoff   92         0.02742    0.03146  14.7%  26.0 17720s
 70695320 4698162    0.02792   79   16    0.02742    0.03146  14.7%  26.0 17725s
 70723419 4702366    0.02871   92    8    0.02742    0.03146  14.7%  25.9 17730s
 70750876 4706431     cutoff   84         0.02742    0.03146  14.7%  25.9 17735s
 70777860 4710528    0.03071   49   57    0.02742    0.03146  14.7%  25.9 17740s
 70804032 4714412    0.02743   96   16    0.02742    0.03146  14.7%  25.9 17745s
 70828712 4718036 infeasible   92         0.02742    0.03146  14.7%  25.9 17750s
 70856134 4722093    0.02752   42   45    0.02742    0.03145  14.7%  25.9 17755s
 70881424 4726044 infeasible   94         0.02742    0.03145  14.7%  25.9 17760s
 70908935 4730321    0.02915   88    6    0.02742    0.03145  14.7%  25.9 17765s
 70931761 4733773    0.02855   90    3    0.02742    0.03145  14.7%  25.9 17770s
 70957127 4737842     cutoff   47         0.02742    0.03145  14.7%  25.9 17775s
 70987810 4743020     cutoff   43         0.02742    0.03145  14.7%  25.9 17780s
 71017975 4747919    0.02882   80   17    0.02742    0.03145  14.7%  25.9 17785s
 71047626 4753031    0.02873   91    9    0.02742    0.03145  14.7%  25.9 17790s
 71077572 4757983 infeasible   83         0.02742    0.03145  14.7%  25.9 17795s
 71106529 4762899    0.02785   87    6    0.02742    0.03145  14.7%  25.9 17800s
 71136742 4768262     cutoff   39         0.02742    0.03145  14.7%  25.9 17805s
 71166274 4773322     cutoff   46         0.02742    0.03145  14.7%  25.8 17810s
 71195578 4778676     cutoff   46         0.02742    0.03145  14.7%  25.8 17815s
 71224917 4784275 infeasible   89         0.02742    0.03145  14.7%  25.8 17820s
 71253764 4789751 infeasible   88         0.02742    0.03144  14.7%  25.8 17825s
 71283778 4795282    0.02844   43   52    0.02742    0.03144  14.7%  25.8 17830s
 71313836 4801319 infeasible   97         0.02742    0.03144  14.7%  25.8 17835s
 71340147 4806175     cutoff   46         0.02742    0.03144  14.7%  25.8 17840s
 71368685 4811995 infeasible   86         0.02742    0.03144  14.7%  25.8 17845s
 71394787 4817159 infeasible   92         0.02742    0.03144  14.6%  25.8 17850s
 71423548 4822916     cutoff   53         0.02742    0.03144  14.6%  25.8 17855s
 71452402 4828251    0.03034   44   57    0.02742    0.03144  14.6%  25.8 17860s
 71478621 4833596    0.02975   82   15    0.02742    0.03144  14.6%  25.8 17865s
 71508242 4839868    0.02909   87   11    0.02742    0.03144  14.6%  25.8 17870s
 71537919 4845700    0.02766   83   15    0.02742    0.03144  14.6%  25.8 17875s
 71567999 4851473    0.02973   77   22    0.02742    0.03144  14.6%  25.8 17880s
 71593175 4856375     cutoff   41         0.02742    0.03144  14.6%  25.8 17885s
 71622389 4862469    0.02797   88    5    0.02742    0.03143  14.6%  25.8 17890s
 71650674 4867850    0.02898   41   56    0.02742    0.03143  14.6%  25.7 17895s
 71678694 4873546 infeasible   93         0.02742    0.03143  14.6%  25.7 17900s
 71707261 4879551    0.03028   48   44    0.02742    0.03143  14.6%  25.7 17905s
 71734192 4885062    0.02907   84   14    0.02742    0.03143  14.6%  25.7 17910s
 71762985 4891265    0.02784   90    6    0.02742    0.03143  14.6%  25.7 17915s
 71791380 4897127     cutoff   49         0.02742    0.03143  14.6%  25.7 17920s
 71820785 4903237     cutoff   48         0.02742    0.03143  14.6%  25.7 17925s
 71842858 4907726     cutoff   97         0.02742    0.03143  14.6%  25.7 17930s
 71873285 4914025    0.02966   80   17    0.02742    0.03143  14.6%  25.7 17935s
 71904325 4920782    0.03138   46   50    0.02742    0.03143  14.6%  25.7 17940s
 71934268 4927288    0.03143   48   51    0.02742    0.03143  14.6%  25.7 17945s
 71964451 4934261 infeasible   97         0.02742    0.03143  14.6%  25.7 17950s
 71994755 4941051    0.03097   85   19    0.02742    0.03143  14.6%  25.7 17955s
 72024073 4947502     cutoff   42         0.02742    0.03142  14.6%  25.7 17960s
 72052930 4954203 infeasible   87         0.02742    0.03142  14.6%  25.7 17965s
 72079200 4960687    0.02811  102    3    0.02742    0.03142  14.6%  25.6 17970s
 72107941 4967223 infeasible   94         0.02742    0.03142  14.6%  25.6 17975s
 72139187 4974668    0.02971   79   17    0.02742    0.03142  14.6%  25.6 17980s
 72168496 4981146    0.02918   88    8    0.02742    0.03142  14.6%  25.6 17985s
 72198604 4988523    0.02986   35   63    0.02742    0.03142  14.6%  25.6 17990s
 72229918 4995696 infeasible   86         0.02742    0.03142  14.6%  25.6 17995s
 72253317 5001210    0.02780   92   11    0.02742    0.03142  14.6%  25.6 18000s
 72281398 5007792 infeasible   96         0.02742    0.03142  14.6%  25.6 18005s
 72312508 5015473 infeasible   89         0.02742    0.03142  14.6%  25.6 18010s
 72343075 5022457    0.02908   87   11    0.02742    0.03142  14.6%  25.6 18015s
 72373429 5029769 infeasible   95         0.02742    0.03142  14.6%  25.6 18020s
 72404205 5037219    0.03126   45   52    0.02742    0.03142  14.6%  25.6 18025s
 72434947 5044551    0.02967   82   22    0.02742    0.03142  14.6%  25.6 18030s
 72464676 5051288    0.02925   83   10    0.02742    0.03142  14.6%  25.6 18035s
 72494866 5057900     cutoff   48         0.02742    0.03141  14.6%  25.6 18040s
 72524751 5064096    0.02787   95   11    0.02742    0.03141  14.6%  25.6 18045s
 72552938 5070161    0.02905   86   14    0.02742    0.03141  14.5%  25.5 18050s
 72583215 5076124    0.03072   77   20    0.02742    0.03141  14.5%  25.5 18055s
 72613358 5082359     cutoff   53         0.02742    0.03141  14.5%  25.5 18060s
 72643321 5088729     cutoff   93         0.02742    0.03141  14.5%  25.5 18065s
 72672803 5095041     cutoff   94         0.02742    0.03141  14.5%  25.5 18070s
 72696487 5100250 infeasible   93         0.02742    0.03141  14.5%  25.5 18075s
 72726751 5106457 infeasible   95         0.02742    0.03141  14.5%  25.5 18080s
 72756494 5112631    0.02964   80   17    0.02742    0.03141  14.5%  25.5 18085s
 72783364 5117742    0.02926   86   18    0.02742    0.03141  14.5%  25.5 18090s
 72810636 5123041    0.02792   89   10    0.02742    0.03141  14.5%  25.5 18095s
 72840732 5129143    0.02825   49   53    0.02742    0.03141  14.5%  25.5 18100s
 72868553 5134436    0.02921   86   10    0.02742    0.03141  14.5%  25.5 18105s
 72896178 5139801    0.02968   84   14    0.02742    0.03140  14.5%  25.5 18110s
 72924344 5145398    0.02842   93   13    0.02742    0.03140  14.5%  25.5 18115s
 72953574 5150701     cutoff   50         0.02742    0.03140  14.5%  25.5 18120s
 72981892 5155854    0.02920   86   11    0.02742    0.03140  14.5%  25.5 18125s
 73010650 5161264    0.02818   91    8    0.02742    0.03140  14.5%  25.4 18130s
 73036673 5165855    0.03089   42   57    0.02742    0.03140  14.5%  25.4 18135s
 73064900 5171667     cutoff   48         0.02742    0.03140  14.5%  25.4 18140s
 73095616 5177653 infeasible   94         0.02742    0.03140  14.5%  25.4 18145s
 73125290 5183219    0.03001   86    8    0.02742    0.03140  14.5%  25.4 18150s
 73154966 5189136    0.02920   85   10    0.02742    0.03140  14.5%  25.4 18155s
 73177847 5193649    0.02981   87   14    0.02742    0.03140  14.5%  25.4 18160s
 73207307 5199182    0.03077   78    8    0.02742    0.03140  14.5%  25.4 18165s
 73235331 5204824    0.02924   85    8    0.02742    0.03140  14.5%  25.4 18170s
 73264768 5210667    0.02780   82    6    0.02742    0.03140  14.5%  25.4 18175s
 73293266 5216526    0.02972   81   15    0.02742    0.03139  14.5%  25.4 18180s
 73319740 5221381     cutoff   44         0.02742    0.03139  14.5%  25.4 18185s
 73348554 5227173    0.02778   87    3    0.02742    0.03139  14.5%  25.4 18190s
 73377894 5232967    0.03094   38   54    0.02742    0.03139  14.5%  25.4 18195s
 73407623 5238770    0.03128   50   56    0.02742    0.03139  14.5%  25.4 18200s
 73436729 5244241    0.02909   91   14    0.02742    0.03139  14.5%  25.4 18205s
 73459696 5248774     cutoff   41         0.02742    0.03139  14.5%  25.4 18210s
 73485589 5253692    0.02862   53   56    0.02742    0.03139  14.5%  25.4 18215s
 73515100 5259104    0.02918   89    7    0.02742    0.03139  14.5%  25.3 18220s
 73544469 5264814    0.02898   49   55    0.02742    0.03139  14.5%  25.3 18225s
 73574276 5269983    0.02893   91    5    0.02742    0.03139  14.5%  25.3 18230s
 73603478 5275493     cutoff   50         0.02742    0.03139  14.5%  25.3 18235s
 73631848 5280978     cutoff   43         0.02742    0.03139  14.5%  25.3 18240s
 73662356 5286740    0.02954   52   57    0.02742    0.03139  14.4%  25.3 18245s
 73690909 5291618     cutoff   50         0.02742    0.03138  14.4%  25.3 18250s
 73720618 5297012 infeasible   96         0.02742    0.03138  14.4%  25.3 18255s
 73749970 5302563    0.02914   85    5    0.02742    0.03138  14.4%  25.3 18260s
 73778229 5307500    0.02809   91   13    0.02742    0.03138  14.4%  25.3 18265s
 73804350 5312468    0.02915   85    4    0.02742    0.03138  14.4%  25.3 18270s
 73834395 5317899    0.02918   88   11    0.02742    0.03138  14.4%  25.3 18275s
 73862626 5323475 infeasible   99         0.02742    0.03138  14.4%  25.3 18280s
 73894165 5329315     cutoff   50         0.02742    0.03138  14.4%  25.3 18285s
 73923364 5334742     cutoff   48         0.02742    0.03138  14.4%  25.3 18290s
 73947573 5339162    0.02783  100    3    0.02742    0.03138  14.4%  25.3 18295s
 73976571 5344419 infeasible   89         0.02742    0.03138  14.4%  25.3 18300s
 74003275 5349156    0.03138   41   50    0.02742    0.03138  14.4%  25.3 18305s
 74032594 5354331    0.02929   84   14    0.02742    0.03138  14.4%  25.2 18310s
 74061488 5359504    0.02976   82   13    0.02742    0.03138  14.4%  25.2 18315s
 74091665 5364979     cutoff   40         0.02742    0.03138  14.4%  25.2 18320s
 74121103 5370625 infeasible   99         0.02742    0.03137  14.4%  25.2 18325s
 74145239 5374761    0.02758   98    6    0.02742    0.03137  14.4%  25.2 18330s
 74173464 5379706    0.02838   48   46    0.02742    0.03137  14.4%  25.2 18335s
 74203577 5385171    0.02777   93    6    0.02742    0.03137  14.4%  25.2 18340s
 74232982 5390207    0.02760   88    4    0.02742    0.03137  14.4%  25.2 18345s
 74263527 5395210    0.02895   38   57    0.02742    0.03137  14.4%  25.2 18350s
 74291921 5400147    0.02948   48   53    0.02742    0.03137  14.4%  25.2 18355s
 74321637 5405552 infeasible  100         0.02742    0.03137  14.4%  25.2 18360s
 74351097 5410424    0.02778   89   10    0.02742    0.03137  14.4%  25.2 18365s
 74380034 5415359     cutoff   87         0.02742    0.03137  14.4%  25.2 18370s
 74409631 5420276    0.02927   85   15    0.02742    0.03137  14.4%  25.2 18375s
 74438252 5424962 infeasible   77         0.02742    0.03137  14.4%  25.2 18380s
 74462431 5429801    0.02885   37   65    0.02742    0.03137  14.4%  25.2 18385s
 74490625 5434195    0.02923   92    6    0.02742    0.03137  14.4%  25.2 18390s
 74519359 5439484     cutoff   82         0.02742    0.03137  14.4%  25.2 18395s
 74547729 5444460     cutoff   94         0.02742    0.03136  14.4%  25.1 18400s
 74575679 5448653    0.02846   74   22    0.02742    0.03136  14.4%  25.1 18405s
 74602377 5452740    0.02820   42   52    0.02742    0.03136  14.4%  25.1 18410s
 74631672 5457334    0.02763   98    7    0.02742    0.03136  14.4%  25.1 18415s
 74662458 5461711    0.02956   41   52    0.02742    0.03136  14.4%  25.1 18420s
 74692682 5466305 infeasible   93         0.02742    0.03136  14.4%  25.1 18425s
 74717075 5469864     cutoff   45         0.02742    0.03136  14.4%  25.1 18430s
 74744673 5474008    0.02764   96    7    0.02742    0.03136  14.4%  25.1 18435s
 74774379 5478505    0.02780   85    6    0.02742    0.03136  14.4%  25.1 18440s
 74804849 5482949     cutoff   82         0.02742    0.03136  14.4%  25.1 18445s
 74835003 5487098    0.02758   91    3    0.02742    0.03136  14.3%  25.1 18450s
 74866490 5491656 infeasible   96         0.02742    0.03136  14.3%  25.1 18455s
 74896187 5495956 infeasible   41         0.02742    0.03136  14.3%  25.1 18460s
 74924955 5499971     cutoff   88         0.02742    0.03136  14.3%  25.1 18465s
 74956616 5504417     cutoff   51         0.02742    0.03136  14.3%  25.1 18470s
 74987054 5508927     cutoff   53         0.02742    0.03136  14.3%  25.1 18475s
 75017846 5512719 infeasible   85         0.02742    0.03135  14.3%  25.1 18480s
 75047825 5517075    0.02923   92    5    0.02742    0.03135  14.3%  25.0 18485s
 75077124 5520984     cutoff   50         0.02742    0.03135  14.3%  25.0 18490s
 75106949 5525047    0.02790   86   12    0.02742    0.03135  14.3%  25.0 18495s
 75138027 5528956    0.02763   45   56    0.02742    0.03135  14.3%  25.0 18500s
 75169105 5533365     cutoff   92         0.02742    0.03135  14.3%  25.0 18505s
 75199077 5537096     cutoff   90         0.02742    0.03135  14.3%  25.0 18510s
 75227829 5540424    0.03096   46   56    0.02742    0.03135  14.3%  25.0 18515s
 75256410 5543796    0.02799   40   56    0.02742    0.03135  14.3%  25.0 18520s
 75285470 5547230    0.03114   43   56    0.02742    0.03135  14.3%  25.0 18525s
 75313586 5550601    0.02760   48   56    0.02742    0.03135  14.3%  25.0 18530s
 75343466 5554154    0.03090   37   61    0.02742    0.03135  14.3%  25.0 18535s
 75371639 5557715     cutoff   42         0.02742    0.03135  14.3%  25.0 18540s
 75398384 5560712    0.02758   88    5    0.02742    0.03135  14.3%  25.0 18545s
 75428184 5564290    0.02919   91    5    0.02742    0.03135  14.3%  25.0 18550s
 75458687 5567849     cutoff   50         0.02742    0.03135  14.3%  25.0 18555s
 75485668 5571039 infeasible   92         0.02742    0.03135  14.3%  25.0 18560s
 75516159 5574529     cutoff   45         0.02742    0.03135  14.3%  25.0 18565s
 75545829 5577902    0.02969   87   11    0.02742    0.03135  14.3%  24.9 18570s
 75575098 5581212    0.02762   96    7    0.02742    0.03135  14.3%  24.9 18575s
 75605113 5584643    0.02802   53   43    0.02742    0.03134  14.3%  24.9 18580s
 75632699 5587654    0.02822   92   13    0.02742    0.03134  14.3%  24.9 18585s
 75660993 5591129    0.02851   47   49    0.02742    0.03134  14.3%  24.9 18590s
 75688755 5594216    0.02920   88    7    0.02742    0.03134  14.3%  24.9 18595s
 75718619 5597576    0.02757   90    6    0.02742    0.03134  14.3%  24.9 18600s
 75747529 5601018 infeasible   93         0.02742    0.03134  14.3%  24.9 18605s
 75772960 5603862    0.02921   91    6    0.02742    0.03134  14.3%  24.9 18610s
 75804501 5607650    0.02973   86   14    0.02742    0.03134  14.3%  24.9 18615s
 75834052 5610851    0.02920   84   10    0.02742    0.03134  14.3%  24.9 18620s
 75864506 5613800    0.02782   87    7    0.02742    0.03134  14.3%  24.9 18625s
 75894747 5616764 infeasible   94         0.02742    0.03134  14.3%  24.9 18630s
 75922103 5619773    0.02920   91    6    0.02742    0.03134  14.3%  24.9 18635s
 75954429 5623537     cutoff   49         0.02742    0.03134  14.3%  24.9 18640s
 75984455 5626714    0.02775   94    5    0.02742    0.03134  14.3%  24.9 18645s
 76014750 5629919     cutoff   86         0.02742    0.03134  14.3%  24.9 18650s
 76043569 5632811    0.02772   94    7    0.02742    0.03134  14.3%  24.8 18655s
 76074174 5636120    0.02918   90    5    0.02742    0.03134  14.3%  24.8 18660s
 76104328 5639033    0.02921   93    5    0.02742    0.03134  14.3%  24.8 18665s
 76135160 5641966    0.02973   82   14    0.02742    0.03134  14.3%  24.8 18670s
 76162907 5644427    0.02919   90    7    0.02742    0.03134  14.3%  24.8 18675s
 76193557 5647760    0.02920   94    5    0.02742    0.03134  14.3%  24.8 18680s
 76223076 5650591    0.02889   46   54    0.02742    0.03133  14.3%  24.8 18685s
 76254044 5653689     cutoff   48         0.02742    0.03133  14.3%  24.8 18690s
 76284066 5656855    0.02920   90    7    0.02742    0.03133  14.3%  24.8 18695s
 76311680 5659512    0.03132   83   16    0.02742    0.03133  14.3%  24.8 18700s
 76342583 5662177     cutoff   99         0.02742    0.03133  14.3%  24.8 18705s
 76373436 5664983    0.02921   87    7    0.02742    0.03133  14.3%  24.8 18710s
 76402504 5667648 infeasible   98         0.02742    0.03133  14.3%  24.8 18715s
 76431838 5670359     cutoff   52         0.02742    0.03133  14.3%  24.8 18720s
 76454098 5672398    0.02779   96    7    0.02742    0.03133  14.2%  24.8 18725s
 76484040 5674846    0.02921   92    5    0.02742    0.03133  14.2%  24.8 18730s
 76514327 5677574 infeasible   90         0.02742    0.03133  14.2%  24.8 18735s
 76545885 5680405    0.02764   91    3    0.02742    0.03133  14.2%  24.7 18740s
 76570092 5682568     cutoff   94         0.02742    0.03133  14.2%  24.7 18745s
 76601107 5685104    0.02778   46   58    0.02742    0.03133  14.2%  24.7 18750s
 76629133 5687460     cutoff   77         0.02742    0.03133  14.2%  24.7 18755s
 76659532 5689907    0.02757   91    3    0.02742    0.03133  14.2%  24.7 18760s
 76689528 5692532 infeasible   99         0.02742    0.03133  14.2%  24.7 18765s
 76720614 5695409 infeasible   97         0.02742    0.03133  14.2%  24.7 18770s
 76751084 5697894     cutoff   91         0.02742    0.03133  14.2%  24.7 18775s
 76780742 5700641 infeasible   96         0.02742    0.03132  14.2%  24.7 18780s
 76810695 5703103    0.02919   91    4    0.02742    0.03132  14.2%  24.7 18785s
 76840524 5705678    0.02781   50   38    0.02742    0.03132  14.2%  24.7 18790s
 76869256 5707841    0.03030   44   54    0.02742    0.03132  14.2%  24.7 18795s
 76899168 5710032    0.02919   88    6    0.02742    0.03132  14.2%  24.7 18800s
 76923921 5711879    0.02764   93    3    0.02742    0.03132  14.2%  24.7 18805s
 76951622 5714221    0.02886   48   51    0.02742    0.03132  14.2%  24.7 18810s
 76981202 5716467    0.03132   84   11    0.02742    0.03132  14.2%  24.7 18815s
 77009718 5718897    0.02921   87   16    0.02742    0.03132  14.2%  24.7 18820s
 77038612 5721487    0.02762   51   43    0.02742    0.03132  14.2%  24.7 18825s
 77064951 5723382    0.02772   95    6    0.02742    0.03132  14.2%  24.7 18830s
 77094002 5725974    0.02779   90   12    0.02742    0.03132  14.2%  24.6 18835s
 77122239 5728574     cutoff   42         0.02742    0.03132  14.2%  24.6 18840s
 77150783 5730638     cutoff   55         0.02742    0.03132  14.2%  24.6 18845s
 77179562 5732988     cutoff   85         0.02742    0.03132  14.2%  24.6 18850s
 77205637 5734874 infeasible   87         0.02742    0.03131  14.2%  24.6 18855s
 77233632 5737137     cutoff   51         0.02742    0.03131  14.2%  24.6 18860s
 77262296 5739401 infeasible   94         0.02742    0.03131  14.2%  24.6 18865s
 77290830 5741333 infeasible   97         0.02742    0.03131  14.2%  24.6 18870s
 77313906 5742615 infeasible  100         0.02742    0.03131  14.2%  24.6 18875s
 77341385 5744240    0.02931   88   12    0.02742    0.03131  14.2%  24.6 18880s
 77369103 5745821    0.02782   45   56    0.02742    0.03131  14.2%  24.6 18885s
 77398861 5748007     cutoff   47         0.02742    0.03131  14.2%  24.6 18890s
 77428403 5749451    0.03131   86   12    0.02742    0.03131  14.2%  24.6 18895s
 77454501 5750558    0.02971   88   11    0.02742    0.03130  14.2%  24.6 18900s
 77482574 5751984    0.02936   47   51    0.02742    0.03130  14.1%  24.6 18905s
 77509803 5753298     cutoff   48         0.02742    0.03130  14.1%  24.6 18910s
 77537097 5754153    0.02832   38   56    0.02742    0.03130  14.1%  24.6 18915s
 77562103 5754991     cutoff   37         0.02742    0.03130  14.1%  24.6 18920s
 77589067 5755587    0.03018   97   23    0.02742    0.03130  14.1%  24.6 18925s
 77615312 5756038    0.03108   47   42    0.02742    0.03130  14.1%  24.6 18930s
 77640979 5756224    0.02803   44   57    0.02742    0.03129  14.1%  24.6 18935s
 77659833 5756386     cutoff   90         0.02742    0.03129  14.1%  24.6 18940s
 77684825 5756540    0.02829   34   60    0.02742    0.03129  14.1%  24.6 18945s
 77710477 5756576    0.02795   52   46    0.02742    0.03129  14.1%  24.6 18950s
 77733956 5756790    0.02787   50   56    0.02742    0.03129  14.1%  24.6 18955s
 77757033 5756914     cutoff   48         0.02742    0.03129  14.1%  24.6 18960s
 77781797 5757156 infeasible   68         0.02742    0.03128  14.1%  24.6 18965s
 77807130 5757029    0.02848   46   53    0.02742    0.03128  14.1%  24.6 18970s
 77832720 5757015     cutoff   51         0.02742    0.03128  14.1%  24.6 18975s
 77857786 5756818     cutoff   55         0.02742    0.03128  14.1%  24.6 18980s
 77883790 5756785    0.03127   44   52    0.02742    0.03128  14.0%  24.6 18985s
 77909888 5756676    0.02788   51   51    0.02742    0.03127  14.0%  24.6 18990s
 77934403 5756558    0.03001   40   57    0.02742    0.03127  14.0%  24.5 18995s
 77959957 5756819 infeasible   88         0.02742    0.03127  14.0%  24.5 19000s
 77984651 5756869    0.03127   81    9    0.02742    0.03127  14.0%  24.5 19005s
 78010718 5756801    0.03082   42   58    0.02742    0.03127  14.0%  24.5 19010s
 78035737 5756640     cutoff   50         0.02742    0.03127  14.0%  24.5 19015s
 78058398 5756816    0.02793   44   56    0.02742    0.03126  14.0%  24.5 19020s
 78084101 5756722     cutoff   48         0.02742    0.03126  14.0%  24.5 19025s
 78109361 5756584 infeasible   89         0.02742    0.03126  14.0%  24.5 19030s
 78134238 5756380    0.03024   48   52    0.02742    0.03126  14.0%  24.5 19035s
 78158257 5756324     cutoff   47         0.02742    0.03126  14.0%  24.5 19040s
 78184096 5756050     cutoff   46         0.02742    0.03126  14.0%  24.5 19045s
 78209557 5756110     cutoff   54         0.02742    0.03125  14.0%  24.5 19050s
 78235613 5755890 infeasible   82         0.02742    0.03125  14.0%  24.5 19055s
 78261129 5755837    0.02963   82   17    0.02742    0.03125  14.0%  24.5 19060s
 78284438 5755790    0.02950   51   51    0.02742    0.03125  14.0%  24.5 19065s
 78309586 5755713     cutoff   80         0.02742    0.03125  13.9%  24.5 19070s
 78334936 5755714 infeasible   89         0.02742    0.03125  13.9%  24.5 19075s
 78360207 5755701    0.03105   49   55    0.02742    0.03124  13.9%  24.5 19080s
 78384436 5755922     cutoff   44         0.02742    0.03124  13.9%  24.5 19085s
 78410322 5755980    0.02744   53   52    0.02742    0.03124  13.9%  24.5 19090s
 78436066 5756121    0.03034   40   57    0.02742    0.03124  13.9%  24.5 19095s
 78461744 5756136 infeasible   92         0.02742    0.03124  13.9%  24.5 19100s
 78481356 5756138    0.03086   49   58    0.02742    0.03124  13.9%  24.5 19105s
 78507242 5756455    0.02981   86   14    0.02742    0.03124  13.9%  24.5 19110s
 78529333 5756619    0.03029   43   57    0.02742    0.03123  13.9%  24.5 19115s
 78555052 5756745    0.02800   50   50    0.02742    0.03123  13.9%  24.5 19120s
 78580642 5756612    0.02766   88   13    0.02742    0.03123  13.9%  24.5 19125s
 78606099 5756331     cutoff   52         0.02742    0.03123  13.9%  24.5 19130s
 78631863 5756281    0.03075   39   62    0.02742    0.03123  13.9%  24.5 19135s
 78657523 5756117    0.03110   41   58    0.02742    0.03123  13.9%  24.5 19140s
 78682412 5756018     cutoff   46         0.02742    0.03122  13.9%  24.5 19145s
 78707903 5755869     cutoff   50         0.02742    0.03122  13.9%  24.5 19150s
 78733623 5755944    0.03050   41   58    0.02742    0.03122  13.8%  24.5 19155s
 78758782 5755667    0.02934   41   57    0.02742    0.03122  13.8%  24.5 19160s
 78784444 5755641    0.02879   45   54    0.02742    0.03122  13.8%  24.5 19165s
 78809978 5755708    0.02864   52   55    0.02742    0.03122  13.8%  24.5 19170s
 78834107 5755788    0.03088   45   58    0.02742    0.03121  13.8%  24.5 19175s
 78860048 5755692 infeasible   41         0.02742    0.03121  13.8%  24.5 19180s
 78886528 5755878    0.03011   43   59    0.02742    0.03121  13.8%  24.5 19185s
 78912550 5756912     cutoff   51         0.02742    0.03121  13.8%  24.5 19190s
 78937871 5757997     cutoff   45         0.02742    0.03121  13.8%  24.5 19195s
 78964961 5758635    0.02945   42   53    0.02742    0.03121  13.8%  24.5 19200s
 78990627 5759256     cutoff   50         0.02742    0.03121  13.8%  24.5 19205s
 79014717 5759626    0.02929   38   59    0.02742    0.03120  13.8%  24.4 19210s
 79041208 5759801    0.02762   41   59    0.02742    0.03120  13.8%  24.4 19215s
 79067666 5760201    0.03012   40   60    0.02742    0.03120  13.8%  24.4 19220s
 79092783 5760742    0.02769   88   14    0.02742    0.03120  13.8%  24.4 19225s
 79116421 5761253    0.02990   40   59    0.02742    0.03120  13.8%  24.4 19230s
 79142249 5761631     cutoff   99         0.02742    0.03120  13.8%  24.4 19235s
 79167935 5761728 infeasible   90         0.02742    0.03120  13.8%  24.4 19240s
 79193807 5762432     cutoff   49         0.02742    0.03119  13.7%  24.4 19245s
 79217006 5762503    0.02872   48   45    0.02742    0.03119  13.7%  24.4 19250s
 79242341 5762858     cutoff   39         0.02742    0.03119  13.7%  24.4 19255s
 79268715 5763049 infeasible   90         0.02742    0.03119  13.7%  24.4 19260s
 79294979 5763220    0.02804   46   62    0.02742    0.03119  13.7%  24.4 19265s
 79319212 5763592    0.02835   44   60    0.02742    0.03119  13.7%  24.4 19270s
 79342089 5763619     cutoff   51         0.02742    0.03118  13.7%  24.4 19275s
 79368809 5763613    0.02746   41   70    0.02742    0.03118  13.7%  24.4 19280s
 79394181 5763810    0.02773   42   54    0.02742    0.03118  13.7%  24.4 19285s
 79420097 5763817    0.02903   42   53    0.02742    0.03118  13.7%  24.4 19290s
 79438773 5763914     cutoff   50         0.02742    0.03118  13.7%  24.4 19295s
 79464032 5763726 infeasible   45         0.02742    0.03118  13.7%  24.4 19300s
 79489954 5763518    0.02828   55   49    0.02742    0.03118  13.7%  24.4 19305s
 79515548 5764070 infeasible   81         0.02742    0.03117  13.7%  24.4 19310s
 79542696 5764072     cutoff   43         0.02742    0.03117  13.7%  24.4 19315s
 79568692 5764113     cutoff   49         0.02742    0.03117  13.7%  24.4 19320s
 79595381 5764269    0.02940   86   23    0.02742    0.03117  13.7%  24.4 19325s
 79622287 5765053     cutoff   45         0.02742    0.03117  13.7%  24.4 19330s
 79649283 5765883    0.03010   50   58    0.02742    0.03117  13.6%  24.4 19335s
 79676849 5766576    0.02874   84   13    0.02742    0.03116  13.6%  24.4 19340s
 79700712 5767096    0.02881   52   57    0.02742    0.03116  13.6%  24.4 19345s
 79727929 5767710    0.03116   85   12    0.02742    0.03116  13.6%  24.4 19350s
 79754261 5767710     cutoff   46         0.02742    0.03116  13.6%  24.4 19355s
 79778351 5767841    0.02862   93   13    0.02742    0.03116  13.6%  24.4 19360s
 79803876 5768266    0.02883   55   52    0.02742    0.03116  13.6%  24.4 19365s
 79830505 5768360     cutoff   46         0.02742    0.03115  13.6%  24.4 19370s
 79858201 5768997 infeasible   92         0.02742    0.03115  13.6%  24.4 19375s
 79884789 5769303    0.03115   41   56    0.02742    0.03115  13.6%  24.4 19380s
 79909477 5769625    0.02789   38   54    0.02742    0.03115  13.6%  24.4 19385s
 79935692 5769736    0.02987   51   53    0.02742    0.03115  13.6%  24.4 19390s
 79963136 5770236     cutoff   84         0.02742    0.03115  13.6%  24.4 19395s
 79989766 5770313     cutoff   43         0.02742    0.03115  13.6%  24.4 19400s
 80016503 5770376     cutoff   51         0.02742    0.03114  13.6%  24.3 19405s
 80041113 5770616    0.03050   85   16    0.02742    0.03114  13.6%  24.3 19410s
 80066930 5770949    0.03084   42   58    0.02742    0.03114  13.6%  24.3 19415s
 80093624 5770901     cutoff   85         0.02742    0.03114  13.6%  24.3 19420s
 80120770 5770819     cutoff   42         0.02742    0.03114  13.5%  24.3 19425s
 80147786 5770970 infeasible   98         0.02742    0.03114  13.5%  24.3 19430s
 80172516 5771501     cutoff   48         0.02742    0.03114  13.5%  24.3 19435s
 80198732 5771798     cutoff   52         0.02742    0.03113  13.5%  24.3 19440s
 80225254 5771827 infeasible   96         0.02742    0.03113  13.5%  24.3 19445s
 80248673 5771593     cutoff   90         0.02742    0.03113  13.5%  24.3 19450s
 80274403 5771608     cutoff   47         0.02742    0.03113  13.5%  24.3 19455s
 80300755 5771224    0.02983   50   58    0.02742    0.03113  13.5%  24.3 19460s
 80326846 5770966    0.03113   43   53    0.02742    0.03113  13.5%  24.3 19465s
 80352980 5770837    0.03002   91   12    0.02742    0.03113  13.5%  24.3 19470s
 80376395 5770396    0.02918   48   50    0.02742    0.03112  13.5%  24.3 19475s
 80401308 5770281    0.02793   47   44    0.02742    0.03112  13.5%  24.3 19480s
 80427414 5769863    0.03043   62   58    0.02742    0.03112  13.5%  24.3 19485s
 80453575 5769520     cutoff   61         0.02742    0.03112  13.5%  24.3 19490s
 80477119 5769125     cutoff   44         0.02742    0.03112  13.5%  24.3 19495s
 80502954 5768857    0.03073   43   54    0.02742    0.03112  13.5%  24.3 19500s
 80529122 5768353     cutoff   62         0.02742    0.03112  13.5%  24.3 19505s
 80552340 5767750    0.02955   49   39    0.02742    0.03111  13.5%  24.3 19510s
 80575834 5767381     cutoff   50         0.02742    0.03111  13.5%  24.3 19515s
 80601224 5766942    0.02794   49   58    0.02742    0.03111  13.4%  24.3 19520s
 80626114 5766425     cutoff   79         0.02742    0.03111  13.4%  24.3 19525s
 80651641 5765434     cutoff   48         0.02742    0.03111  13.4%  24.3 19530s
 80676608 5764822    0.02768   92    7    0.02742    0.03111  13.4%  24.3 19535s
 80701352 5764073    0.02911   43   54    0.02742    0.03111  13.4%  24.3 19540s
 80726994 5763721    0.02859   49   53    0.02742    0.03110  13.4%  24.3 19545s
 80753236 5763486     cutoff   48         0.02742    0.03110  13.4%  24.3 19550s
 80780129 5763248    0.02860  102    9    0.02742    0.03110  13.4%  24.3 19555s
 80800158 5762931    0.03030   41   47    0.02742    0.03110  13.4%  24.3 19560s
 80827856 5762673    0.02852  107   11    0.02742    0.03110  13.4%  24.3 19565s
 80853454 5762379     cutoff   46         0.02742    0.03110  13.4%  24.3 19570s
 80879138 5761722     cutoff   54         0.02742    0.03110  13.4%  24.3 19575s
 80904156 5760994     cutoff  103         0.02742    0.03109  13.4%  24.3 19580s
 80929535 5760302 infeasible  118         0.02742    0.03109  13.4%  24.3 19585s
 80953420 5759883    0.02817   44   57    0.02742    0.03109  13.4%  24.3 19590s
 80978609 5759278     cutoff   52         0.02742    0.03109  13.4%  24.3 19595s
 81003225 5759099     cutoff   57         0.02742    0.03109  13.4%  24.2 19600s
 81029344 5758706     cutoff   39         0.02742    0.03109  13.4%  24.2 19605s
 81054474 5758235    0.02896   44   54    0.02742    0.03108  13.4%  24.2 19610s
 81079893 5757847     cutoff   57         0.02742    0.03108  13.3%  24.2 19615s
 81103079 5757106    0.02986   46   55    0.02742    0.03108  13.3%  24.2 19620s
 81128090 5756312    0.03108   46   62    0.02742    0.03108  13.3%  24.2 19625s
 81153835 5755451    0.02845   43   53    0.02742    0.03108  13.3%  24.2 19630s
 81178991 5754680    0.03081   39   50    0.02742    0.03108  13.3%  24.2 19635s
 81203316 5753963    0.02980   82   16    0.02742    0.03108  13.3%  24.2 19640s
 81227623 5752981     cutoff   35         0.02742    0.03107  13.3%  24.2 19645s
 81253574 5752043     cutoff   49         0.02742    0.03107  13.3%  24.2 19650s
 81278756 5750931    0.02938   45   54    0.02742    0.03107  13.3%  24.2 19655s
 81304043 5750147 infeasible  105         0.02742    0.03107  13.3%  24.2 19660s
 81325727 5749639    0.02978   50   59    0.02742    0.03107  13.3%  24.2 19665s
 81352315 5748985    0.02874   90   25    0.02742    0.03107  13.3%  24.2 19670s
 81378535 5748794    0.03025   52   52    0.02742    0.03107  13.3%  24.2 19675s
 81404358 5748391    0.02854   49   59    0.02742    0.03106  13.3%  24.2 19680s
 81430876 5748255 infeasible   81         0.02742    0.03106  13.3%  24.2 19685s
 81454261 5748222     cutoff   52         0.02742    0.03106  13.3%  24.2 19690s
 81479940 5748191    0.02853   53   48    0.02742    0.03106  13.3%  24.2 19695s
 81505629 5748000    0.03027   41   58    0.02742    0.03106  13.3%  24.2 19700s
 81530487 5747700    0.03071   47   52    0.02742    0.03106  13.2%  24.2 19705s
 81556257 5747274     cutoff   52         0.02742    0.03105  13.2%  24.2 19710s
 81580112 5747279     cutoff   40         0.02742    0.03105  13.2%  24.2 19715s
 81603793 5747290     cutoff   96         0.02742    0.03105  13.2%  24.2 19720s
 81629592 5747041     cutoff   98         0.02742    0.03105  13.2%  24.2 19725s
 81653713 5747020     cutoff   55         0.02742    0.03105  13.2%  24.2 19730s
 81679609 5746730    0.02926   48   57    0.02742    0.03105  13.2%  24.2 19735s
 81705156 5746841    0.02769   39   58    0.02742    0.03105  13.2%  24.2 19740s
 81728313 5746715    0.02883   46   57    0.02742    0.03104  13.2%  24.2 19745s
 81754401 5747045     cutoff   46         0.02742    0.03104  13.2%  24.2 19750s
 81780371 5747090    0.02960   77   17    0.02742    0.03104  13.2%  24.2 19755s
 81806997 5747374    0.02982   46   47    0.02742    0.03104  13.2%  24.2 19760s
 81830584 5747798     cutoff   42         0.02742    0.03104  13.2%  24.2 19765s
 81853522 5748006    0.02811   49   49    0.02742    0.03104  13.2%  24.2 19770s
 81879245 5748293     cutoff   49         0.02742    0.03103  13.2%  24.2 19775s
 81906094 5748853    0.03087   48   53    0.02742    0.03103  13.2%  24.2 19780s
 81931295 5748921     cutoff   40         0.02742    0.03103  13.2%  24.2 19785s
 81956517 5749448 infeasible   42         0.02742    0.03103  13.2%  24.2 19790s
 81979969 5749711    0.02805   39   59    0.02742    0.03103  13.1%  24.2 19795s
 82004081 5750115     cutoff   44         0.02742    0.03103  13.1%  24.2 19800s

Cutting planes:
  Gomory: 24
  Lift-and-project: 1
  Implied bound: 36
  MIR: 36
  Mixing: 1
  Flow cover: 180
  Inf proof: 3
  RLT: 175
  Relax-and-lift: 25
  BQP: 84

Explored 82004147 nodes (1981032704 simplex iterations) in 19800.00 seconds (25774.22 work units)
Thread count was 4 (of 4 available processors)

Solution count 10: 0.0274235 0.027345 0.027345 ... 0.0250818

Time limit reached
Best objective 2.742346140034e-02, best bound 3.102682857052e-02, gap 13.1397%
{"verdict": "UNRESOLVED", "status": "TIME_LIMIT", "runtime": 19800.002199172974, "objval": 0.027423461400342106, "objbound": 0.031026828570523562, "binaries": 70}
