Set parameter NodefileStart to value 6
Read parameters from file gurobi.env
Restricted license - for non-production use only - expires 2027-11-29
Set parameter OutputFlag to value 1
Set parameter Threads to value 4
Set parameter TimeLimit to value 19800
Set parameter MIPGap to value 5e-05
Set parameter MIPFocus to value 2
Set parameter NonConvex to value 2
Set parameter BestBdStop to value 2.7426211734693878e-02
Gurobi Optimizer version 13.0.3 build v13.0.3rc0 (linux64 - "Ubuntu 24.04.5 LTS")

CPU model: INTEL(R) XEON(R) PLATINUM 8573C, instruction set [SSE2|AVX|AVX2|AVX512]
Thread count: 2 physical cores, 4 logical processors, using up to 4 threads

Non-default parameters:
TimeLimit  19800
BestBdStop  2.7426211734693878e-02
MIPGap  5e-05
MIPFocus  2
NodefileStart  6
NonConvex  2
Threads  4

Optimize a model with 165 rows, 135 columns and 976 nonzeros (Max)
Model fingerprint: 0xea0fb81c
Model has 1 linear objective coefficients
Model has 50 quadratic constraints
Variable types: 65 continuous, 70 integer (70 binary)
Coefficient statistics:
  Matrix range     [5e-01, 1e+00]
  QMatrix range    [1e+00, 1e+00]
  QLMatrix range   [1e+00, 1e+00]
  Objective range  [1e+00, 1e+00]
  Bounds range     [5e-01, 1e+00]
  RHS range        [1e+00, 1e+00]

Found heuristic solution: objective -0.0000000
Presolve time: 0.00s
Presolved: 365 rows, 136 columns, 1376 nonzeros
Presolved model has 50 bilinear constraint(s)

Solving non-convex MIQCP to global optimality

Variable types: 66 continuous, 70 integer (70 binary)
Root relaxation presolve removed 50 rows and 1 columns
Root relaxation presolved: 315 rows, 135 columns, 1326 nonzeros


Root relaxation: objective 2.500000e-01, 121 iterations, 0.00 seconds (0.00 work units)

    Nodes    |    Current Node    |     Objective Bounds      |     Work
 Expl Unexpl |  Obj  Depth IntInf | Incumbent    BestBd   Gap | It/Node Time

     0     0    0.25000    0   43   -0.00000    0.25000      -     -    0s
     0     0    0.16667    0   75   -0.00000    0.16667      -     -    0s
     0     0    0.15942    0  104   -0.00000    0.15942      -     -    0s
     0     0    0.12500    0   84   -0.00000    0.12500      -     -    0s
H    0     0                       0.0000002    0.12500      -     -    0s
H    0     0                       0.0000004    0.12500      -     -    0s
     0     0    0.12500    0   88    0.00000    0.12500      -     -    0s
     0     0    0.12500    0   84    0.00000    0.12500      -     -    0s
     0     0    0.12500    0   79    0.00000    0.12500      -     -    0s
     0     0    0.12500    0   76    0.00000    0.12500      -     -    0s
     0     0    0.12500    0   77    0.00000    0.12500      -     -    0s
     0     0    0.12500    0   65    0.00000    0.12500      -     -    0s
     0     0    0.12500    0   65    0.00000    0.12500      -     -    0s
     0     0    0.12500    0   72    0.00000    0.12500      -     -    0s
     0     0    0.12500    0   69    0.00000    0.12500      -     -    0s
     0     0    0.12500    0   69    0.00000    0.12500      -     -    0s
     0     0    0.12500    0   70    0.00000    0.12500      -     -    0s
     0     0    0.12500    0   69    0.00000    0.12500      -     -    0s
     0     0    0.12500    0   68    0.00000    0.12500      -     -    0s
     0     0    0.12500    0   72    0.00000    0.12500      -     -    0s
     0     0    0.12500    0   72    0.00000    0.12500      -     -    0s
     0     0    0.12500    0   72    0.00000    0.12500      -     -    0s
     0     2    0.12500    0   70    0.00000    0.12500      -     -    0s
H 1241   961                       0.0000016    0.10714      -  25.0    2s
H 1241   912                       0.0000016    0.10714      -  25.0    2s
H 1241   866                       0.0000393    0.10714      -  25.0    2s
H 1241   823                       0.0000660    0.10714      -  25.0    2s
H 1241   781                       0.0005184    0.10714      -  25.0    2s
H 1241   742                       0.0015646    0.10714  6748%  25.0    2s
H 1241   704                       0.0015646    0.10714  6748%  25.0    2s
H 1388   780                       0.0029904    0.10714  3483%  28.1    2s
H 1855  1000                       0.0067575    0.10714  1486%  26.7    2s
H 1930   982                       0.0067575    0.10714  1486%  26.3    2s
H 2274  1022                       0.0114348    0.10714   837%  25.6    2s
H 2361   989                       0.0114348    0.10714   837%  25.5    2s
H 2432   903                       0.0129948    0.10714   724%  25.7    2s
H 2456   889                       0.0129948    0.10200   685%  25.8    2s
H 2877  1109                       0.0150387    0.09895   558%  26.4    2s
H 3003  1084                       0.0169423    0.09895   484%  25.9    2s
H 3060  1182                       0.0169423    0.09755   476%  25.9    2s
H 3510  1436                       0.0178424    0.09658   441%  24.3    3s
H 3581  1466                       0.0178424    0.09578   437%  24.3    3s
H 3654  1495                       0.0178424    0.09539   435%  24.4    3s
H 3873  1608                       0.0179228    0.09481   429%  25.0    4s
H 4936  1874                       0.0195041    0.08467   334%  25.3    4s
H 4996  1917                       0.0195041    0.08467   334%  25.3    4s
H 5342  2077                       0.0195701    0.08382   328%  25.5    4s
  5501  2152    0.02186   36   59    0.01957    0.08310   325%  25.6    5s
H 5515  2152                       0.0195701    0.08310   325%  25.6    5s
H 5730  2223                       0.0198487    0.08276   317%  25.8    5s
H 5871  2263                       0.0200419    0.08262   312%  25.8    5s
H 6059  2277                       0.0205230    0.08262   303%  26.0    5s
H 7191  2571                       0.0210724    0.08059   282%  27.1    5s
H 7342  2708                       0.0210724    0.08041   282%  27.1    5s
H 8534  3182                       0.0210724    0.07934   277%  28.8    6s
H 8662  3202                       0.0211816    0.07914   274%  29.0    6s
H17150  6416                       0.0214528    0.07415   246%  32.8    9s
 17417  6678    0.05364   32   55    0.02145    0.07401   245%  33.1   10s
H19943  7056                       0.0233656    0.07296   212%  33.5   11s
H20096  7188                       0.0233758    0.07294   212%  33.5   11s
H20493  7358                       0.0233758    0.07276   211%  33.6   11s
H20837  7617                       0.0233873    0.07257   210%  33.7   11s
H20901  7573                       0.0235736    0.07257   208%  33.7   11s
H21253  7711                       0.0235736    0.07248   207%  33.6   11s
H24104  8491                       0.0240680    0.07178   198%  34.0   12s
H24260  8306                       0.0249442    0.07178   188%  34.1   12s
 28316  9599    0.02625   34   55    0.02494    0.07084   184%  34.9   15s
 37614 12368    0.04944   28   49    0.02494    0.06869   175%  36.5   20s
H37646 12404                       0.0249496    0.06869   175%  36.5   20s
 48864 15784     cutoff   31         0.02495    0.06704   169%  37.1   25s
 60030 18852    0.03942   29   59    0.02495    0.06546   162%  37.7   30s
 71999 22115    0.02664   37   23    0.02495    0.06427   158%  37.9   35s
 84242 25070     cutoff   31         0.02495    0.06312   153%  38.4   40s
 95367 27650    0.04791   32   64    0.02495    0.06202   149%  38.8   45s
 107505 30587     cutoff   42         0.02495    0.06108   145%  38.9   50s
 116382 32709    0.02635   48   55    0.02495    0.06042   142%  39.0   55s
 128130 35335     cutoff   37         0.02495    0.05965   139%  39.1   60s
 137209 37495    0.02717   34   49    0.02495    0.05911   137%  39.1   65s
 149860 40306     cutoff   37         0.02495    0.05839   134%  39.2   70s
 162472 43391 infeasible   32         0.02495    0.05777   132%  39.1   75s
 174872 46413    0.04632   34   61    0.02495    0.05717   129%  39.1   80s
 187408 49127    0.05222   34   48    0.02495    0.05672   127%  38.9   85s
 199758 52087    0.04340   34   56    0.02495    0.05630   126%  38.8   90s
 211888 54754    0.03910   31   53    0.02495    0.05592   124%  38.7   95s
 224091 57471     cutoff   35         0.02495    0.05555   123%  38.7  100s
 233413 59722    0.05517   31   57    0.02495    0.05528   122%  38.6  105s
 246744 62598    0.03779   40   52    0.02495    0.05494   120%  38.6  110s
 259087 65338    0.02601   33   47    0.02495    0.05463   119%  38.5  115s
 271852 67762    0.04483   25   64    0.02495    0.05437   118%  38.4  120s
 284483 70234     cutoff   39         0.02495    0.05406   117%  38.4  125s
 294168 72139     cutoff   32         0.02495    0.05385   116%  38.3  130s
 305148 74561    0.04545   33   66    0.02495    0.05363   115%  38.3  135s
 318154 77246 infeasible   33         0.02495    0.05338   114%  38.3  140s
 330949 79628    0.03522   33   55    0.02495    0.05317   113%  38.2  145s
 342129 81753    0.04095   38   52    0.02495    0.05297   112%  38.1  150s
 355169 84290     cutoff   41         0.02495    0.05274   111%  38.1  155s
 366588 86713    0.03719   34   30    0.02495    0.05255   111%  38.0  160s
 378975 89148     cutoff   36         0.02495    0.05233   110%  38.0  165s
 392319 91937     cutoff   44         0.02495    0.05212   109%  37.9  170s
 405769 94709    0.02515   35   57    0.02495    0.05190   108%  37.8  175s
 418466 97189     cutoff   37         0.02495    0.05169   107%  37.7  180s
 428014 99278     cutoff   41         0.02495    0.05156   107%  37.7  185s
 442018 102131     cutoff   48         0.02495    0.05137   106%  37.6  190s
 453933 105119     cutoff   39         0.02495    0.05121   105%  37.5  195s
 466916 107985    0.02579   42   54    0.02495    0.05106   105%  37.5  200s
 478187 110375    0.04376   36   50    0.02495    0.05093   104%  37.5  205s
 489713 112849    0.02588   40   52    0.02495    0.05079   104%  37.4  210s
 500735 114963    0.02975   45   58    0.02495    0.05067   103%  37.3  215s
 513558 117225    0.04830   32   62    0.02495    0.05051   102%  37.3  220s
 526118 119689    0.03167   39   53    0.02495    0.05037   102%  37.2  225s
 539723 122412 infeasible   44         0.02495    0.05020   101%  37.2  230s
 554201 125245    0.02549   38   41    0.02495    0.05005   101%  37.1  235s
 566395 128236    0.03796   42   63    0.02495    0.04994   100%  37.1  240s
 581285 130964    0.03037   36   20    0.02495    0.04981   100%  37.0  245s
 591956 133106    0.03051   32   39    0.02495    0.04970  99.2%  37.0  250s
 606608 135620    0.03036   38   48    0.02495    0.04956  98.6%  36.9  255s
 619514 138468    0.03986   42   59    0.02495    0.04946  98.2%  36.9  260s
 632779 141290     cutoff   41         0.02495    0.04935  97.8%  36.8  265s
 645279 143737     cutoff   48         0.02495    0.04923  97.3%  36.8  270s
 657927 145797    0.03744   39   50    0.02495    0.04913  96.9%  36.8  275s
 669772 148151    0.04861   27   54    0.02495    0.04903  96.5%  36.7  281s
 682005 150381    0.02943   39   50    0.02495    0.04895  96.2%  36.7  285s
 695613 152653    0.04178   46   60    0.02495    0.04885  95.8%  36.7  290s
 708759 155385    0.03608   32   56    0.02495    0.04875  95.4%  36.6  295s
 721197 157862    0.04026   35   55    0.02495    0.04866  95.0%  36.6  300s
 733135 160227    0.03553   42   63    0.02495    0.04858  94.7%  36.6  305s
 746044 162784 infeasible   36         0.02495    0.04849  94.3%  36.5  310s
 757037 165024    0.03787   37   53    0.02495    0.04840  94.0%  36.5  315s
 769464 167172    0.03311   52   56    0.02495    0.04832  93.7%  36.5  320s
 782908 169502    0.02752   32   54    0.02495    0.04824  93.4%  36.5  325s
 796687 172023     cutoff   42         0.02495    0.04815  93.0%  36.4  330s
 809054 174271    0.02678   41   56    0.02495    0.04807  92.7%  36.4  335s
 820812 176477    0.04375   28   58    0.02495    0.04800  92.4%  36.4  340s
 832943 178584    0.02542   35   52    0.02495    0.04791  92.0%  36.4  345s
 845215 180720    0.04435   40   65    0.02495    0.04783  91.7%  36.3  350s
 857684 183113    0.02886   37   64    0.02495    0.04775  91.4%  36.3  355s
 870647 185370     cutoff   39         0.02495    0.04769  91.1%  36.3  360s
 884166 187676    0.03965   37   55    0.02495    0.04762  90.8%  36.3  365s
 897625 190297    0.04622   37   56    0.02495    0.04754  90.5%  36.2  370s
 910961 192892    0.02694   34   56    0.02495    0.04747  90.2%  36.2  375s
 924955 195585    0.04535   34   53    0.02495    0.04739  89.9%  36.1  380s
 938810 198044    0.03543   43   55    0.02495    0.04731  89.6%  36.1  385s
 953129 200247     cutoff   39         0.02495    0.04724  89.3%  36.1  390s
 963001 201922     cutoff   42         0.02495    0.04717  89.1%  36.1  395s
 977242 204530 infeasible   71         0.02495    0.04709  88.7%  36.0  400s
 989143 206521     cutoff   41         0.02495    0.04704  88.5%  36.0  405s
 1003620 208723    0.02714   46   57    0.02495    0.04697  88.3%  36.0  410s
 1018540 211456     cutoff   44         0.02495    0.04688  87.9%  35.9  415s
 1029993 213624     cutoff   45         0.02495    0.04683  87.7%  35.9  420s
 1046222 216711     cutoff   48         0.02495    0.04675  87.4%  35.9  425s
 1060594 219593    0.04550   39   63    0.02495    0.04669  87.1%  35.8  430s
 1074582 222028    0.04425   44   56    0.02495    0.04663  86.9%  35.8  435s
 1088914 224363    0.03377   49   55    0.02495    0.04656  86.6%  35.8  440s
 1103117 226799    0.04383   40   54    0.02495    0.04650  86.4%  35.7  446s
 1112184 228323     cutoff   49         0.02495    0.04646  86.2%  35.7  450s
H1122732 204312                       0.0274234    0.04641  69.3%  35.7  453s
H1123051 204334                       0.0274234    0.04641  69.2%  35.7  453s
H1123463 204366                       0.0274235    0.04641  69.2%  35.7  454s
H1124749 204508                       0.0274235    0.04640  69.2%  35.7  454s
 1125055 204580    0.03337   39   59    0.02742    0.04640  69.2%  35.7  455s
 1138036 206221    0.03499   30   57    0.02742    0.04633  68.9%  35.6  460s
 1151700 207923     cutoff   47         0.02742    0.04625  68.6%  35.6  465s
 1165201 209782    0.03339   35   59    0.02742    0.04617  68.4%  35.6  470s
 1178893 211464     cutoff   34         0.02742    0.04610  68.1%  35.5  475s
 1192783 213076    0.03502   35   57    0.02742    0.04602  67.8%  35.5  480s
 1206446 214857    0.03858   40   56    0.02742    0.04596  67.6%  35.5  485s
 1220513 217062     cutoff   33         0.02742    0.04589  67.4%  35.4  490s
 1233965 218992     cutoff   42         0.02742    0.04584  67.1%  35.4  495s
 1245499 220448    0.04383   34   59    0.02742    0.04578  66.9%  35.4  500s
 1259491 222393     cutoff   38         0.02742    0.04572  66.7%  35.3  505s
H1271748 224039                       0.0274235    0.04567  66.5%  35.3  509s
 1271864 224058     cutoff   41         0.02742    0.04567  66.5%  35.3  510s
 1284022 225562    0.03104   37   52    0.02742    0.04561  66.3%  35.3  515s
 1297765 227471     cutoff   39         0.02742    0.04555  66.1%  35.2  520s
 1312337 229152     cutoff   39         0.02742    0.04548  65.9%  35.2  525s
 1325846 230806    0.02906   39   44    0.02742    0.04543  65.6%  35.2  530s
 1338392 232410    0.04205   33   54    0.02742    0.04537  65.4%  35.2  535s
 1352705 234244    0.02995   40   53    0.02742    0.04531  65.2%  35.1  540s
 1366909 236127     cutoff   35         0.02742    0.04525  65.0%  35.1  545s
 1380897 238050    0.04395   38   55    0.02742    0.04520  64.8%  35.1  550s
 1395133 239613     cutoff   35         0.02742    0.04514  64.6%  35.0  555s
 1408720 241175    0.02771   34   57    0.02742    0.04508  64.4%  35.0  560s
H1410386 241364                       0.0274235    0.04508  64.4%  35.0  560s
 1418905 242400    0.03391   43   53    0.02742    0.04504  64.3%  35.0  565s
 1431767 244021    0.03335   37   60    0.02742    0.04499  64.1%  35.0  570s
 1444421 245532    0.03147   36   71    0.02742    0.04495  63.9%  35.0  575s
 1457097 247227    0.02923   41   46    0.02742    0.04490  63.7%  34.9  580s
 1470495 248650    0.04230   34   53    0.02742    0.04484  63.5%  34.9  585s
 1482766 250161    0.04223   33   60    0.02742    0.04479  63.3%  34.9  590s
 1494007 251550    0.03115   31   47    0.02742    0.04475  63.2%  34.9  595s
 1509348 253573    0.03256   36   67    0.02742    0.04469  63.0%  34.9  600s
 1523557 255132    0.02793   45   52    0.02742    0.04463  62.7%  34.8  605s
 1536928 256532    0.03955   37   50    0.02742    0.04458  62.6%  34.8  610s
 1549026 257797    0.03507   38   56    0.02742    0.04453  62.4%  34.8  615s
 1561336 259166    0.02838   37   58    0.02742    0.04449  62.2%  34.8  620s
 1573237 260520     cutoff   44         0.02742    0.04445  62.1%  34.8  625s
 1586087 262103    0.03246   36   64    0.02742    0.04440  61.9%  34.8  630s
 1598913 263376    0.03477   39   50    0.02742    0.04435  61.7%  34.7  635s
 1612425 264826 infeasible   36         0.02742    0.04430  61.6%  34.7  640s
 1627226 266550     cutoff   35         0.02742    0.04425  61.3%  34.7  645s
 1639845 268196    0.03278   38   59    0.02742    0.04420  61.2%  34.7  650s
 1652970 269816    0.03058   47   52    0.02742    0.04416  61.0%  34.7  655s
 1665910 271174     cutoff   36         0.02742    0.04411  60.9%  34.6  660s
 1679141 272802    0.03560   52   45    0.02742    0.04407  60.7%  34.6  665s
 1692721 274441     cutoff   40         0.02742    0.04403  60.5%  34.6  670s
 1704547 275636    0.03203   40   53    0.02742    0.04398  60.4%  34.6  675s
 1717026 277061     cutoff   33         0.02742    0.04394  60.2%  34.6  680s
 1729185 278524    0.03272   37   56    0.02742    0.04390  60.1%  34.6  685s
 1742436 279960     cutoff   38         0.02742    0.04386  59.9%  34.6  690s
 1755247 281388     cutoff   41         0.02742    0.04381  59.8%  34.5  695s
 1767848 282753    0.03441   40   56    0.02742    0.04377  59.6%  34.5  700s
 1780881 284098     cutoff   40         0.02742    0.04373  59.5%  34.5  705s
 1792323 285284     cutoff   34         0.02742    0.04370  59.3%  34.5  710s
 1805700 286714    0.03883   34   59    0.02742    0.04365  59.2%  34.5  715s
 1819141 287894    0.03750   41   58    0.02742    0.04361  59.0%  34.5  720s
 1831885 289248     cutoff   47         0.02742    0.04357  58.9%  34.4  725s
 1843625 290530 infeasible   44         0.02742    0.04354  58.8%  34.4  730s
 1859139 292114     cutoff   46         0.02742    0.04349  58.6%  34.4  735s
 1869238 293291    0.03837   42   62    0.02742    0.04345  58.5%  34.4  740s
 1881178 294362    0.03965   39   57    0.02742    0.04341  58.3%  34.4  745s
 1894017 295667    0.03478   36   51    0.02742    0.04338  58.2%  34.4  750s
 1908130 297116     cutoff   35         0.02742    0.04333  58.0%  34.4  755s
 1920206 298404     cutoff   39         0.02742    0.04330  57.9%  34.3  760s
 1933109 299715     cutoff   38         0.02742    0.04326  57.8%  34.3  765s
 1945492 301074    0.03262   41   47    0.02742    0.04323  57.6%  34.3  770s
 1957763 302417    0.02759   36   55    0.02742    0.04319  57.5%  34.3  775s
 1970914 303757     cutoff   35         0.02742    0.04315  57.4%  34.3  780s
 1982118 304860    0.04185   43   60    0.02742    0.04312  57.2%  34.3  785s
 1994561 305990    0.02763   41   53    0.02742    0.04308  57.1%  34.3  790s
 2007185 307393     cutoff   43         0.02742    0.04304  57.0%  34.3  795s
 2021191 308694     cutoff   44         0.02742    0.04300  56.8%  34.2  800s
 2033209 310048    0.02948   40   59    0.02742    0.04297  56.7%  34.2  805s
 2045491 311097     cutoff   38         0.02742    0.04293  56.6%  34.2  810s
 2057828 312506    0.02775   38   42    0.02742    0.04290  56.4%  34.2  815s
 2072188 313883    0.03380   39   64    0.02742    0.04286  56.3%  34.2  820s
 2085660 315159    0.02959   40   57    0.02742    0.04282  56.1%  34.2  825s
 2098717 316538    0.02903   43   62    0.02742    0.04278  56.0%  34.2  830s
 2110088 317708    0.02894   37   48    0.02742    0.04275  55.9%  34.1  835s
 2125357 319185    0.03772   36   66    0.02742    0.04271  55.7%  34.1  840s
 2138069 320279     cutoff   41         0.02742    0.04267  55.6%  34.1  845s
 2151287 321504     cutoff   43         0.02742    0.04264  55.5%  34.1  850s
 2164467 322643    0.02816   42   56    0.02742    0.04260  55.3%  34.1  855s
 2177120 324092    0.03874   32   56    0.02742    0.04257  55.2%  34.1  860s
 2189053 325314    0.03092   46   63    0.02742    0.04254  55.1%  34.1  865s
 2201227 326503    0.03329   39   57    0.02742    0.04251  55.0%  34.1  870s
 2212656 327685    0.03494   38   55    0.02742    0.04248  54.9%  34.0  875s
 2227102 329031     cutoff   39         0.02742    0.04244  54.8%  34.0  880s
 2240518 330311     cutoff   38         0.02742    0.04241  54.6%  34.0  885s
 2253436 331626     cutoff   47         0.02742    0.04237  54.5%  34.0  890s
 2265491 332783    0.03023   41   55    0.02742    0.04234  54.4%  34.0  895s
 2277676 333849     cutoff   44         0.02742    0.04231  54.3%  34.0  900s
 2289743 334938     cutoff   34         0.02742    0.04228  54.2%  34.0  905s
 2304614 336243    0.03766   44   61    0.02742    0.04224  54.0%  34.0  910s
 2317795 337627    0.03188   41   63    0.02742    0.04221  53.9%  33.9  915s
 2331440 339034    0.04194   25   50    0.02742    0.04218  53.8%  33.9  920s
 2341153 339895    0.03572   46   29    0.02742    0.04216  53.7%  33.9  925s
 2353269 341213     cutoff   40         0.02742    0.04212  53.6%  33.9  930s
 2365686 342389    0.03654   42   61    0.02742    0.04209  53.5%  33.9  935s
 2378565 343617     cutoff   40         0.02742    0.04206  53.4%  33.9  940s
 2390504 344591     cutoff   42         0.02742    0.04204  53.3%  33.9  945s
 2403894 345668    0.03440   32   51    0.02742    0.04200  53.2%  33.8  950s
 2414610 346831    0.03375   38   59    0.02742    0.04198  53.1%  33.8  955s
 2428044 348282    0.03861   25   58    0.02742    0.04195  53.0%  33.8  960s
 2439615 349427    0.03258   31   53    0.02742    0.04192  52.9%  33.8  965s
 2452940 350630     cutoff   40         0.02742    0.04189  52.7%  33.8  970s
 2466359 351692     cutoff   39         0.02742    0.04186  52.6%  33.8  975s
 2479022 352857     cutoff   39         0.02742    0.04183  52.5%  33.8  980s
 2491046 353866    0.03204   30   55    0.02742    0.04180  52.4%  33.8  985s
 2505030 355262    0.03622   40   44    0.02742    0.04177  52.3%  33.7  990s
 2516697 356217    0.02963   35   60    0.02742    0.04174  52.2%  33.7  995s
 2530922 357584    0.03110   39   44    0.02742    0.04171  52.1%  33.7 1000s
 2539907 358291    0.03574   32   57    0.02742    0.04169  52.0%  33.7 1005s
 2553020 359386     cutoff   36         0.02742    0.04166  51.9%  33.7 1010s
 2566134 360514     cutoff   36         0.02742    0.04163  51.8%  33.7 1015s
 2578808 361694     cutoff   44         0.02742    0.04160  51.7%  33.7 1020s
 2592622 362989    0.02873   36   60    0.02742    0.04157  51.6%  33.7 1025s
 2606494 364230    0.03471   38   52    0.02742    0.04154  51.5%  33.6 1030s
 2620075 365468     cutoff   43         0.02742    0.04151  51.4%  33.6 1035s
 2632621 366469     cutoff   26         0.02742    0.04148  51.3%  33.6 1040s
 2645262 367592     cutoff   36         0.02742    0.04145  51.2%  33.6 1045s
 2660259 368814    0.02976   43   53    0.02742    0.04142  51.0%  33.6 1050s
 2674174 369943     cutoff   40         0.02742    0.04139  50.9%  33.6 1055s
 2684138 370932     cutoff   38         0.02742    0.04137  50.9%  33.6 1060s
 2697437 372125     cutoff   35         0.02742    0.04134  50.8%  33.5 1065s
 2708213 373072    0.03306   43   64    0.02742    0.04132  50.7%  33.5 1070s
 2724081 374374    0.03952   38   61    0.02742    0.04129  50.6%  33.5 1075s
 2735641 375252     cutoff   47         0.02742    0.04126  50.5%  33.5 1080s
 2748579 376350     cutoff   37         0.02742    0.04124  50.4%  33.5 1085s
 2761495 377649     cutoff   42         0.02742    0.04121  50.3%  33.5 1090s
 2774812 378816     cutoff   37         0.02742    0.04119  50.2%  33.5 1095s
 2787686 379902     cutoff   45         0.02742    0.04116  50.1%  33.5 1100s
 2800375 381033    0.02924   43   55    0.02742    0.04114  50.0%  33.5 1105s
 2811692 381941     cutoff   40         0.02742    0.04111  49.9%  33.4 1110s
 2825870 382945     cutoff   46         0.02742    0.04109  49.8%  33.4 1115s
 2838970 384233    0.03923   43   56    0.02742    0.04106  49.7%  33.4 1120s
 2851644 385505     cutoff   47         0.02742    0.04104  49.6%  33.4 1125s
 2865008 386580     cutoff   44         0.02742    0.04101  49.6%  33.4 1130s
 2873957 387267    0.03383   38   52    0.02742    0.04099  49.5%  33.4 1135s
 2889333 388560     cutoff   43         0.02742    0.04096  49.4%  33.4 1140s
 2901046 389588    0.04091   34   61    0.02742    0.04094  49.3%  33.4 1145s
 2915322 390867    0.02749   39   53    0.02742    0.04091  49.2%  33.4 1150s
 2928093 392137    0.02750   33   58    0.02742    0.04089  49.1%  33.3 1155s
 2941352 393293 infeasible   41         0.02742    0.04086  49.0%  33.3 1160s
 2954306 394523    0.03263   32   52    0.02742    0.04084  48.9%  33.3 1165s
 2966755 395694     cutoff   36         0.02742    0.04082  48.8%  33.3 1170s
 2979812 396949     cutoff   42         0.02742    0.04079  48.8%  33.3 1175s
 2992577 398367    0.03364   46   54    0.02742    0.04077  48.7%  33.3 1180s
 3004945 399407    0.02805   38   53    0.02742    0.04075  48.6%  33.3 1185s
 3017464 400342     cutoff   45         0.02742    0.04072  48.5%  33.3 1190s
 3028653 401112    0.02882   39   47    0.02742    0.04070  48.4%  33.3 1195s
 3042402 401955    0.02968   40   52    0.02742    0.04067  48.3%  33.3 1200s
 3055459 402835     cutoff   42         0.02742    0.04064  48.2%  33.2 1205s
 3068838 403976     cutoff   40         0.02742    0.04062  48.1%  33.2 1210s
 3082115 404812     cutoff   39         0.02742    0.04059  48.0%  33.2 1215s
 3092554 405820     cutoff   44         0.02742    0.04057  48.0%  33.2 1220s
 3105545 406935    0.04054   34   55    0.02742    0.04055  47.9%  33.2 1225s
 3118949 408025    0.02874   38   50    0.02742    0.04052  47.8%  33.2 1230s
 3131734 409011    0.03965   37   66    0.02742    0.04050  47.7%  33.2 1235s
 3145014 409912 infeasible   38         0.02742    0.04047  47.6%  33.2 1240s
 3157310 410854    0.03108   38   53    0.02742    0.04045  47.5%  33.2 1245s
 3169080 411709     cutoff   47         0.02742    0.04043  47.4%  33.1 1250s
 3182977 412784     cutoff   35         0.02742    0.04040  47.3%  33.1 1255s
 3196031 413693     cutoff   49         0.02742    0.04038  47.2%  33.1 1260s
 3209561 414647    0.03148   35   57    0.02742    0.04035  47.1%  33.1 1265s
 3223601 416077    0.03131   39   49    0.02742    0.04032  47.0%  33.1 1270s
 3237028 417342    0.03083   37   55    0.02742    0.04030  47.0%  33.1 1275s
 3250300 418642     cutoff   39         0.02742    0.04028  46.9%  33.1 1280s
 3263366 419887     cutoff   37         0.02742    0.04026  46.8%  33.1 1285s
 3276646 420936    0.02833   44   54    0.02742    0.04023  46.7%  33.1 1290s
 3287910 421706    0.02897   42   62    0.02742    0.04021  46.6%  33.0 1295s
 3302046 422971     cutoff   40         0.02742    0.04019  46.5%  33.0 1300s
 3314277 423905    0.02768   43   58    0.02742    0.04017  46.5%  33.0 1305s
 3328812 424935     cutoff   48         0.02742    0.04014  46.4%  33.0 1310s
 3342817 426385    0.03526   44   38    0.02742    0.04012  46.3%  33.0 1315s
 3353723 427335    0.02805   45   55    0.02742    0.04010  46.2%  33.0 1320s
 3367149 428381    0.03016   30   52    0.02742    0.04008  46.1%  33.0 1325s
 3380922 429274    0.02886   42   58    0.02742    0.04005  46.0%  33.0 1330s
 3393542 430723    0.03998   45   59    0.02742    0.04003  46.0%  32.9 1335s
 3405864 431660    0.03610   52   44    0.02742    0.04001  45.9%  32.9 1340s
 3419471 433026     cutoff   44         0.02742    0.03999  45.8%  32.9 1345s
 3431354 433950    0.03864   31   46    0.02742    0.03997  45.7%  32.9 1350s
 3444206 434944    0.03970   41   58    0.02742    0.03994  45.7%  32.9 1355s
 3457756 435996    0.02795   49   34    0.02742    0.03992  45.6%  32.9 1360s
 3472258 437132     cutoff   50         0.02742    0.03990  45.5%  32.9 1365s
 3486073 438116    0.03916   37   53    0.02742    0.03987  45.4%  32.9 1370s
 3498388 439108     cutoff   40         0.02742    0.03985  45.3%  32.9 1375s
 3510414 440028    0.03964   36   51    0.02742    0.03983  45.2%  32.8 1380s
 3524492 441148    0.03380   34   56    0.02742    0.03981  45.2%  32.8 1385s
 3537783 442052     cutoff   48         0.02742    0.03979  45.1%  32.8 1390s
 3552064 443220    0.02966   38   56    0.02742    0.03976  45.0%  32.8 1395s
 3565847 444169    0.03065   42   55    0.02742    0.03974  44.9%  32.8 1400s
 3578675 445100    0.03041   38   52    0.02742    0.03972  44.8%  32.8 1405s
 3593660 446197    0.03223   40   70    0.02742    0.03969  44.7%  32.8 1410s
 3608284 447266    0.02802   43   54    0.02742    0.03967  44.7%  32.7 1415s
 3622894 448496     cutoff   46         0.02742    0.03965  44.6%  32.7 1420s
 3637295 449604     cutoff   43         0.02742    0.03962  44.5%  32.7 1425s
 3651698 450815    0.03255   43   61    0.02742    0.03960  44.4%  32.7 1430s
 3663587 451613     cutoff   41         0.02742    0.03958  44.3%  32.7 1435s
 3677494 452794    0.03029   33   47    0.02742    0.03956  44.3%  32.7 1440s
 3690652 453801    0.03935   37   61    0.02742    0.03954  44.2%  32.7 1445s
 3704689 454993    0.02920   37   57    0.02742    0.03952  44.1%  32.7 1450s
 3720361 456127    0.03101   34   57    0.02742    0.03950  44.0%  32.6 1455s
 3732526 457028    0.03400   34   53    0.02742    0.03948  43.9%  32.6 1460s
 3746625 458029     cutoff   48         0.02742    0.03945  43.9%  32.6 1465s
 3761296 459155     cutoff   36         0.02742    0.03943  43.8%  32.6 1470s
 3774967 460135    0.03753   34   56    0.02742    0.03941  43.7%  32.6 1475s
 3789889 461228    0.03576   41   48    0.02742    0.03939  43.6%  32.6 1480s
 3803870 462229    0.03894   41   47    0.02742    0.03937  43.6%  32.6 1485s
 3817082 463382    0.02940   40   63    0.02742    0.03935  43.5%  32.6 1490s
 3830785 464318    0.03824   41   57    0.02742    0.03933  43.4%  32.6 1495s
 3845192 465522    0.02999   37   53    0.02742    0.03931  43.3%  32.5 1500s
 3859278 466649     cutoff   48         0.02742    0.03929  43.3%  32.5 1505s
 3873317 467605     cutoff   46         0.02742    0.03927  43.2%  32.5 1510s
 3886728 468543    0.02930   43   49    0.02742    0.03925  43.1%  32.5 1515s
 3898142 469514     cutoff   40         0.02742    0.03924  43.1%  32.5 1520s
 3913200 470570    0.02799   41   56    0.02742    0.03921  43.0%  32.5 1525s
 3928090 471618    0.03012   45   52    0.02742    0.03919  42.9%  32.5 1530s
 3943134 472802    0.03411   45   41    0.02742    0.03917  42.8%  32.5 1535s
 3956131 473706    0.03177   45   65    0.02742    0.03915  42.8%  32.4 1540s
 3970783 474705     cutoff   39         0.02742    0.03913  42.7%  32.4 1545s
 3985312 475579     cutoff   37         0.02742    0.03911  42.6%  32.4 1550s
 3998636 476322    0.03552   44   54    0.02742    0.03909  42.5%  32.4 1555s
 4012565 477361    0.03312   43   49    0.02742    0.03907  42.5%  32.4 1560s
 4027157 478636 infeasible   38         0.02742    0.03905  42.4%  32.4 1565s
 4041506 479884    0.03481   40   43    0.02742    0.03903  42.3%  32.4 1570s
 4055825 481174     cutoff   38         0.02742    0.03901  42.3%  32.4 1575s
 4070464 482094    0.02974   44   60    0.02742    0.03899  42.2%  32.3 1580s
 4080976 482612    0.02840   43   59    0.02742    0.03897  42.1%  32.3 1585s
 4096666 483677    0.03895   40   59    0.02742    0.03895  42.0%  32.3 1590s
 4110984 484702     cutoff   52         0.02742    0.03893  42.0%  32.3 1595s
 4123399 485420    0.02936   42   51    0.02742    0.03891  41.9%  32.3 1600s
 4137496 486554    0.03131   44   47    0.02742    0.03889  41.8%  32.3 1605s
 4152393 487649    0.02752   54   58    0.02742    0.03887  41.8%  32.3 1610s
 4163871 488490     cutoff   46         0.02742    0.03886  41.7%  32.3 1615s
 4176473 489371    0.03679   36   54    0.02742    0.03884  41.6%  32.3 1620s
 4190437 490515     cutoff   48         0.02742    0.03882  41.6%  32.2 1625s
 4204065 491538    0.03483   44   34    0.02742    0.03880  41.5%  32.2 1630s
 4217623 492501    0.03695   45   48    0.02742    0.03878  41.4%  32.2 1635s
 4231771 493510    0.03679   37   54    0.02742    0.03876  41.4%  32.2 1640s
 4243455 494339     cutoff   43         0.02742    0.03875  41.3%  32.2 1645s
 4256319 495080    0.03484   40   52    0.02742    0.03873  41.2%  32.2 1650s
 4270344 496034     cutoff   36         0.02742    0.03871  41.2%  32.2 1655s
 4284342 496924     cutoff   46         0.02742    0.03869  41.1%  32.2 1660s
 4296291 497876     cutoff   49         0.02742    0.03868  41.0%  32.2 1665s
 4310184 498758    0.03467   39   58    0.02742    0.03866  41.0%  32.2 1670s
 4322873 499697 infeasible   42         0.02742    0.03864  40.9%  32.1 1675s
 4335769 500421     cutoff   41         0.02742    0.03862  40.8%  32.1 1680s
 4349757 501348     cutoff   40         0.02742    0.03861  40.8%  32.1 1685s
 4362764 502332     cutoff   51         0.02742    0.03859  40.7%  32.1 1690s
 4376508 503176    0.03771   33   63    0.02742    0.03857  40.7%  32.1 1695s
 4390015 504180    0.03663   40   58    0.02742    0.03856  40.6%  32.1 1700s
 4402322 505223     cutoff   37         0.02742    0.03854  40.5%  32.1 1705s
 4411785 506219    0.03688   50   49    0.02742    0.03853  40.5%  32.1 1710s
 4423746 507062     cutoff   44         0.02742    0.03852  40.4%  32.1 1715s
 4435604 507980     cutoff   39         0.02742    0.03850  40.4%  32.1 1720s
 4448196 508604     cutoff   42         0.02742    0.03848  40.3%  32.0 1725s
 4460306 509619 infeasible   54         0.02742    0.03847  40.3%  32.0 1730s
 4473726 510433    0.03845   38   56    0.02742    0.03845  40.2%  32.0 1735s
 4485730 511245    0.02762   39   51    0.02742    0.03844  40.2%  32.0 1740s
 4499550 512208    0.02954   39   75    0.02742    0.03842  40.1%  32.0 1745s
 4513590 513176    0.03454   40   62    0.02742    0.03840  40.0%  32.0 1750s
 4527328 514174    0.03018   38   59    0.02742    0.03839  40.0%  32.0 1755s
 4541317 515157     cutoff   40         0.02742    0.03837  39.9%  32.0 1760s
 4554749 515942     cutoff   33         0.02742    0.03835  39.9%  32.0 1765s
 4568000 516606    0.03065   40   50    0.02742    0.03834  39.8%  32.0 1770s
 4582284 517764     cutoff   35         0.02742    0.03832  39.7%  31.9 1775s
 4595606 518621     cutoff   36         0.02742    0.03831  39.7%  31.9 1780s
 4609444 519659    0.02764   40   46    0.02742    0.03829  39.6%  31.9 1785s
 4623918 520760     cutoff   38         0.02742    0.03827  39.6%  31.9 1790s
 4637503 521848    0.03094   41   57    0.02742    0.03826  39.5%  31.9 1795s
 4649108 522402    0.03367   42   58    0.02742    0.03824  39.4%  31.9 1800s
 4658898 523120    0.03432   44   55    0.02742    0.03823  39.4%  31.9 1805s
 4673092 524279    0.02879   38   56    0.02742    0.03821  39.3%  31.9 1810s
 4686878 524939     cutoff   48         0.02742    0.03820  39.3%  31.9 1815s
 4700361 525684     cutoff   40         0.02742    0.03818  39.2%  31.9 1820s
 4714588 526686    0.03733   46   51    0.02742    0.03816  39.2%  31.8 1825s
 4726083 527367     cutoff   46         0.02742    0.03815  39.1%  31.8 1830s
 4737947 528131     cutoff   40         0.02742    0.03814  39.1%  31.8 1835s
 4756567 529318    0.02895   39   55    0.02742    0.03811  39.0%  31.8 1840s
 4770970 530105     cutoff   44         0.02742    0.03810  38.9%  31.8 1845s
 4784289 531044    0.03784   36   68    0.02742    0.03808  38.9%  31.8 1850s
 4799424 531831     cutoff   44         0.02742    0.03806  38.8%  31.8 1855s
 4809767 532348    0.03675   47   53    0.02742    0.03805  38.7%  31.8 1860s
 4825213 533236    0.03240   46   51    0.02742    0.03803  38.7%  31.8 1865s
 4840428 534161    0.02985   43   48    0.02742    0.03801  38.6%  31.8 1870s
 4852628 535131    0.02825   48   60    0.02742    0.03800  38.6%  31.7 1875s
 4867339 536005    0.03666   44   53    0.02742    0.03798  38.5%  31.7 1880s
 4881319 536911 infeasible   48         0.02742    0.03797  38.4%  31.7 1885s
 4895902 537746    0.03057   48   57    0.02742    0.03795  38.4%  31.7 1890s
 4909830 538656    0.03425   43   55    0.02742    0.03793  38.3%  31.7 1895s
 4922396 539263    0.03784   37   41    0.02742    0.03792  38.3%  31.7 1900s
 4937015 540260     cutoff   42         0.02742    0.03790  38.2%  31.7 1905s
 4951340 541071    0.03782   42   44    0.02742    0.03788  38.1%  31.7 1910s
 4964592 541912    0.03249   46   59    0.02742    0.03787  38.1%  31.7 1915s
 4975694 542671    0.02975   46   60    0.02742    0.03786  38.0%  31.7 1920s
 4991016 544014    0.02920   36   58    0.02742    0.03784  38.0%  31.6 1925s
 5002735 544748     cutoff   40         0.02742    0.03783  37.9%  31.6 1930s
 5016375 545820    0.03622   51   30    0.02742    0.03781  37.9%  31.6 1935s
 5028665 546768 infeasible   39         0.02742    0.03780  37.8%  31.6 1940s
 5044590 547789    0.03400   36   54    0.02742    0.03778  37.8%  31.6 1945s
 5058131 548674     cutoff   42         0.02742    0.03777  37.7%  31.6 1950s
 5071502 549331    0.02932   45   49    0.02742    0.03776  37.7%  31.6 1955s
 5085836 550029    0.02952   42   55    0.02742    0.03774  37.6%  31.6 1960s
 5097457 550781     cutoff   58         0.02742    0.03773  37.6%  31.6 1965s
 5109679 551677     cutoff   45         0.02742    0.03772  37.5%  31.6 1970s
 5124384 552640    0.03023   48   58    0.02742    0.03770  37.5%  31.5 1975s
 5138921 553438    0.03244   48   51    0.02742    0.03768  37.4%  31.5 1980s
 5152749 554232 infeasible   44         0.02742    0.03767  37.4%  31.5 1985s
 5167473 555218    0.02937   35   43    0.02742    0.03765  37.3%  31.5 1990s
 5177428 555930    0.03074   45   56    0.02742    0.03764  37.3%  31.5 1995s
 5192393 556691    0.03439   43   54    0.02742    0.03762  37.2%  31.5 2000s
 5208883 557601    0.03759   34   69    0.02742    0.03761  37.1%  31.5 2005s
 5222989 558547     cutoff   42         0.02742    0.03759  37.1%  31.5 2010s
 5237750 559671    0.03154   33   52    0.02742    0.03758  37.0%  31.5 2015s
 5251930 560437     cutoff   44         0.02742    0.03756  37.0%  31.5 2020s
 5265372 561307    0.03702   35   53    0.02742    0.03755  36.9%  31.4 2025s
 5279183 562089    0.03143   48   56    0.02742    0.03753  36.9%  31.4 2030s
 5294181 562876    0.03752   37   48    0.02742    0.03752  36.8%  31.4 2035s
 5308371 564014    0.02870   40   58    0.02742    0.03751  36.8%  31.4 2040s
 5322675 564883 infeasible   33         0.02742    0.03749  36.7%  31.4 2045s
 5336435 565786    0.02908   51   63    0.02742    0.03748  36.7%  31.4 2050s
 5352025 566799    0.03313   59   24    0.02742    0.03746  36.6%  31.4 2055s
 5366592 567571    0.03000   39   51    0.02742    0.03745  36.5%  31.4 2060s
 5381415 568405    0.03087   33   63    0.02742    0.03743  36.5%  31.4 2065s
 5390954 569134     cutoff   33         0.02742    0.03742  36.5%  31.3 2070s
 5405632 570301     cutoff   41         0.02742    0.03741  36.4%  31.3 2075s
 5419402 571120    0.02983   45   55    0.02742    0.03739  36.4%  31.3 2080s
 5433510 572260     cutoff   45         0.02742    0.03738  36.3%  31.3 2085s
 5445306 573136    0.03282   37   56    0.02742    0.03737  36.3%  31.3 2090s
 5458351 573964     cutoff   38         0.02742    0.03736  36.2%  31.3 2095s
 5472314 574979    0.03395   46   56    0.02742    0.03734  36.2%  31.3 2100s
 5486552 575824    0.03733   38   60    0.02742    0.03733  36.1%  31.3 2105s
 5502038 576716    0.03234   38   50    0.02742    0.03732  36.1%  31.3 2110s
 5515902 577411    0.02817   37   52    0.02742    0.03730  36.0%  31.3 2115s
 5530699 578308     cutoff   36         0.02742    0.03729  36.0%  31.3 2120s
 5544735 579226     cutoff   46         0.02742    0.03727  35.9%  31.2 2125s
 5559637 580301     cutoff   45         0.02742    0.03726  35.9%  31.2 2130s
 5573525 581190    0.03651   53   38    0.02742    0.03725  35.8%  31.2 2135s
 5586655 581975     cutoff   33         0.02742    0.03723  35.8%  31.2 2140s
 5598873 582648    0.03095   42   44    0.02742    0.03722  35.7%  31.2 2145s
 5614818 583430    0.02802   45   55    0.02742    0.03720  35.7%  31.2 2150s
 5627640 584044    0.02805   43   54    0.02742    0.03719  35.6%  31.2 2155s
 5639786 584814    0.03168   47   61    0.02742    0.03718  35.6%  31.2 2160s
 5655155 585959    0.03559   41   51    0.02742    0.03717  35.5%  31.2 2165s
 5669520 586872    0.03121   46   60    0.02742    0.03715  35.5%  31.2 2170s
 5682892 587664    0.03391   36   54    0.02742    0.03714  35.4%  31.1 2175s
 5696976 588593    0.03134   39   52    0.02742    0.03713  35.4%  31.1 2180s
 5708513 589339    0.03637   46   59    0.02742    0.03712  35.4%  31.1 2185s
 5722840 590113     cutoff   34         0.02742    0.03710  35.3%  31.1 2190s
 5737407 590899    0.02778   44   49    0.02742    0.03709  35.3%  31.1 2195s
 5751794 591525     cutoff   40         0.02742    0.03708  35.2%  31.1 2200s
 5765921 592276    0.03706   38   61    0.02742    0.03706  35.2%  31.1 2205s
 5778253 593038     cutoff   41         0.02742    0.03705  35.1%  31.1 2210s
 5793783 593926     cutoff   48         0.02742    0.03704  35.1%  31.1 2215s
 5808724 594915    0.02947   43   40    0.02742    0.03703  35.0%  31.1 2220s
 5822672 595916    0.02750   44   49    0.02742    0.03701  35.0%  31.1 2225s
 5837451 596802     cutoff   44         0.02742    0.03700  34.9%  31.0 2230s
 5851218 597513     cutoff   42         0.02742    0.03698  34.9%  31.0 2235s
 5863679 598139     cutoff   34         0.02742    0.03697  34.8%  31.0 2240s
 5878509 599089    0.03102   46   59    0.02742    0.03696  34.8%  31.0 2245s
 5892454 599894    0.03507   29   58    0.02742    0.03695  34.7%  31.0 2250s
 5906747 600668    0.03332   43   65    0.02742    0.03693  34.7%  31.0 2255s
 5921821 601536    0.02781   48   56    0.02742    0.03692  34.6%  31.0 2260s
 5934306 602131    0.02833   47   58    0.02742    0.03690  34.6%  31.0 2265s
 5945054 602654     cutoff   44         0.02742    0.03689  34.5%  31.0 2270s
 5955700 603300     cutoff   41         0.02742    0.03688  34.5%  31.0 2275s
 5970447 604174    0.03114   37   49    0.02742    0.03687  34.4%  31.0 2280s
 5984292 605076     cutoff   42         0.02742    0.03686  34.4%  30.9 2285s
 5998647 606123     cutoff   31         0.02742    0.03684  34.4%  30.9 2290s
 6012627 606713     cutoff   40         0.02742    0.03683  34.3%  30.9 2295s
 6025636 607403    0.02877   43   58    0.02742    0.03682  34.3%  30.9 2300s
 6039316 608066    0.03178   41   56    0.02742    0.03680  34.2%  30.9 2305s
 6054307 608942    0.02846   40   58    0.02742    0.03679  34.2%  30.9 2310s
 6068390 610099    0.02860   51   48    0.02742    0.03678  34.1%  30.9 2315s
 6083089 610718     cutoff   45         0.02742    0.03677  34.1%  30.9 2320s
 6094198 611365     cutoff   50         0.02742    0.03676  34.0%  30.9 2325s
 6110700 612165    0.03544   44   52    0.02742    0.03674  34.0%  30.9 2330s
 6125648 612824     cutoff   47         0.02742    0.03673  33.9%  30.9 2335s
 6139983 613777    0.03031   44   61    0.02742    0.03672  33.9%  30.8 2340s
 6153996 614626    0.02875   44   55    0.02742    0.03670  33.8%  30.8 2345s
 6168505 615512 infeasible   48         0.02742    0.03669  33.8%  30.8 2350s
 6182051 616111     cutoff   43         0.02742    0.03668  33.8%  30.8 2355s
 6196376 616766 infeasible   40         0.02742    0.03667  33.7%  30.8 2360s
 6210057 617659    0.03099   38   59    0.02742    0.03666  33.7%  30.8 2365s
 6222923 618159    0.03165   37   56    0.02742    0.03665  33.6%  30.8 2370s
 6237936 618943     cutoff   41         0.02742    0.03663  33.6%  30.8 2375s
 6251566 619707    0.03103   44   38    0.02742    0.03662  33.5%  30.8 2380s
 6264486 620379    0.03416   40   54    0.02742    0.03661  33.5%  30.8 2385s
 6278807 621248     cutoff   40         0.02742    0.03660  33.5%  30.8 2390s
 6292784 622031     cutoff   46         0.02742    0.03659  33.4%  30.7 2395s
 6306700 622660    0.02938   44   63    0.02742    0.03658  33.4%  30.7 2400s
 6320675 623376 infeasible   37         0.02742    0.03657  33.3%  30.7 2405s
 6335675 624088     cutoff   45         0.02742    0.03655  33.3%  30.7 2410s
 6348366 624742    0.03055   40   53    0.02742    0.03654  33.2%  30.7 2415s
 6362801 625439     cutoff   44         0.02742    0.03653  33.2%  30.7 2420s
 6375677 626122    0.02744   37   55    0.02742    0.03652  33.2%  30.7 2425s
 6390088 626838     cutoff   51         0.02742    0.03651  33.1%  30.7 2430s
 6404972 627663    0.02901   44   54    0.02742    0.03649  33.1%  30.7 2435s
 6419331 628655    0.03094   47   50    0.02742    0.03648  33.0%  30.7 2440s
 6432133 629144    0.03043   50   56    0.02742    0.03647  33.0%  30.7 2445s
 6446571 629837    0.03454   43   39    0.02742    0.03646  33.0%  30.7 2450s
 6460331 630473     cutoff   37         0.02742    0.03645  32.9%  30.6 2455s
 6473884 631154 infeasible   44         0.02742    0.03644  32.9%  30.6 2460s
 6487878 631761    0.03496   36   59    0.02742    0.03643  32.8%  30.6 2465s
 6503163 632502    0.03070   58   42    0.02742    0.03641  32.8%  30.6 2470s
 6515495 633112     cutoff   44         0.02742    0.03640  32.7%  30.6 2475s
 6530059 633601     cutoff   41         0.02742    0.03639  32.7%  30.6 2480s
 6544535 634438     cutoff   56         0.02742    0.03638  32.7%  30.6 2485s
 6558887 635141     cutoff   41         0.02742    0.03637  32.6%  30.6 2490s
 6572907 635786     cutoff   48         0.02742    0.03635  32.6%  30.6 2495s
 6582731 636404     cutoff   41         0.02742    0.03634  32.5%  30.6 2500s
 6599979 637361    0.03545   42   66    0.02742    0.03633  32.5%  30.6 2505s
 6614174 638180     cutoff   34         0.02742    0.03632  32.4%  30.6 2510s
 6631329 638754    0.03191   30   54    0.02742    0.03630  32.4%  30.5 2515s
 6645858 639725    0.02826   45   56    0.02742    0.03629  32.3%  30.5 2520s
 6660372 640421     cutoff   39         0.02742    0.03628  32.3%  30.5 2525s
 6674208 641184    0.03536   57   32    0.02742    0.03627  32.3%  30.5 2530s
 6686689 641908    0.02845   40   48    0.02742    0.03626  32.2%  30.5 2535s
 6701423 642636     cutoff   44         0.02742    0.03625  32.2%  30.5 2540s
 6716643 643584    0.03178   42   55    0.02742    0.03623  32.1%  30.5 2545s
 6730338 644339    0.03350   47   34    0.02742    0.03622  32.1%  30.5 2550s
 6745640 645104    0.03567   45   55    0.02742    0.03621  32.0%  30.5 2555s
 6761641 645677     cutoff   47         0.02742    0.03620  32.0%  30.5 2560s
 6773829 646416    0.03037   42   55    0.02742    0.03619  32.0%  30.4 2565s
 6788717 647199    0.02944   37   52    0.02742    0.03617  31.9%  30.4 2570s
 6802894 647824     cutoff   39         0.02742    0.03616  31.9%  30.4 2575s
 6817862 648443    0.03404   43   64    0.02742    0.03615  31.8%  30.4 2580s
 6832105 649120    0.02800   41   57    0.02742    0.03614  31.8%  30.4 2585s
 6843973 649517    0.03009   46   56    0.02742    0.03613  31.7%  30.4 2590s
 6859277 650225    0.03470   44   56    0.02742    0.03612  31.7%  30.4 2595s
 6874262 651117     cutoff   39         0.02742    0.03610  31.7%  30.4 2600s
 6887646 651761    0.02889   45   53    0.02742    0.03609  31.6%  30.4 2605s
 6905313 652716    0.03003   51   52    0.02742    0.03608  31.6%  30.4 2610s
 6919079 653347    0.03106   46   57    0.02742    0.03607  31.5%  30.4 2615s
 6935214 653825     cutoff   46         0.02742    0.03606  31.5%  30.4 2620s
 6950325 654555     cutoff   46         0.02742    0.03604  31.4%  30.3 2625s
 6963915 655035    0.03484   44   59    0.02742    0.03603  31.4%  30.3 2630s
 6978980 655656     cutoff   42         0.02742    0.03602  31.3%  30.3 2635s
 6993505 656335    0.03190   41   49    0.02742    0.03601  31.3%  30.3 2640s
 7006980 656864     cutoff   46         0.02742    0.03600  31.3%  30.3 2645s
 7021885 657586    0.02854   46   44    0.02742    0.03598  31.2%  30.3 2650s
 7034212 658198     cutoff   49         0.02742    0.03597  31.2%  30.3 2655s
 7050021 659030    0.03596   35   57    0.02742    0.03596  31.1%  30.3 2660s
 7061608 659449 infeasible   36         0.02742    0.03595  31.1%  30.3 2665s
 7077218 660037    0.02837   42   42    0.02742    0.03594  31.1%  30.3 2670s
 7092267 660601     cutoff   36         0.02742    0.03593  31.0%  30.3 2675s
 7105862 661094    0.03458   38   45    0.02742    0.03591  31.0%  30.3 2680s
 7117793 661653    0.03068   45   59    0.02742    0.03591  30.9%  30.2 2685s
 7132546 662204     cutoff   36         0.02742    0.03589  30.9%  30.2 2690s
 7147542 662626    0.03103   45   60    0.02742    0.03588  30.8%  30.2 2695s
 7162434 663251     cutoff   46         0.02742    0.03587  30.8%  30.2 2700s
 7174621 663672     cutoff   47         0.02742    0.03586  30.8%  30.2 2705s
 7188525 664357     cutoff   50         0.02742    0.03585  30.7%  30.2 2710s
 7202204 664745    0.02997   28   55    0.02742    0.03584  30.7%  30.2 2715s
 7216841 665249     cutoff   46         0.02742    0.03583  30.6%  30.2 2720s
 7231032 665832     cutoff   41         0.02742    0.03582  30.6%  30.2 2725s
 7245861 666470    0.02794   49   54    0.02742    0.03580  30.6%  30.2 2730s
 7260197 667022     cutoff   42         0.02742    0.03579  30.5%  30.2 2735s
 7271727 667513     cutoff   53         0.02742    0.03578  30.5%  30.2 2740s
 7285282 668214     cutoff   44         0.02742    0.03577  30.4%  30.2 2745s
 7300221 669142    0.02866   46   59    0.02742    0.03576  30.4%  30.1 2750s
 7312323 669554    0.03352   46   42    0.02742    0.03575  30.4%  30.1 2756s
 7326813 670194     cutoff   52         0.02742    0.03574  30.3%  30.1 2760s
 7341993 670919    0.03152   48   54    0.02742    0.03573  30.3%  30.1 2765s
 7355275 671341    0.03301   42   63    0.02742    0.03572  30.2%  30.1 2770s
 7369508 671954    0.02870   46   55    0.02742    0.03571  30.2%  30.1 2775s
 7384759 672655    0.02815   58   47    0.02742    0.03570  30.2%  30.1 2780s
 7400454 673738     cutoff   45         0.02742    0.03568  30.1%  30.1 2785s
 7416322 674395     cutoff   43         0.02742    0.03567  30.1%  30.1 2790s
 7430049 674985     cutoff   50         0.02742    0.03566  30.0%  30.1 2795s
 7444154 675706     cutoff   58         0.02742    0.03565  30.0%  30.1 2800s
 7460320 676296    0.02826   54   40    0.02742    0.03564  30.0%  30.1 2805s
 7478230 677108    0.03478   30   64    0.02742    0.03562  29.9%  30.0 2810s
 7492860 677631    0.02858   45   56    0.02742    0.03561  29.9%  30.0 2815s
 7501455 678102    0.03219   44   53    0.02742    0.03561  29.8%  30.0 2820s
 7514933 678540     cutoff   42         0.02742    0.03560  29.8%  30.0 2825s
 7529366 679178     cutoff   42         0.02742    0.03559  29.8%  30.0 2830s
 7543822 679659     cutoff   46         0.02742    0.03557  29.7%  30.0 2835s
 7560246 680238     cutoff   42         0.02742    0.03556  29.7%  30.0 2840s
 7576726 680861     cutoff   40         0.02742    0.03555  29.6%  30.0 2845s
 7590911 681364    0.02971   44   54    0.02742    0.03554  29.6%  30.0 2850s
 7605688 681935    0.03037   35   60    0.02742    0.03553  29.6%  30.0 2855s
 7621328 682593    0.03540   47   45    0.02742    0.03552  29.5%  30.0 2860s
 7635809 683218     cutoff   41         0.02742    0.03550  29.5%  30.0 2865s
 7649378 683687    0.03071   49   52    0.02742    0.03549  29.4%  30.0 2870s
 7664596 684443     cutoff   44         0.02742    0.03548  29.4%  29.9 2875s
 7679399 684939    0.03005   45   50    0.02742    0.03547  29.3%  29.9 2880s
 7694097 685600     cutoff   47         0.02742    0.03546  29.3%  29.9 2885s
 7708504 686213    0.02859   39   47    0.02742    0.03545  29.3%  29.9 2890s
 7722556 686811    0.02962   46   49    0.02742    0.03544  29.2%  29.9 2895s
 7739715 687455    0.03461   37   63    0.02742    0.03543  29.2%  29.9 2900s
 7755036 687930    0.03478   70   12    0.02742    0.03542  29.1%  29.9 2905s
 7769700 688494    0.02976   41   47    0.02742    0.03541  29.1%  29.9 2910s
 7784264 688977     cutoff   38         0.02742    0.03540  29.1%  29.9 2915s
 7797058 689605     cutoff   46         0.02742    0.03539  29.0%  29.9 2920s
 7813091 690261     cutoff   36         0.02742    0.03538  29.0%  29.9 2925s
 7828433 690626     cutoff   48         0.02742    0.03536  29.0%  29.8 2931s
 7840330 691030    0.03266   49   42    0.02742    0.03535  28.9%  29.8 2935s
 7856028 691631     cutoff   42         0.02742    0.03534  28.9%  29.8 2940s
 7871765 692223    0.02913   46   51    0.02742    0.03533  28.8%  29.8 2945s
 7883210 692703     cutoff   43         0.02742    0.03533  28.8%  29.8 2950s
 7900862 693486    0.02870   43   49    0.02742    0.03531  28.8%  29.8 2955s
 7914823 693991    0.03156   46   21    0.02742    0.03530  28.7%  29.8 2960s
 7931591 694597    0.03170   44   40    0.02742    0.03529  28.7%  29.8 2965s
 7947429 695082    0.03413   40   58    0.02742    0.03528  28.6%  29.8 2970s
 7960482 695488     cutoff   40         0.02742    0.03527  28.6%  29.8 2975s
 7977413 696113     cutoff   37         0.02742    0.03526  28.6%  29.8 2980s
 7993081 696678    0.03093   40   48    0.02742    0.03525  28.5%  29.8 2985s
 8008085 697156     cutoff   41         0.02742    0.03524  28.5%  29.7 2990s
 8023592 697713     cutoff   38         0.02742    0.03523  28.5%  29.7 2995s
 8039935 698324    0.03381   38   55    0.02742    0.03521  28.4%  29.7 3000s
 8052880 698889    0.03405   41   58    0.02742    0.03521  28.4%  29.7 3005s
 8067908 699516 infeasible   54         0.02742    0.03520  28.3%  29.7 3010s
 8082995 700139     cutoff   34         0.02742    0.03519  28.3%  29.7 3015s
 8098565 700779     cutoff   54         0.02742    0.03518  28.3%  29.7 3020s
 8114284 701442    0.03220   43   62    0.02742    0.03517  28.2%  29.7 3025s
 8129085 702114     cutoff   37         0.02742    0.03516  28.2%  29.7 3030s
 8144469 702747     cutoff   37         0.02742    0.03515  28.2%  29.7 3035s
 8161520 703530 infeasible   45         0.02742    0.03513  28.1%  29.7 3040s
 8176716 704378 infeasible   49         0.02742    0.03512  28.1%  29.7 3045s
 8192308 704882    0.03087   41   67    0.02742    0.03511  28.0%  29.6 3050s
 8208309 705943    0.03289   46   55    0.02742    0.03510  28.0%  29.6 3055s
 8221578 706500    0.02748   50   41    0.02742    0.03510  28.0%  29.6 3060s
 8235747 707208     cutoff   48         0.02742    0.03509  27.9%  29.6 3066s
 8249562 707621     cutoff   48         0.02742    0.03508  27.9%  29.6 3070s
 8263993 708219     cutoff   40         0.02742    0.03507  27.9%  29.6 3075s
 8277566 708679     cutoff   54         0.02742    0.03506  27.8%  29.6 3080s
 8292431 709070    0.03344   42   55    0.02742    0.03505  27.8%  29.6 3085s
 8308844 709751     cutoff   45         0.02742    0.03504  27.8%  29.6 3090s
 8321375 710471    0.03409   45   58    0.02742    0.03503  27.7%  29.6 3095s
 8336103 710904     cutoff   42         0.02742    0.03502  27.7%  29.6 3100s
 8351458 711628     cutoff   41         0.02742    0.03501  27.7%  29.6 3105s
 8367189 712244    0.03352   43   59    0.02742    0.03500  27.6%  29.5 3110s
 8381816 712717    0.03089   54   20    0.02742    0.03499  27.6%  29.5 3115s
 8396569 713511     cutoff   40         0.02742    0.03498  27.6%  29.5 3120s
 8409312 713915     cutoff   43         0.02742    0.03497  27.5%  29.5 3125s
 8423309 714477    0.02855   42   62    0.02742    0.03496  27.5%  29.5 3130s
 8438156 715076     cutoff   45         0.02742    0.03495  27.4%  29.5 3135s
 8452716 716008    0.02877   44   56    0.02742    0.03494  27.4%  29.5 3140s
 8467321 716710 infeasible   44         0.02742    0.03493  27.4%  29.5 3145s
 8482396 717437     cutoff   43         0.02742    0.03493  27.4%  29.5 3150s
 8494435 717848 infeasible   84         0.02742    0.03492  27.3%  29.5 3155s
 8507898 718525    0.02979   46   64    0.02742    0.03491  27.3%  29.5 3160s
 8524192 719204    0.03036   44   54    0.02742    0.03490  27.3%  29.5 3165s
 8539550 719895    0.02805   51   55    0.02742    0.03489  27.2%  29.4 3170s
 8552978 720570     cutoff   42         0.02742    0.03488  27.2%  29.4 3175s
 8570478 721325     cutoff   50         0.02742    0.03487  27.2%  29.4 3180s
 8585650 722198     cutoff   47         0.02742    0.03486  27.1%  29.4 3185s
 8601012 722628    0.03170   44   55    0.02742    0.03485  27.1%  29.4 3190s
 8615655 723159    0.03138   39   54    0.02742    0.03485  27.1%  29.4 3195s
 8630732 723822     cutoff   42         0.02742    0.03484  27.0%  29.4 3200s
 8646365 724420    0.03063   43   46    0.02742    0.03483  27.0%  29.4 3205s
 8661303 725185    0.02783   47   56    0.02742    0.03482  27.0%  29.4 3210s
 8673150 725632     cutoff   43         0.02742    0.03481  26.9%  29.4 3215s
 8688134 726297     cutoff   41         0.02742    0.03480  26.9%  29.4 3220s
 8704324 727044    0.03427   44   58    0.02742    0.03480  26.9%  29.4 3225s
 8719317 727744    0.03150   36   58    0.02742    0.03479  26.8%  29.4 3230s
 8733590 728521     cutoff   66         0.02742    0.03478  26.8%  29.3 3235s
 8748416 729112    0.03177   38   59    0.02742    0.03477  26.8%  29.3 3240s
 8759425 729731     cutoff   48         0.02742    0.03476  26.8%  29.3 3245s
 8772013 730399    0.03475   32   56    0.02742    0.03475  26.7%  29.3 3250s
 8787474 730967    0.02839   49   63    0.02742    0.03475  26.7%  29.3 3255s
 8798940 731522    0.03303   38   58    0.02742    0.03474  26.7%  29.3 3260s
 8815604 732201 infeasible   37         0.02742    0.03473  26.6%  29.3 3265s
 8829970 732927     cutoff   45         0.02742    0.03472  26.6%  29.3 3270s
 8845966 733554    0.03471   41   52    0.02742    0.03471  26.6%  29.3 3275s
 8861396 734159     cutoff   49         0.02742    0.03470  26.5%  29.3 3280s
 8875857 734847    0.03101   43   50    0.02742    0.03469  26.5%  29.3 3285s
 8890110 735490     cutoff   43         0.02742    0.03469  26.5%  29.3 3290s
 8907294 736176     cutoff   39         0.02742    0.03468  26.4%  29.3 3295s
 8919236 736669     cutoff   43         0.02742    0.03467  26.4%  29.2 3300s
 8934420 737246    0.02797   55   54    0.02742    0.03466  26.4%  29.2 3305s
 8950590 737706    0.03048   41   64    0.02742    0.03465  26.4%  29.2 3310s
 8965033 738454     cutoff   36         0.02742    0.03464  26.3%  29.2 3315s
 8979413 739183    0.03299   37   51    0.02742    0.03464  26.3%  29.2 3320s
 8995416 739907     cutoff   48         0.02742    0.03463  26.3%  29.2 3325s
 9011026 740893     cutoff   72         0.02742    0.03462  26.2%  29.2 3330s
 9026409 741688    0.03461   41   56    0.02742    0.03461  26.2%  29.2 3335s
 9042142 742391    0.03460   75   13    0.02742    0.03460  26.2%  29.2 3340s
 9056464 742829     cutoff   44         0.02742    0.03460  26.2%  29.2 3345s
 9073191 743581     cutoff   51         0.02742    0.03459  26.1%  29.2 3350s
 9089136 743988     cutoff   46         0.02742    0.03458  26.1%  29.1 3355s
 9104602 744490    0.03006   39   51    0.02742    0.03457  26.1%  29.1 3360s
 9121191 744892    0.03425   46   53    0.02742    0.03456  26.0%  29.1 3365s
 9136598 745587     cutoff   45         0.02742    0.03455  26.0%  29.1 3370s
 9150730 746090    0.02873   46   61    0.02742    0.03455  26.0%  29.1 3375s
 9167551 746810    0.03021   44   55    0.02742    0.03454  25.9%  29.1 3380s
 9182412 747305     cutoff   37         0.02742    0.03453  25.9%  29.1 3385s
 9198209 747822    0.03068   39   60    0.02742    0.03452  25.9%  29.1 3390s
 9213752 748389    0.03215   42   56    0.02742    0.03451  25.8%  29.1 3395s
 9229349 749393     cutoff   47         0.02742    0.03450  25.8%  29.1 3400s
 9243492 749904    0.03100   46   50    0.02742    0.03450  25.8%  29.1 3405s
 9258400 749923    0.02828   41   51    0.02742    0.03450  25.8%  29.0 3410s
 9275774 750713    0.03037   46   59    0.02742    0.03449  25.8%  29.0 3415s
 9291246 751431     cutoff   41         0.02742    0.03448  25.7%  29.0 3420s
 9307040 752014    0.03099   46   51    0.02742    0.03447  25.7%  29.0 3425s
 9320787 752919     cutoff   54         0.02742    0.03446  25.7%  29.0 3430s
 9337181 753622    0.02833   44   56    0.02742    0.03446  25.7%  29.0 3435s
 9350974 754182     cutoff   46         0.02742    0.03445  25.6%  29.0 3440s
 9367093 754872    0.02995   49   57    0.02742    0.03444  25.6%  29.0 3445s
 9383177 755735     cutoff   65         0.02742    0.03443  25.6%  29.0 3450s
 9400100 756557    0.03226   51   48    0.02742    0.03442  25.5%  29.0 3455s
 9413336 757296    0.03211   44   56    0.02742    0.03442  25.5%  28.9 3460s
 9427295 758039    0.03055   44   62    0.02742    0.03441  25.5%  28.9 3465s
 9442174 758750     cutoff   44         0.02742    0.03440  25.5%  28.9 3470s
 9459372 759454 infeasible   57         0.02742    0.03439  25.4%  28.9 3475s
 9476040 760245    0.03003   35   60    0.02742    0.03439  25.4%  28.9 3480s
 9490865 760815     cutoff   54         0.02742    0.03438  25.4%  28.9 3485s
 9504334 761412     cutoff   42         0.02742    0.03437  25.3%  28.9 3490s
 9520459 762061    0.03436   42   54    0.02742    0.03436  25.3%  28.9 3495s
 9536791 762704    0.03050   32   57    0.02742    0.03436  25.3%  28.9 3500s
 9553075 763267    0.03192   47   37    0.02742    0.03435  25.2%  28.9 3505s
 9569767 764082    0.03410   34   57    0.02742    0.03434  25.2%  28.9 3510s
 9585439 765016    0.03255   58   19    0.02742    0.03433  25.2%  28.8 3515s
 9599634 765608     cutoff   42         0.02742    0.03432  25.2%  28.8 3520s
 9614630 766133     cutoff   33         0.02742    0.03431  25.1%  28.8 3525s
 9632172 767248     cutoff   48         0.02742    0.03431  25.1%  28.8 3530s
 9648647 768129     cutoff   53         0.02742    0.03430  25.1%  28.8 3535s
 9662829 768752    0.02809   44   56    0.02742    0.03429  25.0%  28.8 3540s
 9678402 769542    0.03295   36   57    0.02742    0.03428  25.0%  28.8 3545s
 9689151 770118     cutoff   71         0.02742    0.03428  25.0%  28.8 3550s
 9705366 771017    0.02949   41   54    0.02742    0.03427  25.0%  28.8 3555s
 9722678 772010    0.03401   37   54    0.02742    0.03426  24.9%  28.8 3560s
 9738106 772903     cutoff   39         0.02742    0.03426  24.9%  28.8 3565s
 9754828 773704     cutoff   41         0.02742    0.03425  24.9%  28.7 3570s
 9771084 774754    0.02775   53   43    0.02742    0.03424  24.9%  28.7 3575s
 9781696 775513    0.03267   51   54    0.02742    0.03424  24.8%  28.7 3580s
 9796743 776880    0.03211   44   56    0.02742    0.03423  24.8%  28.7 3585s
 9812906 778303 infeasible   48         0.02742    0.03422  24.8%  28.7 3590s
 9827134 779949 infeasible   84         0.02742    0.03422  24.8%  28.7 3595s
 9843874 781894    0.03062   91   23    0.02742    0.03421  24.8%  28.7 3600s
 9860930 783195    0.03086   97   12    0.02742    0.03421  24.8%  28.6 3605s
 9878041 782445    0.02808   38   52    0.02742    0.03421  24.7%  28.6 3610s
 9893958 781935     cutoff   75         0.02742    0.03421  24.7%  28.6 3615s
 9910222 781916     cutoff   41         0.02742    0.03420  24.7%  28.6 3620s
 9925045 781575     cutoff   44         0.02742    0.03419  24.7%  28.6 3625s
 9943871 781918     cutoff   41         0.02742    0.03419  24.7%  28.6 3630s
 9959069 781985 infeasible   48         0.02742    0.03418  24.6%  28.6 3635s
 9974702 782477    0.03182   42   48    0.02742    0.03417  24.6%  28.6 3640s
 9991359 782920    0.03225   37   58    0.02742    0.03417  24.6%  28.6 3645s
 10007765 783518    0.03198   46   53    0.02742    0.03416  24.6%  28.5 3650s
 10024042 783978    0.02752   45   51    0.02742    0.03415  24.5%  28.5 3655s
 10040910 784726    0.03349   36   57    0.02742    0.03414  24.5%  28.5 3660s
 10056413 785012 infeasible   44         0.02742    0.03413  24.5%  28.5 3665s
 10070309 785691     cutoff   50         0.02742    0.03413  24.5%  28.5 3670s
 10086471 786043    0.03276   29   57    0.02742    0.03412  24.4%  28.5 3675s
 10101201 786439     cutoff   45         0.02742    0.03411  24.4%  28.5 3680s
 10118150 787013     cutoff   44         0.02742    0.03410  24.4%  28.5 3685s
 10133339 787547    0.03106   37   56    0.02742    0.03410  24.3%  28.5 3690s
 10149124 788004     cutoff   32         0.02742    0.03409  24.3%  28.5 3695s
 10163461 788416     cutoff   39         0.02742    0.03408  24.3%  28.5 3700s
 10178446 788882    0.02769   47   57    0.02742    0.03407  24.3%  28.5 3705s
 10193894 789397     cutoff   41         0.02742    0.03407  24.2%  28.5 3710s
 10211806 790039 infeasible   43         0.02742    0.03406  24.2%  28.4 3715s
 10228543 790774    0.02877   48   61    0.02742    0.03405  24.2%  28.4 3720s
 10239685 791260    0.03135   42   57    0.02742    0.03405  24.1%  28.4 3725s
 10256341 791931     cutoff   51         0.02742    0.03404  24.1%  28.4 3730s
 10272642 792514    0.03362   41   69    0.02742    0.03403  24.1%  28.4 3735s
 10289093 793502    0.02972   50   50    0.02742    0.03402  24.1%  28.4 3740s
 10305106 794109     cutoff   50         0.02742    0.03402  24.0%  28.4 3745s
 10321509 794564    0.02954   40   56    0.02742    0.03401  24.0%  28.4 3750s
 10337265 795155    0.03068   47   54    0.02742    0.03400  24.0%  28.4 3755s
 10353861 795762     cutoff   40         0.02742    0.03399  24.0%  28.4 3760s
 10370608 796389    0.02759   52   52    0.02742    0.03399  23.9%  28.4 3765s
 10388073 797037 infeasible   53         0.02742    0.03398  23.9%  28.4 3770s
 10402051 797526    0.03005   32   57    0.02742    0.03397  23.9%  28.4 3775s
 10416713 797984     cutoff   52         0.02742    0.03397  23.9%  28.4 3780s
 10432737 798645    0.02891   44   59    0.02742    0.03396  23.8%  28.3 3785s
 10448771 799804    0.02745   47   55    0.02742    0.03395  23.8%  28.3 3790s
 10464600 800429     cutoff   42         0.02742    0.03394  23.8%  28.3 3795s
 10478413 801017    0.03117   45   60    0.02742    0.03394  23.8%  28.3 3800s
 10494760 801533    0.02844   37   52    0.02742    0.03393  23.7%  28.3 3805s
 10511784 802427    0.02883   43   42    0.02742    0.03392  23.7%  28.3 3810s
 10529072 803169    0.03391   47   58    0.02742    0.03391  23.7%  28.3 3815s
 10544242 803961     cutoff   36         0.02742    0.03391  23.6%  28.3 3820s
 10559330 804542    0.02771   73   12    0.02742    0.03390  23.6%  28.3 3825s
 10572856 804918     cutoff   56         0.02742    0.03389  23.6%  28.3 3830s
 10589143 805541    0.03292   32   70    0.02742    0.03389  23.6%  28.3 3835s
 10606221 806136    0.03322   42   47    0.02742    0.03388  23.5%  28.3 3840s
 10622308 806745    0.02902   54   58    0.02742    0.03387  23.5%  28.3 3845s
 10638301 807309     cutoff   45         0.02742    0.03386  23.5%  28.2 3850s
 10653870 807861     cutoff   52         0.02742    0.03386  23.5%  28.2 3855s
 10667912 808427     cutoff   48         0.02742    0.03385  23.4%  28.2 3860s
 10684311 808942     cutoff   44         0.02742    0.03384  23.4%  28.2 3865s
 10699303 809382     cutoff   47         0.02742    0.03384  23.4%  28.2 3870s
 10715359 810226    0.03365   59   26    0.02742    0.03383  23.4%  28.2 3875s
 10731629 810768    0.03114   46   54    0.02742    0.03382  23.3%  28.2 3880s
 10746941 811175    0.03381   43   64    0.02742    0.03382  23.3%  28.2 3885s
 10765380 811816    0.03246   47   59    0.02742    0.03381  23.3%  28.2 3890s
 10781528 812367     cutoff   40         0.02742    0.03380  23.3%  28.2 3895s
 10797908 812987    0.02946   39   54    0.02742    0.03379  23.2%  28.2 3900s
 10814274 813379    0.02980   45   41    0.02742    0.03378  23.2%  28.2 3905s
 10830783 814218     cutoff   38         0.02742    0.03378  23.2%  28.2 3910s
 10841960 814537 infeasible   46         0.02742    0.03377  23.2%  28.2 3915s
 10857331 815066    0.02801   47   53    0.02742    0.03377  23.1%  28.1 3920s
 10873833 815371    0.03129   42   55    0.02742    0.03376  23.1%  28.1 3925s
 10890658 816062     cutoff   44         0.02742    0.03375  23.1%  28.1 3930s
 10906918 816586    0.02795   51   53    0.02742    0.03374  23.0%  28.1 3935s
 10922797 817355    0.02821   33   47    0.02742    0.03374  23.0%  28.1 3940s
 10939529 817750     cutoff   43         0.02742    0.03373  23.0%  28.1 3945s
 10957040 818534    0.02890   44   52    0.02742    0.03372  23.0%  28.1 3950s
 10972738 819078    0.02760   41   51    0.02742    0.03372  22.9%  28.1 3955s
 10987171 819463     cutoff   53         0.02742    0.03371  22.9%  28.1 3960s
 11005510 819970    0.02878   47   49    0.02742    0.03370  22.9%  28.1 3966s
 11018959 820524     cutoff   43         0.02742    0.03369  22.9%  28.1 3970s
 11035337 821226    0.02774   45   48    0.02742    0.03369  22.8%  28.1 3975s
 11051235 821754     cutoff   43         0.02742    0.03368  22.8%  28.1 3980s
 11064841 822154    0.03241   43   57    0.02742    0.03368  22.8%  28.1 3985s
 11081167 822809     cutoff   45         0.02742    0.03367  22.8%  28.0 3990s
 11097999 823216    0.02915   41   57    0.02742    0.03366  22.7%  28.0 3995s
 11115052 823640     cutoff   46         0.02742    0.03365  22.7%  28.0 4000s
 11131089 824144    0.02928   48   56    0.02742    0.03365  22.7%  28.0 4005s
 11148081 824801     cutoff   44         0.02742    0.03364  22.7%  28.0 4010s
 11163972 825242    0.03289   40   58    0.02742    0.03363  22.6%  28.0 4015s
 11178393 825980    0.02879   60   23    0.02742    0.03363  22.6%  28.0 4020s
 11196091 826565     cutoff   37         0.02742    0.03362  22.6%  28.0 4025s
 11212456 827207    0.02958   60   27    0.02742    0.03361  22.6%  28.0 4030s
 11226831 827679    0.02957   47   46    0.02742    0.03361  22.5%  28.0 4035s
 11239937 828002    0.03319   41   53    0.02742    0.03360  22.5%  28.0 4040s
 11253124 828524    0.02804   80    4    0.02742    0.03359  22.5%  28.0 4045s
 11269280 829116    0.03099   43   61    0.02742    0.03359  22.5%  28.0 4050s
 11286040 829554     cutoff   39         0.02742    0.03358  22.5%  28.0 4055s
 11302843 830077     cutoff   48         0.02742    0.03357  22.4%  27.9 4060s
 11318287 830512 infeasible   40         0.02742    0.03357  22.4%  27.9 4065s
 11333377 831133     cutoff   44         0.02742    0.03356  22.4%  27.9 4070s
 11350152 831477     cutoff   47         0.02742    0.03355  22.3%  27.9 4075s
 11366925 831912     cutoff   37         0.02742    0.03355  22.3%  27.9 4080s
 11385059 832386     cutoff   53         0.02742    0.03354  22.3%  27.9 4085s
 11398597 832913     cutoff   46         0.02742    0.03353  22.3%  27.9 4090s
 11414314 833546    0.03340   43   58    0.02742    0.03353  22.2%  27.9 4095s
 11432380 834055    0.02876   40   55    0.02742    0.03352  22.2%  27.9 4100s
 11445899 834311     cutoff   48         0.02742    0.03351  22.2%  27.9 4105s
 11462010 834789 infeasible   52         0.02742    0.03350  22.2%  27.9 4110s
 11478754 835318    0.02801   42   53    0.02742    0.03350  22.1%  27.9 4115s
 11494432 836056    0.02756   44   61    0.02742    0.03349  22.1%  27.9 4120s
 11510586 837067    0.02866   42   55    0.02742    0.03349  22.1%  27.9 4125s
 11528620 838724 infeasible   97         0.02742    0.03348  22.1%  27.8 4130s
 11544321 839494     cutoff   53         0.02742    0.03348  22.1%  27.8 4135s
 11561044 838943    0.02753   50   51    0.02742    0.03348  22.1%  27.8 4140s
 11579615 838863     cutoff   46         0.02742    0.03347  22.1%  27.8 4145s
 11593662 839086     cutoff   47         0.02742    0.03347  22.0%  27.8 4150s
 11610613 839420    0.02776   41   47    0.02742    0.03346  22.0%  27.8 4155s
 11626589 839719    0.03298   48   50    0.02742    0.03345  22.0%  27.8 4160s
 11643706 840095     cutoff   40         0.02742    0.03345  22.0%  27.8 4165s
 11659810 840621     cutoff   47         0.02742    0.03344  21.9%  27.8 4170s
 11673227 840939    0.02772   45   59    0.02742    0.03344  21.9%  27.8 4175s
 11689477 841401    0.03310   44   54    0.02742    0.03343  21.9%  27.8 4180s
 11704510 841659    0.03261   34   57    0.02742    0.03342  21.9%  27.7 4185s
 11718410 841830     cutoff   42         0.02742    0.03342  21.9%  27.7 4190s
 11736006 842252     cutoff   38         0.02742    0.03341  21.8%  27.7 4195s
 11751805 842457    0.02752   47   53    0.02742    0.03341  21.8%  27.7 4200s
 11767045 843019     cutoff   58         0.02742    0.03340  21.8%  27.7 4205s
 11782491 843342     cutoff   50         0.02742    0.03339  21.8%  27.7 4210s
 11796538 843605    0.02895   44   50    0.02742    0.03339  21.7%  27.7 4215s
 11812781 843864     cutoff   42         0.02742    0.03338  21.7%  27.7 4220s
 11829094 844253    0.03207   74   10    0.02742    0.03337  21.7%  27.7 4225s
 11843977 844493     cutoff   49         0.02742    0.03337  21.7%  27.7 4230s
 11857164 844798     cutoff   42         0.02742    0.03336  21.7%  27.7 4235s
 11872526 845218     cutoff   50         0.02742    0.03336  21.6%  27.7 4240s
 11888298 845897    0.03322   51   60    0.02742    0.03335  21.6%  27.7 4245s
 11906558 846555    0.03039   50   51    0.02742    0.03334  21.6%  27.7 4250s
 11922335 847148    0.02868   42   50    0.02742    0.03334  21.6%  27.7 4255s
 11938354 847510    0.02756   45   56    0.02742    0.03333  21.5%  27.6 4260s
 11949780 848021     cutoff   51         0.02742    0.03333  21.5%  27.6 4265s
 11966555 848342     cutoff   78         0.02742    0.03332  21.5%  27.6 4270s
 11982712 849007    0.02768   46   56    0.02742    0.03331  21.5%  27.6 4275s
 11999544 849567    0.03311   43   51    0.02742    0.03331  21.5%  27.6 4280s
 12015121 849842    0.02889   36   61    0.02742    0.03330  21.4%  27.6 4285s
 12030785 850262    0.03146   43   52    0.02742    0.03330  21.4%  27.6 4290s
 12045449 850717    0.02822   47   59    0.02742    0.03329  21.4%  27.6 4295s
 12061363 851176     cutoff   49         0.02742    0.03329  21.4%  27.6 4300s
 12077216 851567    0.02816   45   51    0.02742    0.03328  21.4%  27.6 4305s
 12092290 851715    0.02822   36   47    0.02742    0.03327  21.3%  27.6 4310s
 12107471 851916    0.03327   93   12    0.02742    0.03327  21.3%  27.6 4315s
 12118864 852095 infeasible   89         0.02742    0.03326  21.3%  27.6 4320s
 12135593 852501     cutoff   47         0.02742    0.03326  21.3%  27.6 4325s
 12148893 852566    0.03325   74   23    0.02742    0.03325  21.3%  27.6 4330s
 12166260 853017    0.02947   46   59    0.02742    0.03325  21.2%  27.5 4335s
 12179304 853349    0.03281   46   62    0.02742    0.03324  21.2%  27.5 4340s
 12194630 853730    0.02948   43   55    0.02742    0.03324  21.2%  27.5 4345s
 12209913 854137    0.02901   38   50    0.02742    0.03323  21.2%  27.5 4350s
 12226121 854466    0.03014   43   58    0.02742    0.03323  21.2%  27.5 4355s
 12242961 854885     cutoff   31         0.02742    0.03322  21.1%  27.5 4360s
 12259873 855299     cutoff   45         0.02742    0.03321  21.1%  27.5 4365s
 12274254 855972    0.03067   44   50    0.02742    0.03321  21.1%  27.5 4370s
 12294590 859497    0.03090   45   41    0.02742    0.03320  21.1%  27.5 4375s
 12313665 861745    0.03319   43   58    0.02742    0.03320  21.1%  27.5 4380s
 12330553 863028     cutoff   49         0.02742    0.03320  21.0%  27.4 4385s
 12346965 863850    0.02840   75   15    0.02742    0.03319  21.0%  27.4 4390s
 12361801 864780    0.03314   36   55    0.02742    0.03318  21.0%  27.4 4395s
 12378075 865377     cutoff   47         0.02742    0.03318  21.0%  27.4 4400s
 12393817 866513    0.02873   47   54    0.02742    0.03317  21.0%  27.4 4405s
 12411903 868311    0.02822   39   52    0.02742    0.03317  21.0%  27.4 4410s
 12428766 869825    0.03084   62   25    0.02742    0.03316  20.9%  27.4 4415s
 12446306 871392     cutoff   42         0.02742    0.03316  20.9%  27.4 4420s
 12459772 872378    0.02946   44   40    0.02742    0.03315  20.9%  27.4 4425s
 12475179 873756    0.03310   44   53    0.02742    0.03315  20.9%  27.3 4430s
 12491381 875000     cutoff   46         0.02742    0.03315  20.9%  27.3 4435s
 12508621 875378     cutoff   41         0.02742    0.03314  20.8%  27.3 4440s
 12526620 875924    0.03217   41   55    0.02742    0.03313  20.8%  27.3 4445s
 12540049 876247    0.02991   50   60    0.02742    0.03313  20.8%  27.3 4450s
 12556349 877274     cutoff   49         0.02742    0.03312  20.8%  27.3 4455s
 12572061 878449     cutoff   40         0.02742    0.03312  20.8%  27.3 4460s
 12588781 879631    0.03214   51   58    0.02742    0.03311  20.7%  27.3 4465s
 12604064 880237     cutoff   36         0.02742    0.03311  20.7%  27.3 4470s
 12620643 880757     cutoff   42         0.02742    0.03310  20.7%  27.3 4475s
 12635469 881212     cutoff   46         0.02742    0.03310  20.7%  27.3 4480s
 12651345 881930     cutoff   48         0.02742    0.03309  20.7%  27.3 4485s
 12665404 882134     cutoff   43         0.02742    0.03309  20.7%  27.3 4490s
 12682254 882567     cutoff   40         0.02742    0.03308  20.6%  27.3 4495s
 12699718 883224     cutoff   42         0.02742    0.03308  20.6%  27.2 4500s
 12716899 883661     cutoff   46         0.02742    0.03307  20.6%  27.2 4505s
 12732804 884108     cutoff   48         0.02742    0.03307  20.6%  27.2 4510s
 12749582 884347    0.02744   63    7    0.02742    0.03306  20.6%  27.2 4515s
 12765864 884591     cutoff   44         0.02742    0.03305  20.5%  27.2 4520s
 12781707 884820     cutoff   43         0.02742    0.03305  20.5%  27.2 4525s
 12794715 885154 infeasible   81         0.02742    0.03304  20.5%  27.2 4530s
 12812744 885458    0.02954   46   54    0.02742    0.03304  20.5%  27.2 4535s
 12828259 885826    0.02890   37   58    0.02742    0.03303  20.4%  27.2 4540s
 12844355 886135     cutoff   43         0.02742    0.03302  20.4%  27.2 4545s
 12859891 886863    0.02994   48   34    0.02742    0.03302  20.4%  27.2 4550s
 12876905 887572    0.03301   46   44    0.02742    0.03301  20.4%  27.2 4555s
 12891840 888074     cutoff   41         0.02742    0.03301  20.4%  27.2 4560s
 12908489 888386 infeasible   41         0.02742    0.03300  20.3%  27.2 4565s
 12922746 888620    0.03300   44   40    0.02742    0.03300  20.3%  27.2 4570s
 12939737 889278    0.02852   46   45    0.02742    0.03299  20.3%  27.1 4575s
 12955382 889503     cutoff   78         0.02742    0.03298  20.3%  27.1 4580s
 12971959 889939     cutoff   47         0.02742    0.03298  20.3%  27.1 4585s
 12987972 890030     cutoff   76         0.02742    0.03297  20.2%  27.1 4590s
 13002921 890213    0.03134   40   56    0.02742    0.03297  20.2%  27.1 4595s
 13019010 890475     cutoff   49         0.02742    0.03296  20.2%  27.1 4600s
 13034779 890875     cutoff   50         0.02742    0.03296  20.2%  27.1 4605s
 13052093 891064     cutoff   37         0.02742    0.03295  20.2%  27.1 4610s
 13068894 891168    0.02941   34   54    0.02742    0.03294  20.1%  27.1 4615s
 13085294 891465     cutoff   40         0.02742    0.03294  20.1%  27.1 4620s
 13102196 891680     cutoff   47         0.02742    0.03293  20.1%  27.1 4625s
 13116493 892169    0.03115   43   55    0.02742    0.03293  20.1%  27.1 4630s
 13134251 893278     cutoff   41         0.02742    0.03292  20.0%  27.1 4635s
 13151849 893697     cutoff   48         0.02742    0.03292  20.0%  27.0 4640s
 13168220 893990     cutoff   44         0.02742    0.03291  20.0%  27.0 4645s
 13184345 894414     cutoff   41         0.02742    0.03290  20.0%  27.0 4650s
 13197152 894680     cutoff   40         0.02742    0.03290  20.0%  27.0 4655s
 13213142 895018    0.03001   46   55    0.02742    0.03289  19.9%  27.0 4660s
 13229689 895382    0.03174   34   61    0.02742    0.03289  19.9%  27.0 4665s
 13246608 895586    0.02805   47   50    0.02742    0.03288  19.9%  27.0 4670s
 13263427 895705    0.02814   42   61    0.02742    0.03287  19.9%  27.0 4675s
 13279210 896012     cutoff   45         0.02742    0.03287  19.9%  27.0 4680s
 13294293 896377    0.03059   41   58    0.02742    0.03286  19.8%  27.0 4685s
 13310346 896590    0.02898   34   52    0.02742    0.03286  19.8%  27.0 4690s
 13328104 897127     cutoff   55         0.02742    0.03285  19.8%  27.0 4695s
 13345149 897609    0.02750   31   46    0.02742    0.03284  19.8%  27.0 4700s
 13362311 897857    0.03282   37   57    0.02742    0.03284  19.7%  27.0 4705s
 13379826 898227    0.03283   44   56    0.02742    0.03283  19.7%  27.0 4710s
 13396492 898958     cutoff   44         0.02742    0.03282  19.7%  27.0 4715s
 13411700 899330     cutoff   46         0.02742    0.03282  19.7%  26.9 4720s
 13429935 899804    0.02925   40   56    0.02742    0.03281  19.7%  26.9 4725s
 13447636 900106    0.03111   46   58    0.02742    0.03281  19.6%  26.9 4730s
 13463491 900407    0.03255   50   53    0.02742    0.03280  19.6%  26.9 4735s
 13477498 900786     cutoff   44         0.02742    0.03279  19.6%  26.9 4740s
 13493813 901037    0.03118   46   42    0.02742    0.03279  19.6%  26.9 4745s
 13509538 901352    0.02941   40   58    0.02742    0.03278  19.5%  26.9 4750s
 13526049 901762     cutoff   50         0.02742    0.03278  19.5%  26.9 4755s
 13541837 902003    0.03147   36   46    0.02742    0.03277  19.5%  26.9 4760s
 13559136 902098    0.02826   51   55    0.02742    0.03276  19.5%  26.9 4765s
 13575321 902331    0.03276   38   53    0.02742    0.03276  19.5%  26.9 4770s
 13593330 902665     cutoff   45         0.02742    0.03275  19.4%  26.9 4775s
 13610215 903002     cutoff   48         0.02742    0.03274  19.4%  26.9 4780s
 13626685 903630     cutoff   43         0.02742    0.03274  19.4%  26.9 4785s
 13644113 903993    0.03205   35   59    0.02742    0.03273  19.4%  26.9 4790s
 13661347 904208     cutoff   45         0.02742    0.03273  19.3%  26.9 4795s
 13676771 904546    0.02815   68   19    0.02742    0.03272  19.3%  26.9 4800s
 13693658 904597 infeasible   50         0.02742    0.03271  19.3%  26.8 4805s
 13710513 904854    0.03175   45   50    0.02742    0.03271  19.3%  26.8 4810s
 13728077 905285    0.03219   34   63    0.02742    0.03270  19.2%  26.8 4815s
 13745052 905326    0.03165   40   42    0.02742    0.03269  19.2%  26.8 4820s
 13760013 905409    0.03031   38   54    0.02742    0.03269  19.2%  26.8 4825s
 13777805 905791     cutoff   45         0.02742    0.03268  19.2%  26.8 4830s
 13793532 906451    0.02839   50   50    0.02742    0.03268  19.2%  26.8 4835s
 13812552 906677     cutoff   55         0.02742    0.03267  19.1%  26.8 4840s
 13829749 907087    0.02909   42   46    0.02742    0.03266  19.1%  26.8 4845s
 13847862 907936     cutoff   44         0.02742    0.03266  19.1%  26.8 4850s
 13862869 908330     cutoff   46         0.02742    0.03265  19.1%  26.8 4855s
 13880914 908638    0.02947   48   52    0.02742    0.03265  19.0%  26.8 4860s
 13896588 908938     cutoff   48         0.02742    0.03264  19.0%  26.8 4865s
 13913299 909217     cutoff   47         0.02742    0.03263  19.0%  26.8 4870s
 13930274 909363    0.02920   37   61    0.02742    0.03263  19.0%  26.8 4875s
 13945384 909753     cutoff   39         0.02742    0.03262  19.0%  26.7 4880s
 13961559 909959    0.02796   51   56    0.02742    0.03262  18.9%  26.7 4885s
 13977256 910192    0.03242   57   43    0.02742    0.03261  18.9%  26.7 4890s
 13995460 910501    0.02853   44   54    0.02742    0.03261  18.9%  26.7 4895s
 14011878 910573    0.03047   43   57    0.02742    0.03260  18.9%  26.7 4900s
 14026804 910778     cutoff   58         0.02742    0.03259  18.9%  26.7 4905s
 14043669 911144     cutoff   48         0.02742    0.03259  18.8%  26.7 4910s
 14059477 911134    0.02773   49   56    0.02742    0.03258  18.8%  26.7 4915s
 14076355 911295    0.03257   51   32    0.02742    0.03258  18.8%  26.7 4920s
 14093096 911550 infeasible   80         0.02742    0.03257  18.8%  26.7 4925s
 14107994 911625    0.02928   69    5    0.02742    0.03256  18.7%  26.7 4930s
 14119787 911822     cutoff   47         0.02742    0.03256  18.7%  26.7 4935s
 14136246 912340     cutoff   45         0.02742    0.03256  18.7%  26.7 4940s
 14151052 912271     cutoff   44         0.02742    0.03255  18.7%  26.7 4945s
 14168041 912697     cutoff   54         0.02742    0.03254  18.7%  26.7 4950s
 14184120 912679     cutoff   50         0.02742    0.03254  18.7%  26.7 4955s
 14201014 912849     cutoff   47         0.02742    0.03253  18.6%  26.7 4960s
 14213078 913058    0.02946   41   47    0.02742    0.03253  18.6%  26.7 4965s
 14232077 913455     cutoff   37         0.02742    0.03252  18.6%  26.6 4970s
 14248205 913810    0.02768   46   50    0.02742    0.03252  18.6%  26.6 4975s
 14263518 913935     cutoff   45         0.02742    0.03251  18.5%  26.6 4980s
 14282453 914105     cutoff   43         0.02742    0.03250  18.5%  26.6 4985s
 14298652 914327    0.02769   40   38    0.02742    0.03250  18.5%  26.6 4990s
 14316204 914992     cutoff   47         0.02742    0.03249  18.5%  26.6 4995s
 14333119 915167     cutoff   42         0.02742    0.03248  18.5%  26.6 5000s
 14348903 915317    0.03234   48   54    0.02742    0.03248  18.4%  26.6 5005s
 14366092 915650     cutoff   47         0.02742    0.03247  18.4%  26.6 5010s
 14382727 915633 infeasible   46         0.02742    0.03247  18.4%  26.6 5015s
 14397715 915624     cutoff   44         0.02742    0.03246  18.4%  26.6 5020s
 14413666 915911    0.03072   35   62    0.02742    0.03245  18.3%  26.6 5025s
 14429665 916387    0.03207   44   50    0.02742    0.03245  18.3%  26.6 5030s
 14445856 916362     cutoff   45         0.02742    0.03244  18.3%  26.6 5035s
 14462091 916442    0.03056   42   52    0.02742    0.03244  18.3%  26.6 5040s
 14478067 916695     cutoff   53         0.02742    0.03243  18.3%  26.6 5045s
 14490537 916722     cutoff   45         0.02742    0.03243  18.2%  26.6 5050s
 14507206 916677    0.02796   48   54    0.02742    0.03242  18.2%  26.6 5055s
 14520696 916803    0.02912   66   21    0.02742    0.03241  18.2%  26.5 5060s
 14537721 916798    0.02757   55   40    0.02742    0.03241  18.2%  26.5 5065s
 14554389 916928     cutoff   47         0.02742    0.03240  18.1%  26.5 5070s
 14569847 916916    0.03233   43   46    0.02742    0.03239  18.1%  26.5 5075s
 14584096 916880    0.02889   53   53    0.02742    0.03239  18.1%  26.5 5080s
 14598811 916998     cutoff   38         0.02742    0.03238  18.1%  26.5 5085s
 14614292 917211 infeasible   55         0.02742    0.03238  18.1%  26.5 5090s
 14630453 917356 infeasible   52         0.02742    0.03237  18.0%  26.5 5095s
 14643480 917798     cutoff   49         0.02742    0.03236  18.0%  26.5 5100s
 14660419 917817     cutoff   43         0.02742    0.03236  18.0%  26.5 5105s
 14671456 917876    0.02857   43   57    0.02742    0.03235  18.0%  26.5 5110s
 14688036 917993     cutoff   54         0.02742    0.03235  18.0%  26.5 5115s
 14704446 918199    0.03046   44   55    0.02742    0.03234  17.9%  26.5 5120s
 14720735 918239     cutoff   47         0.02742    0.03233  17.9%  26.5 5125s
 14736022 918139    0.02886   40   52    0.02742    0.03233  17.9%  26.5 5130s
 14750864 918170     cutoff   45         0.02742    0.03232  17.9%  26.5 5135s
 14764747 918169    0.03111   42   57    0.02742    0.03232  17.8%  26.5 5140s
 14781467 918134     cutoff   44         0.02742    0.03231  17.8%  26.5 5145s
 14796865 917982     cutoff   53         0.02742    0.03230  17.8%  26.5 5150s
 14813139 918003     cutoff   47         0.02742    0.03230  17.8%  26.5 5155s
 14827899 917935     cutoff   45         0.02742    0.03229  17.7%  26.4 5160s
 14843753 918311     cutoff   40         0.02742    0.03228  17.7%  26.4 5165s
 14858883 918565    0.03184   45   42    0.02742    0.03228  17.7%  26.4 5170s
 14875633 918896 infeasible   83         0.02742    0.03227  17.7%  26.4 5175s
 14892686 919260    0.03227   80    5    0.02742    0.03227  17.7%  26.4 5180s
 14909736 919338     cutoff   42         0.02742    0.03227  17.7%  26.4 5185s
 14924223 920018 infeasible   92         0.02742    0.03226  17.6%  26.4 5190s
 14939572 920114    0.02970   53   54    0.02742    0.03226  17.6%  26.4 5195s
 14955596 920181    0.03225   40   57    0.02742    0.03225  17.6%  26.4 5200s
 14970961 920229    0.02994   46   55    0.02742    0.03225  17.6%  26.4 5205s
 14987362 920749 infeasible   38         0.02742    0.03224  17.6%  26.4 5210s
 15004235 921190    0.03129   44   46    0.02742    0.03223  17.5%  26.4 5215s
 15016884 921224    0.03158   49   57    0.02742    0.03223  17.5%  26.4 5220s
 15029643 921064    0.03133   51   52    0.02742    0.03223  17.5%  26.3 5225s
 15044484 921138     cutoff   42         0.02742    0.03222  17.5%  26.3 5230s
 15059848 921001    0.02957   37   54    0.02742    0.03221  17.5%  26.3 5235s
 15073656 920984    0.03124   46   53    0.02742    0.03221  17.4%  26.3 5240s
 15089853 921256    0.03214   45   54    0.02742    0.03220  17.4%  26.3 5245s
 15104754 921432     cutoff   43         0.02742    0.03220  17.4%  26.3 5250s
 15120580 921468    0.03140   47   52    0.02742    0.03219  17.4%  26.3 5255s
 15135546 921259     cutoff   51         0.02742    0.03219  17.4%  26.3 5260s
 15151612 921334    0.02770   39   60    0.02742    0.03218  17.4%  26.3 5265s
 15168611 921439    0.02915   49   53    0.02742    0.03218  17.3%  26.3 5270s
 15182539 921249    0.02879   43   50    0.02742    0.03217  17.3%  26.3 5275s
 15199041 921271    0.02875   47   51    0.02742    0.03217  17.3%  26.3 5280s
 15214341 921390     cutoff   48         0.02742    0.03216  17.3%  26.3 5285s
 15229916 921868    0.03002   42   45    0.02742    0.03216  17.3%  26.3 5290s
 15244725 921971 infeasible   79         0.02742    0.03215  17.2%  26.3 5295s
 15260819 922398     cutoff   43         0.02742    0.03215  17.2%  26.3 5300s
 15276864 923171    0.03194   63   27    0.02742    0.03215  17.2%  26.2 5305s
 15292204 923838     cutoff   39         0.02742    0.03214  17.2%  26.2 5310s
 15307550 924238    0.02858   81   22    0.02742    0.03214  17.2%  26.2 5315s
 15322232 924572 infeasible   84         0.02742    0.03214  17.2%  26.2 5320s
 15336328 925099     cutoff   81         0.02742    0.03214  17.2%  26.2 5325s
 15353501 925566    0.02986   82   27    0.02742    0.03214  17.2%  26.2 5330s
 15367928 925933    0.03214   79   13    0.02742    0.03214  17.2%  26.2 5335s
 15385363 926829    0.03041   75   13    0.02742    0.03214  17.2%  26.2 5340s
 15404577 927021     cutoff   54         0.02742    0.03213  17.2%  26.2 5345s
 15412254 927218    0.03169   43   59    0.02742    0.03213  17.2%  26.2 5350s
 15429258 927717    0.03042   83   19    0.02742    0.03213  17.2%  26.2 5355s
 15443334 927974     cutoff   47         0.02742    0.03213  17.2%  26.2 5360s
 15459310 928208     cutoff   85         0.02742    0.03213  17.2%  26.2 5365s
 15473431 928454    0.03213   80    8    0.02742    0.03213  17.2%  26.2 5370s
 15480365 928635    0.02960   81   19    0.02742    0.03213  17.2%  26.1 5375s
 15487622 928641     cutoff   44         0.02742    0.03213  17.2%  26.1 5380s
 15501654 929184     cutoff   43         0.02742    0.03213  17.2%  26.1 5385s
 15512595 929507    0.02834   79   24    0.02742    0.03213  17.1%  26.1 5390s
 15529297 930536 infeasible   83         0.02742    0.03212  17.1%  26.1 5395s
 15545748 931365    0.03056   82   28    0.02742    0.03212  17.1%  26.1 5400s
 15562909 931960 infeasible   85         0.02742    0.03212  17.1%  26.1 5405s
 15578604 932305    0.03212   81   12    0.02742    0.03212  17.1%  26.1 5410s
 15594689 932675     cutoff   80         0.02742    0.03212  17.1%  26.1 5415s
 15612030 933057     cutoff   84         0.02742    0.03212  17.1%  26.1 5420s
 15630090 933408    0.03212   79    7    0.02742    0.03212  17.1%  26.1 5425s
 15647535 933826    0.02923   81   30    0.02742    0.03212  17.1%  26.1 5430s
 15661054 934073     cutoff   83         0.02742    0.03212  17.1%  26.1 5435s
 15676098 934295     cutoff   84         0.02742    0.03212  17.1%  26.1 5440s
 15691315 934670     cutoff   48         0.02742    0.03212  17.1%  26.1 5445s
 15703173 934881    0.03211   78    7    0.02742    0.03211  17.1%  26.1 5450s
 15720136 935304    0.03032   45   55    0.02742    0.03211  17.1%  26.1 5455s
 15737742 936333     cutoff   78         0.02742    0.03211  17.1%  26.1 5460s
 15754536 937037     cutoff   48         0.02742    0.03211  17.1%  26.0 5465s
 15774656 937795     cutoff   78         0.02742    0.03211  17.1%  26.0 5470s
 15792347 938001     cutoff   81         0.02742    0.03211  17.1%  26.0 5475s
 15808516 938531     cutoff   82         0.02742    0.03211  17.1%  26.0 5480s
 15823026 938810 infeasible   85         0.02742    0.03211  17.1%  26.0 5485s
 15838734 939086    0.03039   79   21    0.02742    0.03210  17.1%  26.0 5490s
 15854039 939530     cutoff   78         0.02742    0.03210  17.1%  26.0 5495s
 15866852 939876    0.02919   38   55    0.02742    0.03210  17.1%  26.0 5500s
 15881232 940436     cutoff   84         0.02742    0.03210  17.1%  26.0 5505s
 15896571 940759     cutoff   80         0.02742    0.03210  17.1%  26.0 5510s
 15912727 940934     cutoff   81         0.02742    0.03210  17.0%  26.0 5515s
 15925917 941377     cutoff   83         0.02742    0.03210  17.0%  26.0 5520s
 15941265 942108    0.02829   43   52    0.02742    0.03210  17.0%  26.0 5525s
 15955704 942624 infeasible   88         0.02742    0.03210  17.0%  26.0 5530s
 15972997 943453    0.03209   73    8    0.02742    0.03209  17.0%  26.0 5535s
 15990914 943772    0.03065   79   29    0.02742    0.03209  17.0%  26.0 5540s
 16004522 944285     cutoff   82         0.02742    0.03209  17.0%  26.0 5545s
 16019509 944586    0.03209   79    8    0.02742    0.03209  17.0%  26.0 5550s
 16036885 945286     cutoff   85         0.02742    0.03209  17.0%  26.0 5555s
 16051192 945718     cutoff   81         0.02742    0.03209  17.0%  26.0 5560s
 16067038 946242     cutoff   85         0.02742    0.03209  17.0%  25.9 5565s
 16086622 947092     cutoff   86         0.02742    0.03209  17.0%  25.9 5570s
 16103127 948062    0.03209   67    8    0.02742    0.03209  17.0%  25.9 5575s
 16122242 948599    0.02783   43   37    0.02742    0.03209  17.0%  25.9 5580s
 16137859 949096    0.03036   83   13    0.02742    0.03209  17.0%  25.9 5585s
 16157246 949942    0.03040   85   15    0.02742    0.03209  17.0%  25.9 5590s
 16176472 950792     cutoff   81         0.02742    0.03208  17.0%  25.9 5595s
 16196474 951873    0.03082   79   23    0.02742    0.03208  17.0%  25.9 5600s
 16214758 952846 infeasible   81         0.02742    0.03208  17.0%  25.9 5605s
 16233757 953601     cutoff   76         0.02742    0.03208  17.0%  25.9 5610s
 16252673 954335 infeasible   80         0.02742    0.03208  17.0%  25.9 5615s
 16266219 955026    0.02946   84   18    0.02742    0.03208  17.0%  25.9 5620s
 16283936 955983    0.02831   85   15    0.02742    0.03208  17.0%  25.9 5625s
 16302790 956777    0.02954   85   43    0.02742    0.03208  17.0%  25.9 5630s
 16320474 957476    0.03208   82    8    0.02742    0.03208  17.0%  25.9 5635s
 16338299 958669     cutoff   82         0.02742    0.03208  17.0%  25.8 5640s
 16355175 959619    0.03208   76    9    0.02742    0.03208  17.0%  25.8 5645s
 16374534 960614    0.03207   76   11    0.02742    0.03208  17.0%  25.8 5650s
 16393512 961423     cutoff   81         0.02742    0.03208  17.0%  25.8 5655s
 16409812 962392    0.03208   79   14    0.02742    0.03208  17.0%  25.8 5660s
 16427830 963490 infeasible   85         0.02742    0.03208  17.0%  25.8 5665s
 16444517 964352    0.03207   80    7    0.02742    0.03207  17.0%  25.8 5670s
 16463583 965499     cutoff   85         0.02742    0.03207  17.0%  25.8 5675s
 16482855 966572 infeasible   80         0.02742    0.03207  17.0%  25.8 5680s
 16497314 967392     cutoff   85         0.02742    0.03207  17.0%  25.8 5685s
 16516148 968312     cutoff   80         0.02742    0.03207  17.0%  25.8 5690s
 16529923 969148    0.03087   79   20    0.02742    0.03207  16.9%  25.8 5695s
 16547704 969999     cutoff   50         0.02742    0.03207  16.9%  25.8 5700s
 16563547 970895     cutoff   80         0.02742    0.03207  16.9%  25.8 5705s
 16579848 971687    0.03167   39   64    0.02742    0.03207  16.9%  25.7 5710s
 16597105 972692    0.02872   79   35    0.02742    0.03207  16.9%  25.7 5715s
 16614966 973488     cutoff   83         0.02742    0.03207  16.9%  25.7 5720s
 16635438 974882 infeasible   84         0.02742    0.03207  16.9%  25.7 5725s
 16653627 975804    0.03064   86   31    0.02742    0.03207  16.9%  25.7 5730s
 16669804 976860    0.03207   79   11    0.02742    0.03207  16.9%  25.7 5735s
 16689319 977977     cutoff   84         0.02742    0.03207  16.9%  25.7 5740s
 16709073 979100     cutoff   84         0.02742    0.03207  16.9%  25.7 5745s
 16727326 980164     cutoff   82         0.02742    0.03207  16.9%  25.7 5750s
 16745561 981222 infeasible   84         0.02742    0.03207  16.9%  25.7 5755s
 16762939 982006    0.03026   91   13    0.02742    0.03207  16.9%  25.7 5760s
 16780144 982946     cutoff   81         0.02742    0.03207  16.9%  25.7 5765s
 16798792 984057    0.03196   81   18    0.02742    0.03207  16.9%  25.7 5770s
 16816832 985029     cutoff   84         0.02742    0.03206  16.9%  25.6 5775s
 16836647 986026    0.02950   87   24    0.02742    0.03206  16.9%  25.6 5780s
 16855924 986849     cutoff   84         0.02742    0.03206  16.9%  25.6 5785s
 16875078 987912    0.02764   83   23    0.02742    0.03206  16.9%  25.6 5790s
 16894087 988937    0.02961   80   26    0.02742    0.03206  16.9%  25.6 5795s
 16910714 989992    0.02898   80   15    0.02742    0.03206  16.9%  25.6 5800s
 16929544 991029     cutoff   41         0.02742    0.03206  16.9%  25.6 5805s
 16948077 991975    0.02924   80   16    0.02742    0.03206  16.9%  25.6 5810s
 16967473 992909 infeasible   84         0.02742    0.03206  16.9%  25.6 5815s
 16985664 993820    0.03034   80   15    0.02742    0.03206  16.9%  25.6 5820s
 17004850 994680     cutoff   79         0.02742    0.03206  16.9%  25.6 5825s
 17024146 995690    0.03117   43   47    0.02742    0.03206  16.9%  25.6 5830s
 17039384 996604     cutoff   79         0.02742    0.03206  16.9%  25.6 5835s
 17059431 997758     cutoff   81         0.02742    0.03206  16.9%  25.6 5840s
 17075898 998674     cutoff   76         0.02742    0.03206  16.9%  25.5 5845s
 17095771 999757 infeasible   84         0.02742    0.03206  16.9%  25.5 5850s
 17115496 1000917 infeasible   84         0.02742    0.03206  16.9%  25.5 5855s
 17135406 1002085    0.03206   74   13    0.02742    0.03206  16.9%  25.5 5860s
 17153051 1002954    0.02767   82   21    0.02742    0.03206  16.9%  25.5 5865s
 17172274 1003923    0.03206   78    9    0.02742    0.03206  16.9%  25.5 5870s
 17191146 1004931     cutoff   48         0.02742    0.03206  16.9%  25.5 5875s
 17210118 1005925    0.02940   82   25    0.02742    0.03206  16.9%  25.5 5880s
 17226753 1006535     cutoff   83         0.02742    0.03206  16.9%  25.5 5885s
 17244519 1007764    0.03046   79   17    0.02742    0.03206  16.9%  25.5 5890s
 17262410 1008788    0.02780   86   19    0.02742    0.03206  16.9%  25.5 5895s
 17280705 1009825    0.02934   83   17    0.02742    0.03206  16.9%  25.5 5900s
 17298712 1010851    0.03038   83   16    0.02742    0.03206  16.9%  25.5 5905s
 17316439 1011702    0.03157   48   50    0.02742    0.03206  16.9%  25.5 5910s
 17335842 1012605 infeasible   83         0.02742    0.03206  16.9%  25.4 5915s
 17354352 1013685     cutoff   84         0.02742    0.03206  16.9%  25.4 5920s
 17372047 1014831    0.03206   77   11    0.02742    0.03206  16.9%  25.4 5925s
 17391644 1016117     cutoff   82         0.02742    0.03206  16.9%  25.4 5930s
 17411518 1017050    0.03205   80   13    0.02742    0.03205  16.9%  25.4 5935s
 17428089 1018078     cutoff   84         0.02742    0.03205  16.9%  25.4 5940s
 17447873 1018857     cutoff   84         0.02742    0.03205  16.9%  25.4 5945s
 17468324 1019866    0.03202   74   11    0.02742    0.03205  16.9%  25.4 5950s
 17487759 1020697     cutoff   85         0.02742    0.03205  16.9%  25.4 5955s
 17505333 1021619     cutoff   72         0.02742    0.03205  16.9%  25.4 5960s
 17524267 1022582     cutoff   86         0.02742    0.03205  16.9%  25.4 5965s
 17544009 1023527    0.03205   82    7    0.02742    0.03205  16.9%  25.4 5970s
 17562372 1024182    0.03039   85   19    0.02742    0.03205  16.9%  25.4 5975s
 17581717 1025181     cutoff   85         0.02742    0.03205  16.9%  25.4 5980s
 17599962 1026033    0.03205   78   12    0.02742    0.03205  16.9%  25.4 5985s
 17619677 1026990 infeasible   83         0.02742    0.03205  16.9%  25.3 5990s
 17634637 1027902    0.02787   86   22    0.02742    0.03205  16.9%  25.3 5995s
 17654550 1029117     cutoff   85         0.02742    0.03205  16.9%  25.3 6000s
 17673870 1029998    0.03034   83   26    0.02742    0.03205  16.9%  25.3 6005s
 17692788 1031068     cutoff   80         0.02742    0.03205  16.9%  25.3 6010s
 17710941 1031981     cutoff   80         0.02742    0.03205  16.9%  25.3 6015s
 17731012 1033227     cutoff   87         0.02742    0.03205  16.9%  25.3 6020s
 17750304 1034087    0.02986   81   32    0.02742    0.03205  16.9%  25.3 6025s
 17766805 1035030    0.03039   74   22    0.02742    0.03205  16.9%  25.3 6030s
 17781576 1035765     cutoff   79         0.02742    0.03205  16.9%  25.3 6035s
 17800641 1037061    0.02804   79   20    0.02742    0.03205  16.9%  25.3 6040s
 17817742 1038041 infeasible   81         0.02742    0.03205  16.9%  25.3 6045s
 17833326 1038969 infeasible   83         0.02742    0.03205  16.9%  25.3 6050s
 17849432 1039663     cutoff   82         0.02742    0.03205  16.9%  25.3 6055s
 17868907 1040587 infeasible   82         0.02742    0.03205  16.9%  25.3 6060s
 17886216 1041530     cutoff   50         0.02742    0.03205  16.9%  25.3 6065s
 17905848 1042668     cutoff   80         0.02742    0.03205  16.9%  25.2 6070s
 17923282 1043653    0.03205   82   13    0.02742    0.03205  16.9%  25.2 6075s
 17942240 1044796    0.03205   71   10    0.02742    0.03205  16.9%  25.2 6080s
 17962004 1045762 infeasible   85         0.02742    0.03205  16.9%  25.2 6085s
 17979003 1046712    0.03205   70    8    0.02742    0.03205  16.9%  25.2 6090s
 17997559 1047815    0.02819   84   25    0.02742    0.03205  16.9%  25.2 6095s
 18014847 1048680    0.03083   83   23    0.02742    0.03205  16.9%  25.2 6100s
 18032579 1049790    0.02866   81   23    0.02742    0.03205  16.9%  25.2 6105s
 18052730 1051040    0.03148   56   32    0.02742    0.03205  16.9%  25.2 6110s
 18072329 1052334    0.03042   80   17    0.02742    0.03205  16.9%  25.2 6115s
 18091280 1053481     cutoff   84         0.02742    0.03205  16.9%  25.2 6120s
 18110869 1054699     cutoff   83         0.02742    0.03205  16.9%  25.2 6125s
 18127055 1055777 infeasible   84         0.02742    0.03205  16.9%  25.2 6130s
 18144610 1056879     cutoff   83         0.02742    0.03205  16.9%  25.2 6135s
 18163644 1057922 infeasible   85         0.02742    0.03205  16.9%  25.2 6140s
 18182941 1059139     cutoff   85         0.02742    0.03205  16.9%  25.2 6145s
 18198703 1060109    0.03205   77    8    0.02742    0.03205  16.9%  25.2 6150s
 18218653 1061061    0.02815   81   32    0.02742    0.03205  16.9%  25.1 6155s
 18236462 1062114    0.02906   89   20    0.02742    0.03205  16.9%  25.1 6160s
 18253759 1063112     cutoff   85         0.02742    0.03205  16.9%  25.1 6165s
 18273786 1064274    0.03204   77   12    0.02742    0.03204  16.9%  25.1 6170s
 18294050 1065695     cutoff   88         0.02742    0.03204  16.9%  25.1 6175s
 18310120 1066732    0.02896   36   50    0.02742    0.03204  16.9%  25.1 6180s
 18328478 1068007     cutoff   72         0.02742    0.03204  16.8%  25.1 6185s
 18346388 1069085    0.03084   79   26    0.02742    0.03204  16.8%  25.1 6190s
 18363834 1070251    0.03204   80    8    0.02742    0.03204  16.8%  25.1 6195s
 18381658 1071384     cutoff   85         0.02742    0.03204  16.8%  25.1 6200s
 18400930 1072654    0.03084   82   18    0.02742    0.03204  16.8%  25.1 6205s
 18416084 1073523    0.03204   78    8    0.02742    0.03204  16.8%  25.1 6210s
 18434399 1074596    0.03204   78    9    0.02742    0.03204  16.8%  25.1 6215s
 18452159 1075668    0.03204   81    9    0.02742    0.03204  16.8%  25.1 6220s
 18470689 1076858     cutoff   87         0.02742    0.03204  16.8%  25.1 6225s
 18490846 1078193    0.03043   81   21    0.02742    0.03204  16.8%  25.1 6230s
 18508417 1079127     cutoff   79         0.02742    0.03204  16.8%  25.1 6235s
 18527783 1080507     cutoff   82         0.02742    0.03204  16.8%  25.1 6240s
 18545409 1081851    0.03049   81   21    0.02742    0.03204  16.8%  25.0 6245s
 18560506 1082731     cutoff   85         0.02742    0.03204  16.8%  25.0 6250s
 18578064 1083851 infeasible   85         0.02742    0.03204  16.8%  25.0 6255s
 18596052 1084988     cutoff   80         0.02742    0.03204  16.8%  25.0 6260s
 18614595 1086218     cutoff   83         0.02742    0.03204  16.8%  25.0 6265s
 18630964 1087399    0.02805   88   24    0.02742    0.03204  16.8%  25.0 6270s
 18649269 1088653 infeasible   85         0.02742    0.03204  16.8%  25.0 6275s
 18667715 1090064    0.03038   80   17    0.02742    0.03204  16.8%  25.0 6280s
 18684964 1091183    0.03040   81   16    0.02742    0.03204  16.8%  25.0 6285s
 18703260 1092336 infeasible   78         0.02742    0.03204  16.8%  25.0 6290s
 18721316 1093666     cutoff   78         0.02742    0.03204  16.8%  25.0 6295s
 18739454 1094881    0.03204   81    7    0.02742    0.03204  16.8%  25.0 6300s
 18755011 1095979    0.02925   82   12    0.02742    0.03204  16.8%  25.0 6305s
 18772822 1097127     cutoff   86         0.02742    0.03204  16.8%  25.0 6310s
 18791355 1098252     cutoff   83         0.02742    0.03204  16.8%  25.0 6315s
 18810037 1099524 infeasible   86         0.02742    0.03204  16.8%  25.0 6320s
 18829467 1100701    0.03204   75   14    0.02742    0.03204  16.8%  25.0 6325s
 18848642 1101884    0.03204   78   12    0.02742    0.03204  16.8%  25.0 6330s
 18867154 1103034    0.03204   78   10    0.02742    0.03204  16.8%  25.0 6335s
 18886695 1104215    0.03041   80   17    0.02742    0.03204  16.8%  25.0 6340s
 18905246 1105378    0.02957   79   24    0.02742    0.03204  16.8%  24.9 6345s
 18921234 1106395    0.03201   74   19    0.02742    0.03204  16.8%  24.9 6350s
 18939236 1107487     cutoff   89         0.02742    0.03204  16.8%  24.9 6355s
 18956565 1108343    0.03204   77   12    0.02742    0.03204  16.8%  24.9 6360s
 18976434 1109453     cutoff   81         0.02742    0.03204  16.8%  24.9 6365s
 18994992 1110611     cutoff   85         0.02742    0.03204  16.8%  24.9 6370s
 19009159 1111598     cutoff   84         0.02742    0.03204  16.8%  24.9 6375s
 19020817 1112295     cutoff   85         0.02742    0.03204  16.8%  24.9 6380s
 19040336 1113694     cutoff   80         0.02742    0.03204  16.8%  24.9 6385s
 19058072 1114780 infeasible   78         0.02742    0.03204  16.8%  24.9 6390s
 19074942 1115820    0.02974   81   26    0.02742    0.03204  16.8%  24.9 6395s
 19090461 1116706    0.03062   72   36    0.02742    0.03204  16.8%  24.9 6400s
 19110159 1117978     cutoff   82         0.02742    0.03204  16.8%  24.9 6405s
 19128678 1119263     cutoff   86         0.02742    0.03204  16.8%  24.9 6410s
 19137528 1119766    0.02771   85   18    0.02742    0.03204  16.8%  24.9 6415s
 19156033 1120998    0.03039   83   30    0.02742    0.03203  16.8%  24.9 6420s
 19174653 1122275    0.02901   85   16    0.02742    0.03203  16.8%  24.9 6425s
 19192794 1123643    0.03045   82   13    0.02742    0.03203  16.8%  24.9 6430s
 19211285 1124868    0.02980   82   20    0.02742    0.03203  16.8%  24.9 6435s
 19227215 1125986    0.03037   83   30    0.02742    0.03203  16.8%  24.9 6440s
 19245038 1127206    0.02918   81   31    0.02742    0.03203  16.8%  24.8 6445s
 19262145 1128405    0.03045   81   17    0.02742    0.03203  16.8%  24.8 6450s
 19276964 1129376    0.03058   85   16    0.02742    0.03203  16.8%  24.8 6455s
 19294106 1130539    0.03095   78   23    0.02742    0.03203  16.8%  24.8 6460s
 19313598 1131592     cutoff   79         0.02742    0.03203  16.8%  24.8 6465s
 19332104 1132655    0.02830   81   20    0.02742    0.03203  16.8%  24.8 6470s
 19348847 1133627     cutoff   82         0.02742    0.03203  16.8%  24.8 6475s
 19367809 1135031     cutoff   81         0.02742    0.03203  16.8%  24.8 6480s
 19376796 1135605     cutoff   84         0.02742    0.03203  16.8%  24.8 6486s
 19391722 1136553    0.03203   40   51    0.02742    0.03203  16.8%  24.8 6490s
 19408489 1137581    0.03203   80    7    0.02742    0.03203  16.8%  24.8 6495s
 19427146 1138869     cutoff   83         0.02742    0.03203  16.8%  24.8 6500s
 19445312 1140001     cutoff   86         0.02742    0.03203  16.8%  24.8 6505s
 19462448 1141101    0.03060   82   20    0.02742    0.03203  16.8%  24.8 6510s
 19480193 1142327     cutoff   81         0.02742    0.03203  16.8%  24.8 6515s
 19499166 1143683    0.03203   77    7    0.02742    0.03203  16.8%  24.8 6520s
 19517237 1144947     cutoff   84         0.02742    0.03203  16.8%  24.8 6525s
 19534628 1146004     cutoff   82         0.02742    0.03203  16.8%  24.8 6530s
 19552667 1146900    0.02980   81   35    0.02742    0.03203  16.8%  24.8 6535s
 19571335 1148263    0.03203   80   12    0.02742    0.03203  16.8%  24.8 6540s
 19589415 1149352     cutoff   82         0.02742    0.03203  16.8%  24.8 6545s
 19607281 1150776    0.02912   83   29    0.02742    0.03203  16.8%  24.7 6550s
 19625074 1151843 infeasible   88         0.02742    0.03203  16.8%  24.7 6555s
 19642224 1152951     cutoff   42         0.02742    0.03203  16.8%  24.7 6560s
 19658934 1154034     cutoff   87         0.02742    0.03203  16.8%  24.7 6565s
 19676528 1155453     cutoff   81         0.02742    0.03203  16.8%  24.7 6570s
 19693950 1156574 infeasible   83         0.02742    0.03203  16.8%  24.7 6575s
 19712164 1158017    0.03045   86   26    0.02742    0.03203  16.8%  24.7 6580s
 19727084 1159102    0.02912   83   13    0.02742    0.03203  16.8%  24.7 6585s
 19745906 1160289    0.03203   79    7    0.02742    0.03203  16.8%  24.7 6590s
 19764304 1161553 infeasible   85         0.02742    0.03203  16.8%  24.7 6595s
 19780817 1162803    0.03203   78    9    0.02742    0.03203  16.8%  24.7 6600s
 19799135 1164185    0.03045   85   30    0.02742    0.03203  16.8%  24.7 6605s
 19818692 1165473    0.02923   82   27    0.02742    0.03203  16.8%  24.7 6610s
 19835632 1166487     cutoff   83         0.02742    0.03203  16.8%  24.7 6615s
 19854581 1167879     cutoff   80         0.02742    0.03203  16.8%  24.7 6620s
 19874060 1169265     cutoff   83         0.02742    0.03203  16.8%  24.7 6625s
 19888937 1170300    0.03067   80   21    0.02742    0.03203  16.8%  24.7 6630s
 19902722 1171284     cutoff   84         0.02742    0.03203  16.8%  24.7 6635s
 19922009 1172580     cutoff   82         0.02742    0.03203  16.8%  24.7 6640s
 19940436 1173871    0.03058   83   20    0.02742    0.03203  16.8%  24.7 6645s
 19958247 1174954     cutoff   79         0.02742    0.03203  16.8%  24.6 6650s
 19973997 1175929     cutoff   85         0.02742    0.03203  16.8%  24.6 6655s
 19992880 1177220     cutoff   84         0.02742    0.03203  16.8%  24.6 6660s
 20011665 1178613    0.02982   83   29    0.02742    0.03203  16.8%  24.6 6665s
 20029868 1179792     cutoff   81         0.02742    0.03203  16.8%  24.6 6670s
 20046320 1180875    0.03032   79   18    0.02742    0.03203  16.8%  24.6 6675s
 20064966 1182171     cutoff   82         0.02742    0.03203  16.8%  24.6 6680s
 20081535 1183354     cutoff   85         0.02742    0.03203  16.8%  24.6 6685s
 20099996 1184710     cutoff   82         0.02742    0.03202  16.8%  24.6 6690s
 20118810 1186022    0.02922   83   15    0.02742    0.03202  16.8%  24.6 6695s
 20135260 1187057     cutoff   78         0.02742    0.03202  16.8%  24.6 6700s
 20154240 1188466 infeasible   81         0.02742    0.03202  16.8%  24.6 6705s
 20173118 1189910     cutoff   80         0.02742    0.03202  16.8%  24.6 6710s
 20192160 1191084    0.02993   85   31    0.02742    0.03202  16.8%  24.6 6715s
 20208116 1192096     cutoff   82         0.02742    0.03202  16.8%  24.6 6720s
 20225052 1193348    0.03072   80   23    0.02742    0.03202  16.8%  24.6 6725s
 20243564 1194579 infeasible   86         0.02742    0.03202  16.8%  24.6 6730s
 20260392 1195563    0.03202   78    7    0.02742    0.03202  16.8%  24.6 6735s
 20278757 1196825     cutoff   82         0.02742    0.03202  16.8%  24.6 6740s
 20297321 1198219     cutoff   78         0.02742    0.03202  16.8%  24.6 6745s
 20315692 1199551 infeasible   87         0.02742    0.03202  16.8%  24.6 6750s
 20335002 1200716     cutoff   84         0.02742    0.03202  16.8%  24.5 6755s
 20353613 1201852    0.02821   85   16    0.02742    0.03202  16.8%  24.5 6760s
 20371630 1202963    0.03202   81   11    0.02742    0.03202  16.8%  24.5 6765s
 20387104 1203917    0.02917   84   29    0.02742    0.03202  16.8%  24.5 6770s
 20406211 1205154     cutoff   89         0.02742    0.03202  16.8%  24.5 6775s
 20425205 1206221     cutoff   85         0.02742    0.03202  16.8%  24.5 6780s
 20441557 1207176 infeasible   90         0.02742    0.03202  16.8%  24.5 6785s
 20458140 1208340     cutoff   83         0.02742    0.03202  16.8%  24.5 6790s
 20476698 1209623    0.03202   80    7    0.02742    0.03202  16.8%  24.5 6795s
 20495319 1210850     cutoff   83         0.02742    0.03202  16.8%  24.5 6800s
 20512936 1211899     cutoff   78         0.02742    0.03202  16.8%  24.5 6805s
 20531979 1213186    0.03202   72   12    0.02742    0.03202  16.8%  24.5 6810s
 20548491 1214207     cutoff   44         0.02742    0.03202  16.8%  24.5 6815s
 20566583 1215289     cutoff   84         0.02742    0.03202  16.8%  24.5 6820s
 20585765 1216782     cutoff   87         0.02742    0.03202  16.8%  24.5 6825s
 20603965 1218070     cutoff   85         0.02742    0.03202  16.8%  24.5 6830s
 20620902 1219218    0.02837   47   50    0.02742    0.03202  16.8%  24.5 6835s
 20639432 1220409    0.03041   81   17    0.02742    0.03202  16.8%  24.5 6840s
 20657972 1221447    0.02894   83    9    0.02742    0.03202  16.8%  24.5 6845s
 20676166 1222646    0.02788   79   19    0.02742    0.03202  16.8%  24.5 6850s
 20694907 1223838     cutoff   88         0.02742    0.03202  16.8%  24.5 6855s
 20712951 1224936    0.02871   82   23    0.02742    0.03202  16.8%  24.5 6860s
 20729423 1226041     cutoff   84         0.02742    0.03202  16.8%  24.4 6865s
 20747616 1227305     cutoff   84         0.02742    0.03202  16.8%  24.4 6870s
 20765387 1228356     cutoff   82         0.02742    0.03202  16.8%  24.4 6875s
 20782203 1229381     cutoff   79         0.02742    0.03202  16.8%  24.4 6880s
 20798681 1230362    0.03043   80   21    0.02742    0.03202  16.8%  24.4 6885s
 20818240 1231454    0.03011   85   17    0.02742    0.03202  16.8%  24.4 6890s
 20835498 1232434    0.02963   34   37    0.02742    0.03202  16.8%  24.4 6895s
 20854002 1233315    0.02792   85   23    0.02742    0.03202  16.8%  24.4 6900s
 20873012 1234336 infeasible   85         0.02742    0.03202  16.8%  24.4 6905s
 20890164 1235372    0.02790   81   22    0.02742    0.03202  16.8%  24.4 6910s
 20908564 1236290    0.02796   84   21    0.02742    0.03202  16.8%  24.4 6915s
 20926185 1237238     cutoff   82         0.02742    0.03202  16.8%  24.4 6920s
 20945461 1238116    0.02789   80   14    0.02742    0.03202  16.8%  24.4 6925s
 20964126 1239133    0.03202   75    8    0.02742    0.03202  16.8%  24.4 6930s
 20981511 1240164    0.03053   77   21    0.02742    0.03202  16.8%  24.4 6935s
 21000764 1241089    0.02896   85   16    0.02742    0.03202  16.8%  24.4 6940s
 21019330 1242102    0.03202   81   10    0.02742    0.03202  16.7%  24.4 6945s
 21034461 1242933    0.03040   85   13    0.02742    0.03202  16.7%  24.4 6950s
 21052586 1244134    0.02806   82   28    0.02742    0.03202  16.7%  24.4 6955s
 21071511 1245224     cutoff   82         0.02742    0.03202  16.7%  24.4 6960s
 21086713 1245972    0.03062   81   15    0.02742    0.03202  16.7%  24.4 6965s
 21104847 1246937     cutoff   78         0.02742    0.03202  16.7%  24.4 6970s
 21122257 1247795     cutoff   80         0.02742    0.03202  16.7%  24.3 6975s
 21136212 1248481    0.03062   85   15    0.02742    0.03202  16.7%  24.3 6980s
 21154944 1249607    0.02916   83   31    0.02742    0.03202  16.7%  24.3 6985s
 21171937 1250719    0.02985   82   28    0.02742    0.03202  16.7%  24.3 6990s
 21187040 1251520    0.03201   81    9    0.02742    0.03201  16.7%  24.3 6995s
 21203888 1252332    0.02833   38   50    0.02742    0.03201  16.7%  24.3 7000s
 21221914 1253339     cutoff   89         0.02742    0.03201  16.7%  24.3 7005s
 21237993 1254216    0.03005   85   21    0.02742    0.03201  16.7%  24.3 7010s
 21256523 1255243 infeasible   86         0.02742    0.03201  16.7%  24.3 7015s
 21275973 1256386     cutoff   89         0.02742    0.03201  16.7%  24.3 7020s
 21293985 1257401    0.03201   83    9    0.02742    0.03201  16.7%  24.3 7025s
 21311481 1258389     cutoff   85         0.02742    0.03201  16.7%  24.3 7030s
 21328955 1259386    0.03070   85   21    0.02742    0.03201  16.7%  24.3 7035s
 21344742 1260352     cutoff   86         0.02742    0.03201  16.7%  24.3 7040s
 21361251 1261203    0.02913   79   30    0.02742    0.03201  16.7%  24.3 7045s
 21380148 1262134     cutoff   84         0.02742    0.03201  16.7%  24.3 7050s
 21397768 1263174    0.02961   87   21    0.02742    0.03201  16.7%  24.3 7055s
 21414208 1263999    0.02792   84   27    0.02742    0.03201  16.7%  24.3 7060s
 21430885 1264803     cutoff   83         0.02742    0.03201  16.7%  24.3 7065s
 21449327 1265640    0.03065   84   21    0.02742    0.03201  16.7%  24.3 7070s
 21467793 1266603    0.03049   82   13    0.02742    0.03201  16.7%  24.3 7075s
 21483689 1267576    0.03029   86   27    0.02742    0.03201  16.7%  24.3 7080s
 21500217 1268599     cutoff   91         0.02742    0.03201  16.7%  24.3 7085s
 21519474 1269474    0.02870   84   27    0.02742    0.03201  16.7%  24.3 7090s
 21532759 1270097    0.03065   82   21    0.02742    0.03201  16.7%  24.2 7095s
 21550622 1271085     cutoff   85         0.02742    0.03201  16.7%  24.2 7100s
 21569898 1271996    0.03201   83   13    0.02742    0.03201  16.7%  24.2 7105s
 21587005 1272856    0.02858   85   19    0.02742    0.03201  16.7%  24.2 7110s
 21606243 1274035    0.03075   84   28    0.02742    0.03201  16.7%  24.2 7115s
 21622998 1274990 infeasible   83         0.02742    0.03201  16.7%  24.2 7120s
 21640779 1275984     cutoff   84         0.02742    0.03201  16.7%  24.2 7125s
 21659557 1276750    0.02896   86   18    0.02742    0.03201  16.7%  24.2 7130s
 21676484 1277651     cutoff   41         0.02742    0.03201  16.7%  24.2 7135s
 21692262 1278435    0.03034   84   14    0.02742    0.03201  16.7%  24.2 7140s
 21709327 1279467     cutoff   78         0.02742    0.03201  16.7%  24.2 7145s
 21725580 1280266     cutoff   85         0.02742    0.03201  16.7%  24.2 7150s
 21743102 1281207    0.02890   80   29    0.02742    0.03201  16.7%  24.2 7155s
 21761382 1282196    0.03201   72   13    0.02742    0.03201  16.7%  24.2 7160s
 21778058 1283087    0.02780   87   20    0.02742    0.03201  16.7%  24.2 7165s
 21795787 1283902    0.03200   80   14    0.02742    0.03201  16.7%  24.2 7170s
 21812714 1284724     cutoff   84         0.02742    0.03201  16.7%  24.2 7175s
 21829636 1285513     cutoff   87         0.02742    0.03201  16.7%  24.2 7180s
 21843188 1286080    0.02752   48   50    0.02742    0.03201  16.7%  24.2 7185s
 21858735 1286720    0.02832   85   24    0.02742    0.03200  16.7%  24.2 7190s
 21876827 1287863     cutoff   86         0.02742    0.03200  16.7%  24.2 7195s
 21892659 1288476     cutoff   84         0.02742    0.03200  16.7%  24.2 7200s
 21907593 1289081     cutoff   81         0.02742    0.03200  16.7%  24.2 7205s
 21924133 1289777     cutoff   87         0.02742    0.03200  16.7%  24.2 7210s
 21940903 1290436    0.03052   83   16    0.02742    0.03200  16.7%  24.2 7215s
 21957571 1291233     cutoff   89         0.02742    0.03200  16.7%  24.2 7220s
 21973353 1291844     cutoff   54         0.02742    0.03200  16.7%  24.1 7225s
 21991119 1292774 infeasible   84         0.02742    0.03200  16.7%  24.1 7230s
 22006660 1293514    0.02876   89   19    0.02742    0.03200  16.7%  24.1 7235s
 22020765 1294175    0.03200   83    8    0.02742    0.03200  16.7%  24.1 7240s
 22036286 1294965    0.02879   86   23    0.02742    0.03200  16.7%  24.1 7245s
 22052720 1295589    0.02858   88   19    0.02742    0.03200  16.7%  24.1 7250s
 22071284 1296573     cutoff   85         0.02742    0.03200  16.7%  24.1 7255s
 22086902 1297322     cutoff   88         0.02742    0.03200  16.7%  24.1 7260s
 22102600 1298226 infeasible   74         0.02742    0.03200  16.7%  24.1 7265s
 22119441 1299135    0.03199   43   57    0.02742    0.03200  16.7%  24.1 7270s
 22134790 1299806 infeasible   87         0.02742    0.03200  16.7%  24.1 7275s
 22151171 1300735     cutoff   87         0.02742    0.03200  16.7%  24.1 7280s
 22165041 1301515    0.02920   84   30    0.02742    0.03200  16.7%  24.1 7285s
 22182816 1302546    0.03049   85   16    0.02742    0.03200  16.7%  24.1 7290s
 22200674 1303419    0.03043   83   16    0.02742    0.03200  16.7%  24.1 7295s
 22218423 1304380     cutoff   87         0.02742    0.03200  16.7%  24.1 7300s
 22234752 1305277 infeasible   91         0.02742    0.03200  16.7%  24.1 7305s
 22251825 1306015    0.02848   79   19    0.02742    0.03200  16.7%  24.1 7310s
 22267985 1306940    0.03050   83   16    0.02742    0.03200  16.7%  24.1 7315s
 22286790 1308099    0.02755   85   17    0.02742    0.03200  16.7%  24.1 7320s
 22305125 1309036    0.03200   84   11    0.02742    0.03200  16.7%  24.1 7325s
 22321660 1309740    0.03121   76   22    0.02742    0.03200  16.7%  24.1 7330s
 22337390 1310506    0.02895   42   58    0.02742    0.03200  16.7%  24.1 7335s
 22353988 1311364    0.03048   83   21    0.02742    0.03200  16.7%  24.1 7340s
 22371323 1312286     cutoff   87         0.02742    0.03200  16.7%  24.1 7345s
 22388950 1313357     cutoff   85         0.02742    0.03200  16.7%  24.1 7350s
 22400568 1314060    0.02775   89   23    0.02742    0.03199  16.7%  24.1 7355s
 22416222 1315086    0.02864   81   26    0.02742    0.03199  16.7%  24.0 7360s
 22435183 1316131    0.03050   81   14    0.02742    0.03199  16.7%  24.0 7365s
 22451008 1316987     cutoff   81         0.02742    0.03199  16.7%  24.0 7370s
 22465532 1317932 infeasible   88         0.02742    0.03199  16.7%  24.0 7375s
 22484688 1318971     cutoff   87         0.02742    0.03199  16.7%  24.0 7380s
 22500986 1320020    0.02793   79   18    0.02742    0.03199  16.7%  24.0 7385s
 22519135 1321162     cutoff   88         0.02742    0.03199  16.7%  24.0 7390s
 22534921 1322064    0.02995   44   53    0.02742    0.03199  16.7%  24.0 7395s
 22552205 1322941     cutoff   87         0.02742    0.03199  16.7%  24.0 7400s
 22569565 1323742     cutoff   89         0.02742    0.03199  16.7%  24.0 7405s
 22585941 1324750     cutoff   86         0.02742    0.03199  16.7%  24.0 7410s
 22600982 1325433 infeasible   87         0.02742    0.03199  16.7%  24.0 7415s
 22612368 1326212 infeasible   84         0.02742    0.03199  16.7%  24.0 7420s
 22629768 1327035    0.02866   79   19    0.02742    0.03199  16.7%  24.0 7425s
 22646988 1327776    0.03199   76    9    0.02742    0.03199  16.7%  24.0 7430s
 22664316 1328451    0.02844   83   14    0.02742    0.03199  16.6%  24.0 7435s
 22677448 1329216    0.03046   87   35    0.02742    0.03199  16.6%  24.0 7440s
 22694917 1330133    0.03198   75   10    0.02742    0.03199  16.6%  24.0 7445s
 22711158 1330945     cutoff   82         0.02742    0.03199  16.6%  24.0 7450s
 22727972 1331839    0.02931   44   56    0.02742    0.03199  16.6%  24.0 7455s
 22744935 1332743    0.02830   80   22    0.02742    0.03199  16.6%  24.0 7460s
 22760972 1333559    0.02868   83   19    0.02742    0.03199  16.6%  24.0 7465s
 22776230 1334355    0.02864   83   26    0.02742    0.03199  16.6%  24.0 7470s
 22790113 1335050    0.03104   70   25    0.02742    0.03199  16.6%  24.0 7475s
 22808394 1335864    0.02883   85   16    0.02742    0.03199  16.6%  24.0 7480s
 22824251 1336518     cutoff   79         0.02742    0.03199  16.6%  24.0 7485s
 22839071 1337206     cutoff   83         0.02742    0.03199  16.6%  24.0 7490s
 22854800 1337874     cutoff   80         0.02742    0.03198  16.6%  23.9 7495s
 22871314 1338541 infeasible   83         0.02742    0.03198  16.6%  23.9 7500s
 22888891 1339183     cutoff   80         0.02742    0.03198  16.6%  23.9 7505s
 22902260 1339665 infeasible   83         0.02742    0.03198  16.6%  23.9 7510s
 22919490 1340503    0.03198   82   10    0.02742    0.03198  16.6%  23.9 7515s
 22935069 1341095     cutoff   47         0.02742    0.03198  16.6%  23.9 7520s
 22950334 1341969    0.03047   79   12    0.02742    0.03198  16.6%  23.9 7525s
 22965582 1342509    0.03045   78   12    0.02742    0.03198  16.6%  23.9 7530s
 22983117 1343250    0.03198   77   10    0.02742    0.03198  16.6%  23.9 7535s
 22996302 1343899    0.03047   81   14    0.02742    0.03198  16.6%  23.9 7540s
 23011963 1344639    0.03034   54   56    0.02742    0.03198  16.6%  23.9 7545s
 23025681 1345283     cutoff   77         0.02742    0.03198  16.6%  23.9 7550s
 23040932 1346042    0.03198   76   12    0.02742    0.03198  16.6%  23.9 7555s
 23054483 1346825     cutoff   43         0.02742    0.03198  16.6%  23.9 7560s
 23072429 1347820    0.02796   83   14    0.02742    0.03198  16.6%  23.9 7565s
 23088871 1348619     cutoff   82         0.02742    0.03198  16.6%  23.9 7570s
 23108556 1349789    0.02831   47   38    0.02742    0.03198  16.6%  23.9 7575s
 23121096 1350764    0.02792   73   22    0.02742    0.03197  16.6%  23.9 7580s
 23137905 1351758     cutoff   83         0.02742    0.03197  16.6%  23.9 7585s
 23157233 1352954    0.02932   81   31    0.02742    0.03197  16.6%  23.9 7590s
 23170563 1353841    0.02933   83   31    0.02742    0.03197  16.6%  23.9 7595s
 23189131 1355127    0.02866   79   19    0.02742    0.03197  16.6%  23.9 7600s
 23204381 1355891    0.03197   77    9    0.02742    0.03197  16.6%  23.9 7605s
 23220447 1356557     cutoff   47         0.02742    0.03197  16.6%  23.9 7610s
 23237336 1357823    0.03197   81   13    0.02742    0.03197  16.6%  23.9 7615s
 23253450 1358947 infeasible   81         0.02742    0.03197  16.6%  23.9 7620s
 23269313 1360118     cutoff   81         0.02742    0.03197  16.6%  23.9 7625s
 23286845 1361454     cutoff   84         0.02742    0.03197  16.6%  23.9 7630s
 23306243 1362919     cutoff   82         0.02742    0.03197  16.6%  23.9 7635s
 23323517 1363990    0.03197   79    7    0.02742    0.03197  16.6%  23.8 7640s
 23338939 1365055     cutoff   81         0.02742    0.03197  16.6%  23.8 7645s
 23353459 1365957    0.02948   82   27    0.02742    0.03197  16.6%  23.8 7650s
 23372108 1367384     cutoff   85         0.02742    0.03197  16.6%  23.8 7655s
 23387666 1368230     cutoff   49         0.02742    0.03197  16.6%  23.8 7660s
 23401755 1368990     cutoff   70         0.02742    0.03197  16.6%  23.8 7665s
 23414800 1369951     cutoff   58         0.02742    0.03197  16.6%  23.8 7670s
 23430516 1371037    0.03048   80   16    0.02742    0.03197  16.6%  23.8 7675s
 23443675 1371812     cutoff   84         0.02742    0.03196  16.6%  23.8 7680s
 23459169 1372624    0.03196   69    8    0.02742    0.03196  16.6%  23.8 7685s
 23470858 1373408    0.03046   79   13    0.02742    0.03196  16.6%  23.8 7690s
 23485872 1374120     cutoff   80         0.02742    0.03196  16.6%  23.8 7695s
 23500360 1375007    0.02878   85   20    0.02742    0.03196  16.5%  23.8 7700s
 23512007 1375425    0.02751   58   52    0.02742    0.03196  16.5%  23.8 7705s
 23523758 1376035    0.02820   47   54    0.02742    0.03196  16.5%  23.8 7710s
 23535609 1376256     cutoff   35         0.02742    0.03196  16.5%  23.8 7715s
 23546129 1376535     cutoff   42         0.02742    0.03196  16.5%  23.8 7720s
 23555149 1376770     cutoff   85         0.02742    0.03195  16.5%  23.8 7725s
 23563054 1376966     cutoff   78         0.02742    0.03195  16.5%  23.8 7730s
 23574989 1377460     cutoff   82         0.02742    0.03195  16.5%  23.8 7735s
 23579368 1377601    0.02890   45   43    0.02742    0.03195  16.5%  23.8 7740s
 23589002 1377824     cutoff   81         0.02742    0.03195  16.5%  23.8 7745s
 23603194 1378177    0.02960   82   14    0.02742    0.03195  16.5%  23.8 7750s
 23612106 1378589     cutoff   83         0.02742    0.03195  16.5%  23.8 7755s
 23622129 1379123    0.02813   51   34    0.02742    0.03195  16.5%  23.8 7760s
 23633795 1379604    0.02819   84   28    0.02742    0.03195  16.5%  23.8 7765s
 23642391 1379765     cutoff   83         0.02742    0.03194  16.5%  23.8 7770s
 23650271 1380053 infeasible   95         0.02742    0.03194  16.5%  23.8 7775s
 23661708 1380343    0.03194   76    8    0.02742    0.03194  16.5%  23.8 7780s
 23672160 1380556     cutoff   82         0.02742    0.03194  16.5%  23.8 7785s
 23682687 1380736    0.03077   72   28    0.02742    0.03194  16.5%  23.8 7790s
 23692463 1380876     cutoff   51         0.02742    0.03194  16.5%  23.8 7795s
 23700520 1380917     cutoff   47         0.02742    0.03194  16.5%  23.8 7800s
 23710874 1381149    0.02880   56   46    0.02742    0.03194  16.5%  23.8 7805s
 23721898 1381467    0.03065   87   16    0.02742    0.03193  16.4%  23.8 7810s
 23733182 1381953     cutoff   80         0.02742    0.03193  16.4%  23.8 7815s
 23742233 1382065     cutoff   47         0.02742    0.03193  16.4%  23.8 7820s
 23749617 1382118    0.03164   39   54    0.02742    0.03193  16.4%  23.8 7825s
 23762741 1382429     cutoff   42         0.02742    0.03193  16.4%  23.8 7830s
 23773694 1382712     cutoff   53         0.02742    0.03193  16.4%  23.8 7835s
 23781940 1383017     cutoff   81         0.02742    0.03193  16.4%  23.8 7840s
 23789935 1383345     cutoff   46         0.02742    0.03193  16.4%  23.8 7845s
 23802220 1383457    0.02905   47   44    0.02742    0.03193  16.4%  23.8 7850s
 23812657 1383874     cutoff   84         0.02742    0.03192  16.4%  23.8 7855s
 23824885 1384315    0.02759   47   57    0.02742    0.03192  16.4%  23.8 7860s
 23835975 1384744     cutoff   83         0.02742    0.03192  16.4%  23.8 7865s
 23846642 1385054    0.03031   49   50    0.02742    0.03192  16.4%  23.8 7870s
 23858796 1385195    0.03027   82   15    0.02742    0.03192  16.4%  23.8 7875s
 23867282 1385192    0.02993   33   58    0.02742    0.03192  16.4%  23.8 7880s
 23876483 1385417    0.02768   40   62    0.02742    0.03192  16.4%  23.8 7885s
 23887051 1385717    0.03030   80   30    0.02742    0.03191  16.4%  23.8 7890s
 23899620 1385941     cutoff   50         0.02742    0.03191  16.4%  23.8 7895s
 23908333 1386164     cutoff   42         0.02742    0.03191  16.4%  23.7 7900s
 23918907 1386547    0.02953   83   17    0.02742    0.03191  16.4%  23.7 7905s
 23928779 1386783     cutoff   83         0.02742    0.03191  16.4%  23.7 7910s
 23940069 1387001 infeasible   83         0.02742    0.03191  16.4%  23.7 7915s
 23952141 1387212     cutoff   42         0.02742    0.03191  16.4%  23.7 7920s
 23967908 1387666     cutoff   47         0.02742    0.03191  16.3%  23.7 7925s
 23978732 1387658    0.03106   49   57    0.02742    0.03191  16.3%  23.7 7930s
 23989923 1387681    0.02876   42   52    0.02742    0.03190  16.3%  23.7 7935s
 24002025 1387931     cutoff   81         0.02742    0.03190  16.3%  23.7 7940s
 24011169 1387993 infeasible   93         0.02742    0.03190  16.3%  23.7 7945s
 24021342 1388572    0.03190   81   15    0.02742    0.03190  16.3%  23.7 7950s
 24034509 1388535     cutoff   84         0.02742    0.03190  16.3%  23.7 7955s
 24047778 1388831 infeasible   82         0.02742    0.03190  16.3%  23.7 7960s
 24058535 1389109    0.03056   50   54    0.02742    0.03190  16.3%  23.7 7965s
 24067648 1389215     cutoff   80         0.02742    0.03190  16.3%  23.7 7970s
 24079304 1389232     cutoff   48         0.02742    0.03190  16.3%  23.7 7975s
 24087995 1389535    0.03188   39   53    0.02742    0.03189  16.3%  23.7 7980s
 24102173 1389769     cutoff   50         0.02742    0.03189  16.3%  23.7 7985s
 24112853 1389839 infeasible   83         0.02742    0.03189  16.3%  23.7 7990s
 24124501 1390309    0.02882   37   50    0.02742    0.03189  16.3%  23.7 7995s
 24139652 1390444     cutoff   84         0.02742    0.03189  16.3%  23.7 8000s
 24148247 1390497    0.02937   82   24    0.02742    0.03189  16.3%  23.7 8005s
 24159749 1390536    0.02980   85   15    0.02742    0.03189  16.3%  23.7 8010s
 24167584 1390618 infeasible   88         0.02742    0.03188  16.3%  23.7 8015s
 24178902 1390623     cutoff   84         0.02742    0.03188  16.3%  23.7 8020s
 24186471 1390751    0.02776   51   56    0.02742    0.03188  16.3%  23.7 8025s
 24194802 1390854     cutoff   46         0.02742    0.03188  16.3%  23.7 8030s
 24204207 1390819     cutoff   46         0.02742    0.03188  16.2%  23.7 8035s
 24211685 1390909    0.03125   37   51    0.02742    0.03188  16.2%  23.7 8040s
 24221001 1390913    0.03188   80   11    0.02742    0.03188  16.2%  23.7 8045s
 24226889 1390843     cutoff   53         0.02742    0.03188  16.2%  23.7 8050s
 24236156 1391081    0.03093   81   24    0.02742    0.03187  16.2%  23.7 8055s
 24243735 1391007    0.03186   44   60    0.02742    0.03187  16.2%  23.7 8060s
 24253948 1391102    0.02817   49   41    0.02742    0.03187  16.2%  23.7 8065s
 24260967 1391098    0.03111   38   61    0.02742    0.03187  16.2%  23.7 8070s
 24268843 1390926    0.03090   54   19    0.02742    0.03187  16.2%  23.7 8075s
 24274891 1390896 infeasible   38         0.02742    0.03186  16.2%  23.7 8080s
 24282957 1391018    0.02858   47   60    0.02742    0.03186  16.2%  23.7 8085s
 24289957 1390986     cutoff   52         0.02742    0.03186  16.2%  23.7 8090s
 24297461 1391035     cutoff   55         0.02742    0.03186  16.2%  23.7 8095s
 24302543 1391072     cutoff   48         0.02742    0.03186  16.2%  23.7 8100s
 24307189 1391071    0.02960   42   51    0.02742    0.03185  16.2%  23.7 8105s
 24314185 1391215     cutoff   52         0.02742    0.03185  16.1%  23.7 8110s
 24321307 1391239    0.03108   55   42    0.02742    0.03185  16.1%  23.7 8115s
 24327131 1391257     cutoff   45         0.02742    0.03185  16.1%  23.7 8120s
 24332972 1391249    0.02791   36   54    0.02742    0.03185  16.1%  23.7 8125s
 24339801 1391257     cutoff   48         0.02742    0.03184  16.1%  23.7 8130s
 24349901 1391356     cutoff   39         0.02742    0.03184  16.1%  23.7 8135s
 24358333 1391302     cutoff   50         0.02742    0.03184  16.1%  23.7 8140s
 24364958 1391388     cutoff   41         0.02742    0.03184  16.1%  23.7 8145s
 24373879 1391385    0.02855   49   57    0.02742    0.03184  16.1%  23.7 8150s
 24380810 1391434    0.02960   62   23    0.02742    0.03183  16.1%  23.7 8155s
 24386242 1391468     cutoff   43         0.02742    0.03183  16.1%  23.7 8160s
 24392354 1391446    0.02876   51   57    0.02742    0.03183  16.1%  23.7 8165s
 24399591 1391422     cutoff   52         0.02742    0.03183  16.1%  23.7 8170s
 24403939 1391484     cutoff   48         0.02742    0.03183  16.1%  23.7 8175s
 24413981 1391581    0.03183   77    9    0.02742    0.03183  16.1%  23.7 8180s
 24421891 1391415    0.02902   84   31    0.02742    0.03182  16.0%  23.7 8185s
 24428364 1391489 infeasible   51         0.02742    0.03182  16.0%  23.7 8190s
 24436218 1391444     cutoff   52         0.02742    0.03182  16.0%  23.7 8195s
 24443978 1391509    0.02777   46   54    0.02742    0.03182  16.0%  23.7 8200s
 24452875 1391651    0.03181   69    9    0.02742    0.03181  16.0%  23.7 8205s
 24459795 1391787    0.03181   38   60    0.02742    0.03181  16.0%  23.7 8210s
 24470050 1391928     cutoff   52         0.02742    0.03181  16.0%  23.7 8215s
 24476518 1391873    0.03071   44   55    0.02742    0.03181  16.0%  23.7 8220s
 24484402 1391864    0.03159   46   58    0.02742    0.03181  16.0%  23.7 8225s
 24493125 1391851     cutoff   44         0.02742    0.03180  16.0%  23.7 8230s
 24500106 1391851     cutoff   50         0.02742    0.03180  16.0%  23.7 8235s
 24507731 1391856     cutoff   42         0.02742    0.03180  16.0%  23.7 8240s
 24515202 1391890     cutoff   44         0.02742    0.03180  16.0%  23.7 8245s
 24518208 1391916     cutoff   53         0.02742    0.03180  16.0%  23.7 8250s
 24523147 1392021     cutoff   53         0.02742    0.03180  15.9%  23.7 8255s
 24530448 1391913    0.03179   73   11    0.02742    0.03179  15.9%  23.7 8260s
 24537264 1391923    0.02950   44   53    0.02742    0.03179  15.9%  23.7 8265s
 24543417 1391921    0.03179   76   12    0.02742    0.03179  15.9%  23.7 8270s
 24549280 1391939     cutoff   59         0.02742    0.03179  15.9%  23.7 8275s
 24555294 1391973    0.03100   40   54    0.02742    0.03179  15.9%  23.7 8280s
 24563304 1391971    0.03056   46   45    0.02742    0.03179  15.9%  23.7 8285s
 24568770 1392039     cutoff   46         0.02742    0.03179  15.9%  23.7 8290s
 24574575 1392051     cutoff   42         0.02742    0.03178  15.9%  23.7 8295s
 24582088 1392079    0.02944   45   52    0.02742    0.03178  15.9%  23.7 8300s
 24587385 1392045     cutoff   45         0.02742    0.03178  15.9%  23.7 8306s
 24591009 1392079    0.02777   71   19    0.02742    0.03178  15.9%  23.7 8310s
 24597548 1392109    0.03178   38   63    0.02742    0.03178  15.9%  23.7 8315s
 24605041 1392304    0.03177   76   12    0.02742    0.03177  15.9%  23.7 8320s
 24613534 1392347 infeasible   50         0.02742    0.03177  15.9%  23.7 8326s
 24617562 1392336     cutoff   42         0.02742    0.03177  15.9%  23.7 8330s
 24622776 1392374    0.03034   47   62    0.02742    0.03177  15.8%  23.7 8335s
 24627462 1392452    0.02806   53   58    0.02742    0.03177  15.8%  23.7 8340s
 24633264 1392583     cutoff   40         0.02742    0.03177  15.8%  23.7 8345s
 24639450 1392637     cutoff   45         0.02742    0.03176  15.8%  23.7 8350s
 24645253 1392660     cutoff   49         0.02742    0.03176  15.8%  23.7 8355s
 24650772 1392719     cutoff   40         0.02742    0.03176  15.8%  23.7 8360s
 24655205 1392769    0.02800   43   50    0.02742    0.03176  15.8%  23.6 8365s
 24662723 1392750    0.02900   37   51    0.02742    0.03176  15.8%  23.6 8370s
 24668545 1392771     cutoff   43         0.02742    0.03176  15.8%  23.6 8375s
 24675897 1392671 infeasible   81         0.02742    0.03175  15.8%  23.6 8380s
 24681854 1392783    0.02773   47   52    0.02742    0.03175  15.8%  23.6 8385s
 24689328 1392768     cutoff   56         0.02742    0.03175  15.8%  23.6 8390s
 24695438 1392649     cutoff   44         0.02742    0.03175  15.8%  23.6 8395s
 24701672 1392645    0.02765   40   55    0.02742    0.03175  15.8%  23.6 8400s
 24708188 1392650    0.02893   48   56    0.02742    0.03174  15.8%  23.6 8405s
 24713702 1392613     cutoff   51         0.02742    0.03174  15.7%  23.6 8410s
 24721790 1392601     cutoff   82         0.02742    0.03174  15.7%  23.6 8415s
 24725015 1392560    0.03074   42   57    0.02742    0.03174  15.7%  23.6 8420s
 24727394 1392527     cutoff   47         0.02742    0.03174  15.7%  23.6 8425s
 24734324 1392419    0.02823   42   38    0.02742    0.03174  15.7%  23.6 8430s
 24739632 1392382    0.02793   36   45    0.02742    0.03174  15.7%  23.6 8435s
 24747505 1392410     cutoff   60         0.02742    0.03173  15.7%  23.6 8440s
 24753675 1392418    0.03133   39   55    0.02742    0.03173  15.7%  23.6 8445s
 24761861 1392194    0.03167   48   41    0.02742    0.03173  15.7%  23.6 8450s
 24767965 1392198    0.03157   40   58    0.02742    0.03173  15.7%  23.6 8455s
 24773633 1392284     cutoff   58         0.02742    0.03173  15.7%  23.6 8460s
 24779712 1392151     cutoff   39         0.02742    0.03172  15.7%  23.6 8465s
 24785415 1392103     cutoff   50         0.02742    0.03172  15.7%  23.6 8470s
 24792854 1391946     cutoff   52         0.02742    0.03172  15.7%  23.6 8475s
 24799916 1391873 infeasible   79         0.02742    0.03172  15.7%  23.6 8480s
 24808142 1391867     cutoff   77         0.02742    0.03172  15.7%  23.6 8485s
 24814279 1391923    0.02812   39   50    0.02742    0.03171  15.6%  23.6 8490s
 24821996 1391964    0.02938   42   50    0.02742    0.03171  15.6%  23.6 8495s
 24828739 1392027    0.02826   76   22    0.02742    0.03171  15.6%  23.6 8500s
 24834912 1391975    0.02878   42   51    0.02742    0.03171  15.6%  23.6 8505s
 24841051 1391988    0.03171   46   40    0.02742    0.03171  15.6%  23.6 8510s
 24847998 1391937     cutoff   80         0.02742    0.03170  15.6%  23.6 8515s
 24854183 1391892    0.02745   42   58    0.02742    0.03170  15.6%  23.6 8520s
 24860459 1391867     cutoff   41         0.02742    0.03170  15.6%  23.6 8525s
 24864952 1391874    0.02820   41   58    0.02742    0.03170  15.6%  23.6 8530s
 24870098 1391925     cutoff   48         0.02742    0.03170  15.6%  23.6 8535s
 24876147 1391969    0.02885   44   38    0.02742    0.03170  15.6%  23.6 8540s
 24880709 1391951     cutoff   47         0.02742    0.03169  15.6%  23.6 8545s
 24886173 1391995    0.02774   55   53    0.02742    0.03169  15.6%  23.6 8550s
 24892286 1392058    0.03169   41   51    0.02742    0.03169  15.6%  23.6 8555s
 24898667 1392022 infeasible   39         0.02742    0.03169  15.6%  23.6 8560s
 24904978 1392039     cutoff   85         0.02742    0.03169  15.5%  23.6 8565s
 24910920 1392104    0.02846   46   58    0.02742    0.03169  15.5%  23.6 8570s
 24918551 1392072     cutoff   51         0.02742    0.03168  15.5%  23.6 8575s
 24924705 1392067    0.02952   39   66    0.02742    0.03168  15.5%  23.6 8580s
 24931691 1391965    0.02929   43   50    0.02742    0.03168  15.5%  23.6 8585s
 24937856 1391936    0.02999   42   46    0.02742    0.03168  15.5%  23.6 8590s
 24944016 1391951     cutoff   52         0.02742    0.03167  15.5%  23.6 8595s
 24951518 1391972    0.03165   41   46    0.02742    0.03167  15.5%  23.6 8600s
 24968787 1392015    0.02902   47   56    0.02742    0.03167  15.5%  23.6 8605s
 24982417 1391965     cutoff   46         0.02742    0.03166  15.5%  23.6 8610s
 25000025 1392151     cutoff   42         0.02742    0.03166  15.4%  23.6 8615s
 25016627 1392266     cutoff   49         0.02742    0.03165  15.4%  23.6 8620s
 25033630 1392197     cutoff   44         0.02742    0.03165  15.4%  23.6 8625s
 25050684 1392372     cutoff   55         0.02742    0.03164  15.4%  23.6 8630s
 25068057 1392417    0.03161   46   63    0.02742    0.03164  15.4%  23.6 8635s
 25083912 1392478     cutoff   49         0.02742    0.03163  15.3%  23.6 8640s
 25099170 1392571     cutoff   43         0.02742    0.03163  15.3%  23.6 8645s
 25116343 1392627     cutoff   62         0.02742    0.03162  15.3%  23.6 8650s
 25133918 1392605     cutoff   39         0.02742    0.03162  15.3%  23.6 8655s
 25150938 1392566    0.03056   44   41    0.02742    0.03161  15.3%  23.6 8660s
 25165334 1392650 infeasible   42         0.02742    0.03161  15.3%  23.6 8665s
 25182828 1392940    0.03041   35   52    0.02742    0.03160  15.2%  23.6 8670s
 25200203 1393068     cutoff   48         0.02742    0.03160  15.2%  23.6 8675s
 25217917 1393244    0.03041   45   49    0.02742    0.03159  15.2%  23.6 8680s
 25235263 1393507     cutoff   44         0.02742    0.03159  15.2%  23.6 8685s
 25252910 1393661     cutoff   49         0.02742    0.03158  15.2%  23.6 8690s
 25270643 1393884    0.02787   45   57    0.02742    0.03157  15.1%  23.6 8695s
 25288500 1394083    0.02861   48   62    0.02742    0.03157  15.1%  23.6 8700s
 25305439 1393986     cutoff   51         0.02742    0.03156  15.1%  23.6 8705s
 25321648 1393843     cutoff   39         0.02742    0.03156  15.1%  23.6 8710s
 25338435 1393780     cutoff   72         0.02742    0.03156  15.1%  23.6 8715s
 25356619 1393873     cutoff   73         0.02742    0.03155  15.0%  23.6 8720s
 25372319 1393822    0.03024   34   61    0.02742    0.03155  15.0%  23.6 8725s
 25388545 1393855     cutoff   47         0.02742    0.03154  15.0%  23.6 8730s
 25404944 1393903     cutoff   48         0.02742    0.03153  15.0%  23.6 8735s
 25422561 1393636    0.03152   49   55    0.02742    0.03153  15.0%  23.6 8740s
 25438749 1393693     cutoff   43         0.02742    0.03152  15.0%  23.6 8745s
 25456184 1393698    0.03059   40   61    0.02742    0.03152  14.9%  23.6 8750s
 25471769 1393588    0.03090   35   58    0.02742    0.03151  14.9%  23.6 8755s
 25489148 1393830     cutoff   44         0.02742    0.03151  14.9%  23.6 8760s
 25506372 1393921     cutoff   46         0.02742    0.03150  14.9%  23.6 8765s
 25524029 1393704    0.02933   43   63    0.02742    0.03150  14.9%  23.6 8770s
 25541913 1393703    0.02933   51   55    0.02742    0.03149  14.8%  23.5 8775s
 25558877 1393832 infeasible   47         0.02742    0.03149  14.8%  23.5 8780s
 25574196 1393839     cutoff   49         0.02742    0.03148  14.8%  23.5 8785s
 25590257 1393905    0.02951   43   54    0.02742    0.03148  14.8%  23.5 8790s
 25605532 1393883     cutoff   84         0.02742    0.03147  14.8%  23.5 8795s
 25623042 1393845    0.02998   38   63    0.02742    0.03147  14.8%  23.5 8800s
 25637479 1393803     cutoff   45         0.02742    0.03147  14.7%  23.5 8805s
 25650892 1393839     cutoff   48         0.02742    0.03146  14.7%  23.5 8810s
 25669869 1393890 infeasible   54         0.02742    0.03146  14.7%  23.5 8815s
 25685649 1393869 infeasible   48         0.02742    0.03145  14.7%  23.5 8820s
 25703022 1393962    0.03038   40   59    0.02742    0.03145  14.7%  23.5 8825s
 25720616 1393971    0.02748   40   50    0.02742    0.03144  14.7%  23.5 8830s
 25737654 1393858     cutoff   47         0.02742    0.03144  14.6%  23.5 8835s
 25752238 1394049    0.02867   72   25    0.02742    0.03143  14.6%  23.5 8840s
 25770353 1393807     cutoff   43         0.02742    0.03143  14.6%  23.5 8845s
 25787328 1393738     cutoff   41         0.02742    0.03143  14.6%  23.5 8850s
 25804267 1393653    0.02812   80   28    0.02742    0.03142  14.6%  23.5 8855s
 25820012 1393619    0.02843   45   47    0.02742    0.03142  14.6%  23.5 8860s
 25835065 1393548     cutoff   75         0.02742    0.03141  14.6%  23.5 8865s
 25851718 1393704     cutoff   45         0.02742    0.03141  14.5%  23.5 8870s
 25870093 1393526    0.03119   38   44    0.02742    0.03140  14.5%  23.5 8875s
 25886396 1393547    0.02754   45   56    0.02742    0.03140  14.5%  23.5 8880s
 25902742 1393558     cutoff   44         0.02742    0.03140  14.5%  23.5 8885s
 25920241 1393550     cutoff   44         0.02742    0.03139  14.5%  23.5 8890s
 25936203 1393413    0.02801   42   47    0.02742    0.03139  14.4%  23.5 8895s
 25950724 1393563    0.02828   46   50    0.02742    0.03138  14.4%  23.5 8900s
 25969803 1393443    0.02935   39   53    0.02742    0.03138  14.4%  23.5 8905s
 25986764 1393708     cutoff   40         0.02742    0.03137  14.4%  23.5 8910s
 26004443 1393553     cutoff   47         0.02742    0.03137  14.4%  23.5 8915s
 26021031 1393370     cutoff   47         0.02742    0.03136  14.4%  23.5 8920s
 26034140 1393327    0.03046   47   44    0.02742    0.03136  14.3%  23.5 8925s
 26053142 1393069     cutoff   44         0.02742    0.03135  14.3%  23.5 8930s
 26069970 1392964     cutoff   37         0.02742    0.03135  14.3%  23.5 8935s
 26086800 1392790    0.02783   49   46    0.02742    0.03134  14.3%  23.5 8940s
 26104551 1392705     cutoff   49         0.02742    0.03134  14.3%  23.5 8945s
 26122543 1392714     cutoff   47         0.02742    0.03133  14.3%  23.5 8950s
 26140319 1392422     cutoff   47         0.02742    0.03133  14.2%  23.5 8955s
 26156644 1392408     cutoff   40         0.02742    0.03132  14.2%  23.5 8960s
 26173978 1392316     cutoff   49         0.02742    0.03132  14.2%  23.5 8965s
 26190861 1392051     cutoff   50         0.02742    0.03131  14.2%  23.5 8970s
 26207942 1392110     cutoff   46         0.02742    0.03131  14.2%  23.5 8975s
 26226035 1392292    0.02744   58   54    0.02742    0.03130  14.1%  23.5 8980s
 26243637 1392177    0.02789   43   51    0.02742    0.03130  14.1%  23.5 8985s
 26258448 1392059     cutoff   44         0.02742    0.03129  14.1%  23.5 8990s
 26274656 1391918    0.03129   45   51    0.02742    0.03129  14.1%  23.5 8995s
 26294093 1391620     cutoff   78         0.02742    0.03128  14.1%  23.5 9000s
 26308894 1391483     cutoff   43         0.02742    0.03128  14.1%  23.5 9005s
 26326872 1391137    0.02798   37   51    0.02742    0.03127  14.0%  23.5 9010s
 26343678 1390713    0.02934   43   53    0.02742    0.03127  14.0%  23.5 9015s
 26360755 1390346     cutoff   49         0.02742    0.03126  14.0%  23.5 9020s
 26375975 1389750    0.02799   44   52    0.02742    0.03126  14.0%  23.5 9025s
 26392574 1388900 infeasible   48         0.02742    0.03125  14.0%  23.4 9030s
 26408402 1388088    0.02803   51   57    0.02742    0.03125  14.0%  23.4 9035s
 26424606 1387376    0.03021   50   42    0.02742    0.03125  13.9%  23.4 9040s
 26441717 1386431     cutoff   47         0.02742    0.03124  13.9%  23.4 9045s
 26459099 1385501     cutoff   49         0.02742    0.03124  13.9%  23.4 9050s
 26474882 1384804     cutoff   46         0.02742    0.03123  13.9%  23.4 9055s
 26492266 1383806     cutoff   39         0.02742    0.03123  13.9%  23.4 9060s
 26508308 1382869    0.02927   49   58    0.02742    0.03123  13.9%  23.4 9065s
 26523454 1381889     cutoff   42         0.02742    0.03122  13.9%  23.4 9070s
 26539709 1380870    0.03027   51   52    0.02742    0.03122  13.8%  23.4 9075s
 26556643 1379585    0.03086   46   57    0.02742    0.03121  13.8%  23.4 9080s
 26571810 1378555     cutoff   76         0.02742    0.03121  13.8%  23.4 9085s
 26589786 1377538     cutoff   49         0.02742    0.03121  13.8%  23.4 9090s
 26604376 1376882    0.03080   42   53    0.02742    0.03120  13.8%  23.4 9095s
 26619592 1376311    0.02810   45   47    0.02742    0.03120  13.8%  23.4 9100s
 26634811 1375825    0.03024   30   44    0.02742    0.03119  13.8%  23.4 9105s
 26654518 1375089    0.03040   42   41    0.02742    0.03119  13.7%  23.4 9110s
 26669823 1374720 infeasible   63         0.02742    0.03119  13.7%  23.4 9115s
 26688232 1374200    0.03083   39   57    0.02742    0.03118  13.7%  23.4 9120s
 26705835 1373608    0.03067   46   50    0.02742    0.03118  13.7%  23.4 9125s
 26722813 1373395    0.02831   54   53    0.02742    0.03117  13.7%  23.4 9130s
 26739739 1372849 infeasible   86         0.02742    0.03117  13.7%  23.4 9135s
 26756339 1371950     cutoff   85         0.02742    0.03116  13.6%  23.4 9140s
 26773218 1370866     cutoff   85         0.02742    0.03116  13.6%  23.4 9145s
 26790361 1370144    0.03116   82   18    0.02742    0.03116  13.6%  23.4 9150s
 26804503 1369738    0.02883   82   20    0.02742    0.03115  13.6%  23.4 9155s
 26822262 1369098     cutoff   54         0.02742    0.03115  13.6%  23.4 9160s
 26840856 1368352    0.03029   46   63    0.02742    0.03115  13.6%  23.4 9165s
 26855136 1368144    0.03106   47   61    0.02742    0.03114  13.6%  23.4 9170s
 26874626 1367876    0.02829   40   47    0.02742    0.03114  13.5%  23.4 9175s
 26890377 1367643    0.03113   41   57    0.02742    0.03113  13.5%  23.4 9180s
 26905253 1367197    0.02964   45   56    0.02742    0.03113  13.5%  23.4 9185s
 26923262 1366562     cutoff   44         0.02742    0.03113  13.5%  23.4 9190s
 26940643 1366168    0.03112   71   14    0.02742    0.03112  13.5%  23.4 9195s
 26958225 1365874    0.03092   44   55    0.02742    0.03112  13.5%  23.4 9200s
 26977502 1365493    0.02845   45   44    0.02742    0.03111  13.5%  23.4 9205s
 26992960 1365506    0.02873   47   48    0.02742    0.03111  13.4%  23.4 9210s
 27011135 1365332    0.03111   39   64    0.02742    0.03111  13.4%  23.4 9215s
 27029036 1365219     cutoff   41         0.02742    0.03110  13.4%  23.4 9220s
 27045758 1365028    0.03050   33   50    0.02742    0.03110  13.4%  23.4 9225s
 27063085 1364489    0.02997   45   41    0.02742    0.03109  13.4%  23.4 9230s
 27081753 1364242    0.02965   51   54    0.02742    0.03109  13.4%  23.4 9235s
 27097785 1363858     cutoff   43         0.02742    0.03109  13.4%  23.4 9240s
 27114840 1363393     cutoff   49         0.02742    0.03108  13.3%  23.4 9245s
 27132368 1363040    0.02831   45   52    0.02742    0.03108  13.3%  23.4 9250s
 27151459 1362473    0.03007   39   56    0.02742    0.03107  13.3%  23.4 9255s
 27168240 1362079    0.03084   44   56    0.02742    0.03107  13.3%  23.4 9260s
 27185223 1361410    0.02816   51   55    0.02742    0.03106  13.3%  23.4 9265s
 27198211 1361274    0.02893   46   52    0.02742    0.03106  13.3%  23.4 9270s
 27216345 1361119     cutoff   44         0.02742    0.03106  13.2%  23.4 9275s
 27233431 1360661 infeasible   44         0.02742    0.03105  13.2%  23.3 9280s
 27250689 1360092    0.02928   44   53    0.02742    0.03105  13.2%  23.3 9285s
 27269262 1359697    0.02791   43   51    0.02742    0.03104  13.2%  23.3 9290s
 27283856 1359270    0.03022   40   60    0.02742    0.03104  13.2%  23.3 9295s
 27302174 1358586     cutoff   53         0.02742    0.03104  13.2%  23.3 9300s
 27319377 1358426    0.02989   42   52    0.02742    0.03103  13.2%  23.3 9305s
 27336955 1358104     cutoff   48         0.02742    0.03103  13.1%  23.3 9310s
 27353566 1357664     cutoff   51         0.02742    0.03102  13.1%  23.3 9315s
 27370157 1357182    0.02791   50   54    0.02742    0.03102  13.1%  23.3 9320s
 27384891 1356845     cutoff   40         0.02742    0.03102  13.1%  23.3 9325s
 27402570 1356672    0.02854   39   47    0.02742    0.03101  13.1%  23.3 9330s
 27418177 1356441    0.02843   45   49    0.02742    0.03101  13.1%  23.3 9335s
 27434417 1356072     cutoff   51         0.02742    0.03100  13.1%  23.3 9340s
 27452101 1355873     cutoff   41         0.02742    0.03100  13.0%  23.3 9345s
 27468730 1355563    0.03057   41   57    0.02742    0.03100  13.0%  23.3 9350s
 27482496 1355481    0.02786   50   51    0.02742    0.03099  13.0%  23.3 9355s
 27499186 1355305     cutoff   52         0.02742    0.03099  13.0%  23.3 9360s
 27516329 1355179     cutoff   43         0.02742    0.03098  13.0%  23.3 9365s
 27529302 1355122    0.02778   54   46    0.02742    0.03098  13.0%  23.3 9370s
 27547078 1354961    0.02752   43   51    0.02742    0.03098  13.0%  23.3 9375s
 27564304 1354942    0.03097   44   46    0.02742    0.03097  12.9%  23.3 9380s
 27580178 1354844    0.02865   51   61    0.02742    0.03097  12.9%  23.3 9385s
 27600208 1354788     cutoff   48         0.02742    0.03096  12.9%  23.3 9390s
 27617929 1354961     cutoff   44         0.02742    0.03096  12.9%  23.3 9395s
 27636066 1354755     cutoff   53         0.02742    0.03096  12.9%  23.3 9400s
 27652945 1354439    0.02796   47   55    0.02742    0.03095  12.9%  23.3 9405s
 27668976 1354268    0.03080   38   52    0.02742    0.03095  12.8%  23.3 9410s
 27685719 1354115    0.02967   50   47    0.02742    0.03094  12.8%  23.3 9415s
 27701230 1354106     cutoff   45         0.02742    0.03094  12.8%  23.3 9420s
 27717967 1353861    0.02948   39   59    0.02742    0.03093  12.8%  23.3 9425s
 27729650 1353713    0.03069   43   56    0.02742    0.03093  12.8%  23.3 9430s
 27747625 1353336     cutoff   53         0.02742    0.03093  12.8%  23.3 9435s
 27765554 1353174     cutoff   80         0.02742    0.03092  12.8%  23.3 9440s
 27783462 1352920     cutoff   42         0.02742    0.03092  12.7%  23.3 9445s
 27800664 1352564     cutoff   43         0.02742    0.03091  12.7%  23.3 9450s
 27818289 1352467    0.02953   35   57    0.02742    0.03091  12.7%  23.3 9455s
 27835528 1352172     cutoff   50         0.02742    0.03091  12.7%  23.3 9460s
 27848942 1351837    0.03056   42   51    0.02742    0.03090  12.7%  23.3 9465s
 27867822 1351425    0.02924   78   24    0.02742    0.03090  12.7%  23.3 9470s
 27882104 1351311    0.02921   44   54    0.02742    0.03089  12.7%  23.3 9475s
 27900575 1350675    0.02974   37   55    0.02742    0.03089  12.6%  23.3 9480s
 27916771 1350440    0.03055   42   53    0.02742    0.03089  12.6%  23.3 9485s
 27932932 1350254     cutoff   51         0.02742    0.03088  12.6%  23.3 9490s
 27950296 1349713    0.02746   32   61    0.02742    0.03088  12.6%  23.3 9495s
 27967203 1349363    0.03067   38   51    0.02742    0.03087  12.6%  23.3 9500s
 27984982 1348984     cutoff   52         0.02742    0.03087  12.6%  23.3 9505s
 28000835 1348762    0.02968   39   54    0.02742    0.03087  12.6%  23.3 9510s
 28014110 1348556     cutoff   49         0.02742    0.03086  12.5%  23.2 9515s
 28032034 1348293     cutoff   82         0.02742    0.03086  12.5%  23.2 9520s
 28049611 1347986    0.02962   40   51    0.02742    0.03085  12.5%  23.2 9525s
 28066180 1347572 infeasible   79         0.02742    0.03085  12.5%  23.2 9530s
 28084184 1347206    0.03006   43   47    0.02742    0.03085  12.5%  23.2 9535s
 28101291 1346883    0.02975   49   41    0.02742    0.03084  12.5%  23.2 9540s
 28118679 1346616    0.02843   44   30    0.02742    0.03084  12.5%  23.2 9546s
 28135577 1346556    0.02913   38   63    0.02742    0.03083  12.4%  23.2 9550s
 28152933 1346145    0.03062   40   55    0.02742    0.03083  12.4%  23.2 9555s
 28168504 1345884    0.02802   47   56    0.02742    0.03083  12.4%  23.2 9560s
 28186316 1345380    0.02820   46   59    0.02742    0.03082  12.4%  23.2 9565s
 28203685 1344847     cutoff   57         0.02742    0.03082  12.4%  23.2 9570s
 28220288 1344372     cutoff   47         0.02742    0.03081  12.4%  23.2 9575s
 28237064 1343931    0.03029   43   59    0.02742    0.03081  12.3%  23.2 9580s
 28254674 1343676    0.02904   36   50    0.02742    0.03080  12.3%  23.2 9585s
 28265243 1343229    0.02925   41   63    0.02742    0.03080  12.3%  23.2 9590s
 28287665 1343032     cutoff   51         0.02742    0.03080  12.3%  23.2 9595s
 28305570 1342674     cutoff   46         0.02742    0.03079  12.3%  23.2 9600s
 28323492 1342433    0.02858   56   53    0.02742    0.03079  12.3%  23.2 9605s
 28341077 1342009     cutoff   49         0.02742    0.03078  12.3%  23.2 9610s
 28357909 1341642    0.03057   50   45    0.02742    0.03078  12.2%  23.2 9615s
 28376633 1341370    0.03013   39   56    0.02742    0.03078  12.2%  23.2 9620s
 28394049 1341063    0.02845   41   56    0.02742    0.03077  12.2%  23.2 9625s
 28412856 1340604     cutoff   46         0.02742    0.03077  12.2%  23.2 9630s
 28428939 1340241    0.03016   42   52    0.02742    0.03076  12.2%  23.2 9635s
 28447753 1339883    0.03060   39   67    0.02742    0.03076  12.2%  23.2 9640s
 28466519 1339592     cutoff   40         0.02742    0.03075  12.1%  23.2 9645s
 28484285 1339098     cutoff   45         0.02742    0.03075  12.1%  23.2 9650s
 28499913 1338766     cutoff   42         0.02742    0.03075  12.1%  23.2 9655s
 28515408 1338457     cutoff   36         0.02742    0.03074  12.1%  23.2 9660s
 28533204 1337941     cutoff   49         0.02742    0.03074  12.1%  23.2 9665s
 28552216 1337510    0.02899   47   52    0.02742    0.03073  12.1%  23.2 9670s
 28569915 1336849     cutoff   49         0.02742    0.03073  12.1%  23.2 9675s
 28587082 1336151    0.02834   78   27    0.02742    0.03073  12.0%  23.2 9680s
 28603250 1335439    0.02782   47   56    0.02742    0.03072  12.0%  23.2 9685s
 28619388 1335207    0.02851   47   54    0.02742    0.03072  12.0%  23.2 9691s
 28635690 1334901    0.02919   41   50    0.02742    0.03072  12.0%  23.2 9695s
 28653259 1334392     cutoff   47         0.02742    0.03071  12.0%  23.2 9700s
 28668768 1333928     cutoff   44         0.02742    0.03071  12.0%  23.2 9705s
 28686180 1333508 infeasible   63         0.02742    0.03071  12.0%  23.2 9710s
 28704381 1333114    0.02847   51   54    0.02742    0.03070  12.0%  23.2 9715s
 28722348 1333048    0.02817   49   57    0.02742    0.03070  11.9%  23.2 9720s
 28742397 1332945    0.03069   77   15    0.02742    0.03070  11.9%  23.2 9725s
 28761304 1332569     cutoff   48         0.02742    0.03069  11.9%  23.2 9730s
 28780708 1332356     cutoff   48         0.02742    0.03069  11.9%  23.1 9735s
 28793541 1332073    0.02783   50   57    0.02742    0.03069  11.9%  23.1 9740s
 28813052 1332112     cutoff   52         0.02742    0.03068  11.9%  23.1 9745s
 28832131 1332380    0.03068   74   10    0.02742    0.03068  11.9%  23.1 9750s
 28852655 1332787 infeasible   78         0.02742    0.03068  11.9%  23.1 9755s
 28873672 1333557     cutoff   76         0.02742    0.03068  11.9%  23.1 9760s
 28896281 1334294     cutoff   77         0.02742    0.03068  11.9%  23.1 9765s
 28917931 1334942    0.03068   76   13    0.02742    0.03068  11.9%  23.1 9770s
 28937784 1334981     cutoff   76         0.02742    0.03068  11.9%  23.1 9775s
 28959814 1335131     cutoff   77         0.02742    0.03068  11.9%  23.1 9780s
 28982931 1335457 infeasible   71         0.02742    0.03068  11.9%  23.1 9785s
 29004409 1335694    0.03064   45   43    0.02742    0.03068  11.9%  23.1 9790s
 29028490 1335864     cutoff   77         0.02742    0.03067  11.9%  23.1 9795s
 29049108 1336150    0.03067   78   12    0.02742    0.03067  11.9%  23.1 9800s
 29075545 1336279    0.03067   75    6    0.02742    0.03067  11.9%  23.1 9805s
 29099720 1336628     cutoff   78         0.02742    0.03067  11.9%  23.1 9810s
 29112487 1336768    0.03067   77   13    0.02742    0.03067  11.9%  23.1 9815s
 29135296 1337077    0.03067   77    6    0.02742    0.03067  11.8%  23.1 9820s
 29157023 1337277     cutoff   77         0.02742    0.03067  11.8%  23.1 9825s
 29180787 1337443     cutoff   71         0.02742    0.03067  11.8%  23.0 9830s
 29206787 1337632    0.03067   76    6    0.02742    0.03067  11.8%  23.0 9835s
 29231279 1337698    0.03067   70   16    0.02742    0.03067  11.8%  23.0 9840s
 29252218 1337996     cutoff   77         0.02742    0.03067  11.8%  23.0 9845s
 29276263 1338263     cutoff   76         0.02742    0.03067  11.8%  23.0 9850s
 29297466 1338577    0.03067   73   13    0.02742    0.03067  11.8%  23.0 9855s
 29323919 1339040    0.03067   76    6    0.02742    0.03067  11.8%  23.0 9860s
 29346659 1339228     cutoff   76         0.02742    0.03067  11.8%  23.0 9865s
 29371534 1339636     cutoff   76         0.02742    0.03067  11.8%  23.0 9870s
 29396036 1339974     cutoff   77         0.02742    0.03067  11.8%  23.0 9875s
 29416850 1339902     cutoff   77         0.02742    0.03067  11.8%  23.0 9880s
 29444080 1339993    0.03067   76    7    0.02742    0.03067  11.8%  23.0 9885s
 29467982 1340058     cutoff   44         0.02742    0.03067  11.8%  23.0 9890s
 29493079 1340386     cutoff   77         0.02742    0.03067  11.8%  23.0 9895s
 29518119 1340631    0.03067   76    7    0.02742    0.03067  11.8%  23.0 9900s
 29546044 1340865     cutoff   78         0.02742    0.03067  11.8%  22.9 9905s
 29572077 1341029    0.03067   75    7    0.02742    0.03067  11.8%  22.9 9910s
 29598006 1341336     cutoff   76         0.02742    0.03067  11.8%  22.9 9915s
 29624109 1341743 infeasible   78         0.02742    0.03067  11.8%  22.9 9920s
 29647783 1341666    0.03067   77    6    0.02742    0.03067  11.8%  22.9 9925s
 29674888 1341781     cutoff   43         0.02742    0.03067  11.8%  22.9 9930s
 29703149 1341911     cutoff   77         0.02742    0.03067  11.8%  22.9 9935s
 29726416 1342248     cutoff   77         0.02742    0.03067  11.8%  22.9 9940s
 29748627 1342466     cutoff   77         0.02742    0.03067  11.8%  22.9 9945s
 29769964 1342688     cutoff   78         0.02742    0.03067  11.8%  22.9 9950s
 29798119 1343013     cutoff   78         0.02742    0.03067  11.8%  22.9 9955s
 29817658 1343292    0.03067   73   12    0.02742    0.03067  11.8%  22.9 9960s
 29844335 1343508     cutoff   77         0.02742    0.03067  11.8%  22.9 9965s
 29867697 1343672     cutoff   75         0.02742    0.03067  11.8%  22.9 9970s
 29894743 1343866    0.03067   76   16    0.02742    0.03067  11.8%  22.9 9975s
 29917325 1344017     cutoff   80         0.02742    0.03067  11.8%  22.9 9980s
 29944781 1344062    0.03067   75   15    0.02742    0.03067  11.8%  22.8 9985s
 29967930 1344098     cutoff   80         0.02742    0.03067  11.8%  22.8 9990s
 29993432 1344129    0.03067   74    7    0.02742    0.03067  11.8%  22.8 9995s
 30018372 1344217 infeasible   78         0.02742    0.03067  11.8%  22.8 10000s
 30044879 1344351     cutoff   77         0.02742    0.03067  11.8%  22.8 10005s
 30069093 1344546    0.03066   75    6    0.02742    0.03067  11.8%  22.8 10010s
 30095494 1344546     cutoff   76         0.02742    0.03067  11.8%  22.8 10015s
 30122130 1344251    0.03066   74    9    0.02742    0.03067  11.8%  22.8 10020s
 30144317 1343918 infeasible   77         0.02742    0.03067  11.8%  22.8 10025s
 30169140 1343601    0.03067   77    7    0.02742    0.03067  11.8%  22.8 10030s
 30196467 1343240    0.03066   74    7    0.02742    0.03067  11.8%  22.8 10035s
 30222980 1342820     cutoff   75         0.02742    0.03067  11.8%  22.8 10040s
 30243597 1342452     cutoff   77         0.02742    0.03067  11.8%  22.8 10045s
 30269897 1341628    0.03066   74    9    0.02742    0.03067  11.8%  22.8 10050s
 30295550 1340805 infeasible   79         0.02742    0.03067  11.8%  22.8 10055s
 30322376 1339410 infeasible   77         0.02742    0.03066  11.8%  22.8 10060s
 30346816 1338084 infeasible   79         0.02742    0.03066  11.8%  22.8 10065s
 30371835 1336379    0.03066   77   13    0.02742    0.03066  11.8%  22.8 10070s
 30397027 1334259     cutoff   77         0.02742    0.03066  11.8%  22.7 10075s
 30417981 1332729     cutoff   77         0.02742    0.03066  11.8%  22.7 10080s
 30436308 1331764     cutoff   47         0.02742    0.03066  11.8%  22.7 10085s
 30450293 1331626     cutoff   45         0.02742    0.03066  11.8%  22.7 10090s
 30467747 1331619     cutoff   54         0.02742    0.03066  11.8%  22.7 10095s
 30485162 1331522     cutoff   40         0.02742    0.03066  11.8%  22.7 10100s
 30502095 1331248     cutoff   78         0.02742    0.03066  11.8%  22.7 10105s
 30514302 1331082     cutoff   75         0.02742    0.03066  11.8%  22.7 10110s
 30529834 1330965 infeasible   77         0.02742    0.03066  11.8%  22.7 10115s
 30546644 1330973     cutoff   39         0.02742    0.03066  11.8%  22.7 10120s
 30559567 1331031     cutoff   87         0.02742    0.03066  11.8%  22.7 10125s
 30570372 1330946    0.02775   53   50    0.02742    0.03066  11.8%  22.7 10130s
 30584249 1330919     cutoff   47         0.02742    0.03066  11.8%  22.7 10135s
 30593401 1330775     cutoff   50         0.02742    0.03066  11.8%  22.7 10140s
 30608900 1330818    0.02901   79   17    0.02742    0.03066  11.8%  22.7 10145s
 30623369 1330787    0.03066   74   10    0.02742    0.03066  11.8%  22.7 10150s
 30638623 1330853     cutoff   42         0.02742    0.03066  11.8%  22.7 10155s
 30650797 1330866    0.03066   75   15    0.02742    0.03066  11.8%  22.7 10160s
 30666300 1330952    0.02907   75   12    0.02742    0.03066  11.8%  22.7 10165s
 30682976 1331010     cutoff   75         0.02742    0.03065  11.8%  22.7 10170s
 30696215 1330986    0.03065   76   13    0.02742    0.03065  11.8%  22.7 10175s
 30707587 1330976     cutoff   77         0.02742    0.03065  11.8%  22.7 10180s
 30721012 1330950    0.03065   76   12    0.02742    0.03065  11.8%  22.7 10185s
 30735956 1330926    0.03049   53   43    0.02742    0.03065  11.8%  22.7 10190s
 30749529 1330746     cutoff   53         0.02742    0.03065  11.8%  22.7 10195s
 30761040 1330400    0.02755   43   50    0.02742    0.03065  11.8%  22.7 10200s
 30772597 1329858     cutoff   75         0.02742    0.03065  11.8%  22.7 10205s
 30789917 1329041    0.03047   42   59    0.02742    0.03065  11.8%  22.7 10210s
 30808501 1328619 infeasible   77         0.02742    0.03064  11.7%  22.7 10215s
 30826397 1328026     cutoff   51         0.02742    0.03064  11.7%  22.6 10220s
 30844193 1327664    0.02995   45   53    0.02742    0.03064  11.7%  22.6 10225s
 30860944 1327048    0.02743   48   51    0.02742    0.03064  11.7%  22.6 10230s
 30879013 1326700    0.03060   47   55    0.02742    0.03063  11.7%  22.6 10235s
 30897809 1326067    0.02916   48   59    0.02742    0.03063  11.7%  22.6 10240s
 30916028 1325458     cutoff   78         0.02742    0.03063  11.7%  22.6 10245s
 30932248 1324943    0.02815   50   54    0.02742    0.03062  11.7%  22.6 10250s
 30949592 1324206    0.02814   45   56    0.02742    0.03062  11.7%  22.6 10255s
 30966419 1323494     cutoff   41         0.02742    0.03062  11.6%  22.6 10260s
 30985099 1323049     cutoff   41         0.02742    0.03061  11.6%  22.6 10265s
 31001736 1322528    0.03000   50   24    0.02742    0.03061  11.6%  22.6 10270s
 31020436 1321584    0.03028   41   51    0.02742    0.03061  11.6%  22.6 10275s
 31034228 1321046    0.02856   35   51    0.02742    0.03060  11.6%  22.6 10280s
 31051660 1320747     cutoff   43         0.02742    0.03060  11.6%  22.6 10285s
 31070666 1319989     cutoff   51         0.02742    0.03059  11.6%  22.6 10290s
 31089283 1319279     cutoff   37         0.02742    0.03059  11.6%  22.6 10295s
 31108621 1318691    0.03051   38   55    0.02742    0.03059  11.5%  22.6 10300s
 31126940 1318422    0.02808   44   51    0.02742    0.03058  11.5%  22.6 10305s
 31147664 1317952     cutoff   52         0.02742    0.03058  11.5%  22.6 10310s
 31166146 1317523 infeasible   76         0.02742    0.03057  11.5%  22.6 10315s
 31185798 1317079 infeasible   39         0.02742    0.03057  11.5%  22.6 10320s
 31205140 1316948     cutoff   46         0.02742    0.03057  11.5%  22.6 10325s
 31222606 1316563    0.02760   47   50    0.02742    0.03056  11.5%  22.6 10330s
 31242436 1315917    0.02745   50   58    0.02742    0.03056  11.4%  22.6 10335s
 31261029 1315564    0.02819   53   53    0.02742    0.03056  11.4%  22.6 10340s
 31280174 1315148    0.03046   50   51    0.02742    0.03055  11.4%  22.6 10345s
 31295703 1314559    0.02820   73   20    0.02742    0.03055  11.4%  22.6 10350s
 31312481 1314137     cutoff   39         0.02742    0.03055  11.4%  22.6 10355s
 31330962 1313891    0.03054   78   17    0.02742    0.03054  11.4%  22.6 10360s
 31350290 1313132     cutoff   41         0.02742    0.03054  11.4%  22.6 10365s
 31369079 1312502    0.02860   65   31    0.02742    0.03053  11.3%  22.6 10370s
 31387635 1311655     cutoff   42         0.02742    0.03053  11.3%  22.6 10375s
 31403777 1310557     cutoff   53         0.02742    0.03053  11.3%  22.6 10380s
 31420482 1309296     cutoff   74         0.02742    0.03053  11.3%  22.6 10385s
 31434466 1308090    0.02918   54   52    0.02742    0.03052  11.3%  22.6 10390s
 31452587 1306467     cutoff   52         0.02742    0.03052  11.3%  22.6 10395s
 31469182 1304895    0.03037   45   50    0.02742    0.03052  11.3%  22.6 10400s
 31483843 1303556    0.02884   44   60    0.02742    0.03052  11.3%  22.6 10405s
 31499811 1301864     cutoff   75         0.02742    0.03052  11.3%  22.6 10410s
 31516905 1299983    0.02874   80   25    0.02742    0.03051  11.3%  22.6 10415s
 31533780 1297994    0.02761   42   62    0.02742    0.03051  11.3%  22.6 10420s
 31548912 1296362     cutoff   57         0.02742    0.03051  11.3%  22.6 10425s
 31564082 1294634     cutoff   45         0.02742    0.03051  11.3%  22.6 10430s
 31580750 1292688     cutoff   49         0.02742    0.03051  11.3%  22.6 10435s
 31596972 1291024 infeasible   39         0.02742    0.03051  11.2%  22.6 10440s
 31613407 1289492    0.02873   82   19    0.02742    0.03051  11.2%  22.6 10445s
 31626794 1287977    0.03050   42   54    0.02742    0.03050  11.2%  22.6 10450s
 31643081 1286039     cutoff   39         0.02742    0.03050  11.2%  22.6 10455s
 31658612 1284476    0.02851   83   19    0.02742    0.03050  11.2%  22.6 10460s
 31675174 1282792    0.03050   81   17    0.02742    0.03050  11.2%  22.6 10465s
 31691711 1281058 infeasible   84         0.02742    0.03050  11.2%  22.6 10470s
 31707246 1279227     cutoff   80         0.02742    0.03050  11.2%  22.6 10475s
 31722489 1277487    0.02827   83   25    0.02742    0.03050  11.2%  22.6 10480s
 31739193 1275765     cutoff   52         0.02742    0.03049  11.2%  22.6 10485s
 31755325 1273840    0.02802   47   56    0.02742    0.03049  11.2%  22.6 10490s
 31769958 1272107     cutoff   88         0.02742    0.03049  11.2%  22.6 10495s
 31785256 1270208    0.02861   83   25    0.02742    0.03049  11.2%  22.6 10500s
 31801211 1268489     cutoff   87         0.02742    0.03049  11.2%  22.6 10505s
 31817401 1266678    0.02936   43   52    0.02742    0.03049  11.2%  22.5 10510s
 31830562 1265425     cutoff   87         0.02742    0.03049  11.2%  22.5 10515s
 31848983 1263469     cutoff   86         0.02742    0.03049  11.2%  22.5 10520s
 31864699 1261586 infeasible   54         0.02742    0.03048  11.2%  22.5 10525s
 31878662 1259861     cutoff   84         0.02742    0.03048  11.2%  22.5 10530s
 31896207 1257759     cutoff   52         0.02742    0.03048  11.2%  22.5 10535s
 31911075 1255961    0.02799   88   18    0.02742    0.03048  11.2%  22.5 10540s
 31925372 1254265    0.02842   81   27    0.02742    0.03048  11.1%  22.5 10545s
 31940577 1252375    0.02798   83   17    0.02742    0.03048  11.1%  22.5 10550s
 31955867 1250609     cutoff   81         0.02742    0.03048  11.1%  22.5 10555s
 31970814 1248806    0.02877   45   53    0.02742    0.03048  11.1%  22.5 10560s
 31987346 1246925 infeasible   83         0.02742    0.03048  11.1%  22.5 10565s
 32003076 1245039     cutoff   87         0.02742    0.03047  11.1%  22.5 10570s
 32019235 1243114    0.02833   85   17    0.02742    0.03047  11.1%  22.5 10575s
 32034522 1241243     cutoff   84         0.02742    0.03047  11.1%  22.5 10580s
 32048914 1239443    0.02850   80   32    0.02742    0.03047  11.1%  22.5 10585s
 32064588 1237642    0.02841   86   24    0.02742    0.03047  11.1%  22.5 10590s
 32079838 1235748     cutoff   81         0.02742    0.03047  11.1%  22.5 10595s
 32095560 1233748     cutoff   85         0.02742    0.03047  11.1%  22.5 10600s
 32110904 1231903    0.02852   78   22    0.02742    0.03047  11.1%  22.5 10605s
 32124921 1230187     cutoff   83         0.02742    0.03047  11.1%  22.5 10610s
 32139150 1228274     cutoff   43         0.02742    0.03047  11.1%  22.5 10615s
 32156046 1226196    0.02849   81   26    0.02742    0.03046  11.1%  22.5 10620s
 32171577 1224101 infeasible   53         0.02742    0.03046  11.1%  22.5 10625s
 32186525 1222214    0.02813   37   53    0.02742    0.03046  11.1%  22.5 10630s
 32202177 1220243     cutoff   82         0.02742    0.03046  11.1%  22.5 10635s
 32218060 1218197     cutoff   43         0.02742    0.03046  11.1%  22.5 10640s
 32233348 1216370    0.02856   78   15    0.02742    0.03046  11.1%  22.5 10645s
 32250919 1214254    0.02825   46   49    0.02742    0.03046  11.1%  22.5 10650s
 32264681 1212480    0.02976   81   15    0.02742    0.03046  11.1%  22.5 10655s
 32280486 1210424     cutoff   90         0.02742    0.03046  11.1%  22.5 10660s
 32295911 1208592    0.02831   84   18    0.02742    0.03046  11.1%  22.5 10665s
 32312666 1206691    0.02803   46   51    0.02742    0.03045  11.1%  22.5 10670s
 32327295 1204849    0.02770   43   54    0.02742    0.03045  11.0%  22.5 10675s
 32342015 1202841 infeasible   91         0.02742    0.03045  11.0%  22.5 10680s
 32357958 1200853    0.02797   86   17    0.02742    0.03045  11.0%  22.5 10685s
 32372796 1198909    0.02837   49   50    0.02742    0.03045  11.0%  22.5 10690s
 32388150 1196909    0.02841   81   19    0.02742    0.03045  11.0%  22.5 10695s
 32403968 1195132     cutoff   80         0.02742    0.03045  11.0%  22.5 10700s
 32419606 1193205     cutoff   90         0.02742    0.03045  11.0%  22.5 10705s
 32435249 1191346 infeasible   84         0.02742    0.03044  11.0%  22.5 10710s
 32451037 1189612    0.03031   47   56    0.02742    0.03044  11.0%  22.5 10715s
 32465975 1187774     cutoff   51         0.02742    0.03044  11.0%  22.5 10720s
 32481640 1185933     cutoff   81         0.02742    0.03044  11.0%  22.5 10725s
 32497400 1183907    0.02903   57   51    0.02742    0.03044  11.0%  22.5 10730s
 32512722 1181805     cutoff   79         0.02742    0.03044  11.0%  22.5 10735s
 32525390 1180113    0.02840   84   16    0.02742    0.03044  11.0%  22.5 10740s
 32538198 1178294    0.02922   77   19    0.02742    0.03044  11.0%  22.5 10745s
 32553886 1175990    0.02841   88   18    0.02742    0.03043  11.0%  22.5 10750s
 32568962 1173672     cutoff   82         0.02742    0.03043  11.0%  22.5 10755s
 32583884 1171885    0.02844   50   54    0.02742    0.03043  11.0%  22.5 10760s
 32598766 1170037     cutoff   47         0.02742    0.03043  11.0%  22.5 10765s
 32616234 1167855     cutoff   43         0.02742    0.03043  11.0%  22.5 10770s
 32631377 1165930     cutoff   45         0.02742    0.03043  11.0%  22.5 10775s
 32647630 1163805 infeasible   82         0.02742    0.03043  10.9%  22.5 10780s
 32663681 1161524     cutoff   81         0.02742    0.03042  10.9%  22.5 10785s
 32679246 1159608    0.02978   54   48    0.02742    0.03042  10.9%  22.5 10790s
 32695655 1157600    0.02824   80   17    0.02742    0.03042  10.9%  22.5 10795s
 32711496 1155404     cutoff   83         0.02742    0.03042  10.9%  22.5 10800s
 32728514 1153240 infeasible   74         0.02742    0.03042  10.9%  22.5 10805s
 32742528 1151051     cutoff   81         0.02742    0.03042  10.9%  22.5 10810s
 32757960 1148927     cutoff   57         0.02742    0.03042  10.9%  22.5 10815s
 32773915 1146491    0.02905   83   31    0.02742    0.03041  10.9%  22.5 10820s
 32789895 1143771    0.03039   82   17    0.02742    0.03041  10.9%  22.5 10825s
 32804913 1141505     cutoff   83         0.02742    0.03041  10.9%  22.4 10830s
 32820567 1138778    0.02891   49   54    0.02742    0.03041  10.9%  22.4 10835s
 32835315 1137022    0.02821   81   16    0.02742    0.03041  10.9%  22.4 10840s
 32850279 1134739    0.02788   45   56    0.02742    0.03041  10.9%  22.4 10845s
 32866117 1132207    0.02813   85   24    0.02742    0.03041  10.9%  22.4 10850s
 32881883 1129802    0.03040   83   21    0.02742    0.03040  10.9%  22.4 10855s
 32897265 1127364    0.02979   48   51    0.02742    0.03040  10.9%  22.4 10860s
 32911976 1124954 infeasible   83         0.02742    0.03040  10.9%  22.4 10865s
 32927509 1122608    0.02796   89   15    0.02742    0.03040  10.9%  22.4 10870s
 32943789 1120149     cutoff   80         0.02742    0.03040  10.8%  22.4 10875s
 32959915 1117918     cutoff   80         0.02742    0.03040  10.8%  22.4 10880s
 32974442 1115354     cutoff   82         0.02742    0.03039  10.8%  22.4 10885s
 32989729 1112800     cutoff   78         0.02742    0.03039  10.8%  22.4 10890s
 33005671 1110536     cutoff   46         0.02742    0.03039  10.8%  22.4 10895s
 33019643 1108426     cutoff   90         0.02742    0.03039  10.8%  22.4 10900s
 33036420 1105825    0.02749   51   51    0.02742    0.03039  10.8%  22.4 10905s
 33052843 1103524    0.02833   82   19    0.02742    0.03039  10.8%  22.4 10910s
 33069031 1101299     cutoff   38         0.02742    0.03039  10.8%  22.4 10915s
 33085174 1099322    0.02909   42   39    0.02742    0.03038  10.8%  22.4 10920s
 33100199 1097738     cutoff   49         0.02742    0.03038  10.8%  22.4 10925s
 33117380 1095975     cutoff   90         0.02742    0.03038  10.8%  22.4 10930s
 33134417 1094812     cutoff   38         0.02742    0.03038  10.8%  22.4 10935s
 33150231 1093381     cutoff   38         0.02742    0.03037  10.8%  22.4 10940s
 33167343 1091870    0.03030   53   55    0.02742    0.03037  10.7%  22.4 10945s
 33184640 1090259     cutoff   81         0.02742    0.03037  10.7%  22.4 10950s
 33199973 1088987    0.02816   81   20    0.02742    0.03037  10.7%  22.4 10955s
 33218121 1087142    0.02830   78   16    0.02742    0.03036  10.7%  22.4 10960s
 33235552 1085490     cutoff   84         0.02742    0.03036  10.7%  22.4 10965s
 33252273 1083851     cutoff   84         0.02742    0.03036  10.7%  22.4 10970s
 33270021 1081755 infeasible   34         0.02742    0.03036  10.7%  22.4 10975s
 33287923 1079869     cutoff   37         0.02742    0.03035  10.7%  22.4 10980s
 33303050 1078096     cutoff   83         0.02742    0.03035  10.7%  22.4 10985s
 33320088 1076264 infeasible   82         0.02742    0.03035  10.7%  22.4 10990s
 33336939 1074886    0.03034   79   19    0.02742    0.03035  10.7%  22.4 10995s
 33353790 1073421     cutoff   79         0.02742    0.03034  10.6%  22.4 11000s
 33369987 1071780    0.02990   44   52    0.02742    0.03034  10.6%  22.4 11005s
 33386426 1070152    0.02900   55   54    0.02742    0.03034  10.6%  22.4 11010s
 33405072 1068608     cutoff   79         0.02742    0.03034  10.6%  22.4 11015s
 33419508 1067786    0.02841   44   52    0.02742    0.03033  10.6%  22.4 11020s
 33437988 1066372    0.02758   42   50    0.02742    0.03033  10.6%  22.4 11025s
 33454154 1065174    0.02752   47   50    0.02742    0.03033  10.6%  22.4 11030s
 33468565 1064187     cutoff   82         0.02742    0.03033  10.6%  22.4 11035s
 33484912 1063078    0.02912   45   56    0.02742    0.03032  10.6%  22.4 11040s
 33502502 1061933     cutoff   78         0.02742    0.03032  10.6%  22.4 11045s
 33519659 1060663    0.03032   42   59    0.02742    0.03032  10.6%  22.4 11050s
 33535478 1059350     cutoff   41         0.02742    0.03031  10.5%  22.4 11055s
 33552784 1057988    0.02872   45   42    0.02742    0.03031  10.5%  22.4 11060s
 33569861 1056633    0.02928   43   50    0.02742    0.03031  10.5%  22.4 11065s
 33586894 1055484    0.02889   79    9    0.02742    0.03031  10.5%  22.4 11070s
 33604892 1054164     cutoff   49         0.02742    0.03030  10.5%  22.4 11075s
 33618665 1053198    0.02814   42   60    0.02742    0.03030  10.5%  22.4 11080s
 33635935 1052341     cutoff   77         0.02742    0.03030  10.5%  22.4 11085s
 33653941 1051637     cutoff   48         0.02742    0.03029  10.5%  22.4 11090s
 33673297 1050404    0.02880   47   32    0.02742    0.03029  10.5%  22.4 11095s
 33692736 1049396    0.02751   45   51    0.02742    0.03029  10.4%  22.4 11100s
 33711695 1048504     cutoff   51         0.02742    0.03028  10.4%  22.4 11105s
 33730306 1047707     cutoff   46         0.02742    0.03028  10.4%  22.4 11110s
 33749070 1046984     cutoff   43         0.02742    0.03028  10.4%  22.4 11115s
 33767570 1046336    0.03019   53   37    0.02742    0.03027  10.4%  22.4 11120s
 33787153 1045322     cutoff   48         0.02742    0.03027  10.4%  22.3 11125s
 33805207 1044665    0.02822   45   56    0.02742    0.03026  10.4%  22.3 11130s
 33823786 1043912    0.02899   42   61    0.02742    0.03026  10.3%  22.3 11135s
 33841357 1043374    0.02878   88   19    0.02742    0.03026  10.3%  22.3 11140s
 33859438 1042540    0.02778   47   52    0.02742    0.03025  10.3%  22.3 11145s
 33877755 1041840    0.02914   43   58    0.02742    0.03025  10.3%  22.3 11150s
 33895435 1041394     cutoff   58         0.02742    0.03025  10.3%  22.3 11155s
 33912113 1040671     cutoff   48         0.02742    0.03024  10.3%  22.3 11160s
 33931011 1040029     cutoff   53         0.02742    0.03024  10.3%  22.3 11165s
 33949569 1039123    0.02869   46   58    0.02742    0.03024  10.3%  22.3 11170s
 33965793 1038473     cutoff   42         0.02742    0.03023  10.2%  22.3 11175s
 33983780 1037815    0.02882   46   52    0.02742    0.03023  10.2%  22.3 11180s
 34001372 1037325    0.03021   47   47    0.02742    0.03023  10.2%  22.3 11185s
 34019542 1037153     cutoff   44         0.02742    0.03022  10.2%  22.3 11190s
 34037499 1036803    0.02943   51   54    0.02742    0.03022  10.2%  22.3 11195s
 34056665 1036270    0.02817   44   57    0.02742    0.03022  10.2%  22.3 11200s
 34071840 1035735    0.02743   47   51    0.02742    0.03021  10.2%  22.3 11205s
 34088581 1035090     cutoff   48         0.02742    0.03021  10.2%  22.3 11210s
 34108298 1034653    0.02993   47   58    0.02742    0.03021  10.1%  22.3 11215s
 34125078 1034392     cutoff   45         0.02742    0.03020  10.1%  22.3 11220s
 34142229 1033971     cutoff   46         0.02742    0.03020  10.1%  22.3 11225s
 34165038 1033152    0.02978   42   57    0.02742    0.03019  10.1%  22.3 11230s
 34181372 1032651    0.02834   53   32    0.02742    0.03019  10.1%  22.3 11235s
 34198293 1032387     cutoff   54         0.02742    0.03019  10.1%  22.3 11240s
 34217197 1031737 infeasible   87         0.02742    0.03018  10.1%  22.3 11245s
 34236126 1031066    0.02836   44   56    0.02742    0.03018  10.1%  22.3 11250s
 34254443 1030574     cutoff   44         0.02742    0.03018  10.0%  22.3 11255s
 34273474 1029957     cutoff   52         0.02742    0.03017  10.0%  22.3 11260s
 34289671 1029451     cutoff   41         0.02742    0.03017  10.0%  22.3 11265s
 34309084 1028841    0.02878   46   56    0.02742    0.03017  10.0%  22.3 11270s
 34327269 1028353    0.02943   41   54    0.02742    0.03016  10.0%  22.3 11275s
 34345815 1027889     cutoff   51         0.02742    0.03016  10.0%  22.3 11280s
 34364993 1026937    0.03015   40   54    0.02742    0.03015  10.0%  22.3 11285s
 34380948 1026324     cutoff   51         0.02742    0.03015  9.94%  22.3 11290s
 34399200 1025428    0.02868   46   51    0.02742    0.03015  9.93%  22.3 11295s
 34418802 1024465    0.02809   88   20    0.02742    0.03014  9.92%  22.3 11300s
 34437433 1023609    0.02964   36   55    0.02742    0.03014  9.90%  22.3 11305s
 34454022 1022882     cutoff   52         0.02742    0.03014  9.89%  22.3 11310s
 34471606 1022066     cutoff   52         0.02742    0.03013  9.88%  22.3 11315s
 34489351 1021332    0.02899   74   17    0.02742    0.03013  9.86%  22.3 11320s
 34506895 1020846     cutoff   47         0.02742    0.03013  9.85%  22.3 11325s
 34525091 1020346     cutoff   45         0.02742    0.03012  9.84%  22.3 11330s
 34543217 1019545     cutoff   49         0.02742    0.03012  9.83%  22.3 11335s
 34560637 1018925     cutoff   58         0.02742    0.03011  9.81%  22.3 11340s
 34579469 1018241    0.03011   46   53    0.02742    0.03011  9.80%  22.3 11345s
 34597978 1017577     cutoff   43         0.02742    0.03011  9.79%  22.3 11350s
 34616123 1017017    0.03010   44   61    0.02742    0.03010  9.77%  22.3 11355s
 34634945 1016146    0.02862   43   39    0.02742    0.03010  9.76%  22.3 11360s
 34651962 1015385 infeasible   45         0.02742    0.03010  9.75%  22.3 11365s
 34670571 1014576    0.02762   46   49    0.02742    0.03009  9.73%  22.3 11370s
 34689411 1013916    0.03008   41   65    0.02742    0.03009  9.72%  22.3 11375s
 34708212 1013146    0.02981   45   52    0.02742    0.03008  9.70%  22.3 11380s
 34727803 1012610     cutoff   45         0.02742    0.03008  9.69%  22.3 11385s
 34745313 1012193     cutoff   76         0.02742    0.03008  9.68%  22.3 11390s
 34759539 1011897    0.02905   44   45    0.02742    0.03007  9.67%  22.3 11395s
 34778714 1011296     cutoff   48         0.02742    0.03007  9.65%  22.3 11400s
 34797353 1010652    0.02993   41   60    0.02742    0.03007  9.64%  22.2 11405s
 34816227 1010184    0.02873   36   45    0.02742    0.03006  9.62%  22.2 11410s
 34835703 1009788    0.02745   53   39    0.02742    0.03006  9.61%  22.2 11415s
 34855004 1008981    0.02780   45   50    0.02742    0.03005  9.59%  22.2 11420s
 34872896 1008118    0.02852   37   58    0.02742    0.03005  9.58%  22.2 11425s
 34891305 1007439    0.02997   42   40    0.02742    0.03005  9.56%  22.2 11430s
 34909634 1006936     cutoff   45         0.02742    0.03004  9.55%  22.2 11435s
 34927659 1006368    0.02921   87   21    0.02742    0.03004  9.53%  22.2 11440s
 34946478 1005672     cutoff   39         0.02742    0.03003  9.52%  22.2 11445s
 34965669 1004948    0.02903   47   54    0.02742    0.03003  9.50%  22.2 11450s
 34985347 1004596    0.02826   46   47    0.02742    0.03003  9.49%  22.2 11455s
 35004160 1003912    0.02834   47   55    0.02742    0.03002  9.48%  22.2 11460s
 35021717 1003447    0.02765   47   50    0.02742    0.03002  9.46%  22.2 11465s
 35040999 1002722     cutoff   56         0.02742    0.03001  9.45%  22.2 11470s
 35059075 1001837    0.02888   42   28    0.02742    0.03001  9.43%  22.2 11475s
 35078801 1001624    0.02854   42   55    0.02742    0.03001  9.42%  22.2 11480s
 35096150 1001004     cutoff   51         0.02742    0.03000  9.41%  22.2 11485s
 35111201 1000555    0.03000   49   61    0.02742    0.03000  9.40%  22.2 11490s
 35129825 999871    0.02827   56   35    0.02742    0.03000  9.38%  22.2 11495s
 35149809 999123    0.02946   45   49    0.02742    0.02999  9.37%  22.2 11500s
 35168542 998425     cutoff   51         0.02742    0.02999  9.35%  22.2 11505s
 35185455 997818    0.02998   39   53    0.02742    0.02999  9.34%  22.2 11510s
 35205984 996992    0.02893   52   55    0.02742    0.02998  9.33%  22.2 11515s
 35222608 996445     cutoff   51         0.02742    0.02998  9.32%  22.2 11520s
 35241857 995617 infeasible   51         0.02742    0.02997  9.30%  22.2 11525s
 35260227 994901    0.02763   44   54    0.02742    0.02997  9.29%  22.2 11530s
 35278764 994303    0.02952   49   30    0.02742    0.02997  9.27%  22.2 11535s
 35296249 993723     cutoff   45         0.02742    0.02996  9.26%  22.2 11540s
 35312612 992919     cutoff   67         0.02742    0.02996  9.25%  22.2 11545s
 35329943 992171     cutoff   44         0.02742    0.02996  9.24%  22.2 11550s
 35350732 991243    0.02839   52   55    0.02742    0.02995  9.22%  22.2 11555s
 35368781 990397    0.02986   43   59    0.02742    0.02995  9.20%  22.2 11560s
 35386819 989665     cutoff   53         0.02742    0.02994  9.19%  22.2 11565s
 35401600 989142     cutoff   41         0.02742    0.02994  9.18%  22.2 11570s
 35420382 988358    0.02922   45   64    0.02742    0.02994  9.17%  22.2 11575s
 35439006 987660     cutoff   45         0.02742    0.02993  9.15%  22.2 11580s
 35456861 987248     cutoff   44         0.02742    0.02993  9.14%  22.2 11585s
 35475612 986595     cutoff   52         0.02742    0.02993  9.13%  22.2 11590s
 35494655 985880     cutoff   43         0.02742    0.02992  9.11%  22.2 11595s
 35513725 985147     cutoff   49         0.02742    0.02992  9.10%  22.2 11600s
 35532696 984453    0.02875   44   52    0.02742    0.02991  9.08%  22.2 11605s
 35549871 983733    0.02848   51   53    0.02742    0.02991  9.07%  22.2 11610s
 35569015 982741     cutoff   48         0.02742    0.02991  9.05%  22.2 11615s
 35588377 981993     cutoff   54         0.02742    0.02990  9.04%  22.2 11620s
 35603185 981161 infeasible   36         0.02742    0.02990  9.03%  22.2 11625s
 35623778 980152     cutoff   46         0.02742    0.02989  9.01%  22.2 11630s
 35642231 979367    0.02985   42   61    0.02742    0.02989  9.00%  22.2 11635s
 35659149 978466     cutoff   42         0.02742    0.02989  8.98%  22.2 11640s
 35678217 977698     cutoff   48         0.02742    0.02988  8.97%  22.2 11645s
 35697030 976922     cutoff   49         0.02742    0.02988  8.95%  22.2 11650s
 35717564 976204    0.02987   48   35    0.02742    0.02988  8.94%  22.2 11655s
 35735165 975321    0.02937   45   52    0.02742    0.02987  8.93%  22.2 11660s
 35752271 974544     cutoff   48         0.02742    0.02987  8.91%  22.2 11665s
 35771540 973799    0.02858   46   52    0.02742    0.02986  8.90%  22.1 11670s
 35789766 972997     cutoff   58         0.02742    0.02986  8.89%  22.1 11675s
 35807814 972225    0.02968   52   55    0.02742    0.02986  8.87%  22.1 11680s
 35828157 971237    0.02985   46   51    0.02742    0.02985  8.86%  22.1 11685s
 35847445 970493     cutoff   49         0.02742    0.02985  8.84%  22.1 11690s
 35864205 969863    0.02966   51   58    0.02742    0.02985  8.83%  22.1 11695s
 35883090 969120     cutoff   45         0.02742    0.02984  8.82%  22.1 11700s
 35902361 968270    0.02895   42   51    0.02742    0.02984  8.80%  22.1 11705s
 35922369 967238    0.02814   52   53    0.02742    0.02983  8.79%  22.1 11710s
 35941401 966614     cutoff   48         0.02742    0.02983  8.77%  22.1 11715s
 35956451 966029     cutoff   43         0.02742    0.02983  8.76%  22.1 11720s
 35975288 965420    0.02938   51   56    0.02742    0.02982  8.75%  22.1 11725s
 35993294 964891     cutoff   47         0.02742    0.02982  8.73%  22.1 11730s
 36011806 964104     cutoff   48         0.02742    0.02981  8.72%  22.1 11735s
 36030627 963382    0.02893   44   51    0.02742    0.02981  8.70%  22.1 11740s
 36049239 962644    0.02899   38   60    0.02742    0.02981  8.69%  22.1 11745s
 36068386 961806    0.02949   46   54    0.02742    0.02980  8.68%  22.1 11750s
 36088293 961297    0.02939   45   50    0.02742    0.02980  8.66%  22.1 11755s
 36104239 960381     cutoff   46         0.02742    0.02980  8.65%  22.1 11760s
 36123271 959416    0.02748   51   37    0.02742    0.02979  8.63%  22.1 11765s
 36141063 958775    0.02821   45   57    0.02742    0.02979  8.62%  22.1 11770s
 36160512 958069    0.02947   52   51    0.02742    0.02978  8.61%  22.1 11775s
 36179525 957394    0.02913   42   56    0.02742    0.02978  8.59%  22.1 11780s
 36199323 956648     cutoff   41         0.02742    0.02978  8.58%  22.1 11785s
 36216669 956425     cutoff   48         0.02742    0.02977  8.57%  22.1 11790s
 36235459 956113     cutoff   48         0.02742    0.02977  8.55%  22.1 11795s
 36253130 955473     cutoff   51         0.02742    0.02977  8.54%  22.1 11800s
 36272579 954704 infeasible   72         0.02742    0.02976  8.53%  22.1 11805s
 36292869 953989    0.02762   53   57    0.02742    0.02976  8.51%  22.1 11810s
 36310786 952974     cutoff   38         0.02742    0.02975  8.50%  22.1 11815s
 36326889 952453     cutoff   40         0.02742    0.02975  8.49%  22.1 11820s
 36346046 951891     cutoff   47         0.02742    0.02975  8.47%  22.1 11825s
 36364645 951340     cutoff   51         0.02742    0.02974  8.46%  22.1 11830s
 36383248 950701 infeasible   52         0.02742    0.02974  8.45%  22.1 11835s
 36401431 949963    0.02810   35   59    0.02742    0.02974  8.43%  22.1 11840s
 36421084 949563     cutoff   38         0.02742    0.02973  8.42%  22.1 11845s
 36436367 949115     cutoff   47         0.02742    0.02973  8.41%  22.1 11850s
 36457472 948301    0.02809   49   58    0.02742    0.02973  8.40%  22.1 11855s
 36474629 947673    0.02784   48   60    0.02742    0.02972  8.38%  22.1 11860s
 36493993 946936    0.02931   43   49    0.02742    0.02972  8.37%  22.1 11865s
 36510905 946401     cutoff   48         0.02742    0.02972  8.36%  22.1 11870s
 36527634 945621     cutoff   50         0.02742    0.02971  8.35%  22.1 11875s
 36546873 944717     cutoff   43         0.02742    0.02971  8.33%  22.1 11880s
 36565465 944190    0.02970   40   53    0.02742    0.02971  8.32%  22.1 11885s
 36582817 943952     cutoff   84         0.02742    0.02970  8.31%  22.1 11890s
 36600392 943702    0.02757   49   52    0.02742    0.02970  8.30%  22.1 11895s
 36619412 943183    0.02901   52   52    0.02742    0.02970  8.29%  22.1 11900s
 36634261 942671    0.02856   33   51    0.02742    0.02969  8.28%  22.1 11905s
 36653370 942157     cutoff   46         0.02742    0.02969  8.26%  22.1 11910s
 36670502 941439    0.02969   44   46    0.02742    0.02969  8.25%  22.1 11915s
 36689111 940717     cutoff   97         0.02742    0.02968  8.24%  22.1 11920s
 36707785 939859     cutoff   52         0.02742    0.02968  8.23%  22.1 11925s
 36726913 938949     cutoff   58         0.02742    0.02968  8.21%  22.1 11930s
 36739734 939209     cutoff   54         0.02742    0.02967  8.20%  22.1 11935s
 36758575 938634    0.02964   41   56    0.02742    0.02967  8.19%  22.1 11940s
 36778106 938034    0.02967   77    5    0.02742    0.02967  8.18%  22.1 11945s
 36796514 937243     cutoff   45         0.02742    0.02966  8.17%  22.0 11950s
 36812163 936668     cutoff   45         0.02742    0.02966  8.16%  22.0 11955s
 36831715 936256    0.02961   47   58    0.02742    0.02966  8.14%  22.0 11960s
 36849684 936038    0.02965   83    5    0.02742    0.02965  8.13%  22.0 11965s
 36868175 935697    0.02946   50   57    0.02742    0.02965  8.12%  22.0 11970s
 36886955 935122    0.02780   53   51    0.02742    0.02965  8.11%  22.0 11975s
 36906504 934813    0.02963   51   47    0.02742    0.02965  8.10%  22.0 11980s
 36925147 934118     cutoff   47         0.02742    0.02964  8.09%  22.0 11985s
 36944657 933332    0.02767   45   52    0.02742    0.02964  8.08%  22.0 11990s
 36962830 932758     cutoff   50         0.02742    0.02964  8.07%  22.0 11995s
 36981546 932063     cutoff   55         0.02742    0.02963  8.05%  22.0 12000s
 37000214 931184    0.02923   44   55    0.02742    0.02963  8.04%  22.0 12005s
 37015423 930435    0.02876   41   62    0.02742    0.02963  8.03%  22.0 12010s
 37034872 929591     cutoff   50         0.02742    0.02962  8.01%  22.0 12015s
 37052672 929421    0.02855   49   52    0.02742    0.02962  8.01%  22.0 12020s
 37072560 928912 infeasible   80         0.02742    0.02962  7.99%  22.0 12025s
 37091057 928075     cutoff   42         0.02742    0.02961  7.98%  22.0 12030s
 37109577 927519    0.02812   41   41    0.02742    0.02961  7.97%  22.0 12035s
 37125162 927069    0.02848   76   13    0.02742    0.02961  7.96%  22.0 12040s
 37142318 926285    0.02960   46   55    0.02742    0.02960  7.95%  22.0 12045s
 37157933 925671    0.02846   44   53    0.02742    0.02960  7.94%  22.0 12050s
 37176834 924950    0.02863   43   54    0.02742    0.02960  7.92%  22.0 12055s
 37195288 923967    0.02783   49   51    0.02742    0.02959  7.91%  22.0 12060s
 37212697 923293    0.02795   43   57    0.02742    0.02959  7.90%  22.0 12065s
 37227972 922705    0.02959   41   57    0.02742    0.02959  7.89%  22.0 12070s
 37247840 921753     cutoff   46         0.02742    0.02958  7.87%  22.0 12075s
 37265196 921050    0.02807   41   45    0.02742    0.02958  7.86%  22.0 12080s
 37284843 920156     cutoff   36         0.02742    0.02958  7.85%  22.0 12085s
 37302099 919430     cutoff   43         0.02742    0.02957  7.84%  22.0 12090s
 37318269 918525     cutoff   48         0.02742    0.02957  7.82%  22.0 12095s
 37335654 917549    0.02859   52   42    0.02742    0.02957  7.81%  22.0 12100s
 37355210 916631     cutoff   48         0.02742    0.02956  7.80%  22.0 12105s
 37374710 915732    0.02908   59   56    0.02742    0.02956  7.78%  22.0 12110s
 37394096 914925    0.02796   50   54    0.02742    0.02955  7.77%  22.0 12115s
 37410943 914017    0.02876   45   55    0.02742    0.02955  7.76%  22.0 12120s
 37429681 913229     cutoff   57         0.02742    0.02955  7.74%  22.0 12125s
 37446976 913046    0.02954   45   51    0.02742    0.02954  7.74%  22.0 12130s
 37466424 913983 infeasible   80         0.02742    0.02954  7.73%  22.0 12135s
 37486688 914845    0.02954   79    9    0.02742    0.02954  7.73%  22.0 12140s
 37500810 915026     cutoff   55         0.02742    0.02954  7.73%  22.0 12145s
 37514671 914327     cutoff   43         0.02742    0.02954  7.72%  22.0 12150s
 37531404 913455    0.02936   32   47    0.02742    0.02954  7.71%  22.0 12155s
 37549872 912508    0.02812   67   39    0.02742    0.02953  7.69%  22.0 12160s
 37568986 911661     cutoff   39         0.02742    0.02953  7.68%  22.0 12165s
 37587980 910826    0.02803   50   53    0.02742    0.02953  7.66%  21.9 12170s
 37605599 910059     cutoff   53         0.02742    0.02952  7.65%  21.9 12175s
 37622074 909166     cutoff   50         0.02742    0.02952  7.64%  21.9 12180s
 37640617 908212     cutoff   42         0.02742    0.02952  7.63%  21.9 12185s
 37659935 907179     cutoff   85         0.02742    0.02951  7.61%  21.9 12190s
 37679105 906408    0.02867   40   59    0.02742    0.02951  7.60%  21.9 12195s
 37698933 905512 infeasible   87         0.02742    0.02950  7.59%  21.9 12200s
 37716827 904566    0.02930   45   44    0.02742    0.02950  7.58%  21.9 12205s
 37731522 903620    0.02949   41   59    0.02742    0.02950  7.56%  21.9 12210s
 37751002 902657     cutoff   47         0.02742    0.02949  7.55%  21.9 12215s
 37770180 901846 infeasible   77         0.02742    0.02949  7.54%  21.9 12220s
 37788984 900835     cutoff   46         0.02742    0.02949  7.52%  21.9 12225s
 37806673 899741    0.02938   50   51    0.02742    0.02948  7.51%  21.9 12230s
 37825289 898801    0.02875   47   52    0.02742    0.02948  7.50%  21.9 12235s
 37842703 897677 infeasible   85         0.02742    0.02948  7.49%  21.9 12240s
 37862453 896633     cutoff   49         0.02742    0.02947  7.47%  21.9 12245s
 37881200 895529     cutoff   48         0.02742    0.02947  7.46%  21.9 12250s
 37899846 894219     cutoff   58         0.02742    0.02947  7.44%  21.9 12255s
 37918178 893589    0.02799   54   52    0.02742    0.02946  7.43%  21.9 12260s
 37937281 892449    0.02845   49   54    0.02742    0.02946  7.42%  21.9 12265s
 37956199 891363 infeasible   48         0.02742    0.02945  7.41%  21.9 12270s
 37972635 890451    0.02944   44   51    0.02742    0.02945  7.39%  21.9 12275s
 37991352 889629    0.02945   40   55    0.02742    0.02945  7.38%  21.9 12280s
 38008978 888519    0.02937   39   54    0.02742    0.02944  7.37%  21.9 12285s
 38028938 887396    0.02847   48   55    0.02742    0.02944  7.35%  21.9 12290s
 38046750 886330     cutoff   46         0.02742    0.02944  7.34%  21.9 12295s
 38065214 885337     cutoff   45         0.02742    0.02943  7.33%  21.9 12300s
 38081091 884531     cutoff   50         0.02742    0.02943  7.32%  21.9 12305s
 38100174 883531    0.02887   46   52    0.02742    0.02943  7.30%  21.9 12310s
 38118824 882452    0.02838   46   57    0.02742    0.02942  7.29%  21.9 12315s
 38136703 881591     cutoff   49         0.02742    0.02942  7.28%  21.9 12320s
 38155664 880886    0.02796   49   55    0.02742    0.02942  7.27%  21.9 12325s
 38172249 879834     cutoff   41         0.02742    0.02941  7.25%  21.9 12330s
 38191804 878440     cutoff   42         0.02742    0.02941  7.24%  21.9 12335s
 38206070 877538    0.02816   44   56    0.02742    0.02941  7.23%  21.9 12340s
 38224438 876367     cutoff   50         0.02742    0.02940  7.21%  21.9 12345s
 38243131 875417     cutoff   55         0.02742    0.02940  7.20%  21.9 12350s
 38261941 874328    0.02937   48   56    0.02742    0.02939  7.19%  21.9 12355s
 38278244 873298    0.02927   45   52    0.02742    0.02939  7.18%  21.9 12360s
 38297423 871935    0.02785   47   54    0.02742    0.02939  7.16%  21.9 12365s
 38316346 870743     cutoff   46         0.02742    0.02938  7.15%  21.9 12370s
 38334819 869728     cutoff   38         0.02742    0.02938  7.13%  21.9 12375s
 38352726 868841    0.02832   41   52    0.02742    0.02938  7.12%  21.9 12380s
 38371759 867630     cutoff   51         0.02742    0.02937  7.11%  21.9 12385s
 38389372 866438     cutoff   44         0.02742    0.02937  7.09%  21.9 12390s
 38406192 865104    0.02810   48   61    0.02742    0.02937  7.08%  21.9 12395s
 38425051 863767     cutoff   49         0.02742    0.02936  7.07%  21.9 12400s
 38443386 862561     cutoff   48         0.02742    0.02936  7.05%  21.9 12405s
 38462083 861400    0.02800   48   54    0.02742    0.02935  7.04%  21.9 12410s
 38481304 860354    0.02935   51   53    0.02742    0.02935  7.02%  21.8 12415s
 38500082 859075     cutoff   50         0.02742    0.02935  7.01%  21.8 12420s
 38517193 858144    0.02869   42   54    0.02742    0.02934  7.00%  21.8 12425s
 38536745 857083     cutoff   46         0.02742    0.02934  6.98%  21.8 12430s
 38555723 855968    0.02884   43   53    0.02742    0.02933  6.97%  21.8 12435s
 38575283 854689    0.02871   42   53    0.02742    0.02933  6.95%  21.8 12440s
 38593670 853615     cutoff   39         0.02742    0.02933  6.94%  21.8 12445s
 38607969 852862     cutoff   51         0.02742    0.02932  6.93%  21.8 12450s
 38626626 851665     cutoff   52         0.02742    0.02932  6.91%  21.8 12455s
 38644952 850594    0.02932   46   55    0.02742    0.02932  6.90%  21.8 12460s
 38665501 849470     cutoff   71         0.02742    0.02931  6.89%  21.8 12465s
 38684267 848309 infeasible   47         0.02742    0.02931  6.87%  21.8 12470s
 38703543 847148    0.02917   46   40    0.02742    0.02930  6.86%  21.8 12475s
 38723033 845879    0.02930   51   39    0.02742    0.02930  6.84%  21.8 12480s
 38742459 844406    0.02744   50   56    0.02742    0.02930  6.83%  21.8 12485s
 38761406 843156    0.02792   62   39    0.02742    0.02929  6.82%  21.8 12490s
 38779686 841678    0.02859   50   39    0.02742    0.02929  6.80%  21.8 12495s
 38798907 840774    0.02897   77   26    0.02742    0.02929  6.79%  21.8 12500s
 38819032 839462    0.02869   51   44    0.02742    0.02928  6.77%  21.8 12505s
 38838379 838486     cutoff   43         0.02742    0.02928  6.76%  21.8 12510s
 38857616 837104     cutoff   44         0.02742    0.02927  6.75%  21.8 12515s
 38877023 835759    0.02922   45   69    0.02742    0.02927  6.73%  21.8 12520s
 38891174 834673    0.02889   38   59    0.02742    0.02927  6.72%  21.8 12525s
 38911159 833599    0.02883   48   45    0.02742    0.02926  6.71%  21.8 12530s
 38929156 832392     cutoff   43         0.02742    0.02926  6.69%  21.8 12535s
 38948758 831122     cutoff   45         0.02742    0.02926  6.68%  21.8 12540s
 38966148 829872    0.02829   46   56    0.02742    0.02925  6.67%  21.8 12545s
 38985297 828690     cutoff   54         0.02742    0.02925  6.65%  21.8 12550s
 39005277 827725     cutoff   43         0.02742    0.02924  6.64%  21.8 12555s
 39024974 827279     cutoff   48         0.02742    0.02924  6.62%  21.8 12560s
 39045073 828092    0.02901   92    5    0.02742    0.02924  6.61%  21.8 12565s
 39063944 828639    0.02924   92    5    0.02742    0.02924  6.61%  21.8 12570s
 39083474 828270    0.02868   50   52    0.02742    0.02924  6.61%  21.8 12575s
 39101660 827058    0.02923   88    4    0.02742    0.02923  6.60%  21.8 12580s
 39117007 825743     cutoff   85         0.02742    0.02923  6.59%  21.8 12585s
 39136965 823965    0.02901   35   49    0.02742    0.02923  6.58%  21.8 12590s
 39154684 822224     cutoff   42         0.02742    0.02923  6.57%  21.8 12595s
 39171033 820821    0.02789   48   52    0.02742    0.02922  6.56%  21.8 12600s
 39189966 819478    0.02770   47   52    0.02742    0.02922  6.55%  21.8 12605s
 39208168 817936    0.02807   50   65    0.02742    0.02922  6.54%  21.8 12610s
 39236053 817554 infeasible   91         0.02742    0.02921  6.53%  21.7 12615s
 39268933 817090     cutoff   43         0.02742    0.02921  6.53%  21.7 12620s
 39280734 816056     cutoff   49         0.02742    0.02921  6.52%  21.7 12625s
 39296020 814724    0.02849   43   55    0.02742    0.02921  6.50%  21.7 12630s
 39315127 813520     cutoff   82         0.02742    0.02920  6.49%  21.7 12635s
 39335517 812206    0.02781   42   46    0.02742    0.02920  6.48%  21.7 12640s
 39352644 810724    0.02747   42   55    0.02742    0.02920  6.46%  21.7 12645s
 39371476 809324     cutoff   49         0.02742    0.02919  6.45%  21.7 12650s
 39388226 808056    0.02840   45   59    0.02742    0.02919  6.43%  21.7 12655s
 39407595 806518     cutoff   47         0.02742    0.02918  6.42%  21.7 12660s
 39427221 805571    0.02861   46   59    0.02742    0.02918  6.41%  21.7 12665s
 39447923 804203     cutoff   52         0.02742    0.02918  6.39%  21.7 12670s
 39467313 802684    0.02915   44   40    0.02742    0.02917  6.38%  21.7 12675s
 39486700 801253    0.02916   45   59    0.02742    0.02917  6.36%  21.7 12680s
 39501470 800020     cutoff   53         0.02742    0.02917  6.35%  21.7 12685s
 39520513 798694    0.02916   49   56    0.02742    0.02916  6.34%  21.7 12690s
 39538054 797496 infeasible   46         0.02742    0.02916  6.32%  21.7 12695s
 39557141 795965     cutoff   44         0.02742    0.02915  6.31%  21.7 12700s
 39573435 794697    0.02884   47   50    0.02742    0.02915  6.30%  21.7 12705s
 39591535 793210    0.02887   83    8    0.02742    0.02915  6.28%  21.7 12710s
 39611036 791665     cutoff   50         0.02742    0.02914  6.27%  21.7 12715s
 39629638 790445    0.02747   44   55    0.02742    0.02914  6.25%  21.7 12720s
 39648656 788819    0.02889   57   16    0.02742    0.02913  6.24%  21.7 12725s
 39668315 787406     cutoff   43         0.02742    0.02913  6.22%  21.7 12730s
 39685506 786177     cutoff   67         0.02742    0.02913  6.21%  21.7 12735s
 39704834 784788     cutoff   50         0.02742    0.02912  6.19%  21.7 12740s
 39724525 783154     cutoff   52         0.02742    0.02912  6.18%  21.7 12745s
 39743216 781688     cutoff   40         0.02742    0.02911  6.16%  21.7 12750s
 39756003 780649     cutoff   47         0.02742    0.02911  6.15%  21.7 12755s
 39774799 779369     cutoff   48         0.02742    0.02911  6.14%  21.7 12760s
 39794315 778197     cutoff   52         0.02742    0.02910  6.12%  21.7 12765s
 39813552 777149    0.02849   47   31    0.02742    0.02910  6.11%  21.7 12770s
 39833798 776031    0.02883   42   52    0.02742    0.02910  6.10%  21.7 12775s
 39853207 774657     cutoff   50         0.02742    0.02909  6.08%  21.7 12780s
 39871899 773217    0.02802   52   46    0.02742    0.02909  6.07%  21.7 12785s
 39890667 771826     cutoff   47         0.02742    0.02908  6.05%  21.7 12790s
 39909381 770981    0.02842   43   52    0.02742    0.02908  6.04%  21.7 12795s
 39929385 769348    0.02908   45   46    0.02742    0.02908  6.03%  21.7 12800s
 39948022 767764     cutoff   48         0.02742    0.02907  6.01%  21.7 12805s
 39966923 766261    0.02775   42   58    0.02742    0.02907  6.00%  21.7 12810s
 39986223 764825     cutoff   43         0.02742    0.02906  5.98%  21.7 12815s
 40004301 763804    0.02906   45   61    0.02742    0.02906  5.97%  21.7 12820s
 40023529 762405     cutoff   47         0.02742    0.02906  5.96%  21.7 12825s
 40042717 760602     cutoff   48         0.02742    0.02905  5.94%  21.7 12830s
 40059562 759448     cutoff   49         0.02742    0.02905  5.93%  21.6 12835s
 40078805 758136     cutoff   43         0.02742    0.02905  5.92%  21.6 12840s
 40095740 756802    0.02843   47   55    0.02742    0.02904  5.90%  21.6 12845s
 40113778 755696     cutoff   54         0.02742    0.02904  5.89%  21.6 12850s
 40134267 754454     cutoff   49         0.02742    0.02904  5.88%  21.6 12855s
 40153570 753049    0.02890   53   53    0.02742    0.02903  5.86%  21.6 12860s
 40172613 751619     cutoff   70         0.02742    0.02903  5.85%  21.6 12865s
 40192000 750272    0.02884   39   55    0.02742    0.02902  5.84%  21.6 12870s
 40208549 748950    0.02834   49   45    0.02742    0.02902  5.82%  21.6 12875s
 40231825 748533     cutoff   76         0.02742    0.02902  5.82%  21.6 12880s
 40257233 748608     cutoff   72         0.02742    0.02902  5.82%  21.6 12885s
 40281709 748576 infeasible   72         0.02742    0.02902  5.82%  21.6 12890s
 40306878 748590    0.02902   71    6    0.02742    0.02902  5.82%  21.6 12895s
 40331663 748534    0.02902   72    8    0.02742    0.02902  5.82%  21.6 12900s
 40354130 748621    0.02902   78    6    0.02742    0.02902  5.82%  21.6 12905s
 40380333 748609    0.02902   79    7    0.02742    0.02902  5.82%  21.6 12910s
 40398505 748108     cutoff   45         0.02742    0.02902  5.81%  21.6 12915s
 40405142 747404    0.02858   52   58    0.02742    0.02902  5.81%  21.6 12920s
 40411886 746866    0.02788   46   58    0.02742    0.02901  5.80%  21.6 12925s
 40431702 746101     cutoff   38         0.02742    0.02901  5.79%  21.6 12930s
 40451948 744599     cutoff   46         0.02742    0.02901  5.78%  21.6 12935s
 40471961 743247     cutoff   44         0.02742    0.02901  5.77%  21.6 12940s
 40491836 742065    0.02813   36   62    0.02742    0.02900  5.76%  21.6 12945s
 40510894 741279     cutoff   55         0.02742    0.02900  5.75%  21.6 12950s
 40527721 739962     cutoff   66         0.02742    0.02900  5.74%  21.5 12955s
 40547267 738327    0.02784   43   51    0.02742    0.02899  5.72%  21.5 12960s
 40566892 736819 infeasible   86         0.02742    0.02899  5.71%  21.5 12965s
 40588065 736195    0.02899   36   55    0.02742    0.02899  5.70%  21.5 12970s
 40608106 734655    0.02898   81    4    0.02742    0.02898  5.69%  21.5 12975s
 40627230 733026     cutoff   89         0.02742    0.02898  5.67%  21.5 12980s
 40645030 731933    0.02895   51   55    0.02742    0.02898  5.66%  21.5 12985s
 40663805 730477     cutoff   46         0.02742    0.02897  5.65%  21.5 12990s
 40683573 728327 infeasible   86         0.02742    0.02897  5.64%  21.5 12995s
 40699584 727333 infeasible   38         0.02742    0.02897  5.63%  21.5 13000s
 40719348 725108     cutoff   61         0.02742    0.02896  5.62%  21.5 13005s
 40735866 723519    0.02848   41   50    0.02742    0.02896  5.61%  21.5 13010s
 40755046 721641     cutoff   88         0.02742    0.02896  5.59%  21.5 13015s
 40775283 720501     cutoff   43         0.02742    0.02896  5.58%  21.5 13020s
 40791453 718992    0.02895   89   20    0.02742    0.02895  5.57%  21.5 13025s
 40810021 717120    0.02889   66   28    0.02742    0.02895  5.56%  21.5 13030s
 40826327 715765    0.02805   35   54    0.02742    0.02895  5.55%  21.5 13035s
 40844481 714136 infeasible   94         0.02742    0.02894  5.54%  21.5 13040s
 40865041 712480    0.02761   51   57    0.02742    0.02894  5.53%  21.5 13045s
 40883771 710815 infeasible   85         0.02742    0.02894  5.52%  21.5 13050s
 40905166 709747     cutoff   50         0.02742    0.02893  5.51%  21.5 13055s
 40923969 708268     cutoff   54         0.02742    0.02893  5.50%  21.5 13060s
 40941256 706902     cutoff   50         0.02742    0.02893  5.49%  21.5 13065s
 40960011 705693     cutoff   44         0.02742    0.02893  5.48%  21.5 13070s
 40980906 705549    0.02892   94   13    0.02742    0.02892  5.47%  21.5 13075s
 41001171 705290    0.02832   44   58    0.02742    0.02892  5.46%  21.5 13080s
 41021865 705248    0.02848   51   58    0.02742    0.02892  5.45%  21.5 13085s
 41040840 705188     cutoff   50         0.02742    0.02892  5.45%  21.5 13090s
 41058656 705612 infeasible   97         0.02742    0.02892  5.45%  21.5 13095s
 41080096 705919 infeasible   54         0.02742    0.02892  5.44%  21.5 13100s
 41102656 706170    0.02891  100    3    0.02742    0.02891  5.44%  21.4 13105s
 41124059 706304    0.02866   45   52    0.02742    0.02891  5.43%  21.4 13110s
 41144880 706877    0.02891  100    5    0.02742    0.02891  5.43%  21.4 13115s
 41167262 707183 infeasible  104         0.02742    0.02891  5.43%  21.4 13120s
 41185437 707238    0.02891   94    3    0.02742    0.02891  5.43%  21.4 13125s
 41204983 707306 infeasible   96         0.02742    0.02891  5.43%  21.4 13130s
 41225659 707556    0.02891   99    4    0.02742    0.02891  5.42%  21.4 13135s
 41248321 707687    0.02891  101    4    0.02742    0.02891  5.42%  21.4 13140s
 41269617 708142 infeasible   91         0.02742    0.02891  5.42%  21.4 13145s
 41291423 708830 infeasible  102         0.02742    0.02891  5.42%  21.4 13150s
 41313433 709506 infeasible  105         0.02742    0.02891  5.42%  21.4 13155s
 41334891 710025    0.02891   95   11    0.02742    0.02891  5.42%  21.4 13160s
 41356820 710302 infeasible  100         0.02742    0.02891  5.42%  21.4 13165s
 41379948 710727 infeasible   99         0.02742    0.02891  5.42%  21.3 13170s
 41403112 711092    0.02878  103    4    0.02742    0.02891  5.41%  21.3 13175s
 41424255 711452     cutoff   54         0.02742    0.02891  5.41%  21.3 13180s
 41449651 711617    0.02887  102    8    0.02742    0.02891  5.41%  21.3 13185s
 41469352 711947    0.02891   98    4    0.02742    0.02891  5.41%  21.3 13190s
 41491766 712239     cutoff   91         0.02742    0.02891  5.41%  21.3 13195s
 41514630 712688    0.02891   98    4    0.02742    0.02891  5.41%  21.3 13200s
 41538698 712865 infeasible  107         0.02742    0.02891  5.41%  21.3 13205s
 41561051 713510 infeasible   98         0.02742    0.02891  5.41%  21.3 13210s
 41582679 713914     cutoff   98         0.02742    0.02891  5.41%  21.3 13215s
 41604541 714126 infeasible  101         0.02742    0.02891  5.40%  21.3 13220s
 41622372 714414 infeasible  105         0.02742    0.02891  5.40%  21.3 13225s
 41644832 714624 infeasible  101         0.02742    0.02891  5.40%  21.3 13230s
 41667697 714907 infeasible  103         0.02742    0.02890  5.40%  21.2 13235s
 41689624 714833    0.02873   96   13    0.02742    0.02890  5.40%  21.2 13240s
 41712186 714958    0.02890   87   16    0.02742    0.02890  5.40%  21.2 13245s
 41730005 715130 infeasible   50         0.02742    0.02890  5.40%  21.2 13250s
 41751914 715550 infeasible  104         0.02742    0.02890  5.40%  21.2 13255s
 41771079 715689    0.02890   92    8    0.02742    0.02890  5.40%  21.2 13260s
 41792795 715886     cutoff   97         0.02742    0.02890  5.40%  21.2 13265s
 41813853 716173 infeasible  100         0.02742    0.02890  5.39%  21.2 13270s
 41833741 716213     cutoff   49         0.02742    0.02890  5.39%  21.2 13275s
 41855646 716182 infeasible   97         0.02742    0.02890  5.39%  21.2 13280s
 41876871 716075     cutoff   95         0.02742    0.02890  5.39%  21.2 13285s
 41897721 715784     cutoff   57         0.02742    0.02890  5.39%  21.2 13290s
 41915146 715757    0.02890   99    7    0.02742    0.02890  5.39%  21.2 13295s
 41932227 715665     cutoff  101         0.02742    0.02890  5.39%  21.2 13300s
 41951568 715278 infeasible  100         0.02742    0.02890  5.38%  21.1 13305s
 41971423 715199    0.02890   91   19    0.02742    0.02890  5.38%  21.1 13310s
 41991923 715154    0.02890  100   11    0.02742    0.02890  5.38%  21.1 13315s
 42011879 715177    0.02889   91    8    0.02742    0.02890  5.38%  21.1 13320s
 42030472 715172    0.02890   99    4    0.02742    0.02890  5.38%  21.1 13325s
 42046667 715118    0.02836   44   54    0.02742    0.02890  5.37%  21.1 13330s
 42069036 714888     cutoff   96         0.02742    0.02890  5.37%  21.1 13335s
 42091055 714624    0.02749   99   10    0.02742    0.02890  5.37%  21.1 13340s
 42112515 714370     cutoff   48         0.02742    0.02890  5.37%  21.1 13345s
 42133772 714293 infeasible  106         0.02742    0.02889  5.36%  21.1 13350s
 42151293 714363    0.02889   96    4    0.02742    0.02889  5.36%  21.1 13355s
 42171964 714327    0.02868   38   55    0.02742    0.02889  5.36%  21.1 13360s
 42191093 714570    0.02889   88   11    0.02742    0.02889  5.36%  21.1 13365s
 42211573 714900 infeasible   99         0.02742    0.02889  5.35%  21.1 13370s
 42233256 715371 infeasible   99         0.02742    0.02889  5.35%  21.1 13375s
 42252479 715746 infeasible   98         0.02742    0.02889  5.35%  21.1 13380s
 42272451 715935     cutoff  100         0.02742    0.02889  5.35%  21.1 13385s
 42293611 716541    0.02889   99    5    0.02742    0.02889  5.34%  21.0 13390s
 42313244 716794    0.02888   98    6    0.02742    0.02889  5.34%  21.0 13395s
 42333445 717106    0.02747   96   22    0.02742    0.02889  5.34%  21.0 13400s
 42350756 717787    0.02768   84   34    0.02742    0.02889  5.34%  21.0 13405s
 42369309 718360    0.02889   96    5    0.02742    0.02889  5.34%  21.0 13410s
 42389980 718896    0.02784   90   20    0.02742    0.02889  5.33%  21.0 13415s
 42406154 719345     cutoff   47         0.02742    0.02889  5.33%  21.0 13420s
 42426491 719931     cutoff   94         0.02742    0.02889  5.33%  21.0 13425s
 42445530 720216    0.02888   96    6    0.02742    0.02888  5.33%  21.0 13430s
 42466430 720463    0.02888   95    7    0.02742    0.02888  5.33%  21.0 13435s
 42486323 720398     cutoff   96         0.02742    0.02888  5.32%  21.0 13440s
 42506192 720470    0.02885   99   11    0.02742    0.02888  5.32%  21.0 13445s
 42525930 720572    0.02888   97    3    0.02742    0.02888  5.32%  21.0 13450s
 42542316 720579 infeasible  101         0.02742    0.02888  5.32%  21.0 13455s
 42562978 720664    0.02888   43   47    0.02742    0.02888  5.31%  21.0 13460s
 42583491 721163     cutoff   99         0.02742    0.02888  5.31%  21.0 13465s
 42603210 721531     cutoff   48         0.02742    0.02888  5.31%  20.9 13470s
 42623572 721927    0.02745  100   16    0.02742    0.02888  5.30%  20.9 13475s
 42642432 722894     cutoff   98         0.02742    0.02888  5.30%  20.9 13480s
 42660622 724951    0.02888   95    4    0.02742    0.02888  5.30%  20.9 13485s
 42680037 727743     cutoff   50         0.02742    0.02888  5.30%  20.9 13490s
 42700702 731886    0.02743  111    3    0.02742    0.02888  5.30%  20.9 13495s
 42719582 735955     cutoff  100         0.02742    0.02888  5.29%  20.9 13500s
 42738509 740068    0.02757  103   17    0.02742    0.02887  5.29%  20.9 13505s
 42756844 744378    0.02743  116    1    0.02742    0.02887  5.29%  20.9 13510s
 42773969 746854 infeasible   85         0.02742    0.02887  5.29%  20.9 13515s
 42793886 748766    0.02799   51   54    0.02742    0.02887  5.29%  20.9 13520s
 42814451 751707 infeasible   99         0.02742    0.02887  5.29%  20.9 13525s
 42830646 753013    0.02887   97    5    0.02742    0.02887  5.29%  20.9 13530s
 42847273 754548    0.02748  101   20    0.02742    0.02887  5.28%  20.9 13535s
 42868007 756747    0.02887  105   10    0.02742    0.02887  5.28%  20.9 13540s
 42887489 758900 infeasible  113         0.02742    0.02887  5.28%  20.9 13545s
 42905112 761272    0.02771  102   18    0.02742    0.02887  5.28%  20.8 13550s
 42922660 762683 infeasible  119         0.02742    0.02887  5.28%  20.8 13555s
 42941896 764668    0.02887   95   19    0.02742    0.02887  5.27%  20.8 13560s
 42960492 766846     cutoff   46         0.02742    0.02887  5.27%  20.8 13565s
 42979520 769412 infeasible  114         0.02742    0.02887  5.27%  20.8 13570s
 42998564 771975    0.02743  107    9    0.02742    0.02887  5.27%  20.8 13575s
 43015163 774254     cutoff   99         0.02742    0.02887  5.27%  20.8 13580s
 43034994 776838    0.02746   85   23    0.02742    0.02887  5.27%  20.8 13585s
 43054102 779216    0.02790   93   20    0.02742    0.02887  5.26%  20.8 13590s
 43074181 782644 infeasible  122         0.02742    0.02887  5.26%  20.8 13595s
 43092657 785239     cutoff   95         0.02742    0.02887  5.26%  20.8 13600s
 43112480 788497    0.02743  111    1    0.02742    0.02887  5.26%  20.8 13605s
 43131387 792028 infeasible  108         0.02742    0.02887  5.26%  20.8 13610s
 43150265 795032    0.02760  107   11    0.02742    0.02887  5.26%  20.8 13615s
 43169997 797718     cutoff   96         0.02742    0.02886  5.26%  20.8 13620s
 43188005 799688    0.02886   97    7    0.02742    0.02886  5.25%  20.8 13625s
 43208544 801763     cutoff   48         0.02742    0.02886  5.25%  20.7 13630s
 43225696 803058     cutoff   96         0.02742    0.02886  5.25%  20.7 13635s
 43240468 803974 infeasible   92         0.02742    0.02886  5.25%  20.7 13640s
 43260310 804915     cutoff   45         0.02742    0.02886  5.25%  20.7 13645s
 43279395 806177    0.02766  102   12    0.02742    0.02886  5.25%  20.7 13650s
 43298920 807655    0.02753   99   17    0.02742    0.02886  5.24%  20.7 13655s
 43318040 808484     cutoff  103         0.02742    0.02886  5.24%  20.7 13660s
 43338921 809572     cutoff   52         0.02742    0.02886  5.24%  20.7 13665s
 43356561 810257    0.02886  108    6    0.02742    0.02886  5.24%  20.7 13670s
 43376357 811029 infeasible  102         0.02742    0.02886  5.24%  20.7 13675s
 43395753 811901     cutoff   48         0.02742    0.02886  5.23%  20.7 13680s
 43413359 812763     cutoff   47         0.02742    0.02886  5.23%  20.7 13685s
 43433795 813618    0.02755   41   58    0.02742    0.02886  5.23%  20.7 13690s
 43450966 814136 infeasible   95         0.02742    0.02886  5.23%  20.7 13695s
 43470288 814637    0.02742  107   11    0.02742    0.02886  5.22%  20.7 13700s
 43489622 815632    0.02787  100   26    0.02742    0.02886  5.22%  20.7 13705s
 43509263 816448    0.02785  108   19    0.02742    0.02885  5.22%  20.7 13710s
 43525181 817143    0.02845   50   53    0.02742    0.02885  5.22%  20.6 13715s
 43544857 817832    0.02746  115    6    0.02742    0.02885  5.21%  20.6 13720s
 43559147 818091    0.02885   89    5    0.02742    0.02885  5.21%  20.6 13725s
 43577911 818408 infeasible   95         0.02742    0.02885  5.21%  20.6 13730s
 43595773 818620    0.02783  100   15    0.02742    0.02885  5.20%  20.6 13735s
 43613994 818890     cutoff   99         0.02742    0.02885  5.20%  20.6 13740s
 43632862 819772    0.02743  105   14    0.02742    0.02885  5.20%  20.6 13745s
 43651973 820786 infeasible  112         0.02742    0.02885  5.20%  20.6 13750s
 43670517 821205     cutoff   45         0.02742    0.02885  5.19%  20.6 13755s
 43689425 821726    0.02880   50   53    0.02742    0.02885  5.19%  20.6 13760s
 43706137 822007     cutoff   98         0.02742    0.02885  5.19%  20.6 13765s
 43724045 822565 infeasible   95         0.02742    0.02885  5.19%  20.6 13770s
 43742572 822973    0.02766  102   10    0.02742    0.02884  5.18%  20.6 13775s
 43759142 822987    0.02884   84   13    0.02742    0.02884  5.18%  20.6 13780s
 43777113 823107    0.02884   95   10    0.02742    0.02884  5.18%  20.6 13785s
 43796001 823416 infeasible  111         0.02742    0.02884  5.18%  20.6 13790s
 43814763 824859 infeasible  113         0.02742    0.02884  5.17%  20.6 13795s
 43834372 826216     cutoff  101         0.02742    0.02884  5.17%  20.6 13800s
 43850542 827042 infeasible  110         0.02742    0.02884  5.17%  20.6 13805s
 43869841 828415     cutoff   49         0.02742    0.02884  5.16%  20.6 13810s
 43885222 829493    0.02884   94    7    0.02742    0.02884  5.16%  20.5 13815s
 43906177 831284     cutoff   43         0.02742    0.02884  5.16%  20.5 13820s
 43924219 832597    0.02775   94   22    0.02742    0.02884  5.16%  20.5 13825s
 43942234 833400 infeasible  104         0.02742    0.02884  5.15%  20.5 13830s
 43960879 833828 infeasible   91         0.02742    0.02884  5.15%  20.5 13835s
 43979196 833930    0.02883  102    6    0.02742    0.02883  5.14%  20.5 13840s
 43997234 833879 infeasible   88         0.02742    0.02883  5.14%  20.5 13845s
 44016640 833642 infeasible   98         0.02742    0.02883  5.14%  20.5 13850s
 44034143 833404 infeasible   97         0.02742    0.02883  5.13%  20.5 13855s
 44052822 833102 infeasible   94         0.02742    0.02883  5.13%  20.5 13860s
 44071704 832998 infeasible   96         0.02742    0.02883  5.12%  20.5 13865s
 44090811 832520    0.02876  105   14    0.02742    0.02883  5.11%  20.5 13870s
 44110494 832620     cutoff   50         0.02742    0.02882  5.11%  20.5 13875s
 44128441 832972    0.02882   99    4    0.02742    0.02882  5.10%  20.5 13880s
 44147592 832841     cutoff   42         0.02742    0.02882  5.10%  20.5 13885s
 44165715 832667    0.02871  102   19    0.02742    0.02882  5.09%  20.5 13890s
 44185299 832307    0.02766   98   18    0.02742    0.02882  5.09%  20.5 13895s
 44203711 831717     cutoff   60         0.02742    0.02882  5.08%  20.5 13900s
 44223093 831531    0.02837   39   56    0.02742    0.02881  5.07%  20.5 13905s
 44239424 831314     cutoff   44         0.02742    0.02881  5.07%  20.5 13910s
 44257970 831176     cutoff   52         0.02742    0.02881  5.06%  20.5 13915s
 44276664 830484     cutoff   53         0.02742    0.02881  5.06%  20.4 13920s
 44295749 829944 infeasible  108         0.02742    0.02881  5.05%  20.4 13925s
 44314854 829402 infeasible  114         0.02742    0.02881  5.04%  20.4 13930s
 44329463 829455 infeasible   82         0.02742    0.02880  5.04%  20.4 13935s
 44347346 829530     cutoff   51         0.02742    0.02880  5.03%  20.4 13940s
 44365775 829639     cutoff   44         0.02742    0.02880  5.02%  20.4 13945s
 44384625 829263    0.02744  107   10    0.02742    0.02880  5.02%  20.4 13950s
 44403534 828954    0.02756   97   19    0.02742    0.02880  5.01%  20.4 13955s
 44423144 828666 infeasible  111         0.02742    0.02880  5.00%  20.4 13960s
 44441175 828379    0.02878   40   56    0.02742    0.02879  5.00%  20.4 13965s
 44460709 828323    0.02769  106   16    0.02742    0.02879  4.99%  20.4 13970s
 44480928 828349     cutoff   50         0.02742    0.02879  4.98%  20.4 13975s
 44500331 828176    0.02859  102   17    0.02742    0.02879  4.97%  20.4 13980s
 44519950 828179    0.02750  112   11    0.02742    0.02879  4.97%  20.4 13985s
 44537012 828174    0.02744   46   56    0.02742    0.02878  4.96%  20.4 13990s
 44555576 827840     cutoff   52         0.02742    0.02878  4.96%  20.4 13995s
 44575265 827712    0.02745   50   57    0.02742    0.02878  4.95%  20.4 14000s
 44595524 827725 infeasible  118         0.02742    0.02878  4.94%  20.4 14005s
 44613145 827117    0.02743  111   12    0.02742    0.02878  4.94%  20.4 14010s
 44629394 826739 infeasible  106         0.02742    0.02878  4.93%  20.4 14015s
 44646750 825783    0.02877   45   52    0.02742    0.02877  4.92%  20.4 14020s
 44664895 824749     cutoff   49         0.02742    0.02877  4.92%  20.4 14025s
 44684098 823808    0.02765   56   55    0.02742    0.02877  4.91%  20.4 14030s
 44703258 822449     cutoff   50         0.02742    0.02877  4.90%  20.3 14035s
 44719456 821480     cutoff   82         0.02742    0.02876  4.89%  20.3 14040s
 44738035 820828     cutoff   49         0.02742    0.02876  4.88%  20.3 14045s
 44755457 819786     cutoff   44         0.02742    0.02876  4.87%  20.3 14050s
 44774987 818813     cutoff   45         0.02742    0.02876  4.86%  20.3 14055s
 44794545 818181     cutoff   46         0.02742    0.02875  4.85%  20.3 14060s
 44813448 817902    0.02836   39   52    0.02742    0.02875  4.85%  20.3 14065s
 44832303 819605    0.02743   97    9    0.02742    0.02875  4.84%  20.3 14070s
 44849920 823555    0.02875   95   21    0.02742    0.02875  4.84%  20.3 14075s
 44868204 827438    0.02745  110    3    0.02742    0.02875  4.84%  20.3 14080s
 44887721 831033    0.02749   96   12    0.02742    0.02875  4.83%  20.3 14085s
 44906385 834533    0.02748   92   21    0.02742    0.02875  4.83%  20.3 14090s
 44925604 837002 infeasible   97         0.02742    0.02875  4.83%  20.3 14095s
 44940619 837196    0.02874  102    9    0.02742    0.02875  4.82%  20.3 14100s
 44959736 836337     cutoff   46         0.02742    0.02874  4.82%  20.3 14105s
 44978842 835740    0.02774   48   51    0.02742    0.02874  4.81%  20.3 14110s
 44996515 834929 infeasible  110         0.02742    0.02874  4.80%  20.3 14115s
 45017299 834045 infeasible  112         0.02742    0.02874  4.80%  20.3 14120s
 45037386 833407    0.02806   87   28    0.02742    0.02874  4.79%  20.3 14125s
 45058103 832782     cutoff   97         0.02742    0.02874  4.79%  20.3 14130s
 45077648 832065 infeasible  111         0.02742    0.02873  4.78%  20.3 14135s
 45097008 831226 infeasible  110         0.02742    0.02873  4.77%  20.2 14140s
 45117621 830484     cutoff   51         0.02742    0.02873  4.77%  20.2 14145s
 45138176 830347     cutoff   40         0.02742    0.02873  4.76%  20.2 14150s
 45158300 829484    0.02765   51   27    0.02742    0.02873  4.76%  20.2 14155s
 45178281 829009    0.02872  103   11    0.02742    0.02873  4.75%  20.2 14160s
 45197068 828319     cutoff   84         0.02742    0.02872  4.74%  20.2 14165s
 45214142 827328     cutoff   84         0.02742    0.02872  4.74%  20.2 14170s
 45233695 826628    0.02801   45   59    0.02742    0.02872  4.73%  20.2 14175s
 45252557 825725     cutoff   99         0.02742    0.02872  4.72%  20.2 14180s
 45271546 824885    0.02868   62   25    0.02742    0.02871  4.71%  20.2 14185s
 45288253 824607    0.02810   43   60    0.02742    0.02871  4.70%  20.2 14190s
 45302211 823943     cutoff   48         0.02742    0.02871  4.69%  20.2 14195s
 45320536 823903     cutoff   54         0.02742    0.02871  4.68%  20.2 14200s
 45338970 823077     cutoff  111         0.02742    0.02871  4.68%  20.2 14205s
 45356455 822519     cutoff   48         0.02742    0.02870  4.67%  20.2 14210s
 45374026 822914     cutoff   38         0.02742    0.02870  4.66%  20.2 14215s
 45392458 821837    0.02838   46   62    0.02742    0.02870  4.65%  20.2 14220s
 45411523 821621 infeasible   90         0.02742    0.02870  4.64%  20.2 14225s
 45431188 820681    0.02858   52   54    0.02742    0.02869  4.63%  20.2 14230s
 45450067 820360    0.02787   48   58    0.02742    0.02869  4.63%  20.2 14235s
 45468411 820652     cutoff   54         0.02742    0.02869  4.62%  20.2 14240s
 45486635 820523    0.02818   46   53    0.02742    0.02869  4.62%  20.2 14245s
 45504298 819737     cutoff   50         0.02742    0.02869  4.61%  20.2 14250s
 45524352 818649    0.02868  107    3    0.02742    0.02868  4.60%  20.2 14255s
 45542467 818149    0.02853  101    4    0.02742    0.02868  4.59%  20.2 14260s
 45561677 817020     cutoff   44         0.02742    0.02868  4.58%  20.2 14265s
 45580819 816074     cutoff   46         0.02742    0.02868  4.57%  20.2 14270s
 45599336 815296    0.02849   46   52    0.02742    0.02868  4.57%  20.1 14275s
 45615177 815203    0.02808   49   64    0.02742    0.02867  4.56%  20.1 14280s
 45635196 814738    0.02755   55   50    0.02742    0.02867  4.55%  20.1 14285s
 45654142 813696     cutoff  106         0.02742    0.02867  4.55%  20.1 14290s
 45672431 812726     cutoff   41         0.02742    0.02867  4.54%  20.1 14295s
 45690815 812524    0.02866  105   18    0.02742    0.02867  4.53%  20.1 14300s
 45709708 811417     cutoff   96         0.02742    0.02866  4.52%  20.1 14305s
 45728107 810699    0.02866  109    5    0.02742    0.02866  4.51%  20.1 14310s
 45744950 810252    0.02743  108    6    0.02742    0.02866  4.51%  20.1 14315s
 45762246 809609 infeasible   84         0.02742    0.02866  4.50%  20.1 14320s
 45780646 808804    0.02865  105   17    0.02742    0.02866  4.49%  20.1 14325s
 45798582 807400     cutoff   50         0.02742    0.02865  4.48%  20.1 14330s
 45818674 806289    0.02754   41   61    0.02742    0.02865  4.48%  20.1 14335s
 45836586 805053    0.02863   99   19    0.02742    0.02865  4.47%  20.1 14340s
 45854027 803790     cutoff   39         0.02742    0.02865  4.46%  20.1 14345s
 45873077 802583     cutoff   38         0.02742    0.02864  4.45%  20.1 14350s
 45891590 801484     cutoff  108         0.02742    0.02864  4.44%  20.1 14355s
 45912584 800391     cutoff   41         0.02742    0.02864  4.43%  20.1 14360s
 45931744 799290    0.02829   53   55    0.02742    0.02864  4.42%  20.1 14365s
 45949838 798190 infeasible  113         0.02742    0.02863  4.41%  20.1 14370s
 45964239 797726    0.02784   51   55    0.02742    0.02863  4.41%  20.1 14375s
 45983742 797056    0.02785   99   15    0.02742    0.02863  4.40%  20.1 14380s
 46002839 796647    0.02841   41   57    0.02742    0.02863  4.39%  20.1 14385s
 46022305 796202    0.02757  107   14    0.02742    0.02863  4.39%  20.1 14390s
 46041296 795810    0.02845   21   35    0.02742    0.02862  4.38%  20.1 14395s
 46060495 795425    0.02838   40   62    0.02742    0.02862  4.37%  20.1 14400s
 46078574 795105    0.02795   95    2    0.02742    0.02862  4.37%  20.0 14405s
 46097270 794753     cutoff   99         0.02742    0.02862  4.36%  20.0 14410s
 46116836 794437    0.02862   92   11    0.02742    0.02862  4.36%  20.0 14415s
 46136003 794034     cutoff   49         0.02742    0.02862  4.35%  20.0 14420s
 46155353 793958    0.02757   54   55    0.02742    0.02862  4.35%  20.0 14425s
 46174011 794207     cutoff   41         0.02742    0.02861  4.34%  20.0 14430s
 46192153 794410    0.02861  110   10    0.02742    0.02861  4.34%  20.0 14435s
 46210012 794740 infeasible  107         0.02742    0.02861  4.33%  20.0 14440s
 46228736 794598 infeasible  105         0.02742    0.02861  4.33%  20.0 14445s
 46248006 794406    0.02852   49   54    0.02742    0.02861  4.32%  20.0 14450s
 46267289 794152    0.02861   97    3    0.02742    0.02861  4.32%  20.0 14455s
 46283006 793671    0.02855   78   17    0.02742    0.02861  4.31%  20.0 14460s
 46301811 793656 infeasible   99         0.02742    0.02860  4.31%  20.0 14465s
 46320465 793169     cutoff   45         0.02742    0.02860  4.30%  20.0 14470s
 46339200 793004 infeasible  107         0.02742    0.02860  4.30%  20.0 14475s
 46357753 792993    0.02832   49   53    0.02742    0.02860  4.29%  20.0 14480s
 46376012 793263 infeasible  106         0.02742    0.02860  4.29%  20.0 14485s
 46393168 792940    0.02860  108    3    0.02742    0.02860  4.28%  20.0 14490s
 46411418 792782     cutoff   41         0.02742    0.02860  4.28%  20.0 14495s
 46430124 792776    0.02860   47   12    0.02742    0.02860  4.27%  20.0 14500s
 46448941 792735    0.02854   40   46    0.02742    0.02859  4.27%  20.0 14505s
 46465576 792717 infeasible   74         0.02742    0.02859  4.26%  19.9 14510s
 46484284 792870    0.02748   99   16    0.02742    0.02859  4.26%  19.9 14515s
 46503643 793802    0.02859  106    4    0.02742    0.02859  4.26%  19.9 14520s
 46519311 794491     cutoff   52         0.02742    0.02859  4.25%  19.9 14525s
 46537978 795280    0.02804   52   53    0.02742    0.02859  4.25%  19.9 14530s
 46556423 796201 infeasible  110         0.02742    0.02859  4.25%  19.9 14535s
 46575443 796715     cutoff   61         0.02742    0.02859  4.24%  19.9 14540s
 46593566 796432    0.02748  122    2    0.02742    0.02859  4.24%  19.9 14545s
 46608957 796271    0.02742  110   14    0.02742    0.02858  4.23%  19.9 14550s
 46628097 795914    0.02858   43   52    0.02742    0.02858  4.23%  19.9 14555s
 46647335 796505    0.02742  111   14    0.02742    0.02858  4.22%  19.9 14560s
 46667490 796177     cutoff   88         0.02742    0.02858  4.22%  19.9 14565s
 46687026 795821    0.02830   48   54    0.02742    0.02858  4.21%  19.9 14570s
 46705266 795632     cutoff   47         0.02742    0.02858  4.20%  19.9 14575s
 46717518 795404     cutoff   47         0.02742    0.02857  4.20%  19.9 14580s
 46737295 794795    0.02744   30   57    0.02742    0.02857  4.19%  19.9 14585s
 46756828 795727    0.02785   45   52    0.02742    0.02857  4.19%  19.9 14590s
 46775894 795105    0.02857  104    9    0.02742    0.02857  4.18%  19.9 14595s
 46794696 794704     cutoff   97         0.02742    0.02857  4.17%  19.9 14600s
 46811940 795017    0.02852   96   20    0.02742    0.02857  4.16%  19.9 14605s
 46830746 795461     cutoff   54         0.02742    0.02856  4.16%  19.9 14610s
 46847969 795823    0.02745  103   15    0.02742    0.02856  4.15%  19.9 14615s
 46867380 795340    0.02789   48   61    0.02742    0.02856  4.15%  19.8 14620s
 46882870 794798    0.02746  100   20    0.02742    0.02856  4.14%  19.8 14625s
 46905439 794316 infeasible   99         0.02742    0.02856  4.13%  19.8 14630s
 46920972 794425    0.02753   99   21    0.02742    0.02855  4.12%  19.8 14635s
 46939964 794458     cutoff   47         0.02742    0.02855  4.12%  19.8 14640s
 46958501 793767 infeasible   96         0.02742    0.02855  4.11%  19.8 14645s
 46978091 792829     cutoff   44         0.02742    0.02855  4.10%  19.8 14650s
 46997343 793006    0.02822   45   54    0.02742    0.02855  4.09%  19.8 14655s
 47016657 793388    0.02854   41   50    0.02742    0.02854  4.08%  19.8 14660s
 47034450 794006     cutoff   81         0.02742    0.02854  4.08%  19.8 14665s
 47052685 793516    0.02853   45   52    0.02742    0.02854  4.07%  19.8 14670s
 47071574 793133     cutoff   45         0.02742    0.02854  4.06%  19.8 14675s
 47090358 792573 infeasible   93         0.02742    0.02853  4.05%  19.8 14680s
 47109234 792664    0.02848   40   53    0.02742    0.02853  4.04%  19.8 14685s
 47128368 792951    0.02767   51   51    0.02742    0.02853  4.04%  19.8 14690s
 47146848 792540    0.02747  103   23    0.02742    0.02853  4.03%  19.8 14695s
 47163664 792090     cutoff   45         0.02742    0.02853  4.02%  19.8 14700s
 47182944 791563 infeasible   86         0.02742    0.02853  4.02%  19.8 14705s
 47201942 791535 infeasible  101         0.02742    0.02852  4.01%  19.8 14710s
 47220738 791501     cutoff   49         0.02742    0.02852  4.00%  19.8 14715s
 47237828 791123    0.02852   51   59    0.02742    0.02852  4.00%  19.8 14720s
 47256892 790981 infeasible  100         0.02742    0.02852  3.99%  19.8 14725s
 47272264 790971 infeasible  118         0.02742    0.02852  3.99%  19.8 14730s
 47291767 790588     cutoff   51         0.02742    0.02852  3.98%  19.8 14735s
 47310860 790732    0.02851  100    3    0.02742    0.02851  3.98%  19.8 14740s
 47329870 790624    0.02831   49   46    0.02742    0.02851  3.97%  19.7 14745s
 47349113 790794    0.02758  102   14    0.02742    0.02851  3.97%  19.7 14750s
 47368205 791259     cutoff   51         0.02742    0.02851  3.96%  19.7 14755s
 47386799 791582 infeasible  109         0.02742    0.02851  3.96%  19.7 14760s
 47405993 792023 infeasible  107         0.02742    0.02851  3.95%  19.7 14765s
 47424623 792255 infeasible  106         0.02742    0.02851  3.95%  19.7 14770s
 47443992 792469     cutoff  111         0.02742    0.02851  3.95%  19.7 14775s
 47461009 792603    0.02744  106    9    0.02742    0.02850  3.94%  19.7 14780s
 47480659 793108 infeasible   96         0.02742    0.02850  3.94%  19.7 14785s
 47498969 793721    0.02849   99   14    0.02742    0.02850  3.94%  19.7 14790s
 47518139 793948 infeasible  104         0.02742    0.02850  3.93%  19.7 14795s
 47534771 794147     cutoff   75         0.02742    0.02850  3.93%  19.7 14800s
 47553029 794450 infeasible  107         0.02742    0.02850  3.93%  19.7 14805s
 47572215 794991 infeasible  107         0.02742    0.02850  3.92%  19.7 14810s
 47592313 795646     cutoff   47         0.02742    0.02850  3.92%  19.7 14815s
 47609904 795937    0.02850  101   15    0.02742    0.02850  3.92%  19.7 14820s
 47625487 796268    0.02850  102    9    0.02742    0.02850  3.91%  19.7 14825s
 47644207 796821 infeasible  109         0.02742    0.02850  3.91%  19.7 14830s
 47663791 797511    0.02808   45   45    0.02742    0.02849  3.91%  19.7 14835s
 47683269 798907    0.02746  106    9    0.02742    0.02849  3.90%  19.6 14840s
 47701749 800170    0.02849   99    5    0.02742    0.02849  3.90%  19.6 14845s
 47720116 801679    0.02744  109   11    0.02742    0.02849  3.90%  19.6 14850s
 47739601 803355    0.02849  103    9    0.02742    0.02849  3.90%  19.6 14855s
 47758697 804990    0.02750  101   16    0.02742    0.02849  3.89%  19.6 14860s
 47779572 806653 infeasible  102         0.02742    0.02849  3.89%  19.6 14865s
 47797292 808156 infeasible  105         0.02742    0.02849  3.89%  19.6 14870s
 47818710 809311     cutoff  103         0.02742    0.02849  3.89%  19.6 14875s
 47838310 810339    0.02743  111   13    0.02742    0.02849  3.89%  19.6 14880s
 47857067 811394 infeasible  109         0.02742    0.02849  3.89%  19.6 14885s
 47874891 812300     cutoff   36         0.02742    0.02849  3.89%  19.6 14890s
 47894545 813006    0.02748  109   14    0.02742    0.02849  3.88%  19.6 14895s
 47914143 814155 infeasible  110         0.02742    0.02849  3.88%  19.6 14900s
 47930748 814699    0.02849  103    8    0.02742    0.02849  3.88%  19.6 14905s
 47949582 815660 infeasible  105         0.02742    0.02849  3.88%  19.6 14910s
 47967920 816562     cutoff  117         0.02742    0.02849  3.88%  19.6 14915s
 47987402 816983 infeasible  111         0.02742    0.02849  3.88%  19.6 14920s
 48005511 817199    0.02743  111   10    0.02742    0.02849  3.87%  19.5 14925s
 48022997 816968    0.02748  112   10    0.02742    0.02848  3.87%  19.5 14930s
 48041070 815987    0.02838   40   53    0.02742    0.02848  3.86%  19.5 14935s
 48059735 815003    0.02848   97    9    0.02742    0.02848  3.86%  19.5 14940s
 48077729 814293    0.02847   45   53    0.02742    0.02848  3.85%  19.5 14945s
 48097345 814596     cutoff  109         0.02742    0.02848  3.84%  19.5 14950s
 48114779 815829    0.02751  103   24    0.02742    0.02848  3.84%  19.5 14955s
 48133197 817798    0.02747  113    5    0.02742    0.02848  3.84%  19.5 14960s
 48151113 819381    0.02847   88   22    0.02742    0.02847  3.83%  19.5 14965s
 48168864 821095 infeasible   95         0.02742    0.02847  3.83%  19.5 14970s
 48185355 822406 infeasible   98         0.02742    0.02847  3.83%  19.5 14975s
 48202398 823167    0.02847  109    8    0.02742    0.02847  3.82%  19.5 14980s
 48221845 824613 infeasible  101         0.02742    0.02847  3.82%  19.5 14985s
 48240844 825718    0.02743  112    4    0.02742    0.02847  3.82%  19.5 14990s
 48259385 826993 infeasible  108         0.02742    0.02847  3.81%  19.5 14995s
 48278166 828875 infeasible  112         0.02742    0.02847  3.81%  19.5 15000s
 48295262 830594    0.02763   95   25    0.02742    0.02847  3.81%  19.5 15005s
 48313839 832194 infeasible   46         0.02742    0.02847  3.80%  19.5 15010s
 48332833 833527    0.02843   52   51    0.02742    0.02847  3.80%  19.5 15015s
 48348561 834366    0.02846   92    5    0.02742    0.02846  3.79%  19.5 15020s
 48366712 834807     cutoff  112         0.02742    0.02846  3.79%  19.5 15025s
 48381131 835124    0.02846  104   11    0.02742    0.02846  3.79%  19.5 15030s
 48399570 836124 infeasible  116         0.02742    0.02846  3.78%  19.4 15035s
 48417949 837066     cutoff   96         0.02742    0.02846  3.78%  19.4 15040s
 48436609 837910 infeasible  104         0.02742    0.02846  3.78%  19.4 15045s
 48456217 838722    0.02846  106    3    0.02742    0.02846  3.77%  19.4 15050s
 48475196 839872    0.02764  106   14    0.02742    0.02846  3.77%  19.4 15055s
 48493788 840836    0.02846  104    3    0.02742    0.02846  3.77%  19.4 15060s
 48512318 841703     cutoff  114         0.02742    0.02846  3.76%  19.4 15065s
 48530995 842401 infeasible  106         0.02742    0.02845  3.76%  19.4 15070s
 48549101 843539     cutoff   44         0.02742    0.02845  3.76%  19.4 15075s
 48567098 844465    0.02845  102    4    0.02742    0.02845  3.75%  19.4 15080s
 48585221 845734     cutoff   58         0.02742    0.02845  3.75%  19.4 15085s
 48603451 846656    0.02845  102    6    0.02742    0.02845  3.75%  19.4 15090s
 48622581 847963 infeasible   99         0.02742    0.02845  3.74%  19.4 15095s
 48640027 848704    0.02743  108    2    0.02742    0.02845  3.74%  19.4 15100s
 48658773 849537 infeasible  103         0.02742    0.02845  3.74%  19.4 15105s
 48674245 850253    0.02845   41   51    0.02742    0.02845  3.73%  19.4 15110s
 48692268 850790 infeasible  118         0.02742    0.02845  3.73%  19.4 15115s
 48711665 852107 infeasible  100         0.02742    0.02845  3.73%  19.4 15120s
 48730030 852978    0.02745  113    3    0.02742    0.02845  3.73%  19.4 15125s
 48747926 853862 infeasible   92         0.02742    0.02844  3.72%  19.4 15130s
 48766210 854753 infeasible   52         0.02742    0.02844  3.72%  19.4 15135s
 48785308 856377 infeasible  116         0.02742    0.02844  3.72%  19.3 15140s
 48804965 857428     cutoff   98         0.02742    0.02844  3.71%  19.3 15145s
 48824390 858689 infeasible  111         0.02742    0.02844  3.71%  19.3 15150s
 48843201 859934    0.02742  115    8    0.02742    0.02844  3.71%  19.3 15155s
 48860781 861043    0.02844  105    4    0.02742    0.02844  3.70%  19.3 15160s
 48879383 861851 infeasible  114         0.02742    0.02844  3.70%  19.3 15165s
 48896766 862863    0.02776   98   17    0.02742    0.02844  3.70%  19.3 15170s
 48915231 863774 infeasible  109         0.02742    0.02844  3.69%  19.3 15175s
 48935441 866040     cutoff  104         0.02742    0.02844  3.69%  19.3 15180s
 48948392 867081     cutoff   45         0.02742    0.02843  3.69%  19.3 15185s
 48967999 868699 infeasible   48         0.02742    0.02843  3.68%  19.3 15190s
 48987280 870105    0.02743  102   10    0.02742    0.02843  3.68%  19.3 15195s
 49007471 871963    0.02843   45   58    0.02742    0.02843  3.68%  19.3 15200s
 49025958 872864    0.02742  105   15    0.02742    0.02843  3.67%  19.3 15205s
 49043968 873281 infeasible  110         0.02742    0.02843  3.67%  19.3 15210s
 49063349 874658    0.02743   99   13    0.02742    0.02843  3.66%  19.3 15215s
 49081728 875675     cutoff   46         0.02742    0.02843  3.66%  19.3 15220s
 49099704 877187    0.02773  108   18    0.02742    0.02843  3.66%  19.3 15225s
 49118626 878527    0.02843  104    5    0.02742    0.02843  3.65%  19.3 15230s
 49135508 878843 infeasible   95         0.02742    0.02842  3.65%  19.3 15235s
 49154452 878984    0.02782   42   57    0.02742    0.02842  3.64%  19.2 15240s
 49170911 879327    0.02842  105    3    0.02742    0.02842  3.64%  19.2 15245s
 49190079 879164 infeasible  111         0.02742    0.02842  3.63%  19.2 15250s
 49208712 879233    0.02747  113   12    0.02742    0.02842  3.63%  19.2 15255s
 49226230 879362     cutoff   48         0.02742    0.02842  3.62%  19.2 15260s
 49244458 880533     cutoff  120         0.02742    0.02842  3.62%  19.2 15265s
 49262463 881632    0.02758  102   17    0.02742    0.02841  3.61%  19.2 15270s
 49279054 883126 infeasible   96         0.02742    0.02841  3.61%  19.2 15275s
 49298035 884861     cutoff   51         0.02742    0.02841  3.61%  19.2 15280s
 49316675 885823    0.02742  111    2    0.02742    0.02841  3.60%  19.2 15285s
 49334685 886987     cutoff   47         0.02742    0.02841  3.60%  19.2 15290s
 49354157 887476     cutoff   48         0.02742    0.02841  3.59%  19.2 15295s
 49369872 888104    0.02841  104    5    0.02742    0.02841  3.59%  19.2 15300s
 49388898 888325     cutoff   51         0.02742    0.02841  3.58%  19.2 15305s
 49408580 888588    0.02744  106   11    0.02742    0.02840  3.58%  19.2 15310s
 49426420 889738    0.02747  106   12    0.02742    0.02840  3.57%  19.2 15315s
 49445535 890735     cutoff   41         0.02742    0.02840  3.57%  19.2 15320s
 49464817 892101    0.02840  101    6    0.02742    0.02840  3.56%  19.2 15325s
 49482249 892652    0.02744  118    4    0.02742    0.02840  3.56%  19.2 15330s
 49501297 893860     cutoff   99         0.02742    0.02840  3.55%  19.2 15335s
 49517955 894581     cutoff   42         0.02742    0.02840  3.54%  19.2 15340s
 49534526 894619     cutoff   44         0.02742    0.02839  3.54%  19.2 15345s
 49553748 894589    0.02744  109    6    0.02742    0.02839  3.53%  19.2 15350s
 49572255 894864    0.02837   51   58    0.02742    0.02839  3.52%  19.2 15355s
 49590628 895549    0.02792   41   53    0.02742    0.02839  3.52%  19.1 15360s
 49609561 895511    0.02748  103   12    0.02742    0.02839  3.51%  19.1 15365s
 49626566 895430 infeasible  116         0.02742    0.02838  3.50%  19.1 15370s
 49643828 895893     cutoff   48         0.02742    0.02838  3.49%  19.1 15375s
 49663206 896353     cutoff   47         0.02742    0.02838  3.48%  19.1 15380s
 49682173 896107     cutoff   53         0.02742    0.02838  3.47%  19.1 15385s
 49701073 895536    0.02744  105   18    0.02742    0.02837  3.46%  19.1 15390s
 49719853 895468    0.02816   46   55    0.02742    0.02837  3.45%  19.1 15395s
 49737198 895235    0.02837   98   11    0.02742    0.02837  3.45%  19.1 15400s
 49756288 894744    0.02762   70   33    0.02742    0.02837  3.44%  19.1 15405s
 49775571 893591     cutoff   42         0.02742    0.02836  3.42%  19.1 15410s
 49794626 891850    0.02779   50   55    0.02742    0.02836  3.41%  19.1 15415s
 49815498 890706    0.02762   38   50    0.02742    0.02836  3.40%  19.1 15420s
 49832266 890460    0.02756   91   31    0.02742    0.02835  3.39%  19.1 15425s
 49849949 889061     cutoff   45         0.02742    0.02835  3.38%  19.1 15430s
 49867943 887858     cutoff   40         0.02742    0.02835  3.37%  19.1 15435s
 49886972 886955    0.02834   33   53    0.02742    0.02834  3.36%  19.1 15440s
 49905875 885418    0.02818   44   54    0.02742    0.02834  3.35%  19.1 15445s
 49924489 884016    0.02749  108    8    0.02742    0.02834  3.33%  19.1 15450s
 49939214 883254    0.02770   46   53    0.02742    0.02834  3.32%  19.1 15455s
 49959168 882626    0.02748  109    8    0.02742    0.02833  3.31%  19.1 15460s
 49978517 883124 infeasible   94         0.02742    0.02833  3.30%  19.1 15465s
 49998262 883184     cutoff   54         0.02742    0.02833  3.30%  19.1 15470s
 50017041 882065     cutoff   55         0.02742    0.02832  3.28%  19.1 15475s
 50036439 881195     cutoff   50         0.02742    0.02832  3.27%  19.1 15480s
 50056271 879908    0.02752   58   53    0.02742    0.02832  3.26%  19.1 15485s
 50074881 879106     cutoff   39         0.02742    0.02831  3.25%  19.1 15490s
 50093895 879330 infeasible  109         0.02742    0.02831  3.24%  19.1 15495s
 50112505 878151    0.02816   48   55    0.02742    0.02831  3.23%  19.1 15500s
 50131913 877144    0.02822   31   61    0.02742    0.02831  3.22%  19.1 15505s
 50151525 877045    0.02824   55   54    0.02742    0.02830  3.20%  19.1 15510s
 50170199 876655    0.02785   49   48    0.02742    0.02830  3.19%  19.1 15515s
 50190434 876238    0.02828   41   56    0.02742    0.02830  3.18%  19.1 15520s
 50207939 875393    0.02757   39   56    0.02742    0.02829  3.17%  19.0 15525s
 50227474 874340     cutoff   60         0.02742    0.02829  3.16%  19.0 15530s
 50245695 873665     cutoff   47         0.02742    0.02829  3.15%  19.0 15535s
 50266170 872787    0.02826   99   10    0.02742    0.02828  3.14%  19.0 15540s
 50286308 872509    0.02828  105    4    0.02742    0.02828  3.13%  19.0 15545s
 50306757 871346    0.02748   48   55    0.02742    0.02828  3.12%  19.0 15550s
 50326521 870935     cutoff   51         0.02742    0.02828  3.11%  19.0 15555s
 50344160 869985    0.02744  109    6    0.02742    0.02827  3.10%  19.0 15560s
 50363951 868933     cutoff   48         0.02742    0.02827  3.08%  19.0 15565s
 50383083 867797 infeasible  109         0.02742    0.02827  3.07%  19.0 15570s
 50400983 866512 infeasible   84         0.02742    0.02826  3.06%  19.0 15575s
 50420180 865486    0.02747  117    2    0.02742    0.02826  3.05%  19.0 15580s
 50439326 864435 infeasible   48         0.02742    0.02826  3.04%  19.0 15585s
 50458321 863390     cutoff   45         0.02742    0.02825  3.03%  19.0 15590s
 50476058 862594 infeasible   99         0.02742    0.02825  3.02%  19.0 15595s
 50495624 861484 infeasible  109         0.02742    0.02825  3.00%  19.0 15600s
 50513028 860878 infeasible  107         0.02742    0.02824  3.00%  19.0 15605s
 50532226 859845     cutoff   50         0.02742    0.02824  2.99%  19.0 15610s
 50551734 859248    0.02792   42   57    0.02742    0.02824  2.98%  19.0 15615s
 50569267 858884 infeasible   77         0.02742    0.02824  2.97%  19.0 15620s
 50586975 859427     cutoff   47         0.02742    0.02824  2.96%  19.0 15625s
 50606052 860124 infeasible   70         0.02742    0.02823  2.95%  19.0 15630s
 50622631 860858    0.02823  105    8    0.02742    0.02823  2.95%  19.0 15635s
 50637139 861842     cutoff   51         0.02742    0.02823  2.94%  19.0 15640s
 50657753 862516     cutoff  112         0.02742    0.02823  2.94%  19.0 15645s
 50673403 862789    0.02822  108    3    0.02742    0.02823  2.93%  19.0 15650s
 50692072 863218     cutoff   48         0.02742    0.02823  2.92%  19.0 15655s
 50711117 863566    0.02748   35   51    0.02742    0.02822  2.92%  19.0 15660s
 50727662 863589 infeasible   47         0.02742    0.02822  2.91%  19.0 15665s
 50747436 864163    0.02821   39   39    0.02742    0.02822  2.90%  19.0 15670s
 50766401 865253    0.02821   99   13    0.02742    0.02822  2.89%  19.0 15675s
 50779444 865724    0.02822   44   55    0.02742    0.02822  2.89%  18.9 15680s
 50798693 866839 infeasible  123         0.02742    0.02821  2.88%  18.9 15685s
 50816798 868349     cutoff   54         0.02742    0.02821  2.88%  18.9 15690s
 50835539 869623    0.02757  108   11    0.02742    0.02821  2.87%  18.9 15695s
 50853415 870884    0.02821   49   52    0.02742    0.02821  2.86%  18.9 15700s
 50872572 872481    0.02749  103    1    0.02742    0.02821  2.86%  18.9 15705s
 50891516 874124     cutoff   42         0.02742    0.02821  2.85%  18.9 15710s
 50910004 875538    0.02816   68   32    0.02742    0.02820  2.85%  18.9 15715s
 50928222 876175     cutoff  119         0.02742    0.02820  2.84%  18.9 15720s
 50947897 878044    0.02769  103   12    0.02742    0.02820  2.84%  18.9 15725s
 50967384 879676     cutoff   49         0.02742    0.02820  2.83%  18.9 15730s
 50986783 882309    0.02820  102    3    0.02742    0.02820  2.83%  18.9 15735s
 51003076 883783    0.02751  114    7    0.02742    0.02820  2.82%  18.9 15740s
 51020769 885396     cutoff   48         0.02742    0.02820  2.82%  18.9 15745s
 51038198 887737    0.02750  118    3    0.02742    0.02819  2.81%  18.9 15750s
 51055117 889318    0.02752  111   12    0.02742    0.02819  2.81%  18.9 15755s
 51073620 891423    0.02819   80   21    0.02742    0.02819  2.80%  18.9 15760s
 51093082 893727     cutoff   54         0.02742    0.02819  2.80%  18.9 15765s
 51111160 895383    0.02755  108   11    0.02742    0.02819  2.79%  18.9 15770s
 51128946 897604 infeasible  112         0.02742    0.02819  2.79%  18.9 15775s
 51147622 899163    0.02801   49   56    0.02742    0.02819  2.78%  18.9 15780s
 51166420 900766    0.02782   43   55    0.02742    0.02819  2.78%  18.9 15785s
 51185556 902286    0.02773   46   53    0.02742    0.02818  2.77%  18.9 15790s
 51202814 903828 infeasible  114         0.02742    0.02818  2.77%  18.9 15795s
 51219834 905261    0.02817   64   35    0.02742    0.02818  2.76%  18.8 15800s
 51238196 906797    0.02818   92   11    0.02742    0.02818  2.76%  18.8 15805s
 51256652 908159    0.02776   38   54    0.02742    0.02818  2.75%  18.8 15810s
 51274548 909031    0.02818  105    4    0.02742    0.02818  2.75%  18.8 15815s
 51290035 909686    0.02750  120    3    0.02742    0.02818  2.74%  18.8 15820s
 51308770 910461    0.02787   48   52    0.02742    0.02817  2.74%  18.8 15825s
 51327250 911426    0.02817  105    7    0.02742    0.02817  2.73%  18.8 15830s
 51344191 911871    0.02812   55   25    0.02742    0.02817  2.72%  18.8 15835s
 51361602 912028    0.02750  118    3    0.02742    0.02817  2.72%  18.8 15840s
 51379760 911917    0.02752  110    9    0.02742    0.02817  2.71%  18.8 15845s
 51397319 911651 infeasible   89         0.02742    0.02817  2.70%  18.8 15850s
 51417204 911303     cutoff  104         0.02742    0.02816  2.70%  18.8 15855s
 51435419 910617     cutoff  116         0.02742    0.02816  2.69%  18.8 15860s
 51452059 909833    0.02794   41   50    0.02742    0.02816  2.68%  18.8 15865s
 51469059 909400 infeasible   98         0.02742    0.02816  2.67%  18.8 15870s
 51486820 908501    0.02815  102    3    0.02742    0.02815  2.67%  18.8 15875s
 51505120 907968    0.02815  103    5    0.02742    0.02815  2.66%  18.8 15880s
 51523256 907688    0.02770  114   11    0.02742    0.02815  2.65%  18.8 15885s
 51541899 907059    0.02769   47   54    0.02742    0.02815  2.65%  18.8 15890s
 51559737 906898     cutoff   41         0.02742    0.02815  2.64%  18.8 15895s
 51578444 906649    0.02813   55   40    0.02742    0.02815  2.63%  18.8 15900s
 51595801 907715    0.02814   49   54    0.02742    0.02814  2.63%  18.8 15905s
 51614793 907761 infeasible   98         0.02742    0.02814  2.62%  18.8 15910s
 51634562 908278    0.02814   97   13    0.02742    0.02814  2.61%  18.8 15915s
 51653115 908007    0.02806   56   54    0.02742    0.02814  2.61%  18.8 15920s
 51670658 907574    0.02771   46   53    0.02742    0.02814  2.60%  18.8 15925s
 51689746 907078     cutoff   46         0.02742    0.02813  2.59%  18.7 15930s
 51708739 906802 infeasible   63         0.02742    0.02813  2.58%  18.7 15935s
 51725420 906910    0.02763   53   51    0.02742    0.02813  2.57%  18.7 15940s
 51743756 906450     cutoff   47         0.02742    0.02812  2.56%  18.7 15945s
 51757958 905733     cutoff   45         0.02742    0.02812  2.55%  18.7 15950s
 51776410 906626     cutoff   46         0.02742    0.02812  2.54%  18.7 15955s
 51795738 906456 infeasible   87         0.02742    0.02812  2.53%  18.7 15960s
 51813595 905694     cutoff   48         0.02742    0.02811  2.52%  18.7 15965s
 51832740 904651     cutoff   98         0.02742    0.02811  2.50%  18.7 15970s
 51852104 904346    0.02811  104    3    0.02742    0.02811  2.49%  18.7 15975s
 51872351 904449    0.02807   47   52    0.02742    0.02810  2.48%  18.7 15980s
 51891048 903245    0.02810  101    6    0.02742    0.02810  2.47%  18.7 15985s
 51908670 902919 infeasible   89         0.02742    0.02810  2.46%  18.7 15990s
 51927212 902338     cutoff   39         0.02742    0.02810  2.45%  18.7 15995s
 51946574 902552     cutoff  107         0.02742    0.02809  2.44%  18.7 16000s
 51966268 903163    0.02750  112    2    0.02742    0.02809  2.43%  18.7 16005s
 51984318 904375 infeasible  106         0.02742    0.02809  2.43%  18.7 16010s
 52002861 906042    0.02747  110   15    0.02742    0.02809  2.42%  18.7 16015s
 52021287 905638 infeasible  104         0.02742    0.02809  2.41%  18.7 16020s
 52038195 904824    0.02744  100    6    0.02742    0.02808  2.40%  18.7 16025s
 52057838 903861    0.02745  107   27    0.02742    0.02808  2.39%  18.7 16030s
 52076378 902269 infeasible   79         0.02742    0.02808  2.38%  18.7 16035s
 52094584 901042    0.02743   96    6    0.02742    0.02807  2.37%  18.7 16040s
 52112988 900472    0.02742  107   15    0.02742    0.02807  2.36%  18.7 16045s
 52131415 899620     cutoff   53         0.02742    0.02807  2.35%  18.7 16050s
 52145128 898996 infeasible  100         0.02742    0.02806  2.34%  18.7 16055s
 52163811 898077    0.02806   85    9    0.02742    0.02806  2.33%  18.7 16060s
 52183773 898622     cutoff   49         0.02742    0.02806  2.32%  18.7 16065s
 52202943 897700     cutoff   44         0.02742    0.02806  2.31%  18.7 16070s
 52222180 897690    0.02781   43   51    0.02742    0.02805  2.30%  18.7 16075s
 52240871 898314    0.02758  109    1    0.02742    0.02805  2.29%  18.6 16080s
 52259115 898875     cutoff   49         0.02742    0.02805  2.28%  18.6 16085s
 52277692 899812     cutoff   49         0.02742    0.02805  2.27%  18.6 16090s
 52296740 901513    0.02755  110    1    0.02742    0.02804  2.26%  18.6 16095s
 52315932 902509    0.02755  110    3    0.02742    0.02804  2.26%  18.6 16100s
 52334635 903409     cutoff   44         0.02742    0.02804  2.25%  18.6 16105s
 52352774 905170     cutoff   52         0.02742    0.02804  2.25%  18.6 16110s
 52371534 907272 infeasible  110         0.02742    0.02804  2.24%  18.6 16115s
 52390365 907817     cutoff   45         0.02742    0.02804  2.23%  18.6 16120s
 52407322 908993    0.02746   42   51    0.02742    0.02803  2.23%  18.6 16125s
 52425386 910664 infeasible   99         0.02742    0.02803  2.22%  18.6 16130s
 52443808 911897    0.02789   58   36    0.02742    0.02803  2.22%  18.6 16135s
 52460501 913590    0.02751  115    6    0.02742    0.02803  2.22%  18.6 16140s
 52478116 914961 infeasible  105         0.02742    0.02803  2.21%  18.6 16145s
 52496059 917066    0.02757   52   56    0.02742    0.02803  2.21%  18.6 16150s
 52516826 919625 infeasible   91         0.02742    0.02803  2.20%  18.6 16155s
 52532298 921433    0.02748  102    8    0.02742    0.02803  2.20%  18.6 16160s
 52550032 923901    0.02753  106    3    0.02742    0.02803  2.20%  18.6 16165s
 52569323 926194    0.02751  108    1    0.02742    0.02802  2.19%  18.6 16170s
 52588154 929312 infeasible   94         0.02742    0.02802  2.19%  18.6 16175s
 52606410 931021    0.02743  103   11    0.02742    0.02802  2.18%  18.6 16180s
 52625585 933156    0.02755   97   11    0.02742    0.02802  2.18%  18.6 16185s
 52644245 935329    0.02748  108    2    0.02742    0.02802  2.18%  18.6 16190s
 52662528 937778 infeasible   99         0.02742    0.02802  2.17%  18.5 16195s
 52681608 939755    0.02771   99   12    0.02742    0.02802  2.17%  18.5 16200s
 52700431 942178 infeasible  101         0.02742    0.02802  2.17%  18.5 16205s
 52718917 944283    0.02776   43   54    0.02742    0.02802  2.16%  18.5 16210s
 52735713 946001    0.02743  108    1    0.02742    0.02802  2.16%  18.5 16215s
 52754358 948539    0.02797   92    8    0.02742    0.02801  2.16%  18.5 16220s
 52773287 950557    0.02801   91    7    0.02742    0.02801  2.15%  18.5 16225s
 52792641 952318 infeasible  101         0.02742    0.02801  2.15%  18.5 16230s
 52809032 954218    0.02761   46   55    0.02742    0.02801  2.15%  18.5 16235s
 52828583 956559    0.02751   39   52    0.02742    0.02801  2.14%  18.5 16240s
 52844256 958112 infeasible   92         0.02742    0.02801  2.14%  18.5 16245s
 52859331 959723    0.02801   91    5    0.02742    0.02801  2.14%  18.5 16250s
 52876895 961777 infeasible  110         0.02742    0.02801  2.14%  18.5 16255s
 52892586 963742    0.02748  111    4    0.02742    0.02801  2.13%  18.5 16260s
 52910952 965693    0.02743   78   20    0.02742    0.02801  2.13%  18.5 16265s
 52930091 968112 infeasible  108         0.02742    0.02801  2.13%  18.5 16270s
 52948417 970251 infeasible  102         0.02742    0.02801  2.12%  18.5 16275s
 52968147 973437     cutoff   55         0.02742    0.02801  2.12%  18.5 16280s
 52987278 975945    0.02758  105   12    0.02742    0.02800  2.12%  18.5 16285s
 53006256 978627    0.02756  102   12    0.02742    0.02800  2.12%  18.5 16290s
 53024854 981692    0.02800   98    7    0.02742    0.02800  2.11%  18.5 16295s
 53042690 984153    0.02745  107    8    0.02742    0.02800  2.11%  18.4 16300s
 53062078 986388    0.02756  107   11    0.02742    0.02800  2.11%  18.4 16305s
 53079318 988817 infeasible   95         0.02742    0.02800  2.11%  18.4 16310s
 53097867 990614 infeasible  107         0.02742    0.02800  2.10%  18.4 16315s
 53117527 993203    0.02759  101   19    0.02742    0.02800  2.10%  18.4 16320s
 53135169 995117    0.02747  109    1    0.02742    0.02800  2.09%  18.4 16325s
 53150251 996941     cutoff   42         0.02742    0.02800  2.09%  18.4 16330s
 53168124 999489 infeasible   98         0.02742    0.02800  2.09%  18.4 16335s
 53185790 1001457    0.02745  103   10    0.02742    0.02799  2.08%  18.4 16340s
 53205246 1003831    0.02799   88    4    0.02742    0.02799  2.08%  18.4 16345s
 53220636 1005399    0.02763   93   25    0.02742    0.02799  2.08%  18.4 16350s
 53240833 1007320 infeasible   97         0.02742    0.02799  2.07%  18.4 16355s
 53260029 1009297     cutoff   44         0.02742    0.02799  2.07%  18.4 16360s
 53278566 1011139 infeasible  103         0.02742    0.02799  2.06%  18.4 16365s
 53295558 1012106    0.02790   47   57    0.02742    0.02799  2.06%  18.4 16370s
 53315157 1014179     cutoff  105         0.02742    0.02799  2.06%  18.4 16375s
 53333427 1015791    0.02755   78   32    0.02742    0.02799  2.05%  18.4 16380s
 53352204 1018051     cutoff   55         0.02742    0.02799  2.05%  18.4 16385s
 53372486 1020627    0.02785   44   56    0.02742    0.02798  2.04%  18.4 16390s
 53391006 1022599    0.02798   95    3    0.02742    0.02798  2.04%  18.4 16395s
 53409190 1024312    0.02798   93    6    0.02742    0.02798  2.04%  18.4 16400s
 53427379 1025852    0.02789   50   54    0.02742    0.02798  2.03%  18.4 16405s
 53445353 1027504     cutoff   70         0.02742    0.02798  2.03%  18.3 16410s
 53465516 1029442     cutoff   83         0.02742    0.02798  2.02%  18.3 16415s
 53484216 1031029     cutoff   96         0.02742    0.02798  2.02%  18.3 16420s
 53503219 1032523    0.02797   94    9    0.02742    0.02798  2.01%  18.3 16425s
 53521539 1033842 infeasible   87         0.02742    0.02797  2.01%  18.3 16430s
 53538133 1035566 infeasible  102         0.02742    0.02797  2.00%  18.3 16435s
 53556378 1037529 infeasible   65         0.02742    0.02797  2.00%  18.3 16440s
 53574805 1038796    0.02745  107    5    0.02742    0.02797  1.99%  18.3 16445s
 53593631 1039413 infeasible   91         0.02742    0.02797  1.98%  18.3 16450s
 53610873 1039972 infeasible  106         0.02742    0.02797  1.98%  18.3 16455s
 53627337 1040065     cutoff   94         0.02742    0.02796  1.97%  18.3 16460s
 53646076 1040375    0.02796   96    3    0.02742    0.02796  1.96%  18.3 16465s
 53664821 1041256    0.02795   42   49    0.02742    0.02796  1.96%  18.3 16470s
 53683598 1041345    0.02744  100   20    0.02742    0.02796  1.95%  18.3 16475s
 53703122 1041396    0.02760   40   54    0.02742    0.02795  1.94%  18.3 16480s
 53722049 1041465    0.02752  103    8    0.02742    0.02795  1.93%  18.3 16485s
 53738218 1041895    0.02779   80   14    0.02742    0.02795  1.92%  18.3 16490s
 53756832 1042583     cutoff   41         0.02742    0.02795  1.92%  18.3 16495s
 53777817 1044307    0.02742  107   18    0.02742    0.02795  1.91%  18.3 16500s
 53796902 1045350    0.02795   96    3    0.02742    0.02795  1.90%  18.3 16505s
 53816730 1046334    0.02755   45   51    0.02742    0.02794  1.90%  18.3 16510s
 53836545 1047242 infeasible   96         0.02742    0.02794  1.89%  18.3 16515s
 53855111 1047468    0.02778   45   53    0.02742    0.02794  1.88%  18.3 16520s
 53874801 1048058    0.02750   99    9    0.02742    0.02794  1.87%  18.3 16525s
 53893936 1048296     cutoff   44         0.02742    0.02794  1.87%  18.3 16530s
 53909618 1048731    0.02770  102   20    0.02742    0.02793  1.86%  18.2 16535s
 53929174 1049568    0.02755  106   14    0.02742    0.02793  1.85%  18.2 16540s
 53949911 1050848 infeasible   96         0.02742    0.02793  1.85%  18.2 16545s
 53969566 1052082 infeasible   96         0.02742    0.02793  1.84%  18.2 16550s
 53990216 1053613 infeasible  102         0.02742    0.02793  1.84%  18.2 16555s
 54007901 1054645    0.02746  102    8    0.02742    0.02793  1.83%  18.2 16560s
 54026822 1055831     cutoff   49         0.02742    0.02792  1.82%  18.2 16565s
 54047148 1056788    0.02746  105   13    0.02742    0.02792  1.82%  18.2 16570s
 54067387 1057246 infeasible   46         0.02742    0.02792  1.81%  18.2 16575s
 54085415 1058144     cutoff   54         0.02742    0.02792  1.80%  18.2 16580s
 54105014 1059315 infeasible   87         0.02742    0.02792  1.79%  18.2 16585s
 54125357 1059780     cutoff  113         0.02742    0.02791  1.78%  18.2 16590s
 54143662 1061215    0.02755   99   24    0.02742    0.02791  1.78%  18.2 16595s
 54164013 1062474    0.02772   46   57    0.02742    0.02791  1.77%  18.2 16600s
 54184703 1063721     cutoff   51         0.02742    0.02791  1.76%  18.2 16605s
 54204837 1064750     cutoff   38         0.02742    0.02790  1.75%  18.2 16610s
 54223304 1066287     cutoff   55         0.02742    0.02790  1.75%  18.2 16615s
 54243737 1067632    0.02790   73   12    0.02742    0.02790  1.74%  18.2 16620s
 54264438 1068964    0.02766   94   19    0.02742    0.02790  1.74%  18.2 16625s
 54285433 1070672 infeasible  111         0.02742    0.02790  1.73%  18.2 16630s
 54305311 1071536    0.02790   93    7    0.02742    0.02790  1.73%  18.2 16635s
 54326545 1072748     cutoff   43         0.02742    0.02790  1.72%  18.2 16640s
 54347735 1073942    0.02778   92   30    0.02742    0.02789  1.72%  18.1 16645s
 54369299 1074587    0.02789   96    4    0.02742    0.02789  1.71%  18.1 16650s
 54391094 1075827    0.02789   91   12    0.02742    0.02789  1.71%  18.1 16655s
 54413336 1076719     cutoff   95         0.02742    0.02789  1.71%  18.1 16660s
 54433711 1077476    0.02788  103    3    0.02742    0.02789  1.70%  18.1 16665s
 54454554 1078276    0.02789   99    3    0.02742    0.02789  1.70%  18.1 16670s
 54476566 1078947 infeasible   98         0.02742    0.02789  1.70%  18.1 16675s
 54497523 1079683    0.02788  103    1    0.02742    0.02789  1.70%  18.1 16680s
 54518549 1080435     cutoff  102         0.02742    0.02789  1.69%  18.1 16685s
 54541431 1080897     cutoff   98         0.02742    0.02789  1.69%  18.1 16690s
 54566703 1081514    0.02789  103    2    0.02742    0.02789  1.69%  18.1 16695s
 54584651 1082173    0.02789   99    8    0.02742    0.02789  1.69%  18.1 16700s
 54605638 1082517    0.02788  101    1    0.02742    0.02789  1.68%  18.1 16705s
 54629908 1083206    0.02788  104    1    0.02742    0.02788  1.68%  18.1 16710s
 54651998 1083882    0.02788  103    1    0.02742    0.02788  1.68%  18.1 16715s
 54676307 1084353    0.02788   98    6    0.02742    0.02788  1.68%  18.1 16720s
 54698814 1084866    0.02787   99    1    0.02742    0.02788  1.68%  18.1 16725s
 54719037 1085171     cutoff  105         0.02742    0.02788  1.67%  18.0 16730s
 54741905 1085555    0.02788   92    1    0.02742    0.02788  1.67%  18.0 16735s
 54760478 1085668     cutoff   98         0.02742    0.02788  1.67%  18.0 16740s
 54784432 1086206    0.02788  105    2    0.02742    0.02788  1.67%  18.0 16745s
 54805399 1086545 infeasible  105         0.02742    0.02788  1.67%  18.0 16750s
 54828044 1087092    0.02788  105    4    0.02742    0.02788  1.67%  18.0 16755s
 54849101 1087709     cutoff   54         0.02742    0.02788  1.66%  18.0 16760s
 54873524 1088386 infeasible  104         0.02742    0.02788  1.66%  18.0 16765s
 54898876 1088720    0.02788   95    8    0.02742    0.02788  1.66%  18.0 16770s
 54919603 1089395    0.02788   94    6    0.02742    0.02788  1.66%  18.0 16775s
 54940221 1089826     cutoff  100         0.02742    0.02788  1.66%  18.0 16780s
 54964278 1090397    0.02787  106    1    0.02742    0.02788  1.66%  18.0 16785s
 54987437 1090883    0.02787  100    4    0.02742    0.02788  1.65%  18.0 16790s
 55012684 1091757    0.02787  104    1    0.02742    0.02788  1.65%  18.0 16795s
 55038999 1092540 infeasible  105         0.02742    0.02788  1.65%  18.0 16800s
 55064804 1093339 infeasible  101         0.02742    0.02788  1.65%  18.0 16805s
 55089581 1094084    0.02787   97    3    0.02742    0.02788  1.65%  17.9 16810s
 55111717 1094881     cutoff   99         0.02742    0.02787  1.65%  17.9 16815s
 55136654 1095536 infeasible  104         0.02742    0.02787  1.64%  17.9 16820s
 55162098 1096012    0.02787  103    1    0.02742    0.02787  1.64%  17.9 16825s
 55186945 1096475    0.02787   96    8    0.02742    0.02787  1.64%  17.9 16830s
 55209032 1097089    0.02787  100    2    0.02742    0.02787  1.64%  17.9 16835s
 55236066 1097713     cutoff   59         0.02742    0.02787  1.64%  17.9 16840s
 55262730 1098318     cutoff   47         0.02742    0.02787  1.64%  17.9 16845s
 55288409 1098611 infeasible   93         0.02742    0.02787  1.64%  17.9 16850s
 55314442 1099340     cutoff   61         0.02742    0.02787  1.63%  17.9 16855s
 55340377 1100078    0.02787  102    4    0.02742    0.02787  1.63%  17.9 16860s
 55364174 1100661 infeasible  102         0.02742    0.02787  1.63%  17.9 16865s
 55388485 1101167 infeasible  102         0.02742    0.02787  1.63%  17.9 16870s
 55414270 1101918    0.02787   99    4    0.02742    0.02787  1.63%  17.9 16875s
 55439995 1102397     cutoff  102         0.02742    0.02787  1.63%  17.9 16880s
 55464521 1103357    0.02787   97    4    0.02742    0.02787  1.63%  17.8 16885s
 55490505 1104075    0.02787  105    1    0.02742    0.02787  1.63%  17.8 16890s
 55517116 1104918    0.02745  101   14    0.02742    0.02787  1.63%  17.8 16895s
 55543530 1105417    0.02787  105    1    0.02742    0.02787  1.62%  17.8 16900s
 55567762 1106125 infeasible  105         0.02742    0.02787  1.62%  17.8 16905s
 55593199 1106566    0.02753   97   18    0.02742    0.02787  1.62%  17.8 16910s
 55619486 1107119    0.02774   96    3    0.02742    0.02787  1.62%  17.8 16915s
 55645481 1107408 infeasible  105         0.02742    0.02787  1.62%  17.8 16920s
 55669360 1107766    0.02787  104    1    0.02742    0.02787  1.62%  17.8 16925s
 55694594 1108354 infeasible  104         0.02742    0.02787  1.62%  17.8 16930s
 55720791 1108882 infeasible  100         0.02742    0.02787  1.62%  17.8 16935s
 55749102 1109740    0.02745  102   15    0.02742    0.02787  1.62%  17.8 16940s
 55771161 1110358 infeasible  102         0.02742    0.02787  1.62%  17.8 16945s
 55797363 1111243    0.02787   97    1    0.02742    0.02787  1.61%  17.8 16950s
 55821934 1111877 infeasible  100         0.02742    0.02787  1.61%  17.7 16955s
 55847606 1112405    0.02786  104    1    0.02742    0.02787  1.61%  17.7 16960s
 55875796 1113041 infeasible  106         0.02742    0.02787  1.61%  17.7 16965s
 55899000 1113581     cutoff   95         0.02742    0.02787  1.61%  17.7 16970s
 55924335 1114156     cutoff  103         0.02742    0.02786  1.61%  17.7 16975s
 55950655 1114699 infeasible  103         0.02742    0.02786  1.61%  17.7 16980s
 55977835 1115066    0.02786   93   11    0.02742    0.02786  1.61%  17.7 16985s
 56002058 1115351    0.02786   96    5    0.02742    0.02786  1.61%  17.7 16990s
 56028621 1115820    0.02786  103    2    0.02742    0.02786  1.61%  17.7 16995s
 56054589 1116137    0.02786  104    1    0.02742    0.02786  1.61%  17.7 17000s
 56080409 1116575    0.02786  102    2    0.02742    0.02786  1.60%  17.7 17005s
 56108405 1117181    0.02786   94    2    0.02742    0.02786  1.60%  17.7 17010s
 56134422 1117557 infeasible  104         0.02742    0.02786  1.60%  17.7 17015s
 56161577 1118193    0.02744  106   11    0.02742    0.02786  1.60%  17.7 17020s
 56183598 1118718    0.02786  103    1    0.02742    0.02786  1.60%  17.7 17025s
 56211154 1119672    0.02786   93    1    0.02742    0.02786  1.60%  17.6 17030s
 56238912 1120297    0.02785  106    1    0.02742    0.02786  1.60%  17.6 17035s
 56265443 1120995    0.02786   92   12    0.02742    0.02786  1.60%  17.6 17040s
 56291487 1121624 infeasible  104         0.02742    0.02786  1.60%  17.6 17045s
 56318659 1122150 infeasible  104         0.02742    0.02786  1.60%  17.6 17050s
 56344693 1122909    0.02786  103    2    0.02742    0.02786  1.60%  17.6 17055s
 56367635 1123315     cutoff  105         0.02742    0.02786  1.60%  17.6 17060s
 56392652 1123977    0.02786  106    3    0.02742    0.02786  1.60%  17.6 17065s
 56419298 1124292    0.02770   92   12    0.02742    0.02786  1.60%  17.6 17070s
 56441910 1124883    0.02786  103    2    0.02742    0.02786  1.59%  17.6 17075s
 56466881 1125402    0.02786  104    1    0.02742    0.02786  1.59%  17.6 17080s
 56492779 1126086    0.02786   99    2    0.02742    0.02786  1.59%  17.6 17085s
 56518779 1126561 infeasible  105         0.02742    0.02786  1.59%  17.6 17090s
 56544864 1127212 infeasible  100         0.02742    0.02786  1.59%  17.6 17095s
 56572559 1127761    0.02786  100    1    0.02742    0.02786  1.59%  17.5 17100s
 56600831 1128473 infeasible   93         0.02742    0.02786  1.59%  17.5 17105s
 56626313 1129522    0.02763  101    2    0.02742    0.02786  1.59%  17.5 17110s
 56654278 1130573    0.02786   99    5    0.02742    0.02786  1.59%  17.5 17115s
 56680013 1131486 infeasible  101         0.02742    0.02786  1.59%  17.5 17120s
 56708795 1132756    0.02786  102    2    0.02742    0.02786  1.59%  17.5 17125s
 56732815 1133592 infeasible  104         0.02742    0.02786  1.59%  17.5 17130s
 56761457 1134975    0.02783   97   14    0.02742    0.02786  1.59%  17.5 17135s
 56789535 1136332 infeasible   95         0.02742    0.02786  1.59%  17.5 17140s
 56817472 1137922    0.02785   99    2    0.02742    0.02786  1.59%  17.5 17145s
 56845702 1139544    0.02786   99    8    0.02742    0.02786  1.59%  17.5 17150s
 56872321 1140963 infeasible  105         0.02742    0.02786  1.59%  17.5 17155s
 56900125 1142594    0.02786  100    5    0.02742    0.02786  1.58%  17.5 17160s
 56928405 1144251 infeasible  105         0.02742    0.02786  1.58%  17.5 17165s
 56953201 1145597     cutoff   47         0.02742    0.02786  1.58%  17.4 17170s
 56979287 1146967    0.02785  104    2    0.02742    0.02786  1.58%  17.4 17175s
 57008501 1148381 infeasible  101         0.02742    0.02786  1.58%  17.4 17180s
 57036215 1149906     cutoff   98         0.02742    0.02786  1.58%  17.4 17185s
 57064134 1151495 infeasible  105         0.02742    0.02786  1.58%  17.4 17190s
 57093283 1153339    0.02785   98    3    0.02742    0.02786  1.58%  17.4 17195s
 57119095 1154357    0.02769   99    6    0.02742    0.02786  1.58%  17.4 17200s
 57145713 1155310    0.02785   98    4    0.02742    0.02786  1.58%  17.4 17205s
 57174198 1156391    0.02786  104    1    0.02742    0.02786  1.58%  17.4 17210s
 57204107 1158027    0.02785  103    2    0.02742    0.02786  1.58%  17.4 17215s
 57233503 1159356    0.02786   97    5    0.02742    0.02786  1.58%  17.4 17220s
 57263211 1160847    0.02784   91   10    0.02742    0.02786  1.58%  17.4 17225s
 57292891 1161851    0.02770  100    5    0.02742    0.02786  1.58%  17.4 17230s
 57319989 1162700    0.02782   78   37    0.02742    0.02786  1.58%  17.4 17235s
 57349017 1163800    0.02785  103    2    0.02742    0.02786  1.58%  17.3 17240s
 57378573 1164974 infeasible  112         0.02742    0.02786  1.58%  17.3 17245s
 57407973 1166234    0.02780  102    7    0.02742    0.02786  1.58%  17.3 17250s
 57435751 1167357 infeasible  105         0.02742    0.02786  1.58%  17.3 17255s
 57462889 1168125 infeasible  110         0.02742    0.02786  1.58%  17.3 17260s
 57491700 1169342    0.02785  103    2    0.02742    0.02786  1.58%  17.3 17265s
 57518948 1170290    0.02785  103    1    0.02742    0.02786  1.58%  17.3 17270s
 57548609 1171197    0.02785   98   11    0.02742    0.02786  1.58%  17.3 17275s
 57577977 1172026     cutoff  105         0.02742    0.02786  1.57%  17.3 17280s
 57605728 1173208    0.02785  106    2    0.02742    0.02786  1.57%  17.3 17285s
 57634283 1174177    0.02784   95   13    0.02742    0.02786  1.57%  17.3 17290s
 57663476 1175222    0.02785  105    2    0.02742    0.02786  1.57%  17.3 17295s
 57687453 1176445    0.02785   97    4    0.02742    0.02785  1.57%  17.3 17300s
 57718702 1177187    0.02785  110    1    0.02742    0.02785  1.57%  17.3 17305s
 57746052 1178200 infeasible  104         0.02742    0.02785  1.57%  17.2 17310s
 57774735 1179359 infeasible  104         0.02742    0.02785  1.57%  17.2 17315s
 57802015 1180407    0.02785  100    1    0.02742    0.02785  1.57%  17.2 17320s
 57831689 1181644    0.02785  102    2    0.02742    0.02785  1.57%  17.2 17325s
 57860165 1182639    0.02785  101    2    0.02742    0.02785  1.57%  17.2 17330s
 57888484 1183508    0.02785  103    1    0.02742    0.02785  1.57%  17.2 17335s
 57917233 1184575    0.02785  108    3    0.02742    0.02785  1.57%  17.2 17340s
 57944310 1185102    0.02785   98    7    0.02742    0.02785  1.57%  17.2 17345s
 57973072 1186218    0.02785   88   13    0.02742    0.02785  1.57%  17.2 17350s
 57999142 1187048    0.02785  106    1    0.02742    0.02785  1.57%  17.2 17355s
 58027217 1187787    0.02778  105    4    0.02742    0.02785  1.57%  17.2 17360s
 58054609 1188908    0.02785  100    2    0.02742    0.02785  1.57%  17.2 17365s
 58084816 1189982    0.02785   83    9    0.02742    0.02785  1.57%  17.2 17370s
 58115448 1191451    0.02785  103    2    0.02742    0.02785  1.57%  17.2 17375s
 58142860 1192810     cutoff   50         0.02742    0.02785  1.57%  17.1 17380s
 58170665 1194111    0.02785   96    1    0.02742    0.02785  1.57%  17.1 17385s
 58201015 1195345    0.02785   96    4    0.02742    0.02785  1.57%  17.1 17390s
 58230917 1196799 infeasible  113         0.02742    0.02785  1.57%  17.1 17395s
 58260218 1198372    0.02762   97    6    0.02742    0.02785  1.57%  17.1 17400s
 58289920 1199808    0.02785  100    5    0.02742    0.02785  1.57%  17.1 17405s
 58317070 1201241 infeasible  103         0.02742    0.02785  1.57%  17.1 17410s
 58347749 1202986    0.02784  106    2    0.02742    0.02785  1.57%  17.1 17415s
 58377743 1204291    0.02785   98    5    0.02742    0.02785  1.57%  17.1 17420s
 58407689 1205793    0.02780  101    6    0.02742    0.02785  1.57%  17.1 17425s
 58428840 1206724    0.02779  104    2    0.02742    0.02785  1.57%  17.1 17430s
 58451924 1207769 infeasible  106         0.02742    0.02785  1.57%  17.1 17435s
 58479819 1208797    0.02783  107    2    0.02742    0.02785  1.57%  17.1 17440s
 58505208 1209777 infeasible  101         0.02742    0.02785  1.56%  17.1 17445s
 58535800 1211010    0.02781  104    6    0.02742    0.02785  1.56%  17.1 17450s
 58563321 1211935    0.02785   94    6    0.02742    0.02785  1.56%  17.0 17455s
 58592821 1213040 infeasible  105         0.02742    0.02785  1.56%  17.0 17460s
 58622110 1214122     cutoff   98         0.02742    0.02785  1.56%  17.0 17465s
 58648827 1214768    0.02785  100    6    0.02742    0.02785  1.56%  17.0 17470s
 58678944 1216139    0.02782   99    8    0.02742    0.02785  1.56%  17.0 17475s
 58707106 1217098    0.02770   97   10    0.02742    0.02785  1.56%  17.0 17480s
 58736964 1218271 infeasible  110         0.02742    0.02785  1.56%  17.0 17485s
 58764192 1218906     cutoff  102         0.02742    0.02785  1.56%  17.0 17490s
 58792518 1220101    0.02785   98    2    0.02742    0.02785  1.56%  17.0 17495s
 58821905 1221217 infeasible   95         0.02742    0.02785  1.56%  17.0 17500s
 58847670 1222448 infeasible   85         0.02742    0.02785  1.56%  17.0 17505s
 58876774 1223442    0.02785  107    3    0.02742    0.02785  1.56%  17.0 17510s
 58907265 1224559 infeasible  107         0.02742    0.02785  1.56%  17.0 17515s
 58935930 1225547    0.02785  101    2    0.02742    0.02785  1.56%  17.0 17520s
 58964597 1226446     cutoff   97         0.02742    0.02785  1.56%  16.9 17525s
 58994481 1227548 infeasible  105         0.02742    0.02785  1.56%  16.9 17530s
 59019603 1228477 infeasible  106         0.02742    0.02785  1.56%  16.9 17535s
 59038250 1229150    0.02782  108    3    0.02742    0.02785  1.56%  16.9 17540s
 59068464 1230460    0.02770   98    9    0.02742    0.02785  1.56%  16.9 17545s
 59098484 1231743 infeasible  105         0.02742    0.02785  1.56%  16.9 17550s
 59127726 1232932     cutoff  102         0.02742    0.02785  1.56%  16.9 17555s
 59159510 1234015    0.02781  108    1    0.02742    0.02785  1.56%  16.9 17560s
 59188205 1235384 infeasible   99         0.02742    0.02785  1.56%  16.9 17565s
 59218330 1236897 infeasible  101         0.02742    0.02785  1.56%  16.9 17570s
 59249468 1238611    0.02753  110    2    0.02742    0.02785  1.56%  16.9 17575s
 59280176 1240208    0.02780  103    7    0.02742    0.02785  1.56%  16.9 17580s
 59307766 1241423    0.02785  100    4    0.02742    0.02785  1.56%  16.9 17585s
 59338777 1242992    0.02785   97    4    0.02742    0.02785  1.56%  16.9 17590s
 59368803 1244502    0.02785  112    1    0.02742    0.02785  1.56%  16.9 17595s
 59398590 1245839 infeasible  109         0.02742    0.02785  1.55%  16.8 17600s
 59427246 1247084    0.02785  103    2    0.02742    0.02785  1.55%  16.8 17605s
 59453137 1248221 infeasible  117         0.02742    0.02785  1.55%  16.8 17610s
 59482239 1249339    0.02785   99    4    0.02742    0.02785  1.55%  16.8 17615s
 59511375 1250533     cutoff   96         0.02742    0.02785  1.55%  16.8 17620s
 59543165 1251940 infeasible  111         0.02742    0.02785  1.55%  16.8 17625s
 59570942 1253136    0.02784  109    6    0.02742    0.02785  1.55%  16.8 17630s
 59600775 1254461 infeasible  104         0.02742    0.02785  1.55%  16.8 17635s
 59631327 1255454    0.02785  110    1    0.02742    0.02785  1.55%  16.8 17640s
 59660074 1256534     cutoff  100         0.02742    0.02785  1.55%  16.8 17645s
 59689072 1257894     cutoff  106         0.02742    0.02785  1.55%  16.8 17650s
 59719620 1259223 infeasible   96         0.02742    0.02785  1.55%  16.8 17655s
 59751069 1259921    0.02784  113    1    0.02742    0.02785  1.55%  16.8 17660s
 59780758 1260927 infeasible  103         0.02742    0.02785  1.55%  16.8 17665s
 59812987 1262036     cutoff   49         0.02742    0.02785  1.55%  16.7 17670s
 59843169 1262942 infeasible   99         0.02742    0.02785  1.55%  16.7 17675s
 59872742 1263788    0.02785  104   10    0.02742    0.02785  1.55%  16.7 17680s
 59902505 1264803    0.02785  107    2    0.02742    0.02785  1.55%  16.7 17685s
 59931653 1265716    0.02785   99    4    0.02742    0.02785  1.55%  16.7 17690s
 59959821 1266564    0.02776   98   14    0.02742    0.02785  1.55%  16.7 17695s
 59990980 1267375    0.02785  103    2    0.02742    0.02785  1.55%  16.7 17700s
 60021617 1268402 infeasible  114         0.02742    0.02785  1.55%  16.7 17705s
 60051839 1269397 infeasible  102         0.02742    0.02785  1.55%  16.7 17710s
 60076307 1270132 infeasible  101         0.02742    0.02785  1.55%  16.7 17715s
 60103348 1271085    0.02785   99   11    0.02742    0.02785  1.55%  16.7 17720s
 60131802 1271772    0.02784  117    1    0.02742    0.02785  1.55%  16.7 17725s
 60162669 1272570    0.02784  105    1    0.02742    0.02785  1.55%  16.7 17730s
 60191149 1273648    0.02784  105    4    0.02742    0.02785  1.55%  16.7 17735s
 60220456 1274608    0.02782  105    6    0.02742    0.02785  1.55%  16.7 17740s
 60250480 1275737    0.02785  107    1    0.02742    0.02785  1.55%  16.6 17745s
 60279936 1276483    0.02761   96    5    0.02742    0.02785  1.55%  16.6 17750s
 60311431 1277513    0.02784  114    2    0.02742    0.02785  1.55%  16.6 17755s
 60342779 1278502     cutoff  110         0.02742    0.02785  1.55%  16.6 17760s
 60372335 1279518    0.02785  104    2    0.02742    0.02785  1.55%  16.6 17765s
 60402946 1280444    0.02769  101    3    0.02742    0.02785  1.55%  16.6 17770s
 60433860 1281297    0.02785  103    1    0.02742    0.02785  1.55%  16.6 17775s
 60461301 1282450     cutoff  106         0.02742    0.02785  1.55%  16.6 17780s
 60490549 1283190 infeasible  107         0.02742    0.02785  1.54%  16.6 17785s
 60521101 1284069 infeasible  101         0.02742    0.02785  1.54%  16.6 17790s
 60550813 1284937 infeasible  106         0.02742    0.02785  1.54%  16.6 17795s
 60581811 1285840 infeasible  110         0.02742    0.02785  1.54%  16.6 17800s
 60608610 1286568 infeasible  101         0.02742    0.02785  1.54%  16.6 17805s
 60635527 1287170    0.02784  109    5    0.02742    0.02785  1.54%  16.6 17810s
 60665059 1287967    0.02784   99    1    0.02742    0.02785  1.54%  16.6 17815s
 60695326 1288529     cutoff  107         0.02742    0.02785  1.54%  16.5 17820s
 60718183 1289177     cutoff  106         0.02742    0.02785  1.54%  16.5 17825s
 60746723 1289941 infeasible  112         0.02742    0.02785  1.54%  16.5 17830s
 60775392 1290418    0.02784  101    4    0.02742    0.02785  1.54%  16.5 17835s
 60801082 1291102    0.02784  101    1    0.02742    0.02785  1.54%  16.5 17840s
 60832206 1291997    0.02785  112    3    0.02742    0.02785  1.54%  16.5 17845s
 60859416 1292764 infeasible  113         0.02742    0.02785  1.54%  16.5 17850s
 60886553 1293618     cutoff  103         0.02742    0.02785  1.54%  16.5 17855s
 60906611 1294180    0.02785  114    3    0.02742    0.02785  1.54%  16.5 17860s
 60937496 1295062    0.02761   96    6    0.02742    0.02785  1.54%  16.5 17865s
 60962399 1295498 infeasible  108         0.02742    0.02785  1.54%  16.5 17870s
 60991507 1296491 infeasible  113         0.02742    0.02785  1.54%  16.5 17875s
 61021290 1297241    0.02785  103    3    0.02742    0.02785  1.54%  16.5 17880s
 61049046 1298006 infeasible  108         0.02742    0.02785  1.54%  16.5 17885s
 61079395 1299062    0.02769   93   12    0.02742    0.02785  1.54%  16.5 17890s
 61109134 1300075    0.02785   95    5    0.02742    0.02785  1.54%  16.5 17895s
 61136536 1300819 infeasible  105         0.02742    0.02785  1.54%  16.5 17900s
 61166814 1301718    0.02784   98    8    0.02742    0.02785  1.54%  16.4 17905s
 61196123 1302768    0.02784  107    6    0.02742    0.02785  1.54%  16.4 17910s
 61224673 1303437 infeasible  107         0.02742    0.02785  1.54%  16.4 17915s
 61253723 1304448    0.02783  103    1    0.02742    0.02785  1.54%  16.4 17920s
 61282839 1305556    0.02784  101    2    0.02742    0.02785  1.54%  16.4 17925s
 61312419 1306486    0.02761  100    2    0.02742    0.02785  1.54%  16.4 17930s
 61341373 1307198    0.02784  104    4    0.02742    0.02785  1.54%  16.4 17935s
 61370156 1308138    0.02784  101    7    0.02742    0.02784  1.54%  16.4 17940s
 61398467 1309069 infeasible  102         0.02742    0.02784  1.54%  16.4 17945s
 61428121 1309973 infeasible  108         0.02742    0.02784  1.54%  16.4 17950s
 61457122 1310990 infeasible  106         0.02742    0.02784  1.54%  16.4 17955s
 61485905 1312036    0.02784  101    1    0.02742    0.02784  1.54%  16.4 17960s
 61515166 1313129     cutoff  105         0.02742    0.02784  1.54%  16.4 17965s
 61542479 1313830    0.02761  104    2    0.02742    0.02784  1.54%  16.4 17970s
 61571933 1314712    0.02784  116    1    0.02742    0.02784  1.54%  16.4 17975s
 61602216 1315878 infeasible   96         0.02742    0.02784  1.54%  16.4 17980s
 61630716 1316607    0.02783  102    9    0.02742    0.02784  1.53%  16.3 17985s
 61658275 1317409    0.02754  104    7    0.02742    0.02784  1.53%  16.3 17990s
 61688161 1318189    0.02760   99    4    0.02742    0.02784  1.53%  16.3 17995s
 61714744 1318845    0.02769  105    6    0.02742    0.02784  1.53%  16.3 18000s
 61744569 1319630    0.02784   96    9    0.02742    0.02784  1.53%  16.3 18005s
 61774784 1320577    0.02784  103    7    0.02742    0.02784  1.53%  16.3 18010s
 61803856 1321421    0.02784  105    2    0.02742    0.02784  1.53%  16.3 18015s
 61834248 1322342    0.02776  106    8    0.02742    0.02784  1.53%  16.3 18020s
 61864888 1323177 infeasible  116         0.02742    0.02784  1.53%  16.3 18025s
 61893104 1323783    0.02784  106    5    0.02742    0.02784  1.53%  16.3 18030s
 61922278 1324597 infeasible  107         0.02742    0.02784  1.53%  16.3 18035s
 61950082 1325384    0.02784  112    1    0.02742    0.02784  1.53%  16.3 18040s
 61979392 1326040    0.02783  113    4    0.02742    0.02784  1.53%  16.3 18045s
 62009442 1327004 infeasible  108         0.02742    0.02784  1.53%  16.3 18050s
 62037441 1327739    0.02769  104    9    0.02742    0.02784  1.53%  16.3 18055s
 62066944 1328126    0.02784  104    1    0.02742    0.02784  1.53%  16.3 18060s
 62094534 1328558    0.02784   99    9    0.02742    0.02784  1.53%  16.2 18065s
 62122369 1329073    0.02782  104    6    0.02742    0.02784  1.53%  16.2 18070s
 62148886 1329472 infeasible  110         0.02742    0.02784  1.53%  16.2 18075s
 62173408 1329873    0.02783  114    1    0.02742    0.02784  1.53%  16.2 18080s
 62198255 1330269 infeasible  114         0.02742    0.02784  1.53%  16.2 18085s
 62226783 1330572    0.02784  104    4    0.02742    0.02784  1.53%  16.2 18090s
 62256110 1330981     cutoff   86         0.02742    0.02784  1.53%  16.2 18095s
 62285218 1331552 infeasible  111         0.02742    0.02784  1.53%  16.2 18100s
 62314868 1331897    0.02784   99    4    0.02742    0.02784  1.53%  16.2 18105s
 62344549 1332056    0.02784  106    1    0.02742    0.02784  1.53%  16.2 18110s
 62373212 1332283    0.02784  101    5    0.02742    0.02784  1.53%  16.2 18115s
 62396875 1332604    0.02784  120    1    0.02742    0.02784  1.53%  16.2 18120s
 62426652 1332663    0.02784  112    2    0.02742    0.02784  1.53%  16.2 18125s
 62456071 1332900     cutoff  100         0.02742    0.02784  1.53%  16.2 18130s
 62484033 1333177 infeasible  112         0.02742    0.02784  1.53%  16.2 18135s
 62513785 1333643 infeasible  108         0.02742    0.02784  1.53%  16.2 18140s
 62544033 1334013 infeasible  120         0.02742    0.02784  1.53%  16.2 18145s
 62572952 1334080    0.02760  107    5    0.02742    0.02784  1.53%  16.1 18150s
 62601393 1334327 infeasible   89         0.02742    0.02784  1.53%  16.1 18155s
 62626111 1334659    0.02783   95   10    0.02742    0.02784  1.53%  16.1 18160s
 62653108 1335179    0.02783  100    3    0.02742    0.02784  1.53%  16.1 18165s
 62683105 1335515     cutoff  106         0.02742    0.02784  1.53%  16.1 18170s
 62714069 1335953    0.02784  102    3    0.02742    0.02784  1.52%  16.1 18175s
 62744765 1336373    0.02783  117    3    0.02742    0.02784  1.52%  16.1 18180s
 62774176 1336574    0.02769  105    8    0.02742    0.02784  1.52%  16.1 18185s
 62803755 1336757    0.02784   98    6    0.02742    0.02784  1.52%  16.1 18190s
 62832926 1337085    0.02784   95   12    0.02742    0.02784  1.52%  16.1 18195s
 62860912 1337271 infeasible  104         0.02742    0.02784  1.52%  16.1 18200s
 62889748 1337548 infeasible  102         0.02742    0.02784  1.52%  16.1 18205s
 62916352 1337733    0.02783  113    6    0.02742    0.02784  1.52%  16.1 18210s
 62946584 1337903    0.02784  104    4    0.02742    0.02784  1.52%  16.1 18215s
 62977049 1338273 infeasible   97         0.02742    0.02784  1.52%  16.1 18220s
 63003440 1338259 infeasible  113         0.02742    0.02784  1.52%  16.1 18225s
 63035081 1338675    0.02784  115    2    0.02742    0.02784  1.52%  16.1 18230s
 63063802 1339049    0.02783  103    9    0.02742    0.02784  1.52%  16.0 18235s
 63093382 1339196    0.02784  110    2    0.02742    0.02784  1.52%  16.0 18240s
 63121668 1339531    0.02784   97   14    0.02742    0.02784  1.52%  16.0 18245s
 63147786 1339608 infeasible  104         0.02742    0.02784  1.52%  16.0 18250s
 63173742 1339916    0.02777  103    2    0.02742    0.02784  1.52%  16.0 18255s
 63203874 1339923    0.02784  101    1    0.02742    0.02784  1.52%  16.0 18260s
 63230537 1339818 infeasible  103         0.02742    0.02784  1.52%  16.0 18265s
 63259851 1339984    0.02784  102    1    0.02742    0.02784  1.52%  16.0 18270s
 63289490 1340202    0.02784  101   12    0.02742    0.02784  1.52%  16.0 18275s
 63318106 1340329 infeasible  105         0.02742    0.02784  1.52%  16.0 18280s
 63346510 1340590 infeasible  108         0.02742    0.02784  1.52%  16.0 18285s
 63376906 1340785    0.02767   96    6    0.02742    0.02784  1.52%  16.0 18290s
 63404453 1341030    0.02784  101    3    0.02742    0.02784  1.52%  16.0 18295s
 63431914 1341288    0.02784  108    2    0.02742    0.02784  1.52%  16.0 18300s
 63459992 1341471 infeasible  106         0.02742    0.02784  1.52%  16.0 18305s
 63487835 1341731    0.02783   95   14    0.02742    0.02784  1.51%  16.0 18310s
 63513644 1341915    0.02784  113    1    0.02742    0.02784  1.51%  16.0 18315s
 63541990 1342468 infeasible  106         0.02742    0.02784  1.51%  15.9 18320s
 63571426 1342566 infeasible  104         0.02742    0.02784  1.51%  15.9 18325s
 63598282 1342783 infeasible  112         0.02742    0.02784  1.51%  15.9 18330s
 63626313 1343185 infeasible   97         0.02742    0.02784  1.51%  15.9 18335s
 63652658 1343136     cutoff  100         0.02742    0.02784  1.51%  15.9 18340s
 63678189 1343239    0.02784  101    1    0.02742    0.02784  1.51%  15.9 18345s
 63707289 1343516 infeasible  114         0.02742    0.02784  1.51%  15.9 18350s
 63735522 1343461    0.02784  105    1    0.02742    0.02784  1.51%  15.9 18355s
 63763036 1343474    0.02783  112    3    0.02742    0.02784  1.51%  15.9 18360s
 63790963 1343688 infeasible  103         0.02742    0.02784  1.51%  15.9 18365s
 63820331 1344117 infeasible  102         0.02742    0.02784  1.51%  15.9 18370s
 63847493 1344190    0.02784   96    5    0.02742    0.02784  1.51%  15.9 18375s
 63876604 1344419     cutoff   93         0.02742    0.02784  1.51%  15.9 18380s
 63905013 1344681    0.02760   95   10    0.02742    0.02784  1.51%  15.9 18385s
 63931550 1345133    0.02784  110    2    0.02742    0.02784  1.51%  15.9 18390s
 63958123 1345200    0.02784  111    6    0.02742    0.02784  1.51%  15.9 18395s
 63985531 1345438    0.02770   74   22    0.02742    0.02784  1.51%  15.9 18400s
 64009691 1345589    0.02779  101    7    0.02742    0.02784  1.51%  15.9 18405s
 64036781 1345646 infeasible  106         0.02742    0.02784  1.51%  15.9 18410s
 64065570 1345907 infeasible  110         0.02742    0.02784  1.51%  15.8 18415s
 64090455 1346096    0.02782  103    8    0.02742    0.02784  1.51%  15.8 18420s
 64117621 1346221    0.02767   98    1    0.02742    0.02784  1.51%  15.8 18425s
 64144644 1346412    0.02783  118    1    0.02742    0.02784  1.51%  15.8 18430s
 64169214 1346342    0.02784   99   11    0.02742    0.02784  1.51%  15.8 18435s
 64197124 1346535     cutoff  100         0.02742    0.02784  1.51%  15.8 18440s
 64225326 1346836    0.02783  113    1    0.02742    0.02784  1.50%  15.8 18445s
 64252356 1346891 infeasible  106         0.02742    0.02784  1.50%  15.8 18450s
 64280565 1346951    0.02783   97   12    0.02742    0.02784  1.50%  15.8 18455s
 64307898 1346869     cutoff  107         0.02742    0.02784  1.50%  15.8 18460s
 64333465 1346986 infeasible  112         0.02742    0.02784  1.50%  15.8 18465s
 64361251 1347111     cutoff  107         0.02742    0.02784  1.50%  15.8 18470s
 64382856 1347191 infeasible  111         0.02742    0.02784  1.50%  15.8 18475s
 64410756 1347541    0.02782  111    5    0.02742    0.02784  1.50%  15.8 18480s
 64434065 1347733    0.02783  112    2    0.02742    0.02784  1.50%  15.8 18485s
 64462605 1347931     cutoff  103         0.02742    0.02784  1.50%  15.8 18490s
 64487408 1348130     cutoff  104         0.02742    0.02784  1.50%  15.8 18495s
 64516736 1348478 infeasible   95         0.02742    0.02784  1.50%  15.8 18500s
 64543095 1348714    0.02782  109    4    0.02742    0.02783  1.50%  15.8 18505s
 64567553 1348798    0.02783  105    9    0.02742    0.02783  1.50%  15.7 18510s
 64592576 1348987    0.02760  103    8    0.02742    0.02783  1.50%  15.7 18515s
 64619513 1349253    0.02760  102    8    0.02742    0.02783  1.50%  15.7 18520s
 64645031 1349440    0.02783  114    2    0.02742    0.02783  1.50%  15.7 18525s
 64672043 1349396    0.02782  106    3    0.02742    0.02783  1.50%  15.7 18530s
 64699064 1349427    0.02783  108    3    0.02742    0.02783  1.50%  15.7 18535s
 64723967 1349438    0.02782   97   10    0.02742    0.02783  1.50%  15.7 18540s
 64748332 1349342     cutoff  100         0.02742    0.02783  1.50%  15.7 18545s
 64776967 1349143 infeasible  114         0.02742    0.02783  1.50%  15.7 18550s
 64803891 1349241    0.02783   99    6    0.02742    0.02783  1.50%  15.7 18555s
 64833269 1348771    0.02779   86   16    0.02742    0.02783  1.50%  15.7 18560s
 64861296 1348662     cutoff   44         0.02742    0.02783  1.50%  15.7 18565s
 64887952 1348408    0.02783  104    2    0.02742    0.02783  1.50%  15.7 18570s
 64915220 1348233    0.02765   43   50    0.02742    0.02783  1.50%  15.7 18575s
 64944438 1348194 infeasible  114         0.02742    0.02783  1.49%  15.7 18580s
 64970994 1348151 infeasible  111         0.02742    0.02783  1.49%  15.7 18585s
 64999815 1348129    0.02783   98    9    0.02742    0.02783  1.49%  15.7 18590s
 65028146 1348132 infeasible  100         0.02742    0.02783  1.49%  15.7 18595s
 65057789 1348082    0.02783  118    1    0.02742    0.02783  1.49%  15.7 18600s
 65083169 1348064 infeasible  107         0.02742    0.02783  1.49%  15.7 18605s
 65111767 1347985 infeasible  105         0.02742    0.02783  1.49%  15.6 18610s
 65136692 1347852 infeasible  118         0.02742    0.02783  1.49%  15.6 18615s
 65163178 1347919 infeasible  115         0.02742    0.02783  1.49%  15.6 18620s
 65190448 1347680    0.02783  110    4    0.02742    0.02783  1.49%  15.6 18625s
 65217761 1347523    0.02783  106    4    0.02742    0.02783  1.49%  15.6 18630s
 65244273 1347155 infeasible  117         0.02742    0.02783  1.49%  15.6 18635s
 65271520 1346953    0.02783  113    1    0.02742    0.02783  1.49%  15.6 18640s
 65299838 1346846    0.02744   43   53    0.02742    0.02783  1.49%  15.6 18645s
 65327640 1346824    0.02783  111    2    0.02742    0.02783  1.49%  15.6 18650s
 65356602 1346621     cutoff   97         0.02742    0.02783  1.49%  15.6 18655s
 65385459 1346512    0.02783  107    2    0.02742    0.02783  1.49%  15.6 18660s
 65415214 1346307    0.02781  104    2    0.02742    0.02783  1.49%  15.6 18665s
 65443007 1346042    0.02783   99    5    0.02742    0.02783  1.49%  15.6 18670s
 65473176 1345967 infeasible  116         0.02742    0.02783  1.49%  15.6 18675s
 65502256 1345920 infeasible   84         0.02742    0.02783  1.49%  15.6 18680s
 65531092 1345819 infeasible  110         0.02742    0.02783  1.48%  15.6 18685s
 65558611 1345552 infeasible  107         0.02742    0.02783  1.48%  15.6 18690s
 65587837 1345504    0.02777  101    3    0.02742    0.02783  1.48%  15.6 18695s
 65613802 1345289     cutoff  100         0.02742    0.02783  1.48%  15.5 18700s
 65643148 1345179     cutoff  104         0.02742    0.02783  1.48%  15.5 18705s
 65668454 1345194 infeasible  107         0.02742    0.02783  1.48%  15.5 18710s
 65680699 1345266     cutoff   72         0.02742    0.02783  1.48%  15.5 18715s
 65705076 1345208    0.02753   89   15    0.02742    0.02783  1.48%  15.5 18720s
 65729554 1345175    0.02781  106    6    0.02742    0.02783  1.48%  15.5 18725s
 65754957 1345033     cutoff  112         0.02742    0.02783  1.48%  15.5 18730s
 65785295 1344940     cutoff  112         0.02742    0.02783  1.48%  15.5 18735s
 65813692 1344687 infeasible  109         0.02742    0.02783  1.48%  15.5 18740s
 65841639 1344716    0.02783  109    5    0.02742    0.02783  1.48%  15.5 18745s
 65872547 1344652    0.02783  109    8    0.02742    0.02783  1.48%  15.5 18750s
 65902264 1344459    0.02771  102    1    0.02742    0.02783  1.48%  15.5 18755s
 65929368 1344392    0.02783  114    1    0.02742    0.02783  1.48%  15.5 18760s
 65956165 1344292     cutoff  101         0.02742    0.02783  1.48%  15.5 18765s
 65985278 1343886    0.02783  110    6    0.02742    0.02783  1.48%  15.5 18770s
 66012690 1343604    0.02777  109    5    0.02742    0.02783  1.47%  15.5 18775s
 66042631 1343402 infeasible  105         0.02742    0.02783  1.47%  15.5 18780s
 66070640 1343264 infeasible  106         0.02742    0.02783  1.47%  15.5 18785s
 66098335 1343169 infeasible  111         0.02742    0.02783  1.47%  15.5 18790s
 66125150 1342853     cutoff   89         0.02742    0.02783  1.47%  15.5 18795s
 66152636 1342920    0.02781  108    5    0.02742    0.02783  1.47%  15.4 18800s
 66181252 1342978 infeasible  112         0.02742    0.02783  1.47%  15.4 18805s
 66207359 1342918    0.02781  103    8    0.02742    0.02783  1.47%  15.4 18810s
 66231979 1342777 infeasible  115         0.02742    0.02783  1.47%  15.4 18815s
 66258222 1342585 infeasible  116         0.02742    0.02783  1.47%  15.4 18820s
 66284984 1342528    0.02783  111    1    0.02742    0.02783  1.47%  15.4 18825s
 66313834 1342681    0.02782   96    9    0.02742    0.02783  1.47%  15.4 18830s
 66339899 1342662    0.02782  107    1    0.02742    0.02783  1.47%  15.4 18835s
 66368108 1342881    0.02783  113    1    0.02742    0.02783  1.47%  15.4 18840s
 66396107 1343110    0.02782  100    6    0.02742    0.02783  1.47%  15.4 18845s
 66422750 1343253    0.02759  100    8    0.02742    0.02783  1.47%  15.4 18850s
 66450844 1343530    0.02782  102    9    0.02742    0.02783  1.47%  15.4 18855s
 66478277 1343714    0.02783  105    3    0.02742    0.02783  1.47%  15.4 18860s
 66504127 1343831 infeasible  114         0.02742    0.02783  1.46%  15.4 18865s
 66531280 1344400 infeasible  105         0.02742    0.02782  1.46%  15.4 18870s
 66560584 1345223    0.02782  111    1    0.02742    0.02782  1.46%  15.4 18875s
 66583089 1345922    0.02782  118    1    0.02742    0.02782  1.46%  15.4 18880s
 66615508 1346857    0.02782  100    7    0.02742    0.02782  1.46%  15.4 18885s
 66644048 1347512    0.02758  111    3    0.02742    0.02782  1.46%  15.4 18890s
 66671852 1348077    0.02780  109    4    0.02742    0.02782  1.46%  15.4 18895s
 66700314 1348875     cutoff  102         0.02742    0.02782  1.46%  15.3 18900s
 66726643 1349182    0.02782  115    2    0.02742    0.02782  1.46%  15.3 18905s
 66755010 1350158 infeasible  103         0.02742    0.02782  1.46%  15.3 18910s
 66785574 1351098    0.02782  106    3    0.02742    0.02782  1.46%  15.3 18915s
 66816044 1351680    0.02782  110    2    0.02742    0.02782  1.46%  15.3 18920s
 66843218 1352156    0.02782  101    4    0.02742    0.02782  1.46%  15.3 18925s
 66872604 1353050 infeasible  107         0.02742    0.02782  1.46%  15.3 18930s
 66902643 1353917    0.02782  109    9    0.02742    0.02782  1.46%  15.3 18935s
 66926437 1354582    0.02782  109    8    0.02742    0.02782  1.46%  15.3 18940s
 66954678 1355477    0.02781  103    6    0.02742    0.02782  1.46%  15.3 18945s
 66982943 1356691 infeasible  115         0.02742    0.02782  1.46%  15.3 18950s
 67012730 1357846    0.02777   99    6    0.02742    0.02782  1.46%  15.3 18955s
 67041026 1358787 infeasible  107         0.02742    0.02782  1.46%  15.3 18960s
 67072255 1360020    0.02782  101   15    0.02742    0.02782  1.45%  15.3 18965s
 67100099 1360696    0.02780  105    5    0.02742    0.02782  1.45%  15.3 18970s
 67129757 1362127    0.02782  116    2    0.02742    0.02782  1.45%  15.3 18975s
 67160958 1363482    0.02782  105    7    0.02742    0.02782  1.45%  15.3 18980s
 67182018 1364063     cutoff   49         0.02742    0.02782  1.45%  15.3 18985s
 67208283 1364996    0.02782  101    2    0.02742    0.02782  1.45%  15.3 18990s
 67237306 1365693    0.02780   98   19    0.02742    0.02782  1.45%  15.2 18995s
 67266696 1366625    0.02781  111    4    0.02742    0.02782  1.45%  15.2 19000s
 67292934 1367790    0.02782  101    1    0.02742    0.02782  1.45%  15.2 19005s
 67321554 1368622 infeasible  113         0.02742    0.02782  1.45%  15.2 19010s
 67350568 1369619    0.02782   99   16    0.02742    0.02782  1.45%  15.2 19015s
 67367885 1370142    0.02746   71   30    0.02742    0.02782  1.45%  15.2 19020s
 67376236 1370355 infeasible  118         0.02742    0.02782  1.45%  15.2 19025s
 67405482 1371039 infeasible   97         0.02742    0.02782  1.45%  15.2 19030s
 67432115 1371628 infeasible   43         0.02742    0.02782  1.45%  15.2 19035s
 67461997 1372243    0.02782  111    3    0.02742    0.02782  1.45%  15.2 19040s
 67491486 1372933    0.02782  106    1    0.02742    0.02782  1.45%  15.2 19045s
 67519356 1373746 infeasible  115         0.02742    0.02782  1.45%  15.2 19050s
 67549155 1374537    0.02782  107    8    0.02742    0.02782  1.45%  15.2 19055s
 67578591 1375482 infeasible  113         0.02742    0.02782  1.45%  15.2 19060s
 67604521 1376208    0.02745   74   30    0.02742    0.02782  1.45%  15.2 19065s
 67633798 1377378    0.02782  116    2    0.02742    0.02782  1.44%  15.2 19070s
 67660801 1377979     cutoff  109         0.02742    0.02782  1.44%  15.2 19075s
 67689183 1378989 infeasible  100         0.02742    0.02782  1.44%  15.2 19080s
 67720243 1380099     cutoff  108         0.02742    0.02782  1.44%  15.2 19085s
 67749785 1380979 infeasible  115         0.02742    0.02782  1.44%  15.2 19090s
 67777246 1382068    0.02782   98    6    0.02742    0.02782  1.44%  15.2 19095s
 67807715 1383198 infeasible  103         0.02742    0.02782  1.44%  15.1 19100s
 67827712 1383926     cutoff   55         0.02742    0.02782  1.44%  15.1 19105s
 67859041 1385122    0.02748   46   51    0.02742    0.02782  1.44%  15.1 19110s
 67887514 1386099     cutoff  101         0.02742    0.02782  1.44%  15.1 19115s
 67916697 1386940     cutoff  111         0.02742    0.02782  1.44%  15.1 19120s
 67947779 1388403 infeasible  105         0.02742    0.02782  1.44%  15.1 19125s
 67976763 1389634    0.02780   99    6    0.02742    0.02782  1.44%  15.1 19130s
 68007770 1390594 infeasible  114         0.02742    0.02782  1.44%  15.1 19135s
 68037047 1391570    0.02781  101   10    0.02742    0.02782  1.44%  15.1 19140s
 68064582 1392720    0.02782  114    3    0.02742    0.02782  1.44%  15.1 19145s
 68095233 1393702     cutoff  100         0.02742    0.02782  1.44%  15.1 19150s
 68122753 1394693    0.02782  102   10    0.02742    0.02782  1.44%  15.1 19155s
 68153196 1395836    0.02778  103    7    0.02742    0.02782  1.44%  15.1 19160s
 68183834 1396648    0.02760   99   10    0.02742    0.02782  1.44%  15.1 19165s
 68215094 1397539    0.02782   97    6    0.02742    0.02782  1.44%  15.1 19170s
 68244814 1398214    0.02782  111    3    0.02742    0.02782  1.43%  15.1 19175s
 68271657 1399052    0.02782  102    8    0.02742    0.02782  1.43%  15.1 19180s
 68299363 1399775    0.02777  101   11    0.02742    0.02782  1.43%  15.1 19185s
 68328672 1400863 infeasible  109         0.02742    0.02782  1.43%  15.1 19190s
 68357654 1401632 infeasible  101         0.02742    0.02782  1.43%  15.0 19195s
 68388903 1402356    0.02776  100   15    0.02742    0.02782  1.43%  15.0 19200s
 68419669 1402881    0.02782  111    1    0.02742    0.02782  1.43%  15.0 19205s
 68447526 1403366 infeasible  107         0.02742    0.02782  1.43%  15.0 19210s
 68477874 1403981    0.02781  108   11    0.02742    0.02782  1.43%  15.0 19215s
 68507413 1404478 infeasible  107         0.02742    0.02782  1.43%  15.0 19220s
 68537514 1405016    0.02781  110    1    0.02742    0.02782  1.43%  15.0 19225s
 68567670 1405579 infeasible  109         0.02742    0.02782  1.43%  15.0 19230s
 68576094 1405612     cutoff  107         0.02742    0.02782  1.43%  15.0 19235s
 68605223 1406029    0.02781  107    6    0.02742    0.02782  1.43%  15.0 19240s
 68636400 1406497 infeasible  113         0.02742    0.02782  1.43%  15.0 19245s
 68663822 1407106    0.02779   99   11    0.02742    0.02782  1.43%  15.0 19250s
 68691700 1407307    0.02781   90   11    0.02742    0.02782  1.43%  15.0 19255s
 68721951 1407694 infeasible   99         0.02742    0.02782  1.43%  15.0 19260s
 68751190 1408281    0.02781  100    8    0.02742    0.02782  1.43%  15.0 19265s
 68781976 1408710     cutoff  101         0.02742    0.02781  1.43%  15.0 19270s
 68810089 1409278    0.02781  104    6    0.02742    0.02781  1.43%  15.0 19275s
 68838183 1409862    0.02781  107    9    0.02742    0.02781  1.43%  15.0 19280s
 68864577 1410362    0.02781  108    2    0.02742    0.02781  1.43%  15.0 19285s
 68895992 1410777    0.02774  103    4    0.02742    0.02781  1.43%  15.0 19290s
 68922309 1410992     cutoff  106         0.02742    0.02781  1.43%  14.9 19295s
 68949851 1411350     cutoff   43         0.02742    0.02781  1.43%  14.9 19300s
 68978047 1411715 infeasible  103         0.02742    0.02781  1.43%  14.9 19305s
 69008506 1412230    0.02781  104    2    0.02742    0.02781  1.42%  14.9 19310s
 69036937 1412599    0.02781  104    6    0.02742    0.02781  1.42%  14.9 19315s
 69065540 1412945    0.02781   97    2    0.02742    0.02781  1.42%  14.9 19320s
 69094636 1413193    0.02781  114    1    0.02742    0.02781  1.42%  14.9 19325s
 69123365 1413827    0.02781  105    7    0.02742    0.02781  1.42%  14.9 19330s
 69151866 1414331     cutoff  102         0.02742    0.02781  1.42%  14.9 19335s
 69181373 1414902     cutoff  103         0.02742    0.02781  1.42%  14.9 19340s
 69210051 1415421    0.02776  106    7    0.02742    0.02781  1.42%  14.9 19345s
 69240509 1415978 infeasible  113         0.02742    0.02781  1.42%  14.9 19350s
 69270725 1416479    0.02781   98    4    0.02742    0.02781  1.42%  14.9 19355s
 69299886 1417146    0.02776  104    6    0.02742    0.02781  1.42%  14.9 19360s
 69328770 1417678    0.02781  100    2    0.02742    0.02781  1.42%  14.9 19365s
 69356194 1417825    0.02780  105    5    0.02742    0.02781  1.42%  14.9 19370s
 69384835 1418083    0.02778  109    2    0.02742    0.02781  1.42%  14.9 19375s
 69415594 1418545    0.02781  113    1    0.02742    0.02781  1.42%  14.9 19380s
 69446943 1418948 infeasible  102         0.02742    0.02781  1.42%  14.9 19385s
 69476065 1419268    0.02781  100    7    0.02742    0.02781  1.42%  14.9 19390s
 69507112 1419664    0.02781  108    1    0.02742    0.02781  1.42%  14.9 19395s
 69537414 1420166    0.02760  101    8    0.02742    0.02781  1.42%  14.8 19400s
 69565491 1420481 infeasible  122         0.02742    0.02781  1.42%  14.8 19405s
 69594952 1421007    0.02781  103    1    0.02742    0.02781  1.42%  14.8 19410s
 69622789 1421520     cutoff  107         0.02742    0.02781  1.42%  14.8 19415s
 69651470 1421956    0.02780  106    4    0.02742    0.02781  1.42%  14.8 19420s
 69682367 1422765 infeasible  116         0.02742    0.02781  1.42%  14.8 19425s
 69711915 1423361    0.02781   99    1    0.02742    0.02781  1.42%  14.8 19430s
 69740962 1423827    0.02780   92   17    0.02742    0.02781  1.42%  14.8 19435s
 69770916 1424228     cutoff   99         0.02742    0.02781  1.41%  14.8 19440s
 69801415 1425062    0.02781  102    3    0.02742    0.02781  1.41%  14.8 19445s
 69830482 1425619    0.02781  101    3    0.02742    0.02781  1.41%  14.8 19450s
 69844882 1425948     cutoff  104         0.02742    0.02781  1.41%  14.8 19455s
 69874242 1426621    0.02780  114    2    0.02742    0.02781  1.41%  14.8 19460s
 69897902 1427221    0.02781   93   18    0.02742    0.02781  1.41%  14.8 19465s
 69926408 1427824 infeasible  109         0.02742    0.02781  1.41%  14.8 19470s
 69952678 1428245    0.02762   34   55    0.02742    0.02781  1.41%  14.8 19475s
 69980618 1428725    0.02781  106    5    0.02742    0.02781  1.41%  14.8 19480s
 70009730 1429202    0.02781  106   10    0.02742    0.02781  1.41%  14.8 19485s
 70041134 1429907     cutoff  108         0.02742    0.02781  1.41%  14.8 19490s
 70071034 1430592    0.02761  105    5    0.02742    0.02781  1.41%  14.8 19495s
 70098200 1431205 infeasible  104         0.02742    0.02781  1.41%  14.8 19500s
 70127423 1431659 infeasible  110         0.02742    0.02781  1.41%  14.7 19505s
 70157460 1432211    0.02776   99   16    0.02742    0.02781  1.41%  14.7 19510s
 70188379 1432707 infeasible  106         0.02742    0.02781  1.41%  14.7 19515s
 70217679 1433163     cutoff  107         0.02742    0.02781  1.41%  14.7 19520s
 70245329 1433576    0.02780  106    8    0.02742    0.02781  1.41%  14.7 19525s
 70273596 1434063     cutoff   99         0.02742    0.02781  1.41%  14.7 19530s
 70302762 1434561     cutoff  110         0.02742    0.02781  1.41%  14.7 19535s
 70331329 1434974 infeasible  105         0.02742    0.02781  1.41%  14.7 19540s
 70357515 1435528 infeasible  106         0.02742    0.02781  1.41%  14.7 19545s
 70386758 1435928    0.02781  107    2    0.02742    0.02781  1.41%  14.7 19550s
 70413572 1436130     cutoff  105         0.02742    0.02781  1.41%  14.7 19555s
 70439509 1436706    0.02779  104    7    0.02742    0.02781  1.41%  14.7 19560s
 70468838 1437053     cutoff  108         0.02742    0.02781  1.41%  14.7 19565s
 70497305 1437547    0.02780  106    4    0.02742    0.02781  1.41%  14.7 19570s
 70524485 1437987    0.02780  108   10    0.02742    0.02781  1.41%  14.7 19575s
 70552307 1438268    0.02781   99   11    0.02742    0.02781  1.41%  14.7 19580s
 70580929 1438619    0.02778  101    9    0.02742    0.02781  1.41%  14.7 19585s
 70606861 1438927    0.02781  118    1    0.02742    0.02781  1.41%  14.7 19590s
 70633858 1439656 infeasible  116         0.02742    0.02781  1.41%  14.7 19595s
 70661842 1440047 infeasible  103         0.02742    0.02781  1.40%  14.7 19600s
 70690124 1440323 infeasible  112         0.02742    0.02781  1.40%  14.7 19605s
 70717257 1440704    0.02772   97    8    0.02742    0.02781  1.40%  14.7 19610s
 70741065 1441037    0.02777  102    8    0.02742    0.02781  1.40%  14.7 19615s
 70769339 1441360 infeasible  112         0.02742    0.02781  1.40%  14.6 19620s
 70797122 1441757    0.02781  106    5    0.02742    0.02781  1.40%  14.6 19625s
 70823573 1442004    0.02781   93    9    0.02742    0.02781  1.40%  14.6 19630s
 70847523 1442415 infeasible  105         0.02742    0.02781  1.40%  14.6 19635s
 70875316 1442608    0.02760  103    8    0.02742    0.02781  1.40%  14.6 19640s
 70900306 1442890    0.02780  102    2    0.02742    0.02781  1.40%  14.6 19645s
 70927705 1442861    0.02781  107    5    0.02742    0.02781  1.40%  14.6 19650s
 70954793 1442920 infeasible  107         0.02742    0.02781  1.40%  14.6 19655s
 70980316 1443025    0.02774  104   15    0.02742    0.02781  1.40%  14.6 19660s
 71007728 1443168    0.02780  101    1    0.02742    0.02781  1.40%  14.6 19665s
 71032986 1443287 infeasible   45         0.02742    0.02781  1.40%  14.6 19670s
 71059714 1443459    0.02760  103    5    0.02742    0.02781  1.40%  14.6 19675s
 71087046 1443641 infeasible  107         0.02742    0.02781  1.40%  14.6 19680s
 71112272 1443616    0.02781  105    6    0.02742    0.02781  1.40%  14.6 19685s
 71139462 1443716 infeasible  105         0.02742    0.02781  1.40%  14.6 19690s
 71167114 1443958    0.02760  103    8    0.02742    0.02781  1.40%  14.6 19695s
 71192405 1444021 infeasible  105         0.02742    0.02781  1.40%  14.6 19700s
 71220036 1443915 infeasible  109         0.02742    0.02781  1.40%  14.6 19705s
 71248779 1443907    0.02781   97    2    0.02742    0.02781  1.40%  14.6 19710s
 71275126 1443701    0.02781  103   14    0.02742    0.02781  1.40%  14.6 19715s
 71300217 1443610    0.02744   75   32    0.02742    0.02781  1.40%  14.6 19720s
 71323369 1443593 infeasible  106         0.02742    0.02781  1.40%  14.6 19725s
 71347746 1443226    0.02781  106    6    0.02742    0.02781  1.40%  14.6 19730s
 71375299 1443282    0.02780   98    4    0.02742    0.02781  1.40%  14.6 19735s
 71400595 1443229 infeasible  104         0.02742    0.02781  1.40%  14.5 19740s
 71426070 1443172    0.02780   99   18    0.02742    0.02781  1.40%  14.5 19745s
 71454061 1443353    0.02780  109    6    0.02742    0.02781  1.40%  14.5 19750s
 71478958 1443452    0.02781  100    6    0.02742    0.02781  1.40%  14.5 19755s
 71505635 1443444    0.02780   99    4    0.02742    0.02781  1.39%  14.5 19760s
 71532881 1443457    0.02759  106    4    0.02742    0.02781  1.39%  14.5 19765s
 71557890 1443370     cutoff   40         0.02742    0.02781  1.39%  14.5 19770s
 71586163 1443353    0.02779   96   22    0.02742    0.02781  1.39%  14.5 19775s
 71613182 1443324    0.02763  104    9    0.02742    0.02781  1.39%  14.5 19780s
 71642028 1443041    0.02779  109    6    0.02742    0.02781  1.39%  14.5 19785s
 71668845 1443236 infeasible  101         0.02742    0.02781  1.39%  14.5 19790s
 71694849 1443022 infeasible  109         0.02742    0.02781  1.39%  14.5 19795s
 71722930 1442997 infeasible  103         0.02742    0.02781  1.39%  14.5 19800s

Cutting planes:
  Gomory: 28
  Implied bound: 30
  MIR: 30
  Flow cover: 126
  Inf proof: 2
  RLT: 156
  Relax-and-lift: 24
  BQP: 68

Explored 71723173 nodes (1039724001 simplex iterations) in 19800.00 seconds (16626.44 work units)
Thread count was 4 (of 4 available processors)

Solution count 10: 0.0274235 0.0249496 0.0249442 ... 0.0211816

Time limit reached
Best objective 2.742346134531e-02, best bound 2.780517038773e-02, gap 1.3919%
{"verdict": "UNRESOLVED", "status": "TIME_LIMIT", "runtime": 19800.005290985107, "objval": 0.027423461345311845, "objbound": 0.027805170387733003, "binaries": 70}
