Set parameter NodefileStart to value 6
Read parameters from file gurobi.env
Restricted license - for non-production use only - expires 2027-11-29
Set parameter OutputFlag to value 1
Set parameter Threads to value 4
Set parameter TimeLimit to value 19800
Set parameter MIPGap to value 5e-05
Set parameter MIPFocus to value 2
Set parameter NonConvex to value 2
Set parameter BestBdStop to value 2.7426211734693878e-02
Gurobi Optimizer version 13.0.3 build v13.0.3rc0 (linux64 - "Ubuntu 24.04.5 LTS")

CPU model: AMD EPYC 9V45 96-Core Processor, instruction set [SSE2|AVX|AVX2|AVX512]
Thread count: 2 physical cores, 4 logical processors, using up to 4 threads

Non-default parameters:
TimeLimit  19800
BestBdStop  2.7426211734693878e-02
MIPGap  5e-05
MIPFocus  2
NodefileStart  6
NonConvex  2
Threads  4

Optimize a model with 165 rows, 135 columns and 976 nonzeros (Max)
Model fingerprint: 0x1e49887d
Model has 1 linear objective coefficients
Model has 50 quadratic constraints
Variable types: 65 continuous, 70 integer (70 binary)
Coefficient statistics:
  Matrix range     [5e-01, 1e+00]
  QMatrix range    [1e+00, 1e+00]
  QLMatrix range   [1e+00, 1e+00]
  Objective range  [1e+00, 1e+00]
  Bounds range     [5e-01, 1e+00]
  RHS range        [1e+00, 1e+00]

Found heuristic solution: objective -0.0000000
Presolve time: 0.00s
Presolved: 365 rows, 136 columns, 1376 nonzeros
Presolved model has 50 bilinear constraint(s)

Solving non-convex MIQCP to global optimality

Variable types: 66 continuous, 70 integer (70 binary)
Root relaxation presolve removed 50 rows and 1 columns
Root relaxation presolved: 315 rows, 135 columns, 1326 nonzeros


Root relaxation: objective 2.500000e-01, 101 iterations, 0.00 seconds (0.00 work units)

    Nodes    |    Current Node    |     Objective Bounds      |     Work
 Expl Unexpl |  Obj  Depth IntInf | Incumbent    BestBd   Gap | It/Node Time

     0     0    0.25000    0   43   -0.00000    0.25000      -     -    0s
     0     0    0.16667    0   66   -0.00000    0.16667      -     -    0s
     0     0    0.14286    0   75   -0.00000    0.14286      -     -    0s
     0     0    0.14009    0  105   -0.00000    0.14009      -     -    0s
     0     0    0.13223    0  103   -0.00000    0.13223      -     -    0s
     0     0    0.12721    0  105   -0.00000    0.12721      -     -    0s
     0     0    0.12584    0  102   -0.00000    0.12584      -     -    0s
     0     0    0.12500    0   68   -0.00000    0.12500      -     -    0s
     0     0    0.12500    0   98   -0.00000    0.12500      -     -    0s
     0     0    0.12500    0  102   -0.00000    0.12500      -     -    0s
     0     0    0.12500    0   43   -0.00000    0.12500      -     -    0s
     0     0    0.12500    0   42   -0.00000    0.12500      -     -    0s
     0     0    0.12500    0   42   -0.00000    0.12500      -     -    0s
H    0     0                       0.0000003    0.12500      -     -    0s
H    0     0                       0.0000003    0.12500      -     -    0s
     0     2    0.12500    0   42    0.00000    0.12500      -     -    0s
H  132   134                       0.0000003    0.12500      -  34.1    0s
* 2182  1623              93       0.0000008    0.12474      -  21.6    1s
* 2183  1574              93       0.0000009    0.12474      -  21.6    1s
* 2330  1031             125       0.0063803    0.12474  1855%  21.3    1s
H 2473   984                       0.0071394    0.12474  1647%  22.5    1s
H 3546  1322                       0.0075106    0.10758  1332%  27.0    1s
H 4354  1716                       0.0079422    0.10000  1159%  30.5    1s
*15253  8002              63       0.0081613    0.09462  1059%  37.2    4s
H15905  8394                       0.0082452    0.09346  1033%  37.2    4s
H16039  8588                       0.0088733    0.09325   951%  37.3    4s
H16646  8847                       0.0088763    0.09322   950%  37.5    4s
H17960  9458                       0.0089992    0.09222   925%  37.7    4s
H18978  9926                       0.0091158    0.09099   898%  38.1    4s
H18978  9918                       0.0091903    0.09099   890%  38.1    4s
 19606 10266 infeasible   31         0.00919    0.09020   882%  38.2    5s
H20046  9625                       0.0116277    0.08986   673%  38.1    5s
H20047  9094                       0.0142244    0.08986   532%  38.1    5s
H20048  8939                       0.0148266    0.08986   506%  38.1    5s
H20390  8980                       0.0153997    0.08982   483%  38.2    5s
H22268  9951                       0.0153997    0.08824   473%  38.6    5s
H25667 10790                       0.0178880    0.08609   381%  39.2    6s
H25672 10728                       0.0180730    0.08609   376%  39.2    6s
H38831 15597                       0.0187307    0.08197   338%  40.7    9s
H38832 15414                       0.0193905    0.08197   323%  40.7    9s
 39680 15922    0.03579   30   56    0.01939    0.08185   322%  40.7   10s
 64418 23908    0.05534   31   70    0.01939    0.07711   298%  40.4   15s
 90903 32152     cutoff   35         0.01939    0.07401   282%  40.0   20s
 116759 39565    0.02475   35   58    0.01939    0.07144   268%  40.1   25s
 143796 47648     cutoff   40         0.01939    0.07029   262%  39.9   30s
H162384 53178                       0.0194427    0.06958   258%  39.7   33s
 168620 55285 infeasible   43         0.01944    0.06934   257%  39.7   35s
 193836 63072    0.03385   33   60    0.01944    0.06844   252%  39.4   40s
 221426 71955    0.03082   36   57    0.01944    0.06762   248%  39.0   45s
 249533 81202    0.04462   35   48    0.01944    0.06694   244%  38.7   50s
 275949 89560    0.01974   37   59    0.01944    0.06627   241%  38.6   55s
 304290 98467    0.02280   43   61    0.01944    0.06546   237%  38.5   60s
 330541 106233    0.05175   27   69    0.01944    0.06466   233%  38.3   65s
 355610 113756    0.05884   31   59    0.01944    0.06402   229%  38.2   70s
 384308 122617    0.02049   52   57    0.01944    0.06343   226%  38.0   75s
 413411 131158     cutoff   35         0.01944    0.06276   223%  37.8   80s
 441460 139470    0.04047   34   53    0.01944    0.06224   220%  37.6   85s
 469847 148058    0.06161   27   68    0.01944    0.06184   218%  37.6   90s
 498390 156944    0.02257   39   51    0.01944    0.06151   216%  37.5   95s
 522721 164502    0.04587   35   60    0.01944    0.06123   215%  37.5  100s
 550922 172851    0.05260   30   69    0.01944    0.06091   213%  37.4  105s
 579492 181576    0.02718   33   47    0.01944    0.06059   212%  37.3  110s
H600358 185839                       0.0199586    0.06037   202%  37.2  113s
H601356 186270                       0.0199586    0.06035   202%  37.2  113s
 606572 187781     cutoff   36         0.01996    0.06030   202%  37.2  115s
 634904 196123    0.02615   35   50    0.01996    0.06001   201%  37.1  120s
H648859 200545                       0.0199586    0.05988   200%  37.1  122s
 658902 203283     cutoff   42         0.01996    0.05980   200%  37.1  125s
 687617 211588    0.02570   38   48    0.01996    0.05954   198%  37.0  130s
 715570 219297    0.02900   36   58    0.01996    0.05930   197%  36.9  135s
 743892 227052    0.02013   37   47    0.01996    0.05909   196%  36.9  140s
 773384 235060    0.02118   37   54    0.01996    0.05884   195%  36.8  145s
 797905 241935    0.03911   29   46    0.01996    0.05866   194%  36.7  150s
 825977 249553    0.02436   38   44    0.01996    0.05846   193%  36.6  155s
 853429 257119    0.02846   31   62    0.01996    0.05827   192%  36.6  160s
 881390 264744    0.03096   38   55    0.01996    0.05808   191%  36.6  165s
 908688 272236    0.05639   34   59    0.01996    0.05790   190%  36.6  170s
 933493 278880    0.03130   38   63    0.01996    0.05774   189%  36.5  175s
 959592 286030     cutoff   31         0.01996    0.05756   188%  36.5  180s
 987063 293620    0.03671   39   60    0.01996    0.05738   188%  36.5  185s
 1013007 300480    0.02183   37   52    0.01996    0.05722   187%  36.5  190s
 1040275 307694    0.02949   37   51    0.01996    0.05702   186%  36.5  195s
 1067173 314930    0.04056   39   59    0.01996    0.05685   185%  36.5  200s
 1094320 322295    0.04102   41   50    0.01996    0.05668   184%  36.4  205s
 1118534 328677    0.03247   39   55    0.01996    0.05653   183%  36.4  210s
 1146610 336629     cutoff   37         0.01996    0.05638   182%  36.4  215s
 1171853 343386    0.02636   37   53    0.01996    0.05624   182%  36.3  220s
 1199598 350638    0.04469   37   60    0.01996    0.05609   181%  36.3  225s
 1227455 357992     cutoff   43         0.01996    0.05594   180%  36.3  230s
 1255283 365678     cutoff   45         0.01996    0.05581   180%  36.3  235s
 1282523 373172    0.04279   32   51    0.01996    0.05568   179%  36.2  240s
 1308579 379755    0.03585   35   61    0.01996    0.05556   178%  36.2  245s
 1335738 387024    0.02100   44   52    0.01996    0.05543   178%  36.2  250s
 1363597 394502    0.02338   42   54    0.01996    0.05530   177%  36.2  255s
 1391567 401790    0.02595   43   56    0.01996    0.05517   176%  36.2  260s
 1419084 409277     cutoff   44         0.01996    0.05505   176%  36.2  265s
 1448826 416369    0.02164   40   62    0.01996    0.05493   175%  36.1  270s
H1458951 418847                       0.0199586    0.05489   175%  36.1  272s
 1472730 422243     cutoff   42         0.01996    0.05484   175%  36.1  275s
 1499053 428839     cutoff   41         0.01996    0.05473   174%  36.1  280s
 1527357 435929     cutoff   39         0.01996    0.05463   174%  36.1  285s
 1554380 442739     cutoff   46         0.01996    0.05453   173%  36.1  290s
 1578773 448667    0.03459   34   58    0.01996    0.05442   173%  36.1  295s
 1605426 455538    0.03200   40   55    0.01996    0.05432   172%  36.1  300s
 1633990 462816     cutoff   36         0.01996    0.05421   172%  36.0  305s
 1661602 470019    0.02205   42   48    0.01996    0.05410   171%  36.0  310s
 1689410 477213    0.03437   36   53    0.01996    0.05400   171%  36.0  315s
 1718212 484451     cutoff   44         0.01996    0.05390   170%  36.0  320s
 1744184 490949    0.03985   32   58    0.01996    0.05381   170%  36.0  325s
 1770247 497386    0.02335   39   55    0.01996    0.05372   169%  36.0  330s
 1798368 504525    0.04620   32   58    0.01996    0.05362   169%  36.0  335s
 1826538 511884    0.02765   41   52    0.01996    0.05353   168%  35.9  340s
 1854254 519091    0.02916   43   61    0.01996    0.05344   168%  35.9  345s
 1882835 526393    0.02211   43   63    0.01996    0.05336   167%  35.9  350s
 1908708 532836     cutoff   42         0.01996    0.05329   167%  35.9  355s
H1931152 524175                       0.0211461    0.05323   152%  35.9  358s
H1931499 524295                       0.0211461    0.05323   152%  35.9  358s
H1931602 524295                       0.0211461    0.05323   152%  35.9  359s
 1936015 525489     cutoff   38         0.02115    0.05321   152%  35.9  360s
 1961910 531545    0.05042   40   58    0.02115    0.05313   151%  35.8  365s
 1990736 538481     cutoff   48         0.02115    0.05304   151%  35.8  370s
H2008793 542710                       0.0211461    0.05299   151%  35.8  373s
H2009166 542708                       0.0211461    0.05299   151%  35.8  373s
 2015018 544153    0.04547   33   63    0.02115    0.05297   150%  35.8  375s
 2043037 550603     cutoff   42         0.02115    0.05289   150%  35.8  380s
 2071378 556982    0.02172   45   46    0.02115    0.05282   150%  35.8  385s
 2099244 563219    0.02680   41   63    0.02115    0.05274   149%  35.8  390s
 2126062 569544    0.02256   35   57    0.02115    0.05268   149%  35.7  395s
 2152408 575529    0.04440   34   55    0.02115    0.05260   149%  35.7  400s
H2156323 563671                       0.0220223    0.05259   139%  35.7  401s
H2157487 553318                       0.0227463    0.05259   131%  35.7  401s
H2158805 544839                       0.0233266    0.05258   125%  35.7  401s
 2172227 547042     cutoff   41         0.02333    0.05254   125%  35.7  405s
 2198790 552088    0.04945   33   45    0.02333    0.05247   125%  35.7  410s
 2224775 556771     cutoff   36         0.02333    0.05240   125%  35.7  415s
 2251139 561789    0.03290   34   54    0.02333    0.05233   124%  35.7  420s
 2277479 566596    0.03690   35   63    0.02333    0.05225   124%  35.6  425s
 2300862 571002    0.03089   37   59    0.02333    0.05218   124%  35.6  430s
 2327347 575650     cutoff   44         0.02333    0.05210   123%  35.6  435s
 2351728 579965    0.03513   37   46    0.02333    0.05203   123%  35.6  440s
 2379801 584910    0.02623   41   56    0.02333    0.05195   123%  35.6  445s
 2407547 589771     cutoff   36         0.02333    0.05187   122%  35.6  450s
 2435915 594825    0.02638   50   52    0.02333    0.05180   122%  35.5  455s
 2460696 599231     cutoff   36         0.02333    0.05174   122%  35.5  460s
 2489525 604224     cutoff   39         0.02333    0.05166   121%  35.5  465s
 2518353 609320    0.03506   42   60    0.02333    0.05159   121%  35.5  470s
 2546840 614246     cutoff   45         0.02333    0.05151   121%  35.5  475s
 2575999 618975     cutoff   40         0.02333    0.05143   120%  35.5  480s
 2605095 624237    0.03957   32   51    0.02333    0.05135   120%  35.4  485s
 2634333 629074     cutoff   36         0.02333    0.05127   120%  35.4  490s
 2659968 633284    0.02477   35   42    0.02333    0.05121   120%  35.4  495s
 2690061 638264     cutoff   41         0.02333    0.05113   119%  35.4  500s
 2718101 642885     cutoff   42         0.02333    0.05106   119%  35.4  505s
 2746653 647680    0.03026   38   56    0.02333    0.05099   119%  35.4  510s
 2773039 652147    0.03066   35   58    0.02333    0.05092   118%  35.3  515s
 2801161 656749    0.04246   41   59    0.02333    0.05085   118%  35.3  520s
 2828209 661231    0.04087   33   61    0.02333    0.05078   118%  35.3  525s
 2857725 665824    0.02430   41   47    0.02333    0.05071   117%  35.3  530s
 2886917 670352     cutoff   42         0.02333    0.05064   117%  35.3  535s
 2917624 675405    0.02788   42   48    0.02333    0.05057   117%  35.3  540s
 2947141 680335 infeasible   45         0.02333    0.05050   117%  35.2  545s
 2972575 684434     cutoff   43         0.02333    0.05044   116%  35.2  550s
 3001033 689059     cutoff   40         0.02333    0.05038   116%  35.2  555s
 3029930 693904 infeasible   39         0.02333    0.05031   116%  35.2  560s
 3058731 698351     cutoff   43         0.02333    0.05024   115%  35.2  565s
 3086937 702610 infeasible   38         0.02333    0.05018   115%  35.2  570s
 3113306 706784     cutoff   39         0.02333    0.05013   115%  35.2  575s
 3142402 711275     cutoff   43         0.02333    0.05006   115%  35.1  580s
 3171785 716142     cutoff   52         0.02333    0.05000   114%  35.1  585s
 3199574 720476    0.03230   40   44    0.02333    0.04994   114%  35.1  590s
 3227349 725258    0.04605   37   63    0.02333    0.04989   114%  35.1  595s
 3256607 729682    0.02412   38   51    0.02333    0.04984   114%  35.1  600s
 3283221 733884    0.03783   40   56    0.02333    0.04978   113%  35.1  605s
 3312901 738701    0.02802   47   49    0.02333    0.04972   113%  35.1  610s
 3341058 743186     cutoff   41         0.02333    0.04967   113%  35.1  615s
 3369922 747907    0.03742   38   63    0.02333    0.04962   113%  35.0  620s
 3399016 752983     cutoff   40         0.02333    0.04956   112%  35.0  625s
 3427474 757519    0.02501   40   55    0.02333    0.04951   112%  35.0  630s
 3455456 761754    0.02468   42   60    0.02333    0.04946   112%  35.0  635s
 3484858 766071    0.02689   45   49    0.02333    0.04940   112%  35.0  640s
 3512099 770510    0.02381   34   51    0.02333    0.04935   112%  35.0  645s
 3541498 775198    0.03196   38   58    0.02333    0.04930   111%  35.0  650s
 3571186 779327    0.04206   37   56    0.02333    0.04925   111%  35.0  655s
 3594968 782712    0.02409   46   53    0.02333    0.04921   111%  35.0  660s
 3623113 786825    0.03242   38   55    0.02333    0.04916   111%  34.9  665s
 3651607 790945    0.02474   38   57    0.02333    0.04911   111%  34.9  670s
 3679669 795347     cutoff   35         0.02333    0.04906   110%  34.9  675s
 3708564 799788 infeasible   37         0.02333    0.04901   110%  34.9  680s
 3737525 804159    0.02531   46   51    0.02333    0.04896   110%  34.9  685s
 3761253 807892     cutoff   37         0.02333    0.04892   110%  34.9  690s
 3790641 812443    0.03469   37   59    0.02333    0.04887   110%  34.9  695s
 3818914 816855 infeasible   39         0.02333    0.04883   109%  34.9  700s
 3849804 821741    0.03778   30   62    0.02333    0.04878   109%  34.9  705s
 3879213 826027    0.02472   40   59    0.02333    0.04872   109%  34.9  710s
 3909178 830485    0.03891   33   57    0.02333    0.04867   109%  34.8  715s
 3935162 834529    0.03958   37   55    0.02333    0.04863   108%  34.8  720s
 3963982 838786    0.02568   42   56    0.02333    0.04858   108%  34.8  725s
 3990559 842891    0.03221   37   55    0.02333    0.04854   108%  34.8  730s
 4015577 846798     cutoff   41         0.02333    0.04850   108%  34.8  735s
 4043292 850900    0.03986   30   56    0.02333    0.04846   108%  34.8  740s
 4066992 854287    0.03429   36   51    0.02333    0.04841   108%  34.8  745s
 4093086 858298    0.03664   42   52    0.02333    0.04837   107%  34.8  750s
 4119312 862367     cutoff   45         0.02333    0.04833   107%  34.8  755s
 4145395 866163     cutoff   46         0.02333    0.04829   107%  34.8  760s
 4170955 869675    0.02475   33   53    0.02333    0.04825   107%  34.8  765s
 4196337 873507    0.02591   41   54    0.02333    0.04821   107%  34.7  770s
 4220450 876663     cutoff   40         0.02333    0.04817   106%  34.7  775s
 4247359 880776    0.02459   39   51    0.02333    0.04813   106%  34.7  780s
 4274362 884805    0.02631   39   59    0.02333    0.04809   106%  34.7  785s
 4300235 888412    0.02654   42   53    0.02333    0.04805   106%  34.7  790s
 4328046 892504     cutoff   37         0.02333    0.04800   106%  34.7  795s
 4355787 896738    0.03538   39   56    0.02333    0.04796   106%  34.7  800s
 4383888 901001    0.02667   41   51    0.02333    0.04792   105%  34.7  805s
 4408880 904646    0.02955   43   54    0.02333    0.04788   105%  34.7  810s
 4435877 908635    0.04282   30   55    0.02333    0.04785   105%  34.7  815s
 4461607 911909    0.02378   39   51    0.02333    0.04781   105%  34.7  820s
 4489268 915675    0.03377   29   57    0.02333    0.04777   105%  34.7  825s
 4517485 919449    0.02581   34   56    0.02333    0.04773   105%  34.6  830s
 4542673 923277    0.02723   41   55    0.02333    0.04770   104%  34.6  835s
 4570450 927107     cutoff   34         0.02333    0.04766   104%  34.6  840s
 4598362 931026    0.03727   46   53    0.02333    0.04762   104%  34.6  845s
 4626710 935092    0.03101   41   57    0.02333    0.04758   104%  34.6  850s
 4654340 938721    0.03720   44   54    0.02333    0.04754   104%  34.6  855s
 4678750 942162    0.03817   36   55    0.02333    0.04751   104%  34.6  860s
 4706445 946181    0.03522   45   53    0.02333    0.04747   104%  34.6  865s
 4733842 950174    0.02925   39   50    0.02333    0.04744   103%  34.6  870s
 4760034 953762    0.02673   39   53    0.02333    0.04740   103%  34.6  875s
 4786860 957338    0.02478   43   51    0.02333    0.04737   103%  34.6  880s
 4813828 960933    0.02653   39   61    0.02333    0.04733   103%  34.6  885s
 4838251 964412     cutoff   46         0.02333    0.04730   103%  34.5  890s
 4865508 968114    0.02420   36   54    0.02333    0.04726   103%  34.5  895s
 4890187 971180    0.03312   39   57    0.02333    0.04723   102%  34.5  900s
 4914349 974450     cutoff   44         0.02333    0.04720   102%  34.5  905s
 4936105 977783    0.03258   37   57    0.02333    0.04717   102%  34.5  910s
 4962295 981128     cutoff   44         0.02333    0.04713   102%  34.5  915s
 4986604 984295    0.03620   36   55    0.02333    0.04710   102%  34.5  920s
 5013949 988045     cutoff   43         0.02333    0.04707   102%  34.5  925s
 5040890 991365     cutoff   41         0.02333    0.04703   102%  34.5  930s
 5068211 994808     cutoff   39         0.02333    0.04700   101%  34.5  935s
 5095954 998436     cutoff   36         0.02333    0.04696   101%  34.5  940s
 5122723 1001969    0.03222   33   65    0.02333    0.04693   101%  34.5  945s
 5146841 1005150    0.02339   39   54    0.02333    0.04690   101%  34.5  950s
 5174068 1008858    0.03025   32   53    0.02333    0.04687   101%  34.4  955s
 5199339 1012105     cutoff   44         0.02333    0.04683   101%  34.4  960s
 5225856 1015349    0.02922   40   55    0.02333    0.04680   101%  34.4  965s
 5253644 1019145     cutoff   47         0.02333    0.04677   100%  34.4  970s
 5280951 1022746    0.02629   38   50    0.02333    0.04673   100%  34.4  975s
 5305296 1026043     cutoff   39         0.02333    0.04670   100%  34.4  980s
 5330345 1029561     cutoff   45         0.02333    0.04667   100%  34.4  985s
 5357672 1033220    0.04653   29   59    0.02333    0.04664   100%  34.4  990s
 5384165 1036527     cutoff   42         0.02333    0.04661   100%  34.4  995s
 5412051 1039996    0.02377   47   44    0.02333    0.04657   100%  34.4 1000s
 5440412 1043622    0.02475   39   57    0.02333    0.04654   100%  34.4 1005s
 5465211 1047150     cutoff   42         0.02333    0.04651  99.4%  34.4 1010s
 5492257 1050582    0.02890   37   55    0.02333    0.04648  99.3%  34.4 1015s
 5521189 1054636     cutoff   33         0.02333    0.04645  99.1%  34.4 1020s
 5549516 1058742    0.02956   43   51    0.02333    0.04641  99.0%  34.4 1025s
 5577845 1062599     cutoff   53         0.02333    0.04638  98.8%  34.3 1030s
 5606172 1066217     cutoff   43         0.02333    0.04635  98.7%  34.3 1035s
 5631734 1069174     cutoff   46         0.02333    0.04631  98.5%  34.3 1040s
 5660992 1072818    0.03840   41   62    0.02333    0.04628  98.4%  34.3 1045s
 5690265 1076401    0.04543   42   61    0.02333    0.04625  98.3%  34.3 1050s
 5719136 1079710    0.03392   38   55    0.02333    0.04621  98.1%  34.3 1055s
 5747507 1083165     cutoff   36         0.02333    0.04618  98.0%  34.3 1060s
 5770874 1086181     cutoff   41         0.02333    0.04615  97.9%  34.3 1065s
 5800903 1090275    0.03209   41   52    0.02333    0.04612  97.7%  34.3 1070s
 5829722 1093748    0.02936   42   56    0.02333    0.04609  97.6%  34.3 1075s
 5859005 1097514     cutoff   39         0.02333    0.04605  97.4%  34.3 1080s
 5886865 1100927 infeasible   38         0.02333    0.04602  97.3%  34.3 1085s
 5914390 1104471     cutoff   36         0.02333    0.04599  97.2%  34.3 1090s
 5939248 1107481    0.03393   34   62    0.02333    0.04597  97.1%  34.2 1095s
 5967634 1110995    0.04407   37   58    0.02333    0.04594  96.9%  34.2 1100s
 5995930 1114528     cutoff   39         0.02333    0.04591  96.8%  34.2 1105s
 6025041 1118023    0.02694   41   54    0.02333    0.04587  96.7%  34.2 1110s
 6053451 1121370    0.02396   38   54    0.02333    0.04584  96.5%  34.2 1115s
 6078066 1124392    0.02333   42   51    0.02333    0.04581  96.4%  34.2 1120s
 6106752 1127882 infeasible   42         0.02333    0.04578  96.3%  34.2 1125s
 6134701 1131291     cutoff   39         0.02333    0.04575  96.1%  34.2 1130s
 6162222 1134519     cutoff   43         0.02333    0.04572  96.0%  34.2 1135s
 6189151 1138020    0.02766   36   61    0.02333    0.04569  95.9%  34.2 1140s
 6213191 1140860     cutoff   45         0.02333    0.04566  95.8%  34.2 1145s
 6238221 1143756     cutoff   43         0.02333    0.04564  95.6%  34.2 1150s
 6260688 1146584    0.03078   38   52    0.02333    0.04561  95.5%  34.2 1155s
 6287512 1149697    0.04250   33   64    0.02333    0.04558  95.4%  34.2 1160s
 6313229 1153041    0.02673   39   55    0.02333    0.04555  95.3%  34.2 1165s
 6340004 1156634    0.03085   43   58    0.02333    0.04553  95.2%  34.2 1170s
 6366899 1160210    0.03104   36   60    0.02333    0.04550  95.1%  34.2 1175s
 6393575 1163265     cutoff   36         0.02333    0.04547  94.9%  34.1 1180s
 6421161 1166438    0.04491   31   66    0.02333    0.04544  94.8%  34.1 1185s
 6445148 1169491    0.02981   28   58    0.02333    0.04542  94.7%  34.1 1190s
 6472668 1172813     cutoff   39         0.02333    0.04539  94.6%  34.1 1195s
 6500553 1176288    0.03225   33   59    0.02333    0.04536  94.4%  34.1 1200s
 6526605 1179295    0.02337   40   59    0.02333    0.04533  94.3%  34.1 1205s
 6555137 1182721    0.04481   37   46    0.02333    0.04530  94.2%  34.1 1210s
 6582981 1186037    0.02603   47   54    0.02333    0.04527  94.1%  34.1 1215s
 6608412 1188941    0.04213   38   56    0.02333    0.04524  94.0%  34.1 1220s
 6634621 1192479     cutoff   39         0.02333    0.04522  93.8%  34.1 1225s
 6663295 1195752     cutoff   40         0.02333    0.04519  93.7%  34.1 1230s
 6691482 1199050     cutoff   38         0.02333    0.04516  93.6%  34.1 1235s
 6720286 1202625     cutoff   48         0.02333    0.04513  93.5%  34.1 1240s
 6745728 1205560     cutoff   35         0.02333    0.04511  93.4%  34.1 1245s
 6774384 1208937    0.03059   39   57    0.02333    0.04508  93.3%  34.1 1250s
 6802741 1212351     cutoff   41         0.02333    0.04505  93.1%  34.1 1255s
 6829194 1215707     cutoff   40         0.02333    0.04503  93.0%  34.1 1260s
 6858632 1219200     cutoff   38         0.02333    0.04500  92.9%  34.0 1265s
 6887177 1222396    0.04144   41   65    0.02333    0.04497  92.8%  34.0 1270s
 6912569 1225309    0.03447   42   54    0.02333    0.04494  92.7%  34.0 1275s
 6939948 1228404    0.03180   35   55    0.02333    0.04492  92.6%  34.0 1280s
 6968192 1231493     cutoff   44         0.02333    0.04489  92.5%  34.0 1285s
 6997917 1234802    0.03900   35   59    0.02333    0.04487  92.3%  34.0 1290s
 7025467 1238070    0.02511   41   57    0.02333    0.04484  92.2%  34.0 1295s
 7054746 1241636     cutoff   48         0.02333    0.04482  92.1%  34.0 1300s
 7084429 1245185    0.02365   35   55    0.02333    0.04479  92.0%  34.0 1305s
 7111267 1248469    0.02539   41   65    0.02333    0.04476  91.9%  34.0 1310s
 7141190 1251834     cutoff   47         0.02333    0.04474  91.8%  34.0 1315s
 7171609 1255230    0.02723   45   52    0.02333    0.04471  91.7%  34.0 1320s
 7201519 1258773     cutoff   41         0.02333    0.04468  91.6%  34.0 1325s
 7231432 1262133    0.03495   36   58    0.02333    0.04466  91.4%  34.0 1330s
 7261377 1265760    0.03671   37   51    0.02333    0.04463  91.3%  34.0 1335s
 7286021 1268548    0.02347   40   57    0.02333    0.04461  91.2%  34.0 1340s
 7315322 1271923    0.02954   33   52    0.02333    0.04458  91.1%  34.0 1345s
 7343971 1275285    0.02689   39   56    0.02333    0.04456  91.0%  34.0 1350s
 7372643 1278535     cutoff   39         0.02333    0.04453  90.9%  34.0 1355s
 7401791 1282210    0.02367   38   54    0.02333    0.04450  90.8%  33.9 1360s
 7431047 1285512     cutoff   41         0.02333    0.04448  90.7%  33.9 1365s
 7457886 1288285    0.03307   38   57    0.02333    0.04445  90.6%  33.9 1370s
 7483014 1290965     cutoff   45         0.02333    0.04443  90.5%  33.9 1375s
 7511146 1293936    0.03173   43   56    0.02333    0.04440  90.4%  33.9 1380s
 7541494 1297325    0.02711   50   56    0.02333    0.04438  90.2%  33.9 1385s
 7571420 1300727     cutoff   44         0.02333    0.04435  90.1%  33.9 1390s
 7600780 1304215     cutoff   39         0.02333    0.04432  90.0%  33.9 1395s
 7627390 1307001    0.02419   41   52    0.02333    0.04430  89.9%  33.9 1400s
 7656637 1310265     cutoff   43         0.02333    0.04427  89.8%  33.9 1405s
 7687310 1313678    0.02681   44   42    0.02333    0.04425  89.7%  33.9 1410s
 7715955 1316929     cutoff   46         0.02333    0.04422  89.6%  33.9 1415s
 7745903 1320433    0.03572   40   48    0.02333    0.04420  89.5%  33.9 1420s
 7773617 1323323     cutoff   30         0.02333    0.04417  89.4%  33.9 1425s
 7802468 1326392    0.03233   38   53    0.02333    0.04415  89.3%  33.9 1430s
 7831790 1329407    0.03725   32   50    0.02333    0.04412  89.2%  33.9 1435s
 7859988 1332456     cutoff   41         0.02333    0.04410  89.0%  33.9 1440s
 7889663 1335534    0.02705   35   59    0.02333    0.04407  88.9%  33.9 1445s
 7918353 1338573    0.02758   40   58    0.02333    0.04405  88.8%  33.9 1450s
 7944969 1341555    0.03195   36   56    0.02333    0.04402  88.7%  33.8 1455s
 7974697 1344587     cutoff   40         0.02333    0.04400  88.6%  33.8 1460s
 8004307 1347902    0.03566   38   61    0.02333    0.04397  88.5%  33.8 1465s
 8033962 1351217    0.02899   40   52    0.02333    0.04395  88.4%  33.8 1470s
 8063483 1354745    0.04130   36   60    0.02333    0.04392  88.3%  33.8 1475s
 8089797 1357454     cutoff   43         0.02333    0.04390  88.2%  33.8 1480s
 8119324 1360928     cutoff   41         0.02333    0.04387  88.1%  33.8 1485s
 8148787 1364145     cutoff   37         0.02333    0.04385  88.0%  33.8 1490s
 8178651 1367383     cutoff   38         0.02333    0.04383  87.9%  33.8 1495s
 8208509 1370487     cutoff   41         0.02333    0.04380  87.8%  33.8 1500s
 8238151 1373790    0.03798   43   54    0.02333    0.04378  87.7%  33.8 1505s
 8263603 1376442     cutoff   32         0.02333    0.04376  87.6%  33.8 1510s
 8291101 1379372     cutoff   40         0.02333    0.04374  87.5%  33.8 1515s
 8321233 1382299     cutoff   39         0.02333    0.04371  87.4%  33.8 1520s
 8351590 1385316     cutoff   39         0.02333    0.04369  87.3%  33.8 1525s
 8380721 1388539    0.02700   39   57    0.02333    0.04367  87.2%  33.8 1530s
 8409701 1391448 infeasible   43         0.02333    0.04364  87.1%  33.8 1535s
 8438148 1394550    0.02420   43   43    0.02333    0.04362  87.0%  33.8 1540s
 8463296 1397059    0.02489   41   52    0.02333    0.04360  86.9%  33.8 1545s
 8491777 1400135    0.03924   35   57    0.02333    0.04358  86.8%  33.8 1550s
 8520718 1403204    0.03142   36   64    0.02333    0.04355  86.7%  33.7 1555s
 8548409 1406178    0.02870   38   58    0.02333    0.04353  86.6%  33.7 1560s
 8576704 1409012    0.02645   45   54    0.02333    0.04351  86.5%  33.7 1565s
 8604525 1411931     cutoff   45         0.02333    0.04349  86.4%  33.7 1570s
 8629558 1414484     cutoff   43         0.02333    0.04346  86.3%  33.7 1575s
 8657905 1417059    0.04130   36   53    0.02333    0.04344  86.2%  33.7 1580s
 8684645 1419890     cutoff   45         0.02333    0.04342  86.1%  33.7 1585s
 8711064 1422582    0.02933   43   59    0.02333    0.04340  86.0%  33.7 1590s
 8738441 1425114    0.02566   43   52    0.02333    0.04338  86.0%  33.7 1595s
 8765738 1428007    0.04121   34   51    0.02333    0.04336  85.9%  33.7 1600s
 8791771 1430668    0.03671   33   53    0.02333    0.04334  85.8%  33.7 1605s
 8818855 1433436     cutoff   42         0.02333    0.04331  85.7%  33.7 1610s
 8846775 1436092    0.02728   42   58    0.02333    0.04329  85.6%  33.7 1615s
 8875831 1438972    0.03124   39   56    0.02333    0.04327  85.5%  33.7 1620s
 8904558 1441780     cutoff   42         0.02333    0.04325  85.4%  33.7 1625s
 8930575 1444372     cutoff   37         0.02333    0.04323  85.3%  33.7 1630s
 8960063 1447417    0.02774   43   53    0.02333    0.04321  85.2%  33.7 1635s
 8988525 1450269 infeasible   36         0.02333    0.04319  85.1%  33.7 1640s
 9017531 1452986    0.02682   42   47    0.02333    0.04316  85.0%  33.7 1645s
 9047053 1456027 infeasible   55         0.02333    0.04314  84.9%  33.7 1650s
 9071595 1458497    0.02560   39   58    0.02333    0.04312  84.9%  33.7 1655s
 9100619 1461245    0.03437   34   60    0.02333    0.04310  84.8%  33.7 1660s
 9126738 1463744     cutoff   39         0.02333    0.04308  84.7%  33.6 1665s
 9155775 1466532    0.02372   42   47    0.02333    0.04306  84.6%  33.6 1670s
 9184389 1469437    0.03743   40   58    0.02333    0.04303  84.5%  33.6 1675s
 9213693 1472464     cutoff   41         0.02333    0.04301  84.4%  33.6 1680s
 9239582 1475268    0.02802   35   60    0.02333    0.04299  84.3%  33.6 1685s
 9268832 1478227     cutoff   47         0.02333    0.04297  84.2%  33.6 1690s
 9298388 1481088     cutoff   42         0.02333    0.04295  84.1%  33.6 1695s
 9328059 1484057     cutoff   39         0.02333    0.04293  84.0%  33.6 1700s
 9357395 1487079     cutoff   32         0.02333    0.04290  83.9%  33.6 1705s
 9386231 1490034     cutoff   37         0.02333    0.04288  83.8%  33.6 1710s
 9412895 1492625    0.03249   42   55    0.02333    0.04286  83.8%  33.6 1715s
 9442289 1495243    0.02528   37   59    0.02333    0.04284  83.7%  33.6 1720s
 9471846 1498245    0.02841   40   29    0.02333    0.04282  83.6%  33.6 1725s
 9501365 1501333    0.02936   44   52    0.02333    0.04280  83.5%  33.6 1730s
 9530942 1504108     cutoff   44         0.02333    0.04277  83.4%  33.6 1735s
 9555174 1506294     cutoff   38         0.02333    0.04276  83.3%  33.6 1740s
 9584676 1509284     cutoff   50         0.02333    0.04274  83.2%  33.6 1745s
 9613418 1511983     cutoff   32         0.02333    0.04271  83.1%  33.6 1750s
 9643168 1514840    0.03521   34   47    0.02333    0.04269  83.0%  33.6 1755s
 9672538 1517658     cutoff   43         0.02333    0.04267  82.9%  33.6 1760s
 9698703 1520441    0.03682   35   65    0.02333    0.04265  82.8%  33.5 1765s
 9728455 1523047    0.02841   42   57    0.02333    0.04263  82.7%  33.5 1770s
 9758067 1525752     cutoff   44         0.02333    0.04261  82.7%  33.5 1775s
 9787695 1528385    0.03013   34   53    0.02333    0.04258  82.6%  33.5 1780s
 9817076 1531092     cutoff   37         0.02333    0.04256  82.5%  33.5 1785s
 9846032 1533810    0.03051   45   52    0.02333    0.04254  82.4%  33.5 1790s
 9871491 1536250    0.02403   39   52    0.02333    0.04252  82.3%  33.5 1795s
 9899149 1538676     cutoff   44         0.02333    0.04250  82.2%  33.5 1800s
 9928065 1541352    0.02972   33   54    0.02333    0.04248  82.1%  33.5 1805s
 9955244 1543871    0.03003   41   54    0.02333    0.04246  82.0%  33.5 1810s
 9983975 1546339     cutoff   41         0.02333    0.04244  81.9%  33.5 1815s
 10013082 1548963    0.04239   34   57    0.02333    0.04242  81.8%  33.5 1820s
 10038415 1551032     cutoff   47         0.02333    0.04240  81.8%  33.5 1825s
 10067150 1553378     cutoff   43         0.02333    0.04238  81.7%  33.5 1830s
 10094367 1555999     cutoff   42         0.02333    0.04236  81.6%  33.5 1835s
 10122527 1558777     cutoff   46         0.02333    0.04234  81.5%  33.5 1840s
 10149797 1561337    0.03570   47   48    0.02333    0.04232  81.4%  33.5 1845s
 10177718 1564030     cutoff   40         0.02333    0.04230  81.3%  33.5 1850s
 10203391 1566405     cutoff   52         0.02333    0.04228  81.3%  33.5 1855s
 10231568 1568937     cutoff   36         0.02333    0.04226  81.2%  33.5 1860s
 10260050 1571616     cutoff   43         0.02333    0.04224  81.1%  33.5 1865s
 10288035 1574130     cutoff   48         0.02333    0.04222  81.0%  33.4 1870s
 10315903 1576718    0.03098   45   55    0.02333    0.04220  80.9%  33.4 1875s
 10340584 1578851    0.02394   41   68    0.02333    0.04218  80.8%  33.4 1880s
 10368470 1581278    0.02869   47   50    0.02333    0.04216  80.8%  33.4 1885s
 10394579 1583623    0.03413   39   47    0.02333    0.04215  80.7%  33.4 1890s
 10422035 1586225     cutoff   45         0.02333    0.04213  80.6%  33.4 1895s
 10451016 1588623     cutoff   40         0.02333    0.04211  80.5%  33.4 1900s
 10480254 1591271    0.03372   41   55    0.02333    0.04209  80.4%  33.4 1905s
 10505678 1593772    0.03695   33   66    0.02333    0.04207  80.4%  33.4 1910s
 10533603 1596660     cutoff   47         0.02333    0.04205  80.3%  33.4 1915s
 10562811 1599062    0.02704   39   53    0.02333    0.04203  80.2%  33.4 1920s
 10591874 1601526    0.04109   31   60    0.02333    0.04201  80.1%  33.4 1925s
 10620901 1604082     cutoff   38         0.02333    0.04199  80.0%  33.4 1930s
 10647622 1606350    0.03961   38   59    0.02333    0.04197  79.9%  33.4 1935s
 10677385 1608996     cutoff   32         0.02333    0.04196  79.9%  33.4 1940s
 10706213 1611575    0.02807   35   53    0.02333    0.04193  79.8%  33.4 1945s
 10736201 1614410     cutoff   36         0.02333    0.04192  79.7%  33.4 1950s
 10765083 1616665    0.02618   38   54    0.02333    0.04190  79.6%  33.4 1955s
 10792871 1618997     cutoff   47         0.02333    0.04188  79.5%  33.4 1960s
 10818765 1621200    0.02852   43   56    0.02333    0.04186  79.4%  33.4 1965s
 10848083 1623839    0.02430   42   54    0.02333    0.04184  79.4%  33.4 1970s
 10875847 1626472     cutoff   42         0.02333    0.04182  79.3%  33.4 1975s
 10904872 1628994    0.02540   35   56    0.02333    0.04180  79.2%  33.4 1980s
 10934572 1631798     cutoff   43         0.02333    0.04178  79.1%  33.3 1985s
 10964149 1634392    0.02909   44   52    0.02333    0.04176  79.0%  33.3 1990s
 10990169 1636560    0.02408   41   62    0.02333    0.04175  79.0%  33.3 1995s
 11020451 1639122     cutoff   40         0.02333    0.04173  78.9%  33.3 2000s
 11048186 1641356    0.03257   38   59    0.02333    0.04171  78.8%  33.3 2005s
 11076798 1644010    0.02391   41   56    0.02333    0.04170  78.7%  33.3 2010s
 11105687 1646584    0.02473   41   40    0.02333    0.04168  78.7%  33.3 2015s
 11133147 1648766    0.03188   43   63    0.02333    0.04166  78.6%  33.3 2020s
 11159721 1650905    0.02756   46   55    0.02333    0.04164  78.5%  33.3 2025s
 11188024 1653419    0.03519   37   59    0.02333    0.04162  78.4%  33.3 2030s
 11214199 1655772    0.03423   40   54    0.02333    0.04161  78.4%  33.3 2035s
 11242482 1658207     cutoff   42         0.02333    0.04159  78.3%  33.3 2040s
 11270949 1660661    0.03147   45   55    0.02333    0.04157  78.2%  33.3 2045s
 11299311 1663065     cutoff   38         0.02333    0.04155  78.1%  33.3 2050s
 11324270 1665239    0.02559   36   56    0.02333    0.04154  78.1%  33.3 2055s
 11351994 1667633    0.03192   36   51    0.02333    0.04152  78.0%  33.3 2060s
 11381182 1669946     cutoff   46         0.02333    0.04150  77.9%  33.3 2065s
 11407177 1672053     cutoff   52         0.02333    0.04149  77.9%  33.3 2070s
 11434563 1674406    0.03035   42   55    0.02333    0.04147  77.8%  33.3 2075s
 11462004 1676514    0.02646   31   56    0.02333    0.04145  77.7%  33.3 2080s
 11484655 1678537    0.02611   42   45    0.02333    0.04144  77.6%  33.3 2085s
 11512139 1680857     cutoff   41         0.02333    0.04142  77.6%  33.3 2090s
 11540332 1683422     cutoff   42         0.02333    0.04141  77.5%  33.3 2095s
 11567638 1685813 infeasible   45         0.02333    0.04139  77.4%  33.3 2100s
 11594705 1688137    0.03287   42   59    0.02333    0.04137  77.4%  33.3 2105s
 11621016 1690371    0.04004   31   59    0.02333    0.04136  77.3%  33.3 2110s
 11642886 1692227     cutoff   41         0.02333    0.04134  77.2%  33.3 2115s
 11669131 1694410     cutoff   42         0.02333    0.04133  77.2%  33.3 2120s
 11697270 1696730    0.02343   46   59    0.02333    0.04131  77.1%  33.3 2125s
 11725219 1698964     cutoff   42         0.02333    0.04129  77.0%  33.2 2130s
 11752805 1701343     cutoff   44         0.02333    0.04127  76.9%  33.2 2135s
 11776909 1703521    0.02932   44   51    0.02333    0.04126  76.9%  33.2 2140s
 11803479 1705974    0.02749   45   61    0.02333    0.04124  76.8%  33.2 2145s
 11829980 1708224    0.03467   39   57    0.02333    0.04123  76.7%  33.2 2150s
 11856410 1710345    0.04076   38   53    0.02333    0.04121  76.7%  33.2 2155s
 11882008 1712295     cutoff   39         0.02333    0.04119  76.6%  33.2 2160s
 11906778 1714354    0.02640   44   48    0.02333    0.04118  76.5%  33.2 2165s
 11932218 1716358    0.03070   36   49    0.02333    0.04116  76.5%  33.2 2170s
 11957559 1718563    0.02769   39   50    0.02333    0.04115  76.4%  33.2 2175s
 11985570 1720850    0.02699   50   53    0.02333    0.04113  76.3%  33.2 2180s
 12013228 1723239    0.02727   36   58    0.02333    0.04112  76.3%  33.2 2185s
 12040416 1725422    0.04076   43   60    0.02333    0.04110  76.2%  33.2 2190s
 12066987 1727523    0.02510   37   55    0.02333    0.04108  76.1%  33.2 2195s
 12092596 1729549    0.02599   41   58    0.02333    0.04107  76.1%  33.2 2200s
 12121507 1731677    0.02338   46   53    0.02333    0.04105  76.0%  33.2 2205s
 12150360 1733949    0.03034   39   49    0.02333    0.04103  75.9%  33.2 2210s
 12179545 1736303    0.04084   41   60    0.02333    0.04101  75.8%  33.2 2215s
 12208596 1738718    0.03909   41   57    0.02333    0.04100  75.8%  33.2 2220s
 12233521 1740768     cutoff   48         0.02333    0.04098  75.7%  33.2 2225s
 12261517 1743033     cutoff   50         0.02333    0.04097  75.6%  33.2 2230s
 12290341 1745453    0.02476   44   50    0.02333    0.04095  75.5%  33.2 2235s
 12318348 1747611    0.02386   44   47    0.02333    0.04093  75.5%  33.2 2240s
 12346703 1750137    0.02534   41   54    0.02333    0.04092  75.4%  33.2 2245s
 12375313 1752483     cutoff   41         0.02333    0.04090  75.3%  33.2 2250s
 12400711 1754610    0.02632   50   46    0.02333    0.04089  75.3%  33.2 2255s
 12429019 1757085    0.03295   40   55    0.02333    0.04087  75.2%  33.1 2260s
 12458084 1759310    0.02368   38   53    0.02333    0.04085  75.1%  33.1 2265s
 12485485 1761558    0.02464   41   61    0.02333    0.04084  75.1%  33.1 2270s
 12514450 1763989    0.03149   40   48    0.02333    0.04082  75.0%  33.1 2275s
 12539912 1766330     cutoff   40         0.02333    0.04081  74.9%  33.1 2280s
 12569117 1768898    0.02452   39   54    0.02333    0.04079  74.9%  33.1 2285s
 12597059 1771026    0.04001   33   55    0.02333    0.04078  74.8%  33.1 2290s
 12625115 1773242    0.03030   42   52    0.02333    0.04076  74.7%  33.1 2295s
 12654645 1775557    0.03698   29   61    0.02333    0.04074  74.7%  33.1 2300s
 12683355 1777806    0.03912   40   55    0.02333    0.04073  74.6%  33.1 2305s
 12709518 1779454     cutoff   38         0.02333    0.04071  74.5%  33.1 2310s
 12737560 1781682    0.02362   40   52    0.02333    0.04070  74.5%  33.1 2315s
 12766855 1784012    0.03958   40   61    0.02333    0.04068  74.4%  33.1 2320s
 12795163 1786463     cutoff   46         0.02333    0.04067  74.3%  33.1 2325s
 12823571 1788698     cutoff   45         0.02333    0.04065  74.3%  33.1 2330s
 12852360 1790863    0.02536   43   54    0.02333    0.04063  74.2%  33.1 2335s
 12878103 1792873    0.02545   41   61    0.02333    0.04062  74.1%  33.1 2340s
 12904619 1795004    0.03194   38   52    0.02333    0.04060  74.1%  33.1 2345s
 12931939 1797388    0.03242   35   55    0.02333    0.04059  74.0%  33.1 2350s
 12960284 1799689    0.02901   43   56    0.02333    0.04057  73.9%  33.1 2355s
 12988731 1801947     cutoff   42         0.02333    0.04056  73.9%  33.1 2360s
 13017190 1804320    0.03082   40   53    0.02333    0.04054  73.8%  33.1 2365s
 13042454 1806367     cutoff   36         0.02333    0.04053  73.7%  33.1 2370s
 13071042 1808625     cutoff   41         0.02333    0.04051  73.7%  33.1 2375s
 13100334 1811095     cutoff   45         0.02333    0.04050  73.6%  33.1 2380s
 13129027 1813230     cutoff   44         0.02333    0.04048  73.5%  33.0 2385s
 13157328 1815665    0.02860   37   56    0.02333    0.04046  73.5%  33.0 2390s
 13185740 1817748     cutoff   45         0.02333    0.04045  73.4%  33.0 2395s
 13211047 1819761    0.02713   40   61    0.02333    0.04044  73.4%  33.0 2400s
 13239523 1821923    0.03332   38   60    0.02333    0.04042  73.3%  33.0 2405s
 13268853 1824538    0.02485   46   55    0.02333    0.04040  73.2%  33.0 2410s
 13298051 1826944     cutoff   45         0.02333    0.04039  73.1%  33.0 2415s
 13325613 1829159     cutoff   42         0.02333    0.04037  73.1%  33.0 2420s
 13351479 1831207    0.02657   33   48    0.02333    0.04036  73.0%  33.0 2425s
 13380752 1833847    0.03040   36   56    0.02333    0.04035  73.0%  33.0 2430s
 13409821 1835956     cutoff   41         0.02333    0.04033  72.9%  33.0 2435s
 13438984 1838388     cutoff   58         0.02333    0.04032  72.8%  33.0 2440s
 13469063 1840910    0.02517   40   53    0.02333    0.04030  72.8%  33.0 2445s
 13498497 1843319     cutoff   45         0.02333    0.04028  72.7%  33.0 2450s
 13523438 1845168     cutoff   42         0.02333    0.04027  72.6%  33.0 2455s
 13552755 1847574    0.02658   44   49    0.02333    0.04025  72.6%  33.0 2460s
 13581267 1849663 infeasible   54         0.02333    0.04024  72.5%  33.0 2465s
 13610427 1852089     cutoff   41         0.02333    0.04022  72.4%  33.0 2470s
 13640657 1854453    0.02854   30   56    0.02333    0.04021  72.4%  33.0 2475s
 13669718 1856470     cutoff   40         0.02333    0.04019  72.3%  33.0 2480s
 13695672 1858436    0.02341   39   54    0.02333    0.04018  72.2%  33.0 2485s
 13724579 1860444    0.02873   38   53    0.02333    0.04016  72.2%  33.0 2490s
 13751977 1862530    0.03412   43   56    0.02333    0.04015  72.1%  33.0 2495s
 13781349 1864678     cutoff   47         0.02333    0.04013  72.0%  33.0 2500s
 13810148 1866978    0.02492   32   58    0.02333    0.04012  72.0%  33.0 2505s
 13838741 1869122    0.02562   39   54    0.02333    0.04010  71.9%  32.9 2510s
 13863747 1870866     cutoff   51         0.02333    0.04009  71.9%  32.9 2515s
 13893090 1873036     cutoff   42         0.02333    0.04008  71.8%  32.9 2520s
 13922600 1876956    0.03041   45   55    0.02333    0.04007  71.8%  32.9 2525s
 13951660 1879084    0.02384   37   60    0.02333    0.04005  71.7%  32.9 2530s
 13980411 1881166     cutoff   45         0.02333    0.04004  71.6%  32.9 2535s
 14010688 1883545    0.03117   41   52    0.02333    0.04002  71.6%  32.9 2540s
 14035834 1885538    0.02944   45   61    0.02333    0.04001  71.5%  32.9 2545s
 14064964 1887589     cutoff   50         0.02333    0.04000  71.5%  32.9 2550s
 14094210 1889575    0.03074   35   53    0.02333    0.03998  71.4%  32.9 2555s
 14123301 1891997    0.02397   41   57    0.02333    0.03997  71.3%  32.9 2560s
 14152736 1894531    0.02797   39   54    0.02333    0.03995  71.3%  32.9 2565s
 14179902 1896608     cutoff   42         0.02333    0.03994  71.2%  32.9 2570s
 14209469 1898739    0.03061   33   58    0.02333    0.03993  71.2%  32.9 2575s
 14235118 1900511    0.02652   41   54    0.02333    0.03991  71.1%  32.9 2580s
 14263664 1902566    0.03707   40   56    0.02333    0.03990  71.0%  32.9 2585s
 14292804 1904889    0.03135   45   58    0.02333    0.03988  71.0%  32.9 2590s
 14321604 1907017     cutoff   44         0.02333    0.03987  70.9%  32.9 2595s
 14349153 1908912     cutoff   47         0.02333    0.03986  70.9%  32.9 2600s
 14374772 1910797    0.03446   36   57    0.02333    0.03984  70.8%  32.9 2605s
 14402784 1913109 infeasible   46         0.02333    0.03983  70.7%  32.9 2610s
 14431297 1915524    0.02617   33   54    0.02333    0.03981  70.7%  32.9 2615s
 14460822 1917729 infeasible   35         0.02333    0.03980  70.6%  32.9 2620s
 14488914 1919542     cutoff   41         0.02333    0.03978  70.6%  32.9 2625s
 14517447 1921731    0.02398   36   38    0.02333    0.03977  70.5%  32.9 2630s
 14542106 1923488     cutoff   45         0.02333    0.03976  70.4%  32.9 2635s
 14570166 1925556     cutoff   34         0.02333    0.03974  70.4%  32.9 2640s
 14595160 1927246     cutoff   43         0.02333    0.03973  70.3%  32.8 2645s
 14622923 1929478    0.02568   32   59    0.02333    0.03972  70.3%  32.8 2650s
 14650043 1931467     cutoff   40         0.02333    0.03970  70.2%  32.8 2655s
 14677764 1933476     cutoff   40         0.02333    0.03969  70.2%  32.8 2660s
 14702927 1935389    0.02605   37   58    0.02333    0.03968  70.1%  32.8 2665s
 14731846 1937741    0.03938   43   57    0.02333    0.03967  70.0%  32.8 2670s
 14759906 1939866    0.02747   52   55    0.02333    0.03965  70.0%  32.8 2675s
 14788253 1942054     cutoff   38         0.02333    0.03964  69.9%  32.8 2680s
 14816628 1944172    0.02620   43   55    0.02333    0.03963  69.9%  32.8 2685s
 14842649 1946190    0.03802   40   57    0.02333    0.03962  69.8%  32.8 2690s
 14870648 1948389    0.03284   37   59    0.02333    0.03960  69.8%  32.8 2695s
 14897450 1950398     cutoff   42         0.02333    0.03959  69.7%  32.8 2700s
 14926188 1952547     cutoff   42         0.02333    0.03958  69.7%  32.8 2705s
 14955052 1954553    0.02980   43   55    0.02333    0.03956  69.6%  32.8 2710s
 14983991 1956678    0.03321   31   59    0.02333    0.03955  69.5%  32.8 2715s
 15007820 1958618    0.03600   35   59    0.02333    0.03954  69.5%  32.8 2720s
 15036405 1960794     cutoff   47         0.02333    0.03952  69.4%  32.8 2725s
 15064279 1962595     cutoff   42         0.02333    0.03951  69.4%  32.8 2730s
 15092308 1964482    0.02795   33   56    0.02333    0.03949  69.3%  32.8 2735s
 15120147 1966341    0.02786   37   53    0.02333    0.03948  69.3%  32.8 2740s
 15148624 1968380     cutoff   40         0.02333    0.03947  69.2%  32.8 2745s
 15173240 1970193    0.02719   40   52    0.02333    0.03946  69.1%  32.8 2750s
 15201073 1971891     cutoff   40         0.02333    0.03944  69.1%  32.8 2755s
 15229493 1973935     cutoff   41         0.02333    0.03943  69.0%  32.8 2760s
 15258491 1975877     cutoff   51         0.02333    0.03941  69.0%  32.8 2765s
 15287059 1977946    0.02804   38   42    0.02333    0.03940  68.9%  32.8 2770s
 15315272 1979962    0.02756   40   47    0.02333    0.03939  68.9%  32.8 2775s
 15341080 1981659    0.02724   38   45    0.02333    0.03938  68.8%  32.8 2780s
 15369734 1983479     cutoff   40         0.02333    0.03936  68.7%  32.7 2785s
 15398205 1985675    0.03463   43   54    0.02333    0.03935  68.7%  32.7 2790s
 15425148 1987739     cutoff   42         0.02333    0.03934  68.6%  32.7 2795s
 15452980 1989977     cutoff   43         0.02333    0.03932  68.6%  32.7 2800s
 15481535 1992058    0.02349   51   49    0.02333    0.03931  68.5%  32.7 2805s
 15510055 1993822     cutoff   42         0.02333    0.03930  68.5%  32.7 2810s
 15535786 1995763     cutoff   48         0.02333    0.03928  68.4%  32.7 2815s
 15564531 1997824     cutoff   41         0.02333    0.03927  68.4%  32.7 2820s
 15592620 1999862    0.02679   45   64    0.02333    0.03926  68.3%  32.7 2825s
 15621648 2001907     cutoff   49         0.02333    0.03924  68.2%  32.7 2830s
 15650021 2003941     cutoff   37         0.02333    0.03923  68.2%  32.7 2835s
 15679336 2005985     cutoff   40         0.02333    0.03922  68.1%  32.7 2840s
 15704619 2007734    0.02770   41   55    0.02333    0.03921  68.1%  32.7 2845s
 15734110 2009739     cutoff   49         0.02333    0.03919  68.0%  32.7 2850s
 15763004 2011689    0.02781   42   59    0.02333    0.03918  68.0%  32.7 2855s
 15791950 2013658     cutoff   47         0.02333    0.03917  67.9%  32.7 2860s
 15821546 2015852    0.02913   37   51    0.02333    0.03915  67.8%  32.7 2865s
 15850957 2017655    0.03866   37   45    0.02333    0.03914  67.8%  32.7 2870s
 15875719 2019459    0.02450   51   52    0.02333    0.03913  67.7%  32.7 2875s
 15905706 2021672    0.02827   30   58    0.02333    0.03911  67.7%  32.7 2880s
 15935224 2023713    0.02595   37   54    0.02333    0.03910  67.6%  32.7 2885s
 15964873 2025793    0.02713   36   57    0.02333    0.03909  67.6%  32.7 2890s
 15994332 2027690     cutoff   49         0.02333    0.03907  67.5%  32.7 2895s
 16021452 2029498     cutoff   45         0.02333    0.03906  67.4%  32.7 2900s
 16050410 2031458     cutoff   36         0.02333    0.03905  67.4%  32.7 2905s
 16080171 2033536    0.02362   39   55    0.02333    0.03903  67.3%  32.7 2910s
 16109761 2035894    0.02730   38   57    0.02333    0.03902  67.3%  32.7 2915s
 16137920 2037893    0.03374   36   55    0.02333    0.03901  67.2%  32.6 2920s
 16166964 2039729    0.02973   37   50    0.02333    0.03899  67.2%  32.6 2925s
 16191885 2041180    0.02446   46   45    0.02333    0.03898  67.1%  32.6 2930s
 16221000 2043198     cutoff   44         0.02333    0.03897  67.0%  32.6 2935s
 16251071 2045535     cutoff   34         0.02333    0.03895  67.0%  32.6 2940s
 16278377 2047330    0.02509   38   58    0.02333    0.03894  66.9%  32.6 2945s
 16307268 2049290     cutoff   40         0.02333    0.03893  66.9%  32.6 2950s
 16335209 2050967     cutoff   42         0.02333    0.03891  66.8%  32.6 2955s
 16363146 2052847     cutoff   38         0.02333    0.03890  66.8%  32.6 2960s
 16389002 2054723    0.02775   37   40    0.02333    0.03889  66.7%  32.6 2965s
 16418999 2056856     cutoff   37         0.02333    0.03888  66.7%  32.6 2970s
 16447788 2058752     cutoff   42         0.02333    0.03886  66.6%  32.6 2975s
 16477783 2060838     cutoff   40         0.02333    0.03885  66.5%  32.6 2980s
 16506858 2062859     cutoff   44         0.02333    0.03884  66.5%  32.6 2985s
 16535059 2064802 infeasible   41         0.02333    0.03882  66.4%  32.6 2990s
 16564789 2066731    0.02407   48   45    0.02333    0.03881  66.4%  32.6 2995s
 16594049 2068793     cutoff   39         0.02333    0.03880  66.3%  32.6 3000s
 16624410 2070845     cutoff   40         0.02333    0.03878  66.3%  32.6 3005s
 16653855 2072605    0.02366   36   55    0.02333    0.03877  66.2%  32.6 3010s
 16680031 2074343    0.03300   44   53    0.02333    0.03876  66.2%  32.6 3015s
 16708345 2076100     cutoff   46         0.02333    0.03875  66.1%  32.6 3020s
 16738059 2077844    0.02898   40   55    0.02333    0.03873  66.1%  32.6 3025s
 16767612 2079947    0.03451   43   57    0.02333    0.03872  66.0%  32.6 3030s
 16797701 2081767     cutoff   42         0.02333    0.03871  65.9%  32.6 3035s
 16827800 2083675    0.02875   37   61    0.02333    0.03869  65.9%  32.6 3040s
 16857345 2085744    0.03058   41   61    0.02333    0.03868  65.8%  32.6 3045s
 16884801 2087551    0.03215   38   59    0.02333    0.03867  65.8%  32.6 3050s
 16915158 2089688     cutoff   47         0.02333    0.03866  65.7%  32.5 3055s
 16947130 2091853     cutoff   46         0.02333    0.03864  65.7%  32.5 3060s
 16978342 2094132    0.03176   43   46    0.02333    0.03863  65.6%  32.5 3065s
 17009848 2096422    0.02510   35   55    0.02333    0.03862  65.5%  32.5 3070s
 17037280 2098324     cutoff   39         0.02333    0.03861  65.5%  32.5 3075s
 17067785 2100363 infeasible   34         0.02333    0.03859  65.4%  32.5 3080s
 17097037 2102351    0.02348   43   56    0.02333    0.03858  65.4%  32.5 3085s
 17127171 2104307    0.02884   37   57    0.02333    0.03857  65.3%  32.5 3090s
 17155173 2106292     cutoff   46         0.02333    0.03855  65.3%  32.5 3095s
 17181775 2108059     cutoff   49         0.02333    0.03854  65.2%  32.5 3100s
 17211774 2110158    0.03808   42   60    0.02333    0.03853  65.2%  32.5 3105s
 17241739 2112044     cutoff   39         0.02333    0.03852  65.1%  32.5 3110s
 17272146 2114303    0.02640   46   60    0.02333    0.03850  65.1%  32.5 3115s
 17303198 2116374    0.02442   47   53    0.02333    0.03849  65.0%  32.5 3120s
 17333474 2118766    0.03438   34   55    0.02333    0.03848  65.0%  32.5 3125s
 17361593 2120831    0.02923   46   53    0.02333    0.03847  64.9%  32.5 3130s
 17393030 2123283     cutoff   40         0.02333    0.03846  64.9%  32.5 3135s
 17424217 2125580     cutoff   43         0.02333    0.03844  64.8%  32.5 3140s
 17455593 2127992     cutoff   40         0.02333    0.03843  64.8%  32.5 3145s
 17486765 2130748    0.02728   37   50    0.02333    0.03842  64.7%  32.5 3150s
 17514079 2132618    0.03841   36   48    0.02333    0.03841  64.7%  32.5 3155s
 17545371 2134882     cutoff   36         0.02333    0.03840  64.6%  32.5 3160s
 17576429 2137164     cutoff   44         0.02333    0.03838  64.5%  32.5 3165s
 17605707 2139334    0.03004   39   55    0.02333    0.03837  64.5%  32.4 3170s
 17635922 2141507    0.02430   40   51    0.02333    0.03836  64.5%  32.4 3175s
 17666905 2143721    0.03245   44   60    0.02333    0.03835  64.4%  32.4 3180s
 17695166 2145689     cutoff   43         0.02333    0.03834  64.4%  32.4 3185s
 17726587 2147914    0.02430   45   55    0.02333    0.03833  64.3%  32.4 3190s
 17757331 2150193    0.02377   44   58    0.02333    0.03831  64.2%  32.4 3195s
 17788886 2152394    0.02339   41   56    0.02333    0.03830  64.2%  32.4 3200s
 17819574 2154436    0.03002   42   57    0.02333    0.03829  64.1%  32.4 3205s
 17851275 2156518     cutoff   42         0.02333    0.03828  64.1%  32.4 3210s
 17879025 2158404    0.03313   42   56    0.02333    0.03827  64.0%  32.4 3215s
 17911646 2160819    0.02526   35   51    0.02333    0.03825  64.0%  32.4 3220s
 17943038 2162880    0.02610   34   55    0.02333    0.03824  63.9%  32.4 3225s
 17973462 2164998     cutoff   41         0.02333    0.03823  63.9%  32.4 3230s
 18004155 2166949    0.02528   41   53    0.02333    0.03822  63.8%  32.4 3235s
 18029042 2168771 infeasible   39         0.02333    0.03821  63.8%  32.4 3240s
 18059945 2170925     cutoff   40         0.02333    0.03820  63.7%  32.4 3245s
 18089813 2173015    0.02380   37   57    0.02333    0.03818  63.7%  32.4 3250s
 18118387 2175099 infeasible   43         0.02333    0.03817  63.7%  32.4 3255s
 18147982 2177227     cutoff   47         0.02333    0.03816  63.6%  32.4 3260s
 18173661 2178795    0.02365   44   55    0.02333    0.03815  63.6%  32.4 3265s
 18204666 2181121    0.03440   34   59    0.02333    0.03814  63.5%  32.4 3270s
 18235440 2183115    0.03050   41   51    0.02333    0.03813  63.5%  32.4 3275s
 18266345 2185185     cutoff   40         0.02333    0.03812  63.4%  32.3 3280s
 18297641 2187574     cutoff   40         0.02333    0.03811  63.4%  32.3 3285s
 18327970 2189987    0.03651   37   55    0.02333    0.03809  63.3%  32.3 3290s
 18355105 2191953    0.02854   50   31    0.02333    0.03808  63.3%  32.3 3295s
 18386009 2194107    0.03375   46   56    0.02333    0.03807  63.2%  32.3 3300s
 18417902 2196413     cutoff   33         0.02333    0.03806  63.2%  32.3 3305s
 18449223 2198545     cutoff   37         0.02333    0.03805  63.1%  32.3 3310s
 18477293 2200504    0.03349   34   54    0.02333    0.03804  63.1%  32.3 3315s
 18505907 2202463     cutoff   43         0.02333    0.03803  63.0%  32.3 3320s
 18536929 2204428     cutoff   39         0.02333    0.03802  63.0%  32.3 3325s
 18566908 2206431    0.03762   33   50    0.02333    0.03800  62.9%  32.3 3330s
 18597664 2208490    0.02491   38   57    0.02333    0.03799  62.9%  32.3 3335s
 18628985 2211017    0.02974   37   54    0.02333    0.03798  62.8%  32.3 3340s
 18660734 2213296    0.02474   40   61    0.02333    0.03797  62.8%  32.3 3345s
 18688418 2215188     cutoff   41         0.02333    0.03796  62.7%  32.3 3350s
 18719761 2217161     cutoff   52         0.02333    0.03795  62.7%  32.3 3355s
 18751324 2219323     cutoff   41         0.02333    0.03794  62.6%  32.3 3360s
 18783252 2221381     cutoff   46         0.02333    0.03792  62.6%  32.3 3365s
 18814882 2223889     cutoff   50         0.02333    0.03791  62.5%  32.3 3370s
 18843158 2225694    0.02849   37   51    0.02333    0.03790  62.5%  32.3 3375s
 18874938 2227895    0.02438   37   58    0.02333    0.03789  62.4%  32.3 3380s
 18906086 2230103     cutoff   40         0.02333    0.03788  62.4%  32.3 3385s
 18938066 2232421    0.02529   42   51    0.02333    0.03787  62.3%  32.3 3390s
 18967271 2234557     cutoff   37         0.02333    0.03786  62.3%  32.2 3395s
 18999586 2236832     cutoff   36         0.02333    0.03785  62.2%  32.2 3400s
 19031959 2239042    0.02888   44   40    0.02333    0.03783  62.2%  32.2 3405s
 19064622 2241224    0.03625   32   65    0.02333    0.03782  62.1%  32.2 3410s
 19097289 2243189     cutoff   45         0.02333    0.03781  62.1%  32.2 3415s
 19129219 2245210    0.03175   42   55    0.02333    0.03780  62.0%  32.2 3420s
 19159370 2247207    0.02815   38   56    0.02333    0.03779  62.0%  32.2 3425s
 19191978 2249296    0.03762   34   59    0.02333    0.03777  61.9%  32.2 3430s
 19223472 2251516 infeasible   42         0.02333    0.03776  61.9%  32.2 3435s
 19254977 2253634    0.03618   44   61    0.02333    0.03775  61.8%  32.2 3440s
 19287038 2255714    0.02349   48   54    0.02333    0.03774  61.8%  32.2 3445s
 19315977 2257839     cutoff   47         0.02333    0.03773  61.7%  32.2 3450s
 19345654 2259886     cutoff   37         0.02333    0.03772  61.7%  32.2 3455s
 19378606 2261752    0.02365   50   47    0.02333    0.03771  61.7%  32.2 3460s
 19410175 2264565    0.03013   50   62    0.02333    0.03770  61.6%  32.2 3465s
 19442521 2266789    0.02667   45   47    0.02333    0.03769  61.6%  32.2 3470s
 19471388 2268476     cutoff   52         0.02333    0.03767  61.5%  32.2 3475s
 19500702 2270592    0.02903   36   48    0.02333    0.03766  61.5%  32.2 3480s
 19532186 2272834     cutoff   35         0.02333    0.03765  61.4%  32.2 3485s
 19563671 2274902     cutoff   45         0.02333    0.03764  61.4%  32.2 3490s
 19595622 2276809     cutoff   43         0.02333    0.03763  61.3%  32.2 3495s
 19627482 2278957    0.02905   39   51    0.02333    0.03762  61.3%  32.2 3500s
 19656118 2280806 infeasible   39         0.02333    0.03761  61.2%  32.1 3505s
 19688386 2283063     cutoff   45         0.02333    0.03760  61.2%  32.1 3510s
 19719675 2285157     cutoff   40         0.02333    0.03759  61.1%  32.1 3515s
 19752056 2286975    0.03362   46   49    0.02333    0.03757  61.1%  32.1 3520s
 19783246 2288742    0.02498   43   56    0.02333    0.03756  61.0%  32.1 3525s
 19815003 2290701     cutoff   51         0.02333    0.03755  61.0%  32.1 3530s
 19845150 2292625     cutoff   45         0.02333    0.03754  60.9%  32.1 3535s
 19877787 2294742    0.03669   42   60    0.02333    0.03753  60.9%  32.1 3540s
 19908647 2296771    0.02997   42   56    0.02333    0.03752  60.8%  32.1 3545s
 19939530 2298814    0.02383   49   55    0.02333    0.03751  60.8%  32.1 3550s
 19970541 2300786    0.02930   42   52    0.02333    0.03750  60.7%  32.1 3555s
 19998496 2302675    0.03413   34   52    0.02333    0.03749  60.7%  32.1 3560s
 20029778 2304723    0.03414   32   61    0.02333    0.03748  60.7%  32.1 3565s
 20062101 2306960     cutoff   41         0.02333    0.03747  60.6%  32.1 3570s
 20094145 2309083    0.03643   34   56    0.02333    0.03745  60.6%  32.1 3575s
 20125276 2310839     cutoff   42         0.02333    0.03744  60.5%  32.1 3580s
 20157981 2313245     cutoff   43         0.02333    0.03743  60.5%  32.1 3585s
 20187509 2315175 infeasible   50         0.02333    0.03742  60.4%  32.1 3590s
 20219405 2317272    0.02411   44   54    0.02333    0.03741  60.4%  32.1 3595s
 20247776 2319259     cutoff   46         0.02333    0.03740  60.3%  32.1 3600s
 20278870 2321523     cutoff   47         0.02333    0.03739  60.3%  32.1 3605s
 20309008 2323542     cutoff   49         0.02333    0.03738  60.3%  32.1 3610s
 20335974 2325212     cutoff   43         0.02333    0.03737  60.2%  32.1 3615s
 20366826 2327185    0.02463   38   55    0.02333    0.03736  60.2%  32.0 3620s
 20397729 2329034    0.02433   42   55    0.02333    0.03735  60.1%  32.0 3625s
 20428109 2331223     cutoff   38         0.02333    0.03734  60.1%  32.0 3630s
 20459865 2333382     cutoff   37         0.02333    0.03733  60.0%  32.0 3635s
 20490980 2335486     cutoff   41         0.02333    0.03732  60.0%  32.0 3640s
 20517995 2337078    0.02961   42   50    0.02333    0.03731  60.0%  32.0 3645s
 20548268 2338979    0.02666   40   48    0.02333    0.03730  59.9%  32.0 3650s
 20579201 2341050     cutoff   41         0.02333    0.03729  59.9%  32.0 3655s
 20608698 2343077 infeasible   43         0.02333    0.03728  59.8%  32.0 3660s
 20638465 2344787    0.03349   35   60    0.02333    0.03727  59.8%  32.0 3665s
 20669215 2346891    0.02528   48   54    0.02333    0.03726  59.7%  32.0 3670s
 20694228 2348565     cutoff   39         0.02333    0.03725  59.7%  32.0 3675s
 20725078 2350437     cutoff   48         0.02333    0.03724  59.7%  32.0 3680s
 20753474 2352059     cutoff   41         0.02333    0.03723  59.6%  32.0 3685s
 20785070 2354370     cutoff   53         0.02333    0.03723  59.6%  32.0 3690s
 20814561 2356309     cutoff   45         0.02333    0.03722  59.5%  32.0 3695s
 20844494 2358265    0.03710   34   57    0.02333    0.03721  59.5%  32.0 3700s
 20871724 2359781     cutoff   42         0.02333    0.03720  59.5%  32.0 3705s
 20903275 2361705     cutoff   39         0.02333    0.03719  59.4%  32.0 3710s
 20932542 2363581     cutoff   40         0.02333    0.03718  59.4%  32.0 3715s
 20964393 2365732    0.03315   34   64    0.02333    0.03717  59.3%  32.0 3720s
 20994894 2367786    0.02532   43   53    0.02333    0.03716  59.3%  32.0 3725s
 21021857 2370077     cutoff   45         0.02333    0.03715  59.2%  32.0 3730s
 21051449 2371965    0.02520   34   52    0.02333    0.03714  59.2%  32.0 3735s
 21081508 2373767    0.02899   42   51    0.02333    0.03713  59.2%  32.0 3740s
 21111618 2375791    0.02750   48   34    0.02333    0.03712  59.1%  31.9 3745s
 21141172 2377552    0.02808   33   55    0.02333    0.03711  59.1%  31.9 3750s
 21172048 2379683    0.02831   35   55    0.02333    0.03710  59.0%  31.9 3755s
 21202083 2381389     cutoff   40         0.02333    0.03709  59.0%  31.9 3760s
 21233304 2383566     cutoff   43         0.02333    0.03708  59.0%  31.9 3765s
 21262217 2385266     cutoff   39         0.02333    0.03707  58.9%  31.9 3770s
 21292957 2387082     cutoff   46         0.02333    0.03706  58.9%  31.9 3775s
 21325040 2389276    0.03586   38   52    0.02333    0.03705  58.8%  31.9 3780s
 21355594 2391264    0.02562   45   60    0.02333    0.03704  58.8%  31.9 3785s
 21385827 2393240     cutoff   41         0.02333    0.03703  58.8%  31.9 3790s
 21412508 2394864     cutoff   50         0.02333    0.03702  58.7%  31.9 3795s
 21443404 2396946     cutoff   47         0.02333    0.03701  58.7%  31.9 3800s
 21472884 2398689    0.02355   45   59    0.02333    0.03700  58.6%  31.9 3805s
 21504323 2400590    0.02842   40   53    0.02333    0.03699  58.6%  31.9 3810s
 21534004 2402575     cutoff   47         0.02333    0.03698  58.5%  31.9 3815s
 21560909 2404218     cutoff   46         0.02333    0.03698  58.5%  31.9 3820s
 21588303 2405859     cutoff   41         0.02333    0.03697  58.5%  31.9 3825s
 21618664 2407925     cutoff   47         0.02333    0.03696  58.4%  31.9 3830s
 21648062 2409711     cutoff   39         0.02333    0.03695  58.4%  31.9 3835s
 21677280 2411581    0.03215   37   55    0.02333    0.03694  58.4%  31.9 3840s
 21707002 2413582    0.02607   44   57    0.02333    0.03693  58.3%  31.9 3845s
 21732992 2415220    0.02394   45   52    0.02333    0.03692  58.3%  31.9 3850s
 21761933 2417113    0.02742   45   56    0.02333    0.03691  58.2%  31.9 3855s
 21792325 2419050     cutoff   41         0.02333    0.03690  58.2%  31.9 3860s
 21821890 2420976     cutoff   40         0.02333    0.03689  58.2%  31.9 3865s
 21849245 2422683    0.02488   47   59    0.02333    0.03689  58.1%  31.9 3870s
 21877892 2424463    0.02580   41   47    0.02333    0.03688  58.1%  31.8 3875s
 21904447 2426218     cutoff   42         0.02333    0.03687  58.1%  31.8 3880s
 21933834 2427898     cutoff   48         0.02333    0.03686  58.0%  31.8 3885s
 21963417 2429951     cutoff   47         0.02333    0.03685  58.0%  31.8 3890s
 21991977 2431675    0.03664   40   61    0.02333    0.03684  57.9%  31.8 3895s
 22020026 2433645    0.03066   38   58    0.02333    0.03683  57.9%  31.8 3900s
 22046193 2435317     cutoff   49         0.02333    0.03682  57.9%  31.8 3905s
 22072587 2436907    0.02471   44   52    0.02333    0.03681  57.8%  31.8 3910s
 22103482 2438890     cutoff   39         0.02333    0.03680  57.8%  31.8 3915s
 22134776 2440762     cutoff   49         0.02333    0.03679  57.7%  31.8 3920s
 22166026 2443022     cutoff   44         0.02333    0.03679  57.7%  31.8 3925s
 22196427 2445040    0.03493   34   63    0.02333    0.03678  57.7%  31.8 3930s
 22227892 2447076     cutoff   36         0.02333    0.03677  57.6%  31.8 3935s
 22256460 2449576    0.02432   50   54    0.02333    0.03676  57.6%  31.8 3940s
 22287738 2451448    0.02862   40   52    0.02333    0.03675  57.5%  31.8 3945s
 22319026 2453356     cutoff   36         0.02333    0.03674  57.5%  31.8 3950s
 22349234 2455288 infeasible   48         0.02333    0.03673  57.5%  31.8 3955s
 22379416 2457220    0.02547   35   53    0.02333    0.03672  57.4%  31.8 3960s
 22409855 2459201     cutoff   44         0.02333    0.03671  57.4%  31.8 3965s
 22439093 2461007     cutoff   47         0.02333    0.03670  57.3%  31.8 3970s
 22466705 2462764     cutoff   36         0.02333    0.03669  57.3%  31.8 3975s
 22494017 2464657    0.02427   52   49    0.02333    0.03669  57.3%  31.8 3980s
 22524285 2466331     cutoff   44         0.02333    0.03668  57.2%  31.8 3985s
 22554961 2468291    0.02606   43   53    0.02333    0.03667  57.2%  31.8 3990s
 22582151 2469943     cutoff   42         0.02333    0.03666  57.2%  31.8 3995s
 22612146 2471918    0.03394   41   60    0.02333    0.03665  57.1%  31.8 4000s
 22642303 2473688     cutoff   40         0.02333    0.03664  57.1%  31.7 4005s
 22672874 2475669    0.02351   41   53    0.02333    0.03663  57.0%  31.7 4010s
 22703566 2477965    0.03036   39   56    0.02333    0.03662  57.0%  31.7 4015s
 22734016 2480176     cutoff   46         0.02333    0.03661  57.0%  31.7 4020s
 22761269 2481786     cutoff   41         0.02333    0.03661  56.9%  31.7 4025s
 22790817 2483884     cutoff   43         0.02333    0.03660  56.9%  31.7 4030s
 22820903 2485774    0.03659   44   52    0.02333    0.03659  56.9%  31.7 4035s
 22852300 2487715    0.02389   44   52    0.02333    0.03658  56.8%  31.7 4040s
 22883846 2489853    0.03079   45   58    0.02333    0.03657  56.8%  31.7 4045s
 22914783 2491836    0.02990   42   54    0.02333    0.03656  56.7%  31.7 4050s
 22943312 2493493     cutoff   37         0.02333    0.03655  56.7%  31.7 4055s
 22970774 2495175    0.02704   41   57    0.02333    0.03655  56.7%  31.7 4060s
 23001532 2497074     cutoff   40         0.02333    0.03654  56.6%  31.7 4065s
 23032080 2498862    0.02800   50   59    0.02333    0.03653  56.6%  31.7 4070s
 23061843 2500770    0.02408   42   63    0.02333    0.03652  56.6%  31.7 4075s
 23091287 2502676    0.03021   43   40    0.02333    0.03651  56.5%  31.7 4080s
 23117552 2504246    0.02459   53   23    0.02333    0.03650  56.5%  31.7 4085s
 23147305 2506017    0.02802   42   52    0.02333    0.03649  56.4%  31.7 4090s
 23176279 2507739    0.02553   43   61    0.02333    0.03648  56.4%  31.7 4095s
 23206530 2509702     cutoff   41         0.02333    0.03648  56.4%  31.7 4100s
 23236525 2511527    0.03639   34   55    0.02333    0.03647  56.3%  31.7 4105s
 23266573 2513603     cutoff   45         0.02333    0.03646  56.3%  31.7 4110s
 23292686 2515233    0.03096   42   53    0.02333    0.03645  56.3%  31.7 4115s
 23325119 2517038    0.03581   38   50    0.02333    0.03644  56.2%  31.7 4120s
 23355564 2518780     cutoff   56         0.02333    0.03643  56.2%  31.7 4125s
 23383343 2520524     cutoff   46         0.02333    0.03643  56.2%  31.7 4130s
 23414168 2522134    0.02748   34   54    0.02333    0.03642  56.1%  31.6 4135s
 23445283 2523817    0.03279   41   54    0.02333    0.03641  56.1%  31.6 4140s
 23472069 2525461     cutoff   44         0.02333    0.03640  56.0%  31.6 4145s
 23501496 2527133    0.03077   35   59    0.02333    0.03639  56.0%  31.6 4150s
 23532073 2528963     cutoff   38         0.02333    0.03638  56.0%  31.6 4155s
 23562562 2531040    0.03472   34   59    0.02333    0.03637  55.9%  31.6 4160s
 23593828 2532862     cutoff   37         0.02333    0.03636  55.9%  31.6 4165s
 23624348 2534848    0.02506   46   53    0.02333    0.03636  55.9%  31.6 4170s
 23652880 2536322     cutoff   45         0.02333    0.03635  55.8%  31.6 4175s
 23684655 2538220     cutoff   41         0.02333    0.03634  55.8%  31.6 4180s
 23715561 2540112    0.02642   51   48    0.02333    0.03633  55.7%  31.6 4185s
 23746383 2542030    0.02518   54   41    0.02333    0.03632  55.7%  31.6 4190s
 23777232 2544051    0.03221   35   54    0.02333    0.03631  55.7%  31.6 4195s
 23807646 2545943    0.03629   41   51    0.02333    0.03631  55.6%  31.6 4200s
 23835112 2547567     cutoff   43         0.02333    0.03630  55.6%  31.6 4205s
 23866608 2549453    0.03127   37   53    0.02333    0.03629  55.6%  31.6 4210s
 23898946 2551559    0.02377   42   47    0.02333    0.03628  55.5%  31.6 4215s
 23929526 2553311     cutoff   55         0.02333    0.03627  55.5%  31.6 4220s
 23960880 2554937     cutoff   43         0.02333    0.03626  55.5%  31.6 4225s
 23989311 2556640    0.03068   36   59    0.02333    0.03625  55.4%  31.6 4230s
 24018964 2558449    0.02426   46   42    0.02333    0.03625  55.4%  31.6 4235s
 24050617 2560492     cutoff   39         0.02333    0.03624  55.3%  31.6 4240s
 24081304 2562182    0.02393   36   61    0.02333    0.03623  55.3%  31.6 4245s
 24111773 2563983     cutoff   42         0.02333    0.03622  55.3%  31.6 4250s
 24140903 2565645     cutoff   48         0.02333    0.03621  55.2%  31.6 4255s
 24172435 2567287    0.02358   37   57    0.02333    0.03620  55.2%  31.6 4260s
 24198508 2568700     cutoff   44         0.02333    0.03620  55.2%  31.5 4265s
 24229555 2570666    0.02681   39   55    0.02333    0.03619  55.1%  31.5 4270s
 24260259 2572473     cutoff   44         0.02333    0.03618  55.1%  31.5 4275s
 24289139 2574027     cutoff   44         0.02333    0.03617  55.1%  31.5 4280s
 24320749 2575932     cutoff   45         0.02333    0.03616  55.0%  31.5 4285s
 24348433 2577571    0.03471   45   56    0.02333    0.03615  55.0%  31.5 4290s
 24380667 2579462    0.02766   37   60    0.02333    0.03615  55.0%  31.5 4295s
 24411698 2581357     cutoff   49         0.02333    0.03614  54.9%  31.5 4300s
 24442765 2583180    0.02474   41   51    0.02333    0.03613  54.9%  31.5 4305s
 24473910 2584825    0.02353   44   55    0.02333    0.03612  54.8%  31.5 4310s
 24504606 2586478     cutoff   39         0.02333    0.03611  54.8%  31.5 4315s
 24532222 2587982     cutoff   45         0.02333    0.03610  54.8%  31.5 4320s
 24563174 2589601    0.02963   37   46    0.02333    0.03609  54.7%  31.5 4325s
 24594029 2591332     cutoff   51         0.02333    0.03609  54.7%  31.5 4330s
 24624771 2592853    0.03535   42   59    0.02333    0.03608  54.7%  31.5 4335s
 24655730 2594387    0.02346   46   56    0.02333    0.03607  54.6%  31.5 4340s
 24685040 2596019     cutoff   42         0.02333    0.03606  54.6%  31.5 4345s
 24716196 2597657     cutoff   40         0.02333    0.03605  54.6%  31.5 4350s
 24745551 2599183    0.02429   41   59    0.02333    0.03604  54.5%  31.5 4355s
 24776614 2600867     cutoff   39         0.02333    0.03603  54.5%  31.5 4360s
 24807962 2602747    0.02813   39   53    0.02333    0.03603  54.4%  31.5 4365s
 24835463 2604243    0.02452   40   51    0.02333    0.03602  54.4%  31.5 4370s
 24866768 2605985 infeasible   44         0.02333    0.03601  54.4%  31.5 4375s
 24896770 2607861     cutoff   44         0.02333    0.03600  54.3%  31.5 4380s
 24928663 2609533     cutoff   42         0.02333    0.03600  54.3%  31.5 4385s
 24959235 2611328     cutoff   45         0.02333    0.03599  54.3%  31.5 4390s
 24988429 2613152     cutoff   39         0.02333    0.03598  54.2%  31.4 4395s
 25017504 2614963    0.03276   38   56    0.02333    0.03597  54.2%  31.4 4400s
 25048342 2616784    0.02531   43   54    0.02333    0.03596  54.2%  31.4 4405s
 25079195 2618422    0.02738   45   54    0.02333    0.03596  54.1%  31.4 4410s
 25111221 2620266    0.02367   47   54    0.02333    0.03595  54.1%  31.4 4415s
 25143448 2622223     cutoff   38         0.02333    0.03594  54.1%  31.4 4420s
 25174887 2623841    0.02786   38   59    0.02333    0.03593  54.0%  31.4 4425s
 25201032 2625419    0.02409   50   50    0.02333    0.03592  54.0%  31.4 4430s
 25232054 2627293    0.03146   44   59    0.02333    0.03591  54.0%  31.4 4435s
 25262527 2628809    0.02562   38   54    0.02333    0.03591  53.9%  31.4 4440s
 25292893 2630584     cutoff   38         0.02333    0.03590  53.9%  31.4 4445s
 25323305 2632316     cutoff   45         0.02333    0.03589  53.9%  31.4 4450s
 25350049 2633842     cutoff   45         0.02333    0.03588  53.8%  31.4 4455s
 25381647 2635885     cutoff   39         0.02333    0.03588  53.8%  31.4 4460s
 25411086 2637801    0.03564   36   59    0.02333    0.03587  53.8%  31.4 4465s
 25440798 2639270    0.03499   33   62    0.02333    0.03586  53.7%  31.4 4470s
 25470850 2640777    0.02422   36   54    0.02333    0.03585  53.7%  31.4 4475s
 25501392 2642661 infeasible   41         0.02333    0.03584  53.7%  31.4 4480s
 25531558 2644395    0.02695   39   50    0.02333    0.03584  53.6%  31.4 4485s
 25558510 2645957     cutoff   44         0.02333    0.03583  53.6%  31.4 4490s
 25588368 2647565     cutoff   49         0.02333    0.03582  53.6%  31.4 4495s
 25617565 2649166    0.03027   44   53    0.02333    0.03581  53.5%  31.4 4500s
 25645471 2650574     cutoff   45         0.02333    0.03581  53.5%  31.4 4505s
 25675244 2652340     cutoff   49         0.02333    0.03580  53.5%  31.4 4510s
 25701417 2653947     cutoff   45         0.02333    0.03579  53.4%  31.4 4515s
 25730671 2655718    0.02397   43   52    0.02333    0.03578  53.4%  31.4 4520s
 25760741 2657299    0.02926   45   52    0.02333    0.03578  53.4%  31.4 4525s
 25790702 2658979    0.03075   45   56    0.02333    0.03577  53.3%  31.3 4530s
 25820112 2660820     cutoff   40         0.02333    0.03576  53.3%  31.3 4535s
 25849730 2662781    0.02492   39   56    0.02333    0.03575  53.3%  31.3 4540s
 25877852 2664193     cutoff   42         0.02333    0.03575  53.2%  31.3 4545s
 25902360 2665427    0.02687   37   51    0.02333    0.03574  53.2%  31.3 4550s
 25929626 2667000    0.02486   40   50    0.02333    0.03573  53.2%  31.3 4555s
 25957031 2668380     cutoff   49         0.02333    0.03573  53.2%  31.3 4560s
 25984595 2669996     cutoff   45         0.02333    0.03572  53.1%  31.3 4565s
 26013438 2671527    0.02446   41   55    0.02333    0.03571  53.1%  31.3 4570s
 26041138 2673315    0.03120   35   56    0.02333    0.03570  53.1%  31.3 4575s
 26070250 2675000    0.03114   41   61    0.02333    0.03570  53.0%  31.3 4580s
 26099812 2676528    0.02834   40   49    0.02333    0.03569  53.0%  31.3 4585s
 26123919 2677872    0.03561   40   55    0.02333    0.03568  53.0%  31.3 4590s
 26153130 2679439    0.02348   46   26    0.02333    0.03568  52.9%  31.3 4595s
 26183403 2681248     cutoff   37         0.02333    0.03567  52.9%  31.3 4600s
 26214863 2682822     cutoff   45         0.02333    0.03566  52.9%  31.3 4605s
 26246104 2684400     cutoff   47         0.02333    0.03565  52.8%  31.3 4610s
 26274444 2686331     cutoff   44         0.02333    0.03565  52.8%  31.3 4615s
 26304137 2687864     cutoff   42         0.02333    0.03564  52.8%  31.3 4620s
 26335096 2689747     cutoff   37         0.02333    0.03563  52.7%  31.3 4625s
 26364384 2691401     cutoff   41         0.02333    0.03562  52.7%  31.3 4630s
 26395048 2692800    0.03039   40   51    0.02333    0.03561  52.7%  31.3 4635s
 26426153 2694431    0.03403   40   59    0.02333    0.03561  52.6%  31.3 4640s
 26454183 2695800    0.02789   36   54    0.02333    0.03560  52.6%  31.3 4645s
 26486705 2697726     cutoff   42         0.02333    0.03559  52.6%  31.3 4650s
 26518469 2699444    0.03306   42   58    0.02333    0.03558  52.5%  31.3 4655s
 26550155 2701180    0.02571   46   53    0.02333    0.03557  52.5%  31.3 4660s
 26578896 2702826    0.02348   46   57    0.02333    0.03557  52.5%  31.3 4665s
 26610663 2704508    0.03384   37   56    0.02333    0.03556  52.4%  31.2 4670s
 26636269 2705913     cutoff   45         0.02333    0.03555  52.4%  31.2 4675s
 26669119 2707379     cutoff   36         0.02333    0.03554  52.4%  31.2 4680s
 26701469 2709295    0.02381   52   55    0.02333    0.03554  52.3%  31.2 4685s
 26733795 2710989     cutoff   41         0.02333    0.03553  52.3%  31.2 4690s
 26764222 2712588     cutoff   46         0.02333    0.03552  52.3%  31.2 4695s
 26795939 2714229    0.02433   36   57    0.02333    0.03551  52.2%  31.2 4700s
 26824784 2715729     cutoff   36         0.02333    0.03550  52.2%  31.2 4705s
 26856211 2717318     cutoff   44         0.02333    0.03550  52.2%  31.2 4710s
 26887239 2719033    0.02381   56   28    0.02333    0.03549  52.1%  31.2 4715s
 26918287 2720845     cutoff   40         0.02333    0.03548  52.1%  31.2 4720s
 26950195 2722641     cutoff   41         0.02333    0.03547  52.1%  31.2 4725s
 26978595 2724316    0.03064   39   58    0.02333    0.03547  52.0%  31.2 4730s
 27007277 2725733     cutoff   49         0.02333    0.03546  52.0%  31.2 4735s
 27038933 2727658    0.02874   43   51    0.02333    0.03545  52.0%  31.2 4740s
 27071377 2729310     cutoff   48         0.02333    0.03544  51.9%  31.2 4745s
 27103802 2731077    0.03016   44   47    0.02333    0.03544  51.9%  31.2 4750s
 27137084 2732866    0.03541   38   53    0.02333    0.03543  51.9%  31.2 4755s
 27166851 2734538     cutoff   49         0.02333    0.03542  51.8%  31.2 4760s
 27198885 2735982     cutoff   34         0.02333    0.03541  51.8%  31.2 4765s
 27231437 2737522     cutoff   38         0.02333    0.03540  51.8%  31.2 4770s
 27263257 2739141    0.03270   44   55    0.02333    0.03540  51.7%  31.2 4775s
 27294536 2740573    0.02631   42   56    0.02333    0.03539  51.7%  31.2 4780s
 27326022 2742655     cutoff   41         0.02333    0.03538  51.7%  31.2 4785s
 27354905 2744063    0.02469   52   42    0.02333    0.03537  51.6%  31.2 4790s
 27386483 2745819     cutoff   47         0.02333    0.03537  51.6%  31.2 4795s
 27417658 2747498     cutoff   54         0.02333    0.03536  51.6%  31.2 4800s
 27449587 2749239    0.02420   40   51    0.02333    0.03535  51.5%  31.2 4805s
 27478887 2750695     cutoff   46         0.02333    0.03534  51.5%  31.1 4810s
 27507066 2752407     cutoff   44         0.02333    0.03534  51.5%  31.1 4815s
 27538274 2754087     cutoff   43         0.02333    0.03533  51.5%  31.1 4820s
 27569969 2755829    0.02615   46   59    0.02333    0.03532  51.4%  31.1 4825s
 27601283 2757439    0.03024   45   56    0.02333    0.03531  51.4%  31.1 4830s
 27633552 2759176 infeasible   42         0.02333    0.03531  51.4%  31.1 4835s
 27662692 2760811    0.03382   45   41    0.02333    0.03530  51.3%  31.1 4840s
 27694158 2762548     cutoff   45         0.02333    0.03529  51.3%  31.1 4845s
 27725625 2764595     cutoff   52         0.02333    0.03529  51.3%  31.1 4850s
 27756424 2766156    0.02498   42   54    0.02333    0.03528  51.2%  31.1 4855s
 27788129 2768187     cutoff   44         0.02333    0.03527  51.2%  31.1 4860s
 27817148 2769511     cutoff   48         0.02333    0.03526  51.2%  31.1 4865s
 27848515 2771049     cutoff   36         0.02333    0.03526  51.1%  31.1 4870s
 27879121 2772792     cutoff   45         0.02333    0.03525  51.1%  31.1 4875s
 27911251 2774813     cutoff   39         0.02333    0.03524  51.1%  31.1 4880s
 27938859 2776243     cutoff   43         0.02333    0.03523  51.0%  31.1 4885s
 27969435 2777829    0.03252   39   51    0.02333    0.03523  51.0%  31.1 4890s
 27997185 2779287    0.02383   42   60    0.02333    0.03522  51.0%  31.1 4895s
 28028166 2781262     cutoff   44         0.02333    0.03521  51.0%  31.1 4900s
 28059896 2783084    0.02737   36   41    0.02333    0.03521  50.9%  31.1 4905s
 28091452 2784800    0.02465   43   53    0.02333    0.03520  50.9%  31.1 4910s
 28123097 2786330    0.02726   50   44    0.02333    0.03519  50.9%  31.1 4915s
 28150706 2787672    0.03319   40   61    0.02333    0.03518  50.8%  31.1 4920s
 28182521 2789231     cutoff   39         0.02333    0.03518  50.8%  31.1 4925s
 28214433 2791191    0.02809   48   56    0.02333    0.03517  50.8%  31.1 4930s
 28246238 2793127    0.03460   33   55    0.02333    0.03516  50.7%  31.1 4935s
 28276242 2794848    0.02501   46   53    0.02333    0.03515  50.7%  31.1 4940s
 28303776 2795973     cutoff   42         0.02333    0.03515  50.7%  31.1 4945s
 28333999 2797614     cutoff   45         0.02333    0.03514  50.6%  31.0 4950s
 28365953 2799459    0.02728   41   60    0.02333    0.03513  50.6%  31.0 4955s
 28394183 2800944     cutoff   47         0.02333    0.03513  50.6%  31.0 4960s
 28424567 2802378     cutoff   39         0.02333    0.03512  50.6%  31.0 4965s
 28456053 2803911    0.02435   47   46    0.02333    0.03511  50.5%  31.0 4970s
 28483564 2805283     cutoff   35         0.02333    0.03511  50.5%  31.0 4975s
 28515345 2807202     cutoff   38         0.02333    0.03510  50.5%  31.0 4980s
 28545609 2808751     cutoff   38         0.02333    0.03509  50.4%  31.0 4985s
 28575937 2810634     cutoff   50         0.02333    0.03509  50.4%  31.0 4990s
 28606906 2812299    0.02401   52   43    0.02333    0.03508  50.4%  31.0 4995s
 28637484 2813691     cutoff   42         0.02333    0.03507  50.3%  31.0 5000s
 28668823 2815369    0.02439   40   53    0.02333    0.03506  50.3%  31.0 5005s
 28696973 2816651     cutoff   38         0.02333    0.03506  50.3%  31.0 5010s
 28728239 2818252    0.03371   39   57    0.02333    0.03505  50.3%  31.0 5015s
 28759725 2820083     cutoff   54         0.02333    0.03504  50.2%  31.0 5020s
 28792431 2821628    0.03292   49   55    0.02333    0.03503  50.2%  31.0 5025s
 28823960 2822953     cutoff   39         0.02333    0.03503  50.2%  31.0 5030s
 28854185 2824298     cutoff   44         0.02333    0.03502  50.1%  31.0 5035s
 28882961 2825812    0.02672   53   46    0.02333    0.03501  50.1%  31.0 5040s
 28913537 2827288    0.02893   39   58    0.02333    0.03501  50.1%  31.0 5045s
 28944373 2828884    0.02535   36   54    0.02333    0.03500  50.0%  31.0 5050s
 28975934 2830431     cutoff   44         0.02333    0.03499  50.0%  31.0 5055s
 29008085 2832236    0.03087   40   60    0.02333    0.03498  50.0%  31.0 5060s
 29037056 2833647    0.03121   48   60    0.02333    0.03498  49.9%  31.0 5065s
 29066023 2835115    0.02738   53   53    0.02333    0.03497  49.9%  31.0 5070s
 29097168 2837127    0.02766   40   52    0.02333    0.03496  49.9%  31.0 5075s
 29127033 2838698     cutoff   45         0.02333    0.03496  49.9%  31.0 5080s
 29158509 2840139    0.02431   46   54    0.02333    0.03495  49.8%  31.0 5085s
 29189907 2841504    0.02342   37   51    0.02333    0.03494  49.8%  31.0 5090s
 29218502 2842854     cutoff   39         0.02333    0.03494  49.8%  30.9 5095s
 29249068 2844324    0.02337   49   61    0.02333    0.03493  49.7%  30.9 5100s
 29279518 2845760    0.02533   43   46    0.02333    0.03492  49.7%  30.9 5105s
 29310534 2847307     cutoff   44         0.02333    0.03492  49.7%  30.9 5110s
 29339582 2848784    0.02737   47   59    0.02333    0.03491  49.7%  30.9 5115s
 29370682 2850634     cutoff   44         0.02333    0.03490  49.6%  30.9 5120s
 29397066 2852035     cutoff   51         0.02333    0.03490  49.6%  30.9 5125s
 29428455 2853570     cutoff   49         0.02333    0.03489  49.6%  30.9 5130s
 29459804 2855170    0.03195   40   52    0.02333    0.03488  49.5%  30.9 5135s
 29491817 2856459 infeasible   42         0.02333    0.03487  49.5%  30.9 5140s
 29522148 2857737     cutoff   50         0.02333    0.03487  49.5%  30.9 5145s
 29552352 2859471    0.02508   43   60    0.02333    0.03486  49.4%  30.9 5150s
 29580648 2860770     cutoff   41         0.02333    0.03485  49.4%  30.9 5155s
 29611691 2862210    0.02345   55   45    0.02333    0.03485  49.4%  30.9 5160s
 29641992 2863638     cutoff   49         0.02333    0.03484  49.4%  30.9 5165s
 29672773 2865258    0.02713   39   52    0.02333    0.03483  49.3%  30.9 5170s
 29703620 2866734    0.03240   29   56    0.02333    0.03483  49.3%  30.9 5175s
 29734058 2868258    0.02338   46   32    0.02333    0.03482  49.3%  30.9 5180s
 29761069 2869580    0.02666   37   55    0.02333    0.03481  49.2%  30.9 5185s
 29790127 2870967    0.03268   37   54    0.02333    0.03481  49.2%  30.9 5190s
 29819390 2872571     cutoff   46         0.02333    0.03480  49.2%  30.9 5195s
 29851192 2873994     cutoff   47         0.02333    0.03480  49.2%  30.9 5200s
 29881649 2875813    0.02690   41   54    0.02333    0.03479  49.1%  30.9 5205s
 29912825 2877032    0.02889   35   58    0.02333    0.03478  49.1%  30.9 5210s
 29941905 2878604    0.02895   46   53    0.02333    0.03478  49.1%  30.9 5215s
 29973175 2879998    0.02401   43   53    0.02333    0.03477  49.1%  30.9 5220s
 30003918 2881550    0.02890   44   61    0.02333    0.03476  49.0%  30.9 5225s
 30035552 2883151     cutoff   40         0.02333    0.03476  49.0%  30.9 5230s
 30065929 2884751    0.02657   42   52    0.02333    0.03475  49.0%  30.9 5235s
 30093280 2885921     cutoff   44         0.02333    0.03474  48.9%  30.9 5240s
 30123012 2887491 infeasible   52         0.02333    0.03474  48.9%  30.9 5245s
 30152865 2888860    0.02408   42   50    0.02333    0.03473  48.9%  30.8 5250s
 30182110 2890297     cutoff   42         0.02333    0.03472  48.9%  30.8 5255s
 30211800 2891578    0.02683   39   52    0.02333    0.03472  48.8%  30.8 5260s
 30236904 2892855    0.02487   45   42    0.02333    0.03471  48.8%  30.8 5265s
 30264277 2894246    0.03362   37   63    0.02333    0.03470  48.8%  30.8 5270s
 30293359 2895589     cutoff   53         0.02333    0.03470  48.7%  30.8 5275s
 30321788 2896963 infeasible   45         0.02333    0.03469  48.7%  30.8 5280s
 30351742 2898809    0.03060   44   52    0.02333    0.03469  48.7%  30.8 5285s
 30380524 2900567    0.02868   44   57    0.02333    0.03468  48.7%  30.8 5290s
 30407322 2901878     cutoff   43         0.02333    0.03467  48.6%  30.8 5295s
 30436242 2903415     cutoff   42         0.02333    0.03467  48.6%  30.8 5300s
 30465751 2904948    0.02930   47   54    0.02333    0.03466  48.6%  30.8 5305s
 30496249 2906454     cutoff   43         0.02333    0.03465  48.6%  30.8 5310s
 30524458 2907730     cutoff   42         0.02333    0.03465  48.5%  30.8 5315s
 30554265 2909085    0.02808   44   40    0.02333    0.03464  48.5%  30.8 5320s
 30583713 2910411     cutoff   49         0.02333    0.03464  48.5%  30.8 5325s
 30613206 2911675    0.03458   39   51    0.02333    0.03463  48.5%  30.8 5330s
 30638137 2912973    0.03414   36   53    0.02333    0.03462  48.4%  30.8 5335s
 30668081 2914462    0.02682   39   57    0.02333    0.03462  48.4%  30.8 5340s
 30698768 2915734    0.02359   51   59    0.02333    0.03461  48.4%  30.8 5345s
 30726756 2916815     cutoff   46         0.02333    0.03460  48.3%  30.8 5350s
 30757161 2918256     cutoff   46         0.02333    0.03460  48.3%  30.8 5355s
 30789431 2919858    0.02830   44   54    0.02333    0.03459  48.3%  30.8 5360s
 30817531 2921179    0.02944   49   56    0.02333    0.03459  48.3%  30.8 5365s
 30850177 2922633     cutoff   43         0.02333    0.03458  48.2%  30.8 5370s
H30860690 2858419                       0.0237067    0.03458  45.9%  30.8 5371s
H30860967 2858436                       0.0237067    0.03458  45.9%  30.8 5372s
H30862087 2858433                       0.0237067    0.03458  45.8%  30.8 5372s
 30874608 2858739     cutoff   43         0.02371    0.03457  45.8%  30.8 5375s
H30890300 2859360                       0.0237067    0.03457  45.8%  30.8 5377s
 30903101 2859912    0.02390   46   52    0.02371    0.03457  45.8%  30.8 5380s
H30929142 2860857                       0.0237067    0.03456  45.8%  30.8 5384s
 30931395 2861130     cutoff   54         0.02371    0.03456  45.8%  30.8 5385s
 30962430 2862500    0.02744   44   50    0.02371    0.03455  45.7%  30.8 5390s
 30993439 2863733    0.02614   51   57    0.02371    0.03454  45.7%  30.8 5395s
 31021113 2864717    0.02590   46   29    0.02371    0.03454  45.7%  30.8 5400s
H31037430 2865248                       0.0237067    0.03453  45.7%  30.8 5402s
 31049576 2865830    0.03027   47   52    0.02371    0.03453  45.7%  30.8 5405s
 31080080 2867068    0.03048   51   58    0.02371    0.03452  45.6%  30.7 5410s
 31108510 2868271     cutoff   46         0.02371    0.03452  45.6%  30.7 5415s
 31141286 2869761     cutoff   49         0.02371    0.03451  45.6%  30.7 5420s
 31173229 2871065     cutoff   46         0.02371    0.03450  45.5%  30.7 5425s
 31200866 2872207 infeasible   40         0.02371    0.03450  45.5%  30.7 5430s
 31231166 2873643    0.02554   48   52    0.02371    0.03449  45.5%  30.7 5435s
 31264013 2875105    0.02827   50   46    0.02371    0.03449  45.5%  30.7 5440s
 31296546 2876572    0.02669   39   56    0.02371    0.03448  45.4%  30.7 5445s
 31328887 2878044     cutoff   53         0.02371    0.03447  45.4%  30.7 5450s
 31360980 2879422     cutoff   53         0.02371    0.03446  45.4%  30.7 5455s
 31393654 2880518     cutoff   43         0.02371    0.03446  45.3%  30.7 5460s
 31423165 2881549    0.02699   47   49    0.02371    0.03445  45.3%  30.7 5465s
 31454975 2882802     cutoff   47         0.02371    0.03444  45.3%  30.7 5470s
 31487056 2884073    0.03316   35   54    0.02371    0.03444  45.3%  30.7 5475s
 31518586 2885313     cutoff   43         0.02371    0.03443  45.2%  30.7 5480s
 31550554 2886784     cutoff   41         0.02371    0.03442  45.2%  30.7 5485s
 31577660 2887875     cutoff   41         0.02371    0.03442  45.2%  30.7 5490s
 31610400 2889062     cutoff   38         0.02371    0.03441  45.1%  30.7 5495s
 31643262 2890414     cutoff   37         0.02371    0.03440  45.1%  30.7 5500s
 31676226 2891771    0.02537   52   24    0.02371    0.03440  45.1%  30.7 5505s
 31706186 2892632    0.03340   36   52    0.02371    0.03439  45.1%  30.7 5510s
 31734875 2893770     cutoff   44         0.02371    0.03438  45.0%  30.7 5515s
 31766278 2895231     cutoff   63         0.02371    0.03438  45.0%  30.7 5520s
 31799790 2896486    0.02454   40   52    0.02371    0.03437  45.0%  30.7 5525s
 31832280 2897749    0.02467   39   58    0.02371    0.03436  44.9%  30.7 5530s
 31865468 2899175     cutoff   40         0.02371    0.03435  44.9%  30.7 5535s
 31894656 2900125     cutoff   46         0.02371    0.03435  44.9%  30.7 5540s
 31925702 2901031    0.02608   35   43    0.02371    0.03434  44.9%  30.7 5545s
 31958952 2902256    0.02838   37   58    0.02371    0.03433  44.8%  30.7 5550s
 31991193 2903895    0.02403   35   55    0.02371    0.03433  44.8%  30.6 5555s
 32025349 2905143    0.03405   38   54    0.02371    0.03432  44.8%  30.6 5560s
 32058854 2906513    0.02916   44   62    0.02371    0.03431  44.7%  30.6 5565s
 32089325 2907820 infeasible   42         0.02371    0.03431  44.7%  30.6 5570s
 32121775 2909544    0.02428   43   59    0.02371    0.03430  44.7%  30.6 5575s
 32153498 2910856     cutoff   45         0.02371    0.03429  44.7%  30.6 5580s
 32186558 2912022     cutoff   48         0.02371    0.03428  44.6%  30.6 5585s
 32218334 2912881     cutoff   43         0.02371    0.03428  44.6%  30.6 5590s
 32244631 2913756     cutoff   47         0.02371    0.03427  44.6%  30.6 5595s
 32276327 2914920     cutoff   49         0.02371    0.03427  44.5%  30.6 5600s
 32308562 2916235    0.02794   56   32    0.02371    0.03426  44.5%  30.6 5605s
 32340872 2917705     cutoff   44         0.02371    0.03425  44.5%  30.6 5610s
 32373286 2919294    0.02489   47   55    0.02371    0.03424  44.5%  30.6 5615s
 32405147 2920539     cutoff   43         0.02371    0.03424  44.4%  30.6 5620s
 32434044 2921838    0.02627   37   54    0.02371    0.03423  44.4%  30.6 5625s
 32466281 2923049     cutoff   46         0.02371    0.03423  44.4%  30.6 5630s
 32498127 2924367    0.02664   50   52    0.02371    0.03422  44.3%  30.6 5635s
 32530312 2925648     cutoff   39         0.02371    0.03421  44.3%  30.6 5640s
 32562591 2927051     cutoff   42         0.02371    0.03420  44.3%  30.6 5645s
 32591885 2928281     cutoff   44         0.02371    0.03420  44.3%  30.6 5650s
 32624946 2929842    0.03217   37   50    0.02371    0.03419  44.2%  30.6 5655s
 32658857 2931044     cutoff   43         0.02371    0.03418  44.2%  30.6 5660s
 32691693 2932251     cutoff   40         0.02371    0.03418  44.2%  30.6 5665s
 32723418 2933380    0.03117   37   50    0.02371    0.03417  44.1%  30.6 5670s
 32752541 2934672     cutoff   43         0.02371    0.03416  44.1%  30.6 5675s
 32782862 2935676    0.02381   48   53    0.02371    0.03416  44.1%  30.6 5680s
 32816097 2936821    0.02909   43   52    0.02371    0.03415  44.1%  30.6 5685s
 32849736 2938003    0.02451   40   47    0.02371    0.03414  44.0%  30.5 5690s
 32883201 2939164    0.02415   37   57    0.02371    0.03414  44.0%  30.5 5695s
 32912694 2940001    0.03149   43   55    0.02371    0.03413  44.0%  30.5 5700s
 32945142 2941153    0.02500   48   55    0.02371    0.03412  43.9%  30.5 5705s
 32978934 2942228     cutoff   46         0.02371    0.03412  43.9%  30.5 5710s
 33011038 2943241     cutoff   50         0.02371    0.03411  43.9%  30.5 5715s
 33043370 2944641     cutoff   46         0.02371    0.03410  43.9%  30.5 5720s
 33076910 2945812     cutoff   48         0.02371    0.03410  43.8%  30.5 5725s
 33106701 2946894     cutoff   47         0.02371    0.03409  43.8%  30.5 5730s
 33139485 2948086     cutoff   50         0.02371    0.03408  43.8%  30.5 5735s
 33173392 2949384     cutoff   44         0.02371    0.03407  43.7%  30.5 5740s
 33205889 2950579    0.02829   40   56    0.02371    0.03407  43.7%  30.5 5745s
 33238558 2951807    0.02493   62   48    0.02371    0.03406  43.7%  30.5 5750s
 33268667 2952947     cutoff   45         0.02371    0.03405  43.7%  30.5 5755s
 33299484 2953774    0.02379   46   30    0.02371    0.03405  43.6%  30.5 5760s
 33333226 2955035     cutoff   38         0.02371    0.03404  43.6%  30.5 5765s
 33366459 2956166     cutoff   44         0.02371    0.03403  43.6%  30.5 5770s
 33400468 2957249     cutoff   55         0.02371    0.03403  43.5%  30.5 5775s
 33433028 2958313     cutoff   46         0.02371    0.03402  43.5%  30.5 5780s
 33462097 2959610     cutoff   42         0.02371    0.03401  43.5%  30.5 5785s
 33495730 2960984     cutoff   49         0.02371    0.03401  43.4%  30.5 5790s
 33528791 2961972     cutoff   42         0.02371    0.03400  43.4%  30.5 5795s
 33563933 2963171    0.02511   45   62    0.02371    0.03399  43.4%  30.5 5800s
 33599133 2964563    0.03249   39   57    0.02371    0.03399  43.4%  30.5 5805s
 33631562 2965806     cutoff   47         0.02371    0.03398  43.3%  30.5 5810s
 33664411 2967313 infeasible   43         0.02371    0.03397  43.3%  30.5 5815s
 33697295 2968601     cutoff   36         0.02371    0.03397  43.3%  30.5 5820s
 33730213 2969957     cutoff   42         0.02371    0.03396  43.2%  30.5 5825s
 33763687 2971546     cutoff   36         0.02371    0.03395  43.2%  30.4 5830s
 33797612 2972579    0.02724   48   49    0.02371    0.03394  43.2%  30.4 5835s
 33830626 2973758 infeasible   45         0.02371    0.03394  43.2%  30.4 5840s
 33857327 2974837     cutoff   49         0.02371    0.03393  43.1%  30.4 5845s
 33889552 2976066    0.02607   39   51    0.02371    0.03393  43.1%  30.4 5850s
 33921873 2977681    0.02455   44   45    0.02371    0.03392  43.1%  30.4 5855s
 33953537 2978759     cutoff   50         0.02371    0.03391  43.1%  30.4 5860s
 33986263 2980202    0.02462   38   53    0.02371    0.03391  43.0%  30.4 5865s
 34015160 2981266    0.02535   46   50    0.02371    0.03390  43.0%  30.4 5870s
 34047662 2982456    0.02439   43   58    0.02371    0.03389  43.0%  30.4 5875s
 34079650 2983644     cutoff   46         0.02371    0.03389  42.9%  30.4 5880s
 34112761 2984950     cutoff   52         0.02371    0.03388  42.9%  30.4 5885s
 34144456 2986106    0.03016   41   54    0.02371    0.03387  42.9%  30.4 5890s
 34176124 2987263     cutoff   52         0.02371    0.03387  42.9%  30.4 5895s
 34208297 2988407    0.02827   42   52    0.02371    0.03386  42.8%  30.4 5900s
H34220217 2981562                       0.0237437    0.03386  42.6%  30.4 5902s
H34220382 2981573                       0.0237437    0.03386  42.6%  30.4 5902s
 34233639 2982151    0.02448   45   59    0.02374    0.03386  42.6%  30.4 5905s
 34266178 2982918    0.03355   44   62    0.02374    0.03385  42.6%  30.4 5910s
 34298657 2983982    0.02617   48   42    0.02374    0.03384  42.5%  30.4 5915s
 34328114 2985131     cutoff   47         0.02374    0.03384  42.5%  30.4 5920s
 34360904 2986249    0.03104   41   64    0.02374    0.03383  42.5%  30.4 5925s
 34391123 2987246    0.02433   41   53    0.02374    0.03382  42.4%  30.4 5930s
 34424242 2988323     cutoff   37         0.02374    0.03382  42.4%  30.4 5935s
 34456893 2989521    0.03004   36   56    0.02374    0.03381  42.4%  30.4 5940s
 34485657 2990328    0.03041   40   59    0.02374    0.03380  42.4%  30.4 5945s
 34518554 2991391    0.02899   39   52    0.02374    0.03380  42.3%  30.4 5950s
 34552275 2992518    0.02377   44   54    0.02374    0.03379  42.3%  30.4 5955s
 34586134 2993855    0.02668   44   52    0.02374    0.03378  42.3%  30.4 5960s
 34619517 2994986     cutoff   36         0.02374    0.03378  42.3%  30.3 5965s
 34652042 2996222 infeasible   41         0.02374    0.03377  42.2%  30.3 5970s
 34679355 2997099     cutoff   42         0.02374    0.03376  42.2%  30.3 5975s
 34711592 2998158    0.02382   43   51    0.02374    0.03376  42.2%  30.3 5980s
 34744917 2999375    0.02565   43   53    0.02374    0.03375  42.2%  30.3 5985s
 34776898 3000391     cutoff   47         0.02374    0.03375  42.1%  30.3 5990s
 34809335 3001235    0.02778   45   41    0.02374    0.03374  42.1%  30.3 5995s
 34842209 3002740    0.02552   47   57    0.02374    0.03373  42.1%  30.3 6000s
 34871365 3003813     cutoff   48         0.02374    0.03373  42.0%  30.3 6005s
 34903845 3005078    0.03215   42   59    0.02374    0.03372  42.0%  30.3 6010s
 34932386 3006054     cutoff   37         0.02374    0.03371  42.0%  30.3 6015s
 34964387 3007163     cutoff   47         0.02374    0.03371  42.0%  30.3 6020s
 34995994 3008356     cutoff   53         0.02374    0.03370  41.9%  30.3 6025s
 35025749 3009225    0.02652   38   55    0.02374    0.03370  41.9%  30.3 6030s
 35057758 3010013    0.03367   37   53    0.02374    0.03369  41.9%  30.3 6035s
 35089510 3011133    0.03248   44   62    0.02374    0.03368  41.9%  30.3 6040s
 35121948 3012005     cutoff   41         0.02374    0.03368  41.8%  30.3 6045s
 35155502 3013076    0.02829   42   53    0.02374    0.03367  41.8%  30.3 6050s
 35184811 3014185     cutoff   46         0.02374    0.03366  41.8%  30.3 6055s
 35217802 3015289    0.02449   52   55    0.02374    0.03366  41.8%  30.3 6060s
 35250756 3016033     cutoff   40         0.02374    0.03365  41.7%  30.3 6065s
 35282940 3017142     cutoff   52         0.02374    0.03364  41.7%  30.3 6070s
 35316948 3018118    0.02643   40   55    0.02374    0.03364  41.7%  30.3 6075s
 35347941 3019070     cutoff   40         0.02374    0.03363  41.6%  30.3 6080s
 35381518 3020072     cutoff   41         0.02374    0.03363  41.6%  30.3 6085s
 35416503 3021186    0.02551   44   53    0.02374    0.03362  41.6%  30.3 6090s
 35450828 3022098     cutoff   43         0.02374    0.03361  41.6%  30.3 6095s
 35482163 3023436     cutoff   45         0.02374    0.03361  41.5%  30.3 6100s
 35516812 3024569    0.02389   43   57    0.02374    0.03360  41.5%  30.3 6105s
 35547695 3026028     cutoff   46         0.02374    0.03359  41.5%  30.2 6110s
 35581167 3027352    0.02535   37   57    0.02374    0.03359  41.5%  30.2 6115s
 35615632 3028670    0.02758   49   34    0.02374    0.03358  41.4%  30.2 6120s
 35648632 3029750    0.02622   45   54    0.02374    0.03357  41.4%  30.2 6125s
 35681609 3030880    0.02707   45   55    0.02374    0.03357  41.4%  30.2 6130s
 35710301 3031918    0.03069   43   54    0.02374    0.03356  41.4%  30.2 6135s
 35742728 3033151    0.02634   39   56    0.02374    0.03356  41.3%  30.2 6140s
 35775716 3034389    0.02394   54   47    0.02374    0.03355  41.3%  30.2 6145s
 35809433 3035444    0.03067   38   60    0.02374    0.03354  41.3%  30.2 6150s
 35842270 3036690    0.03331   39   55    0.02374    0.03354  41.2%  30.2 6155s
 35875391 3037744    0.02434   45   55    0.02374    0.03353  41.2%  30.2 6160s
 35904732 3038983     cutoff   41         0.02374    0.03353  41.2%  30.2 6165s
 35940338 3040332     cutoff   44         0.02374    0.03352  41.2%  30.2 6170s
 35975020 3041888     cutoff   42         0.02374    0.03351  41.1%  30.2 6175s
 36005069 3043172    0.02546   48   54    0.02374    0.03351  41.1%  30.2 6180s
 36038156 3044355     cutoff   44         0.02374    0.03350  41.1%  30.2 6185s
 36067428 3045386     cutoff   44         0.02374    0.03350  41.1%  30.2 6190s
 36100570 3046565     cutoff   49         0.02374    0.03349  41.0%  30.2 6195s
 36135334 3047654    0.02945   45   55    0.02374    0.03348  41.0%  30.2 6200s
 36168521 3048894    0.02916   43   57    0.02374    0.03348  41.0%  30.2 6205s
 36201289 3049854    0.02859   40   62    0.02374    0.03347  41.0%  30.2 6210s
 36231996 3050765     cutoff   49         0.02374    0.03346  40.9%  30.2 6215s
 36266366 3051964    0.03280   37   54    0.02374    0.03346  40.9%  30.2 6220s
 36299634 3052795    0.02940   41   58    0.02374    0.03345  40.9%  30.2 6225s
 36332115 3053962    0.02499   38   55    0.02374    0.03345  40.9%  30.2 6230s
 36360721 3054703     cutoff   41         0.02374    0.03344  40.8%  30.2 6235s
 36392781 3055496    0.02904   41   57    0.02374    0.03343  40.8%  30.2 6240s
 36426862 3056623    0.03114   40   55    0.02374    0.03343  40.8%  30.2 6245s
 36458545 3057722    0.03337   46   54    0.02374    0.03342  40.8%  30.1 6250s
 36491258 3058661    0.02558   41   52    0.02374    0.03342  40.7%  30.1 6255s
 36522794 3059622     cutoff   47         0.02374    0.03341  40.7%  30.1 6260s
 36550455 3060448    0.02684   42   61    0.02374    0.03340  40.7%  30.1 6265s
 36581583 3061558    0.02586   51   56    0.02374    0.03340  40.7%  30.1 6270s
 36614628 3062888    0.02582   40   40    0.02374    0.03339  40.6%  30.1 6275s
 36646657 3063867    0.02885   36   58    0.02374    0.03338  40.6%  30.1 6280s
 36681680 3065047    0.03050   44   50    0.02374    0.03338  40.6%  30.1 6285s
 36715187 3066119     cutoff   43         0.02374    0.03337  40.5%  30.1 6290s
 36748941 3067417     cutoff   41         0.02374    0.03337  40.5%  30.1 6295s
 36779830 3068483     cutoff   42         0.02374    0.03336  40.5%  30.1 6300s
 36813962 3069747    0.02613   47   55    0.02374    0.03335  40.5%  30.1 6305s
 36846851 3071114    0.02511   41   58    0.02374    0.03335  40.4%  30.1 6310s
 36879477 3072150    0.02457   44   46    0.02374    0.03334  40.4%  30.1 6315s
 36911581 3073401    0.03086   41   51    0.02374    0.03333  40.4%  30.1 6320s
 36941562 3074417     cutoff   37         0.02374    0.03333  40.4%  30.1 6325s
 36974472 3075649    0.02716   43   28    0.02374    0.03332  40.3%  30.1 6330s
 37007645 3076635    0.03135   45   55    0.02374    0.03332  40.3%  30.1 6335s
 37041106 3077767    0.02565   45   51    0.02374    0.03331  40.3%  30.1 6340s
 37073477 3078672     cutoff   38         0.02374    0.03330  40.3%  30.1 6345s
 37103575 3079763     cutoff   42         0.02374    0.03330  40.2%  30.1 6350s
 37132148 3080667     cutoff   49         0.02374    0.03329  40.2%  30.1 6355s
 37164103 3081474    0.02871   43   51    0.02374    0.03329  40.2%  30.1 6360s
 37195738 3082295     cutoff   48         0.02374    0.03328  40.2%  30.1 6365s
 37228887 3083202    0.02706   39   57    0.02374    0.03328  40.1%  30.1 6370s
 37260307 3084399     cutoff   47         0.02374    0.03327  40.1%  30.1 6375s
 37288374 3085255     cutoff   36         0.02374    0.03326  40.1%  30.1 6380s
 37321100 3086364    0.03321   39   54    0.02374    0.03326  40.1%  30.1 6385s
 37353783 3087587     cutoff   50         0.02374    0.03325  40.0%  30.1 6390s
 37387128 3088435    0.02630   38   60    0.02374    0.03325  40.0%  30.0 6395s
 37421092 3089617    0.02561   40   62    0.02374    0.03324  40.0%  30.0 6400s
 37454025 3090749    0.03028   48   38    0.02374    0.03323  40.0%  30.0 6405s
 37483626 3091828     cutoff   49         0.02374    0.03323  39.9%  30.0 6410s
 37516189 3093181     cutoff   43         0.02374    0.03322  39.9%  30.0 6415s
 37550551 3094118     cutoff   47         0.02374    0.03322  39.9%  30.0 6420s
 37584811 3095375     cutoff   41         0.02374    0.03321  39.9%  30.0 6425s
 37616823 3096477     cutoff   44         0.02374    0.03320  39.8%  30.0 6430s
 37645552 3097265    0.02772   34   64    0.02374    0.03320  39.8%  30.0 6435s
 37679918 3098361    0.02590   34   51    0.02374    0.03319  39.8%  30.0 6440s
 37715834 3099685     cutoff   41         0.02374    0.03319  39.8%  30.0 6445s
 37750351 3100792 infeasible   44         0.02374    0.03318  39.7%  30.0 6450s
 37785583 3102563    0.02848   40   57    0.02374    0.03317  39.7%  30.0 6455s
 37818828 3103344    0.02825   41   56    0.02374    0.03317  39.7%  30.0 6460s
 37852949 3104211     cutoff   38         0.02374    0.03316  39.7%  30.0 6465s
 37888341 3105389    0.02600   44   48    0.02374    0.03316  39.6%  30.0 6470s
 37923524 3106588    0.02955   47   55    0.02374    0.03315  39.6%  30.0 6475s
 37958742 3107625     cutoff   44         0.02374    0.03314  39.6%  30.0 6480s
 37990156 3108759     cutoff   47         0.02374    0.03314  39.6%  30.0 6485s
 38024755 3109660    0.02510   44   53    0.02374    0.03313  39.5%  30.0 6490s
 38058358 3110690     cutoff   50         0.02374    0.03313  39.5%  30.0 6495s
 38093851 3111876     cutoff   43         0.02374    0.03312  39.5%  30.0 6500s
 38128921 3113187     cutoff   39         0.02374    0.03311  39.5%  30.0 6505s
H38141676 3113594                       0.0237437    0.03311  39.5%  30.0 6507s
 38157454 3114231     cutoff   45         0.02374    0.03311  39.4%  30.0 6510s
 38189432 3115151    0.02445   43   54    0.02374    0.03310  39.4%  30.0 6515s
 38223037 3116312    0.02383   45   50    0.02374    0.03310  39.4%  30.0 6520s
 38257874 3117590     cutoff   45         0.02374    0.03309  39.4%  29.9 6525s
 38293463 3118757     cutoff   50         0.02374    0.03308  39.3%  29.9 6530s
 38324192 3119926     cutoff   46         0.02374    0.03308  39.3%  29.9 6535s
 38357629 3121340    0.03089   43   57    0.02374    0.03307  39.3%  29.9 6540s
 38390392 3122312    0.02834   44   51    0.02374    0.03307  39.3%  29.9 6545s
 38422405 3123373    0.02658   44   59    0.02374    0.03306  39.2%  29.9 6550s
 38451985 3124329     cutoff   41         0.02374    0.03306  39.2%  29.9 6555s
 38483233 3125563     cutoff   44         0.02374    0.03305  39.2%  29.9 6560s
 38516519 3126604    0.02635   52   54    0.02374    0.03305  39.2%  29.9 6565s
 38548068 3127653    0.02595   46   47    0.02374    0.03304  39.2%  29.9 6570s
 38580563 3128658     cutoff   48         0.02374    0.03303  39.1%  29.9 6575s
 38613642 3129460    0.03039   41   55    0.02374    0.03303  39.1%  29.9 6580s
 38646333 3130710     cutoff   52         0.02374    0.03302  39.1%  29.9 6585s
 38674783 3131711    0.02781   40   51    0.02374    0.03302  39.1%  29.9 6590s
 38707224 3132933     cutoff   47         0.02374    0.03301  39.0%  29.9 6595s
 38738709 3133713 infeasible   52         0.02374    0.03301  39.0%  29.9 6600s
 38771008 3134628     cutoff   39         0.02374    0.03300  39.0%  29.9 6605s
 38803643 3135512    0.02437   45   53    0.02374    0.03300  39.0%  29.9 6610s
 38836702 3136522    0.02620   39   58    0.02374    0.03299  38.9%  29.9 6615s
 38865796 3137436    0.03076   49   56    0.02374    0.03298  38.9%  29.9 6620s
 38897891 3138366    0.02678   36   52    0.02374    0.03298  38.9%  29.9 6625s
 38929938 3139376    0.03040   37   57    0.02374    0.03297  38.9%  29.9 6630s
 38961915 3140496    0.03282   39   59    0.02374    0.03297  38.8%  29.9 6635s
 38995043 3141364     cutoff   43         0.02374    0.03296  38.8%  29.9 6640s
 39027388 3142441    0.02838   38   51    0.02374    0.03296  38.8%  29.9 6645s
 39057750 3143265     cutoff   42         0.02374    0.03295  38.8%  29.9 6650s
 39089716 3144273    0.02616   41   57    0.02374    0.03295  38.8%  29.9 6655s
 39122457 3145237    0.02684   38   53    0.02374    0.03294  38.7%  29.9 6660s
 39154961 3146148     cutoff   44         0.02374    0.03294  38.7%  29.8 6665s
 39183830 3147281    0.02754   48   59    0.02374    0.03293  38.7%  29.8 6670s
 39217195 3148479     cutoff   35         0.02374    0.03292  38.7%  29.8 6675s
 39250706 3149509    0.02461   38   52    0.02374    0.03292  38.6%  29.8 6680s
 39283152 3150566     cutoff   38         0.02374    0.03291  38.6%  29.8 6685s
 39313855 3151582     cutoff   37         0.02374    0.03291  38.6%  29.8 6690s
 39346823 3152881    0.03284   43   50    0.02374    0.03290  38.6%  29.8 6695s
 39376339 3153632     cutoff   38         0.02374    0.03290  38.6%  29.8 6700s
 39409811 3154657    0.02887   47   60    0.02374    0.03289  38.5%  29.8 6705s
 39442996 3155848     cutoff   46         0.02374    0.03289  38.5%  29.8 6710s
 39476335 3157017    0.02378   40   51    0.02374    0.03288  38.5%  29.8 6715s
 39508784 3157817     cutoff   39         0.02374    0.03288  38.5%  29.8 6720s
 39539439 3159120    0.02385   42   60    0.02374    0.03287  38.4%  29.8 6725s
 39571557 3160047    0.02382   43   51    0.02374    0.03286  38.4%  29.8 6730s
 39604490 3160878    0.02461   50   60    0.02374    0.03286  38.4%  29.8 6735s
 39637627 3161941     cutoff   51         0.02374    0.03285  38.4%  29.8 6740s
 39670755 3163007    0.02573   46   54    0.02374    0.03285  38.3%  29.8 6745s
 39700623 3163928     cutoff   46         0.02374    0.03284  38.3%  29.8 6750s
 39735016 3165307    0.02828   42   51    0.02374    0.03284  38.3%  29.8 6755s
 39766594 3166586     cutoff   46         0.02374    0.03283  38.3%  29.8 6760s
 39799807 3167986     cutoff   49         0.02374    0.03283  38.3%  29.8 6765s
 39833306 3169275     cutoff   42         0.02374    0.03282  38.2%  29.8 6770s
 39864284 3170190    0.02528   47   53    0.02374    0.03282  38.2%  29.8 6775s
 39893617 3171262     cutoff   41         0.02374    0.03281  38.2%  29.8 6780s
 39926697 3172541     cutoff   49         0.02374    0.03281  38.2%  29.8 6785s
 39960433 3173972    0.02521   46   57    0.02374    0.03280  38.1%  29.8 6790s
 39994395 3175229    0.02407   48   55    0.02374    0.03280  38.1%  29.8 6795s
 40026898 3176548    0.02930   45   56    0.02374    0.03279  38.1%  29.8 6800s
 40059490 3177881    0.02655   49   53    0.02374    0.03279  38.1%  29.8 6805s
 40088939 3179190    0.02790   47   52    0.02374    0.03278  38.1%  29.7 6810s
 40122452 3180495    0.02809   44   55    0.02374    0.03278  38.0%  29.7 6815s
 40156436 3181690     cutoff   47         0.02374    0.03277  38.0%  29.7 6820s
 40189920 3182792     cutoff   39         0.02374    0.03277  38.0%  29.7 6825s
 40223836 3183975    0.02472   48   43    0.02374    0.03276  38.0%  29.7 6830s
 40253489 3184899     cutoff   47         0.02374    0.03275  38.0%  29.7 6835s
 40287506 3185874     cutoff   41         0.02374    0.03275  37.9%  29.7 6840s
 40322153 3187079    0.02997   39   59    0.02374    0.03274  37.9%  29.7 6845s
 40354440 3187944    0.03274   39   58    0.02374    0.03274  37.9%  29.7 6850s
 40388054 3189364    0.02771   42   55    0.02374    0.03273  37.9%  29.7 6855s
 40420355 3190577 infeasible   51         0.02374    0.03273  37.8%  29.7 6860s
 40450572 3191665     cutoff   46         0.02374    0.03272  37.8%  29.7 6865s
 40487314 3192924    0.02687   53   52    0.02374    0.03272  37.8%  29.7 6870s
 40523752 3194472     cutoff   55         0.02374    0.03271  37.8%  29.7 6875s
 40559710 3196031     cutoff   41         0.02374    0.03271  37.7%  29.7 6880s
 40595858 3197450    0.02684   45   52    0.02374    0.03270  37.7%  29.7 6885s
 40626861 3198507     cutoff   43         0.02374    0.03270  37.7%  29.7 6890s
 40661683 3200153    0.02477   42   48    0.02374    0.03269  37.7%  29.7 6895s
 40695545 3201572     cutoff   45         0.02374    0.03269  37.7%  29.7 6900s
 40729494 3202781     cutoff   53         0.02374    0.03268  37.6%  29.7 6905s
 40764154 3203917     cutoff   47         0.02374    0.03268  37.6%  29.7 6910s
 40798071 3205372     cutoff   48         0.02374    0.03267  37.6%  29.7 6915s
 40831184 3206688     cutoff   39         0.02374    0.03266  37.6%  29.7 6920s
 40862574 3207848     cutoff   43         0.02374    0.03266  37.6%  29.7 6925s
 40897433 3209289     cutoff   42         0.02374    0.03265  37.5%  29.7 6930s
 40930733 3210421     cutoff   45         0.02374    0.03265  37.5%  29.7 6935s
 40964729 3211940    0.02902   49   58    0.02374    0.03264  37.5%  29.7 6940s
 40996723 3213416     cutoff   42         0.02374    0.03264  37.5%  29.6 6945s
 41027745 3214654     cutoff   45         0.02374    0.03264  37.4%  29.6 6950s
 41060921 3215950     cutoff   44         0.02374    0.03263  37.4%  29.6 6955s
 41095228 3217531    0.02975   45   57    0.02374    0.03262  37.4%  29.6 6960s
 41128913 3219174    0.03030   38   55    0.02374    0.03262  37.4%  29.6 6965s
 41163399 3220677    0.02474   51   48    0.02374    0.03261  37.4%  29.6 6970s
 41195164 3222160     cutoff   43         0.02374    0.03261  37.3%  29.6 6975s
 41229492 3223605     cutoff   44         0.02374    0.03261  37.3%  29.6 6980s
 41263530 3225059     cutoff   45         0.02374    0.03260  37.3%  29.6 6985s
 41297057 3226464    0.02485   45   45    0.02374    0.03260  37.3%  29.6 6990s
 41331529 3227579    0.02817   43   57    0.02374    0.03259  37.3%  29.6 6995s
 41363576 3228788     cutoff   48         0.02374    0.03259  37.2%  29.6 7000s
 41397892 3230099    0.02550   45   57    0.02374    0.03258  37.2%  29.6 7005s
 41431325 3231351    0.02901   41   57    0.02374    0.03258  37.2%  29.6 7010s
 41465295 3232631    0.02458   60   50    0.02374    0.03257  37.2%  29.6 7015s
 41496998 3233837    0.02638   44   45    0.02374    0.03257  37.2%  29.6 7020s
 41531774 3234893    0.02612   41   57    0.02374    0.03256  37.1%  29.6 7025s
 41563835 3236122    0.03094   46   62    0.02374    0.03256  37.1%  29.6 7030s
 41599168 3237630     cutoff   36         0.02374    0.03255  37.1%  29.6 7035s
 41634509 3239152    0.02576   41   44    0.02374    0.03255  37.1%  29.6 7040s
 41669251 3240537    0.03227   43   54    0.02374    0.03254  37.1%  29.6 7045s
 41700278 3241891    0.02686   44   45    0.02374    0.03254  37.0%  29.6 7050s
 41735051 3243144    0.02885   49   46    0.02374    0.03253  37.0%  29.6 7055s
 41769484 3244625     cutoff   38         0.02374    0.03253  37.0%  29.6 7060s
 41804131 3245769    0.02754   50   50    0.02374    0.03252  37.0%  29.6 7065s
 41837374 3247071    0.03087   42   54    0.02374    0.03252  36.9%  29.6 7070s
 41869796 3248202     cutoff   44         0.02374    0.03251  36.9%  29.5 7075s
 41902313 3249536     cutoff   47         0.02374    0.03251  36.9%  29.5 7080s
 41936026 3250920    0.02410   49   56    0.02374    0.03250  36.9%  29.5 7085s
 41968822 3252337     cutoff   37         0.02374    0.03250  36.9%  29.5 7090s
 42002982 3253714    0.02448   42   54    0.02374    0.03249  36.8%  29.5 7095s
 42037736 3254965    0.02513   39   59    0.02374    0.03249  36.8%  29.5 7100s
 42068564 3255936     cutoff   44         0.02374    0.03248  36.8%  29.5 7105s
 42102750 3257346     cutoff   40         0.02374    0.03248  36.8%  29.5 7110s
H42133893 3255808                       0.0237548    0.03247  36.7%  29.5 7115s
 42166616 3256985     cutoff   52         0.02375    0.03247  36.7%  29.5 7120s
 42201059 3258167    0.02418   49   58    0.02375    0.03246  36.7%  29.5 7125s
 42235845 3259419     cutoff   44         0.02375    0.03246  36.6%  29.5 7130s
 42267538 3260516     cutoff   42         0.02375    0.03245  36.6%  29.5 7135s
 42301735 3261617    0.02833   40   49    0.02375    0.03245  36.6%  29.5 7140s
 42336348 3263118    0.03048   41   56    0.02375    0.03244  36.6%  29.5 7145s
 42369589 3264475    0.02813   43   56    0.02375    0.03244  36.6%  29.5 7150s
 42403168 3265755    0.02446   54   52    0.02375    0.03243  36.5%  29.5 7155s
H42403918 3261092                       0.0237742    0.03243  36.4%  29.5 7155s
H42404806 3261142                       0.0237743    0.03243  36.4%  29.5 7155s
H42405976 3252676                       0.0238088    0.03243  36.2%  29.5 7156s
H42407177 3245582                       0.0238386    0.03243  36.0%  29.5 7157s
 42420857 3246110    0.03208   40   53    0.02384    0.03243  36.0%  29.5 7160s
 42455001 3247610    0.02804   43   54    0.02384    0.03242  36.0%  29.5 7165s
 42489786 3248890     cutoff   46         0.02384    0.03242  36.0%  29.5 7170s
 42524973 3250321    0.02644   46   53    0.02384    0.03241  36.0%  29.5 7175s
H42551751 3251382                       0.0238386    0.03241  36.0%  29.5 7178s
H42552788 3219642                       0.0239692    0.03241  35.2%  29.5 7179s
 42554062 3219723     cutoff   50         0.02397    0.03241  35.2%  29.5 7180s
 42588583 3220825    0.02652   35   55    0.02397    0.03241  35.2%  29.5 7185s
 42618722 3221751    0.02765   53   54    0.02397    0.03240  35.2%  29.5 7190s
 42654152 3222761    0.02540   49   28    0.02397    0.03240  35.2%  29.5 7195s
 42690165 3224022     cutoff   50         0.02397    0.03239  35.1%  29.5 7200s
 42725431 3225018     cutoff   45         0.02397    0.03238  35.1%  29.5 7205s
 42760185 3226103    0.03216   35   62    0.02397    0.03238  35.1%  29.4 7210s
 42791110 3227042    0.02546   40   57    0.02397    0.03237  35.1%  29.4 7215s
 42827274 3227947     cutoff   49         0.02397    0.03237  35.0%  29.4 7220s
 42864203 3229069 infeasible   49         0.02397    0.03236  35.0%  29.4 7225s
 42900729 3229938     cutoff   46         0.02397    0.03236  35.0%  29.4 7230s
 42937369 3231083    0.02553   51   55    0.02397    0.03235  35.0%  29.4 7235s
H42960970 3231657                       0.0239693    0.03235  35.0%  29.4 7238s
 42969102 3231902     cutoff   46         0.02397    0.03235  35.0%  29.4 7240s
 43001616 3232837     cutoff   45         0.02397    0.03234  34.9%  29.4 7245s
 43037408 3233892    0.02767   40   59    0.02397    0.03234  34.9%  29.4 7250s
 43072308 3235158     cutoff   44         0.02397    0.03233  34.9%  29.4 7255s
 43108921 3236260     cutoff   37         0.02397    0.03233  34.9%  29.4 7260s
 43144178 3237260     cutoff   44         0.02397    0.03232  34.8%  29.4 7265s
 43179822 3238247     cutoff   41         0.02397    0.03232  34.8%  29.4 7270s
 43209080 3239067     cutoff   37         0.02397    0.03231  34.8%  29.4 7275s
 43244734 3240132     cutoff   43         0.02397    0.03231  34.8%  29.4 7280s
 43281244 3241349     cutoff   54         0.02397    0.03230  34.8%  29.4 7285s
 43317654 3242299    0.02540   38   55    0.02397    0.03230  34.7%  29.4 7290s
 43353568 3243485    0.03208   48   54    0.02397    0.03229  34.7%  29.4 7295s
 43390664 3244459     cutoff   46         0.02397    0.03228  34.7%  29.4 7300s
 43423612 3245188     cutoff   37         0.02397    0.03228  34.7%  29.4 7305s
 43459556 3246279    0.02700   42   56    0.02397    0.03227  34.6%  29.4 7310s
 43494744 3247090     cutoff   44         0.02397    0.03227  34.6%  29.4 7315s
 43527696 3248021 infeasible   48         0.02397    0.03226  34.6%  29.4 7320s
 43562264 3248993    0.02446   43   51    0.02397    0.03226  34.6%  29.4 7325s
 43593087 3249974    0.02929   46   55    0.02397    0.03226  34.6%  29.4 7330s
 43628801 3251279    0.02476   52   59    0.02397    0.03225  34.5%  29.4 7335s
 43663060 3252175    0.02397   57   52    0.02397    0.03225  34.5%  29.3 7340s
 43698982 3253190     cutoff   40         0.02397    0.03224  34.5%  29.3 7345s
 43733638 3254123    0.02627   44   58    0.02397    0.03223  34.5%  29.3 7350s
 43768013 3255172     cutoff   45         0.02397    0.03223  34.5%  29.3 7355s
 43796482 3256071     cutoff   36         0.02397    0.03223  34.4%  29.3 7360s
 43832029 3257212     cutoff   49         0.02397    0.03222  34.4%  29.3 7365s
 43867873 3258325     cutoff   43         0.02397    0.03222  34.4%  29.3 7370s
 43900500 3259448    0.02517   42   61    0.02397    0.03221  34.4%  29.3 7375s
 43936378 3260402     cutoff   45         0.02397    0.03221  34.4%  29.3 7380s
 43967602 3261067    0.02924   55   57    0.02397    0.03220  34.3%  29.3 7385s
 44002278 3262132     cutoff   44         0.02397    0.03220  34.3%  29.3 7390s
 44037251 3263152    0.02885   44   56    0.02397    0.03219  34.3%  29.3 7395s
 44071881 3264144 infeasible   35         0.02397    0.03219  34.3%  29.3 7400s
 44105304 3265083    0.02967   37   58    0.02397    0.03218  34.3%  29.3 7405s
 44137925 3265873     cutoff   38         0.02397    0.03218  34.2%  29.3 7410s
 44167184 3266594    0.03212   38   55    0.02397    0.03217  34.2%  29.3 7415s
 44200445 3267832    0.03090   40   55    0.02397    0.03217  34.2%  29.3 7420s
 44234066 3268771    0.03216   46   53    0.02397    0.03216  34.2%  29.3 7425s
 44268116 3269634    0.03078   40   47    0.02397    0.03216  34.2%  29.3 7430s
 44301708 3270573    0.02902   49   44    0.02397    0.03215  34.1%  29.3 7435s
 44336287 3271255    0.02778   45   56    0.02397    0.03215  34.1%  29.3 7440s
 44370806 3272369    0.02416   43   56    0.02397    0.03214  34.1%  29.3 7445s
 44404783 3273381    0.02901   44   56    0.02397    0.03214  34.1%  29.3 7450s
 44442117 3274569     cutoff   37         0.02397    0.03214  34.1%  29.3 7455s
 44478348 3275558    0.02856   43   58    0.02397    0.03213  34.0%  29.3 7460s
 44513829 3276599     cutoff   38         0.02397    0.03213  34.0%  29.3 7465s
 44547511 3277531    0.02489   42   58    0.02397    0.03212  34.0%  29.3 7470s
 44584362 3278647     cutoff   43         0.02397    0.03212  34.0%  29.2 7475s
 44620273 3279621     cutoff   57         0.02397    0.03211  34.0%  29.2 7480s
 44657051 3280555     cutoff   47         0.02397    0.03211  33.9%  29.2 7485s
 44688363 3281469    0.02520   42   54    0.02397    0.03210  33.9%  29.2 7490s
 44724576 3282399    0.02620   43   53    0.02397    0.03210  33.9%  29.2 7495s
 44762622 3283491     cutoff   47         0.02397    0.03209  33.9%  29.2 7500s
 44799392 3284891    0.02477   43   54    0.02397    0.03209  33.9%  29.2 7505s
 44835048 3285719    0.03064   42   51    0.02397    0.03208  33.8%  29.2 7510s
 44868418 3286732    0.02630   46   55    0.02397    0.03208  33.8%  29.2 7515s
 44902940 3287708     cutoff   42         0.02397    0.03207  33.8%  29.2 7520s
 44939531 3288762    0.02832   38   47    0.02397    0.03207  33.8%  29.2 7525s
 44975354 3289861     cutoff   47         0.02397    0.03206  33.8%  29.2 7530s
 45008184 3290542     cutoff   53         0.02397    0.03206  33.7%  29.2 7535s
 45043187 3291370     cutoff   34         0.02397    0.03205  33.7%  29.2 7540s
 45078931 3292510    0.02492   36   53    0.02397    0.03205  33.7%  29.2 7545s
 45111010 3293298     cutoff   53         0.02397    0.03204  33.7%  29.2 7550s
 45145174 3293887    0.02686   38   59    0.02397    0.03204  33.7%  29.2 7555s
 45180001 3294783    0.02492   46   41    0.02397    0.03203  33.6%  29.2 7560s
 45214520 3295768     cutoff   44         0.02397    0.03203  33.6%  29.2 7565s
 45248228 3296488     cutoff   39         0.02397    0.03202  33.6%  29.2 7570s
 45283885 3297587    0.02591   44   38    0.02397    0.03202  33.6%  29.2 7575s
 45316377 3298455     cutoff   50         0.02397    0.03201  33.6%  29.2 7580s
 45352020 3299272    0.02714   34   59    0.02397    0.03201  33.5%  29.2 7585s
 45388702 3300122    0.02444   47   56    0.02397    0.03200  33.5%  29.2 7590s
 45423302 3300946    0.02521   48   54    0.02397    0.03200  33.5%  29.2 7595s
 45460229 3301996    0.02841   45   56    0.02397    0.03199  33.5%  29.2 7600s
 45496409 3303043    0.03173   38   65    0.02397    0.03199  33.5%  29.2 7605s
 45526143 3304018     cutoff   51         0.02397    0.03198  33.4%  29.1 7610s
 45560053 3305193    0.02420   38   61    0.02397    0.03198  33.4%  29.1 7615s
 45591574 3306107     cutoff   41         0.02397    0.03198  33.4%  29.1 7620s
 45625930 3306946    0.02917   45   49    0.02397    0.03197  33.4%  29.1 7625s
 45662462 3308084    0.02518   41   42    0.02397    0.03197  33.4%  29.1 7630s
 45698451 3309320     cutoff   46         0.02397    0.03196  33.3%  29.1 7635s
 45729925 3310263    0.03185   37   57    0.02397    0.03196  33.3%  29.1 7640s
 45764704 3311198    0.02490   48   52    0.02397    0.03195  33.3%  29.1 7645s
 45799382 3312060    0.02437   51   54    0.02397    0.03195  33.3%  29.1 7650s
 45835265 3313380     cutoff   50         0.02397    0.03194  33.3%  29.1 7655s
 45870761 3314535    0.02528   44   43    0.02397    0.03194  33.2%  29.1 7660s
 45905821 3315724     cutoff   51         0.02397    0.03193  33.2%  29.1 7665s
 45935845 3316803     cutoff   50         0.02397    0.03193  33.2%  29.1 7670s
 45971798 3317794    0.03140   41   57    0.02397    0.03193  33.2%  29.1 7675s
 46008487 3319072    0.02709   46   53    0.02397    0.03192  33.2%  29.1 7680s
 46043412 3320068    0.02887   48   56    0.02397    0.03192  33.2%  29.1 7685s
 46078606 3320977    0.02573   39   50    0.02397    0.03191  33.1%  29.1 7690s
 46113115 3321986     cutoff   40         0.02397    0.03191  33.1%  29.1 7695s
 46142491 3322820    0.03096   39   56    0.02397    0.03190  33.1%  29.1 7700s
 46179514 3323633    0.02925   42   57    0.02397    0.03190  33.1%  29.1 7705s
 46213257 3324669     cutoff   48         0.02397    0.03189  33.1%  29.1 7710s
 46250644 3326372    0.02443   50   46    0.02397    0.03189  33.0%  29.1 7715s
 46288527 3327623     cutoff   42         0.02397    0.03188  33.0%  29.1 7720s
 46324755 3328686     cutoff   42         0.02397    0.03188  33.0%  29.1 7725s
 46358454 3330075     cutoff   48         0.02397    0.03188  33.0%  29.0 7730s
 46394701 3331043    0.02521   39   61    0.02397    0.03187  33.0%  29.0 7735s
 46431620 3332192     cutoff   44         0.02397    0.03187  32.9%  29.0 7740s
 46468045 3333088    0.02468   46   54    0.02397    0.03186  32.9%  29.0 7745s
H46494958 3334006                       0.0239693    0.03186  32.9%  29.0 7748s
 46498121 3334153     cutoff   52         0.02397    0.03186  32.9%  29.0 7750s
 46534342 3335213     cutoff   36         0.02397    0.03185  32.9%  29.0 7755s
 46570767 3336241    0.02598   44   47    0.02397    0.03185  32.9%  29.0 7760s
 46607110 3337449    0.02796   47   55    0.02397    0.03184  32.9%  29.0 7765s
 46645515 3339484     cutoff   39         0.02397    0.03184  32.8%  29.0 7770s
 46680446 3340956     cutoff   47         0.02397    0.03184  32.8%  29.0 7775s
 46712777 3342046    0.02521   47   49    0.02397    0.03183  32.8%  29.0 7780s
 46748715 3343241    0.02470   49   52    0.02397    0.03183  32.8%  29.0 7785s
 46783804 3344168     cutoff   38         0.02397    0.03182  32.8%  29.0 7790s
 46816268 3345297     cutoff   48         0.02397    0.03182  32.7%  29.0 7795s
 46852524 3346381     cutoff   40         0.02397    0.03181  32.7%  29.0 7800s
 46883894 3347127     cutoff   40         0.02397    0.03181  32.7%  29.0 7805s
 46920214 3348248    0.03124   47   50    0.02397    0.03181  32.7%  29.0 7810s
 46956674 3349260     cutoff   41         0.02397    0.03180  32.7%  29.0 7815s
 46992324 3350429    0.02772   46   44    0.02397    0.03180  32.7%  29.0 7820s
 47027022 3351612    0.02666   48   45    0.02397    0.03179  32.6%  29.0 7825s
 47060972 3352658    0.02634   39   57    0.02397    0.03179  32.6%  29.0 7830s
 47095897 3353532    0.02504   44   57    0.02397    0.03178  32.6%  29.0 7835s
 47131773 3354531    0.02812   42   58    0.02397    0.03178  32.6%  29.0 7840s
 47166987 3355492    0.02530   43   52    0.02397    0.03177  32.6%  29.0 7845s
 47202507 3356372     cutoff   49         0.02397    0.03177  32.5%  29.0 7850s
 47234682 3357204 infeasible   34         0.02397    0.03177  32.5%  28.9 7855s
 47269228 3358352     cutoff   37         0.02397    0.03176  32.5%  28.9 7860s
 47303248 3359255    0.02523   48   58    0.02397    0.03176  32.5%  28.9 7865s
 47338563 3360413    0.02959   52   59    0.02397    0.03175  32.5%  28.9 7870s
 47373315 3361462    0.02764   51   47    0.02397    0.03175  32.5%  28.9 7875s
 47407968 3362303     cutoff   33         0.02397    0.03174  32.4%  28.9 7880s
 47436233 3362755    0.02601   53   52    0.02397    0.03174  32.4%  28.9 7885s
 47470920 3363755    0.03174   44   29    0.02397    0.03174  32.4%  28.9 7890s
 47505541 3364710     cutoff   41         0.02397    0.03173  32.4%  28.9 7895s
 47540422 3365666     cutoff   45         0.02397    0.03173  32.4%  28.9 7900s
 47574939 3366691     cutoff   48         0.02397    0.03172  32.3%  28.9 7905s
 47611526 3367814    0.02416   43   56    0.02397    0.03172  32.3%  28.9 7910s
 47642720 3368910    0.02640   42   53    0.02397    0.03172  32.3%  28.9 7915s
 47677493 3369906     cutoff   51         0.02397    0.03171  32.3%  28.9 7920s
 47712150 3370676     cutoff   48         0.02397    0.03171  32.3%  28.9 7925s
 47746422 3371674    0.02710   51   56    0.02397    0.03170  32.3%  28.9 7930s
 47780978 3372937     cutoff   44         0.02397    0.03170  32.2%  28.9 7935s
 47816125 3373898    0.02892   46   44    0.02397    0.03169  32.2%  28.9 7940s
 47846436 3374755    0.03139   37   56    0.02397    0.03169  32.2%  28.9 7945s
 47882489 3375660 infeasible   45         0.02397    0.03169  32.2%  28.9 7950s
 47918437 3376804    0.02801   41   51    0.02397    0.03168  32.2%  28.9 7955s
 47952549 3377660    0.02506   45   55    0.02397    0.03168  32.2%  28.9 7960s
 47987067 3378438     cutoff   44         0.02397    0.03167  32.1%  28.9 7965s
 48020523 3379162    0.02683   50   47    0.02397    0.03167  32.1%  28.9 7970s
 48050985 3379970    0.03166   44   59    0.02397    0.03167  32.1%  28.9 7975s
 48081014 3380791     cutoff   51         0.02397    0.03166  32.1%  28.9 7980s
 48115781 3381631 infeasible   53         0.02397    0.03166  32.1%  28.9 7985s
 48150319 3382484     cutoff   49         0.02397    0.03165  32.1%  28.9 7990s
 48184159 3383330     cutoff   48         0.02397    0.03165  32.0%  28.8 7995s
 48217689 3384365    0.02691   43   52    0.02397    0.03164  32.0%  28.8 8000s
 48252333 3385136    0.02712   40   50    0.02397    0.03164  32.0%  28.8 8005s
 48282627 3386046     cutoff   49         0.02397    0.03164  32.0%  28.8 8010s
 48314411 3387007     cutoff   40         0.02397    0.03163  32.0%  28.8 8015s
 48347972 3388147     cutoff   43         0.02397    0.03163  32.0%  28.8 8020s
 48384405 3389104     cutoff   50         0.02397    0.03162  31.9%  28.8 8025s
 48421249 3390029    0.02999   46   59    0.02397    0.03162  31.9%  28.8 8030s
 48458719 3391173     cutoff   46         0.02397    0.03162  31.9%  28.8 8035s
 48489739 3392119    0.02417   52   56    0.02397    0.03161  31.9%  28.8 8040s
 48526119 3393024     cutoff   50         0.02397    0.03161  31.9%  28.8 8045s
 48561839 3394095    0.02456   45   59    0.02397    0.03160  31.8%  28.8 8050s
 48597066 3395053    0.02724   44   61    0.02397    0.03160  31.8%  28.8 8055s
 48631655 3395975     cutoff   48         0.02397    0.03159  31.8%  28.8 8060s
 48664188 3396952    0.02891   38   54    0.02397    0.03159  31.8%  28.8 8065s
 48694731 3397872    0.02908   47   51    0.02397    0.03159  31.8%  28.8 8070s
 48730264 3398635     cutoff   47         0.02397    0.03158  31.8%  28.8 8075s
 48765035 3399480     cutoff   35         0.02397    0.03158  31.7%  28.8 8080s
 48799428 3400324     cutoff   52         0.02397    0.03157  31.7%  28.8 8085s
 48835841 3402049    0.02657   46   59    0.02397    0.03157  31.7%  28.8 8090s
 48870525 3402957     cutoff   47         0.02397    0.03157  31.7%  28.8 8095s
 48902958 3403870     cutoff   44         0.02397    0.03156  31.7%  28.8 8100s
 48937738 3404756    0.03156   40   69    0.02397    0.03156  31.7%  28.8 8105s
 48972453 3405544     cutoff   55         0.02397    0.03155  31.6%  28.8 8110s
 49009229 3406436     cutoff   44         0.02397    0.03155  31.6%  28.8 8115s
 49044791 3407415    0.03106   41   49    0.02397    0.03155  31.6%  28.8 8120s
 49075746 3408034    0.02617   49   58    0.02397    0.03154  31.6%  28.8 8125s
 49111147 3408748     cutoff   49         0.02397    0.03154  31.6%  28.8 8130s
 49146355 3409634     cutoff   50         0.02397    0.03153  31.6%  28.8 8135s
 49181452 3410484     cutoff   46         0.02397    0.03153  31.5%  28.7 8140s
H49211468 3403098                       0.0239990    0.03152  31.4%  28.7 8144s
H49212498 3403131                       0.0239990    0.03152  31.4%  28.7 8144s
 49213721 3403166    0.02410   50   55    0.02400    0.03152  31.4%  28.7 8145s
 49247641 3403958     cutoff   40         0.02400    0.03152  31.3%  28.7 8150s
 49276724 3404590    0.03125   41   60    0.02400    0.03152  31.3%  28.7 8155s
 49313287 3405242     cutoff   48         0.02400    0.03151  31.3%  28.7 8160s
 49349523 3406058    0.02748   46   64    0.02400    0.03151  31.3%  28.7 8165s
 49385404 3406767    0.02883   34   50    0.02400    0.03150  31.3%  28.7 8170s
 49419562 3407669     cutoff   52         0.02400    0.03150  31.3%  28.7 8175s
 49456515 3409014    0.02978   43   62    0.02400    0.03150  31.2%  28.7 8180s
 49487587 3409797     cutoff   54         0.02400    0.03149  31.2%  28.7 8185s
 49521924 3410526     cutoff   45         0.02400    0.03149  31.2%  28.7 8190s
 49556251 3411121    0.02401   49   52    0.02400    0.03148  31.2%  28.7 8195s
 49590396 3411996    0.02840   45   57    0.02400    0.03148  31.2%  28.7 8200s
 49627708 3412777     cutoff   48         0.02400    0.03147  31.2%  28.7 8205s
 49662073 3413538    0.03117   45   46    0.02400    0.03147  31.1%  28.7 8210s
 49693950 3414253     cutoff   43         0.02400    0.03147  31.1%  28.7 8215s
 49729618 3414864    0.02808   45   50    0.02400    0.03146  31.1%  28.7 8220s
 49765512 3415591    0.02759   44   63    0.02400    0.03146  31.1%  28.7 8225s
 49799401 3416443    0.02759   41   51    0.02400    0.03145  31.1%  28.7 8230s
 49836242 3417271    0.02407   46   56    0.02400    0.03145  31.0%  28.7 8235s
 49871716 3418004     cutoff   46         0.02400    0.03145  31.0%  28.7 8240s
 49904363 3418746    0.02550   38   55    0.02400    0.03144  31.0%  28.7 8245s
 49940260 3419728    0.02926   42   53    0.02400    0.03144  31.0%  28.7 8250s
 49976781 3420338    0.02635   44   47    0.02400    0.03143  31.0%  28.7 8255s
 50011823 3421171     cutoff   44         0.02400    0.03143  31.0%  28.7 8260s
 50046948 3422351    0.03107   41   53    0.02400    0.03142  30.9%  28.7 8265s
 50078033 3422983    0.02610   37   51    0.02400    0.03142  30.9%  28.7 8270s
 50115176 3423767 infeasible   42         0.02400    0.03142  30.9%  28.7 8275s
 50153061 3424663    0.02848   44   56    0.02400    0.03141  30.9%  28.7 8280s
 50190098 3425377    0.03124   46   57    0.02400    0.03141  30.9%  28.6 8285s
 50225023 3426259     cutoff   57         0.02400    0.03140  30.9%  28.6 8290s
 50255742 3426928    0.03139   41   56    0.02400    0.03140  30.8%  28.6 8295s
 50289652 3427613    0.02703   39   53    0.02400    0.03139  30.8%  28.6 8300s
 50326904 3428491     cutoff   56         0.02400    0.03139  30.8%  28.6 8305s
 50361398 3429153     cutoff   47         0.02400    0.03139  30.8%  28.6 8310s
 50398487 3429872    0.02589   51   52    0.02400    0.03138  30.8%  28.6 8315s
 50429913 3430453     cutoff   43         0.02400    0.03138  30.7%  28.6 8320s
 50466091 3431181    0.02926   45   60    0.02400    0.03137  30.7%  28.6 8325s
 50501349 3432027    0.02619   45   48    0.02400    0.03137  30.7%  28.6 8330s
 50534482 3432881     cutoff   44         0.02400    0.03137  30.7%  28.6 8335s
 50570424 3433504    0.02822   41   55    0.02400    0.03136  30.7%  28.6 8340s
 50605121 3434210    0.02436   48   57    0.02400    0.03136  30.7%  28.6 8345s
 50637191 3434900    0.02764   47   45    0.02400    0.03135  30.6%  28.6 8350s
 50673854 3435750    0.02577   45   53    0.02400    0.03135  30.6%  28.6 8355s
 50707904 3436257    0.02885   41   55    0.02400    0.03134  30.6%  28.6 8360s
 50742532 3436866    0.02510   42   46    0.02400    0.03134  30.6%  28.6 8365s
 50779912 3437725     cutoff   37         0.02400    0.03134  30.6%  28.6 8370s
 50816804 3438408     cutoff   57         0.02400    0.03133  30.6%  28.6 8375s
 50848022 3438949    0.02693   48   56    0.02400    0.03133  30.5%  28.6 8380s
 50884288 3439711    0.02725   41   53    0.02400    0.03132  30.5%  28.6 8385s
 50917479 3440248     cutoff   45         0.02400    0.03132  30.5%  28.6 8390s
 50953181 3440809    0.02567   39   51    0.02400    0.03131  30.5%  28.6 8395s
 50988599 3441541     cutoff   45         0.02400    0.03131  30.5%  28.6 8400s
 51025617 3442341    0.02646   43   52    0.02400    0.03131  30.5%  28.6 8405s
 51059997 3443030    0.02485   45   46    0.02400    0.03130  30.4%  28.6 8410s
 51097125 3443575     cutoff   38         0.02400    0.03130  30.4%  28.6 8415s
 51133776 3444134     cutoff   43         0.02400    0.03129  30.4%  28.6 8420s
 51169389 3444805 infeasible   45         0.02400    0.03129  30.4%  28.6 8425s
 51205273 3445814     cutoff   44         0.02400    0.03129  30.4%  28.5 8430s
 51241692 3446151    0.02832   42   56    0.02400    0.03128  30.3%  28.5 8435s
 51274652 3446790     cutoff   54         0.02400    0.03128  30.3%  28.5 8440s
 51310087 3447458    0.02824   46   54    0.02400    0.03127  30.3%  28.5 8445s
 51344319 3448118     cutoff   57         0.02400    0.03127  30.3%  28.5 8450s
 51378932 3448511     cutoff   36         0.02400    0.03127  30.3%  28.5 8455s
 51414216 3449193    0.02790   46   49    0.02400    0.03126  30.3%  28.5 8460s
 51445755 3449842     cutoff   36         0.02400    0.03126  30.2%  28.5 8465s
 51479649 3450457     cutoff   39         0.02400    0.03125  30.2%  28.5 8470s
 51511139 3451140    0.02511   41   57    0.02400    0.03125  30.2%  28.5 8475s
 51544848 3451608    0.02481   45   54    0.02400    0.03125  30.2%  28.5 8480s
 51578323 3452290    0.02405   46   48    0.02400    0.03124  30.2%  28.5 8485s
 51612380 3452782     cutoff   47         0.02400    0.03124  30.2%  28.5 8490s
 51642775 3453301    0.02563   45   40    0.02400    0.03123  30.1%  28.5 8495s
 51678529 3453764    0.02749   41   51    0.02400    0.03123  30.1%  28.5 8500s
 51712582 3454383    0.02996   48   53    0.02400    0.03122  30.1%  28.5 8505s
 51747008 3454716    0.02585   42   56    0.02400    0.03122  30.1%  28.5 8510s
 51780306 3455325     cutoff   43         0.02400    0.03122  30.1%  28.5 8515s
 51814729 3455961    0.02517   45   58    0.02400    0.03121  30.1%  28.5 8520s
 51844553 3456305    0.02964   37   51    0.02400    0.03121  30.0%  28.5 8525s
 51879211 3456920     cutoff   42         0.02400    0.03121  30.0%  28.5 8530s
 51913124 3457388    0.02761   41   54    0.02400    0.03120  30.0%  28.5 8535s
 51945364 3457624     cutoff   48         0.02400    0.03120  30.0%  28.5 8540s
 51979684 3458177     cutoff   58         0.02400    0.03119  30.0%  28.5 8545s
 52013648 3458794    0.02986   37   56    0.02400    0.03119  30.0%  28.5 8550s
 52043016 3459078    0.02626   47   48    0.02400    0.03119  29.9%  28.5 8555s
 52069699 3459539    0.02553   48   54    0.02400    0.03118  29.9%  28.5 8560s
 52104985 3460475     cutoff   52         0.02400    0.03118  29.9%  28.5 8565s
 52141056 3461349    0.02587   41   56    0.02400    0.03117  29.9%  28.5 8570s
 52177778 3462007     cutoff   43         0.02400    0.03117  29.9%  28.5 8575s
 52210087 3462453    0.02469   42   54    0.02400    0.03117  29.9%  28.5 8580s
 52242306 3463141    0.02908   39   52    0.02400    0.03116  29.9%  28.4 8585s
 52280026 3463923    0.02905   36   60    0.02400    0.03116  29.8%  28.4 8590s
 52317067 3464495    0.02706   43   51    0.02400    0.03115  29.8%  28.4 8595s
 52352691 3464892    0.03033   48   60    0.02400    0.03115  29.8%  28.4 8600s
 52388204 3465602     cutoff   41         0.02400    0.03115  29.8%  28.4 8605s
 52420318 3466080    0.02427   43   56    0.02400    0.03114  29.8%  28.4 8610s
 52455550 3466718 infeasible   56         0.02400    0.03114  29.7%  28.4 8615s
 52492130 3467264    0.03110   40   50    0.02400    0.03113  29.7%  28.4 8620s
 52529350 3467867     cutoff   40         0.02400    0.03113  29.7%  28.4 8625s
 52565074 3468265     cutoff   55         0.02400    0.03112  29.7%  28.4 8630s
 52597553 3468645     cutoff   47         0.02400    0.03112  29.7%  28.4 8635s
 52633855 3469486    0.02711   45   57    0.02400    0.03112  29.7%  28.4 8640s
 52666698 3469836    0.02436   50   60    0.02400    0.03111  29.6%  28.4 8645s
 52699948 3470624    0.02497   42   56    0.02400    0.03111  29.6%  28.4 8650s
 52734895 3471272    0.03110   42   52    0.02400    0.03111  29.6%  28.4 8655s
 52771886 3471743     cutoff   40         0.02400    0.03110  29.6%  28.4 8660s
 52803622 3472285     cutoff   48         0.02400    0.03110  29.6%  28.4 8665s
 52838980 3472698     cutoff   42         0.02400    0.03109  29.6%  28.4 8670s
 52874426 3473216    0.02436   99    6    0.02400    0.03109  29.5%  28.4 8675s
 52910034 3473890    0.02991   58   36    0.02400    0.03109  29.5%  28.4 8680s
 52944046 3474367     cutoff   42         0.02400    0.03108  29.5%  28.4 8685s
 52976899 3474904     cutoff   48         0.02400    0.03108  29.5%  28.4 8690s
 53009500 3475319    0.02497   45   52    0.02400    0.03107  29.5%  28.4 8695s
 53043267 3475671    0.02586   53   52    0.02400    0.03107  29.5%  28.4 8700s
 53079449 3476371     cutoff   44         0.02400    0.03106  29.4%  28.4 8705s
 53113039 3476954    0.02994   82   22    0.02400    0.03106  29.4%  28.4 8710s
 53149624 3477755    0.02415   37   57    0.02400    0.03106  29.4%  28.4 8715s
 53186462 3478457    0.02825   42   63    0.02400    0.03105  29.4%  28.4 8720s
 53216502 3478863    0.02476   44   61    0.02400    0.03105  29.4%  28.4 8725s
 53253362 3479424    0.02926   44   50    0.02400    0.03104  29.4%  28.4 8730s
 53289958 3479960    0.02532   55   54    0.02400    0.03104  29.3%  28.3 8735s
 53325997 3480851     cutoff   44         0.02400    0.03104  29.3%  28.3 8740s
 53357881 3481192     cutoff   43         0.02400    0.03103  29.3%  28.3 8745s
 53390212 3481634    0.02438   48   55    0.02400    0.03103  29.3%  28.3 8750s
 53425159 3482116     cutoff   45         0.02400    0.03102  29.3%  28.3 8755s
 53463037 3482780    0.03102   49   56    0.02400    0.03102  29.3%  28.3 8760s
 53499307 3483149    0.02436   53   52    0.02400    0.03102  29.2%  28.3 8765s
 53537482 3483553     cutoff   39         0.02400    0.03101  29.2%  28.3 8770s
 53569796 3484307    0.03100   40   62    0.02400    0.03101  29.2%  28.3 8775s
 53603274 3484510    0.03093   44   54    0.02400    0.03100  29.2%  28.3 8780s
 53640990 3484971    0.02959   43   52    0.02400    0.03100  29.2%  28.3 8785s
 53677106 3485331    0.02402   39   59    0.02400    0.03100  29.2%  28.3 8790s
 53713699 3485818    0.02927   44   26    0.02400    0.03099  29.1%  28.3 8795s
 53745971 3486067    0.02772   48   53    0.02400    0.03099  29.1%  28.3 8800s
 53781768 3486543     cutoff   43         0.02400    0.03098  29.1%  28.3 8805s
 53818883 3487024    0.02695   44   51    0.02400    0.03098  29.1%  28.3 8810s
H53829000 3487130                       0.0239990    0.03098  29.1%  28.3 8811s
 53849874 3487360    0.02559   44   56    0.02400    0.03098  29.1%  28.3 8815s
 53885564 3487748    0.02532   41   52    0.02400    0.03097  29.1%  28.3 8820s
 53920293 3488734     cutoff   40         0.02400    0.03097  29.0%  28.3 8825s
 53950754 3489615    0.02828   48   54    0.02400    0.03096  29.0%  28.3 8830s
 53985317 3490605     cutoff   40         0.02400    0.03096  29.0%  28.3 8835s
 54019712 3491081     cutoff   48         0.02400    0.03096  29.0%  28.3 8840s
 54055108 3491825     cutoff   44         0.02400    0.03095  29.0%  28.3 8845s
 54091570 3492330     cutoff   37         0.02400    0.03095  29.0%  28.3 8850s
 54124709 3493026     cutoff   41         0.02400    0.03095  28.9%  28.3 8855s
 54159830 3493436    0.02657   47   56    0.02400    0.03094  28.9%  28.3 8860s
 54197063 3494425    0.02440   44   54    0.02400    0.03094  28.9%  28.3 8865s
 54232959 3495233    0.02421   52   51    0.02400    0.03093  28.9%  28.3 8870s
 54267069 3495556    0.02593   45   54    0.02400    0.03093  28.9%  28.3 8875s
 54302616 3495796    0.03086   41   55    0.02400    0.03093  28.9%  28.3 8880s
 54337511 3496878    0.02844   39   57    0.02400    0.03092  28.8%  28.2 8885s
 54375662 3497537    0.02769   52   51    0.02400    0.03092  28.8%  28.2 8890s
 54412064 3498049     cutoff   50         0.02400    0.03091  28.8%  28.2 8895s
 54449761 3498289    0.02752   44   52    0.02400    0.03091  28.8%  28.2 8900s
 54486468 3498668     cutoff   45         0.02400    0.03091  28.8%  28.2 8905s
 54517476 3499128    0.03011   35   63    0.02400    0.03090  28.8%  28.2 8910s
 54555645 3499672    0.03084   42   55    0.02400    0.03090  28.7%  28.2 8915s
 54590317 3499938    0.02546   34   57    0.02400    0.03089  28.7%  28.2 8920s
 54628528 3500350     cutoff   40         0.02400    0.03089  28.7%  28.2 8925s
 54666525 3500781     cutoff   38         0.02400    0.03088  28.7%  28.2 8930s
 54698848 3501396    0.02772   39   43    0.02400    0.03088  28.7%  28.2 8935s
 54736457 3502364    0.02669   50   53    0.02400    0.03088  28.7%  28.2 8940s
 54775492 3505000     cutoff   42         0.02400    0.03087  28.6%  28.2 8945s
 54812379 3506354     cutoff   46         0.02400    0.03087  28.6%  28.2 8950s
 54849044 3507202    0.02913   39   51    0.02400    0.03087  28.6%  28.2 8955s
 54884484 3507489    0.02648   48   46    0.02400    0.03086  28.6%  28.2 8960s
 54919198 3507793    0.02557   46   53    0.02400    0.03086  28.6%  28.2 8965s
 54950180 3508384     cutoff   51         0.02400    0.03085  28.6%  28.2 8970s
 54983888 3508757    0.02780   54   47    0.02400    0.03085  28.5%  28.2 8975s
 55018660 3509082     cutoff   49         0.02400    0.03085  28.5%  28.2 8980s
 55053248 3509427     cutoff   48         0.02400    0.03084  28.5%  28.2 8985s
 55087955 3509778    0.02686   40   52    0.02400    0.03084  28.5%  28.2 8990s
 55124152 3510036     cutoff   50         0.02400    0.03083  28.5%  28.2 8995s
 55157671 3510492     cutoff   47         0.02400    0.03083  28.5%  28.2 9000s
 55192382 3510922    0.02525   39   52    0.02400    0.03083  28.4%  28.2 9005s
 55228874 3511249     cutoff   51         0.02400    0.03082  28.4%  28.2 9010s
 55266036 3511742     cutoff   48         0.02400    0.03082  28.4%  28.2 9015s
 55300017 3512008    0.02622   42   51    0.02400    0.03081  28.4%  28.2 9020s
 55335063 3512175     cutoff   50         0.02400    0.03081  28.4%  28.2 9025s
 55372599 3512634     cutoff   46         0.02400    0.03081  28.4%  28.2 9030s
 55409575 3513188     cutoff   47         0.02400    0.03080  28.3%  28.2 9035s
 55447260 3513540     cutoff   37         0.02400    0.03080  28.3%  28.1 9040s
 55484843 3514039    0.02903   39   59    0.02400    0.03079  28.3%  28.1 9045s
 55517980 3514182     cutoff   49         0.02400    0.03079  28.3%  28.1 9050s
 55556062 3514858    0.02539   36   54    0.02400    0.03078  28.3%  28.1 9055s
 55592041 3515190     cutoff   46         0.02400    0.03078  28.3%  28.1 9060s
 55629669 3515473     cutoff   51         0.02400    0.03078  28.2%  28.1 9065s
 55667295 3515860     cutoff   40         0.02400    0.03077  28.2%  28.1 9070s
 55701466 3515983    0.02648   39   54    0.02400    0.03077  28.2%  28.1 9075s
 55737834 3516259    0.02889   39   60    0.02400    0.03076  28.2%  28.1 9080s
 55775287 3516708     cutoff   47         0.02400    0.03076  28.2%  28.1 9085s
 55812967 3517060    0.02837   39   59    0.02400    0.03076  28.2%  28.1 9090s
 55847952 3518071    0.02770   38   56    0.02400    0.03075  28.1%  28.1 9095s
 55882180 3518561     cutoff   53         0.02400    0.03075  28.1%  28.1 9100s
 55917697 3518857     cutoff   51         0.02400    0.03074  28.1%  28.1 9105s
 55951903 3519172    0.02740   43   58    0.02400    0.03074  28.1%  28.1 9110s
 55989196 3519422    0.02408   33   54    0.02400    0.03074  28.1%  28.1 9115s
 56026473 3519769    0.02810   44   53    0.02400    0.03073  28.1%  28.1 9120s
 56060235 3520135     cutoff   46         0.02400    0.03073  28.0%  28.1 9125s
 56097845 3520324     cutoff   46         0.02400    0.03072  28.0%  28.1 9130s
 56133690 3520814    0.02609   45   60    0.02400    0.03072  28.0%  28.1 9135s
 56170228 3520921     cutoff   42         0.02400    0.03072  28.0%  28.1 9140s
 56205138 3521121     cutoff   42         0.02400    0.03071  28.0%  28.1 9145s
 56242550 3521878    0.02867   49   50    0.02400    0.03071  28.0%  28.1 9150s
 56275195 3522066    0.02658   42   48    0.02400    0.03070  27.9%  28.1 9155s
 56311516 3522578     cutoff   47         0.02400    0.03070  27.9%  28.1 9160s
 56349026 3522955    0.02745   46   58    0.02400    0.03070  27.9%  28.1 9165s
 56386166 3523275    0.02657   38   60    0.02400    0.03069  27.9%  28.1 9170s
 56421902 3523463     cutoff   52         0.02400    0.03069  27.9%  28.1 9175s
 56457327 3523953    0.02628   51   47    0.02400    0.03068  27.9%  28.1 9180s
 56491310 3524123     cutoff   45         0.02400    0.03068  27.8%  28.1 9185s
 56529521 3524597    0.03068   88    6    0.02400    0.03068  27.8%  28.1 9190s
 56568144 3525225     cutoff   45         0.02400    0.03067  27.8%  28.0 9195s
 56605587 3525493    0.03061   40   52    0.02400    0.03067  27.8%  28.0 9200s
 56643566 3525955    0.02568   46   51    0.02400    0.03066  27.8%  28.0 9205s
 56676059 3526248     cutoff   42         0.02400    0.03066  27.8%  28.0 9210s
 56712739 3526611    0.03060   43   53    0.02400    0.03066  27.7%  28.0 9215s
 56750359 3526936    0.02495   37   47    0.02400    0.03065  27.7%  28.0 9220s
 56787900 3527156     cutoff   44         0.02400    0.03065  27.7%  28.0 9225s
 56825565 3527695     cutoff   46         0.02400    0.03064  27.7%  28.0 9230s
 56861575 3527910     cutoff   43         0.02400    0.03064  27.7%  28.0 9235s
 56894779 3528420     cutoff   40         0.02400    0.03064  27.7%  28.0 9240s
 56931257 3528738    0.03018   41   56    0.02400    0.03063  27.6%  28.0 9245s
 56969370 3529371     cutoff   54         0.02400    0.03063  27.6%  28.0 9250s
 57004179 3529979     cutoff   42         0.02400    0.03062  27.6%  28.0 9255s
 57040395 3530144     cutoff   54         0.02400    0.03062  27.6%  28.0 9260s
 57072583 3530543    0.03003   42   47    0.02400    0.03062  27.6%  28.0 9265s
 57106227 3530833    0.02654   45   57    0.02400    0.03061  27.6%  28.0 9270s
 57141710 3530817    0.03004   39   58    0.02400    0.03061  27.5%  28.0 9275s
 57177455 3531739    0.02475   50   55    0.02400    0.03061  27.5%  28.0 9280s
 57216432 3533545     cutoff   40         0.02400    0.03060  27.5%  28.0 9285s
 57257226 3536667    0.02564   80    9    0.02400    0.03060  27.5%  28.0 9290s
 57291452 3537985    0.03048   45   51    0.02400    0.03060  27.5%  28.0 9295s
 57328572 3538483    0.02664   41   54    0.02400    0.03059  27.5%  28.0 9300s
 57366657 3538710    0.02453   54   53    0.02400    0.03059  27.5%  28.0 9305s
 57405117 3538891    0.02813   42   61    0.02400    0.03059  27.4%  28.0 9310s
 57442782 3538998     cutoff   37         0.02400    0.03058  27.4%  28.0 9315s
 57481371 3539079    0.02910   48   50    0.02400    0.03058  27.4%  28.0 9320s
 57515046 3539535    0.02511   48   55    0.02400    0.03057  27.4%  28.0 9325s
 57552212 3539684    0.03056   48   49    0.02400    0.03057  27.4%  28.0 9330s
 57589205 3540037    0.02924   47   55    0.02400    0.03056  27.4%  28.0 9335s
 57626172 3540413    0.02441   41   51    0.02400    0.03056  27.3%  27.9 9340s
 57662712 3540570    0.02429   42   60    0.02400    0.03056  27.3%  27.9 9345s
 57697207 3540791    0.02666   37   50    0.02400    0.03055  27.3%  27.9 9350s
 57733363 3541076     cutoff   58         0.02400    0.03055  27.3%  27.9 9355s
 57767484 3541244     cutoff   38         0.02400    0.03055  27.3%  27.9 9360s
 57803300 3541537    0.02477   44   54    0.02400    0.03054  27.3%  27.9 9365s
 57839587 3541755    0.03050   43   56    0.02400    0.03054  27.2%  27.9 9370s
 57874400 3542074     cutoff   44         0.02400    0.03053  27.2%  27.9 9375s
 57906423 3542167    0.02860   49   56    0.02400    0.03053  27.2%  27.9 9380s
 57942965 3542518     cutoff   47         0.02400    0.03053  27.2%  27.9 9385s
 57979282 3542816    0.03039   45   40    0.02400    0.03052  27.2%  27.9 9390s
 58014766 3543043    0.02655   52   53    0.02400    0.03052  27.2%  27.9 9395s
 58051643 3543270     cutoff   41         0.02400    0.03051  27.2%  27.9 9400s
 58088971 3543607     cutoff   48         0.02400    0.03051  27.1%  27.9 9405s
 58123213 3543613     cutoff   46         0.02400    0.03051  27.1%  27.9 9410s
 58160436 3543743    0.02958   47   59    0.02400    0.03050  27.1%  27.9 9415s
 58196777 3543812    0.02737   45   54    0.02400    0.03050  27.1%  27.9 9420s
 58231491 3544239     cutoff   44         0.02400    0.03050  27.1%  27.9 9425s
 58267459 3544290     cutoff   41         0.02400    0.03049  27.1%  27.9 9430s
 58303068 3544400    0.02536   43   57    0.02400    0.03049  27.0%  27.9 9435s
 58335056 3544327    0.02622   51   47    0.02400    0.03048  27.0%  27.9 9440s
 58369781 3544489    0.02416   45   54    0.02400    0.03048  27.0%  27.9 9445s
 58401913 3544644     cutoff   46         0.02400    0.03048  27.0%  27.9 9450s
 58439915 3545533    0.02660   41   62    0.02400    0.03047  27.0%  27.9 9455s
 58476362 3546391     cutoff   43         0.02400    0.03047  27.0%  27.9 9460s
 58512271 3547489     cutoff   46         0.02400    0.03047  26.9%  27.9 9465s
 58543832 3548486    0.02596   93   17    0.02400    0.03046  26.9%  27.9 9470s
 58579674 3548800     cutoff   50         0.02400    0.03046  26.9%  27.9 9475s
 58615949 3549083     cutoff   50         0.02400    0.03045  26.9%  27.9 9480s
 58652282 3549549    0.02483   50   54    0.02400    0.03045  26.9%  27.9 9485s
 58689646 3550151     cutoff   51         0.02400    0.03045  26.9%  27.9 9490s
 58722896 3550318    0.02421   48   44    0.02400    0.03044  26.9%  27.9 9495s
 58760555 3550371    0.02847   37   57    0.02400    0.03044  26.8%  27.9 9500s
 58798395 3550515     cutoff   48         0.02400    0.03043  26.8%  27.8 9505s
 58834313 3550601    0.02417   42   52    0.02400    0.03043  26.8%  27.8 9510s
 58867847 3550596     cutoff   45         0.02400    0.03043  26.8%  27.8 9515s
 58905818 3550706    0.02593   37   53    0.02400    0.03042  26.8%  27.8 9520s
 58943393 3551278     cutoff   45         0.02400    0.03042  26.8%  27.8 9525s
H58960285 3266126                       0.0247519    0.03042  22.9%  27.8 9527s
H58961327 3266070                       0.0247519    0.03042  22.9%  27.8 9528s
 58970818 3265777    0.02776   42   52    0.02475    0.03042  22.9%  27.8 9530s
 59008369 3264831     cutoff   48         0.02475    0.03041  22.9%  27.8 9535s
H59038290 3264197                       0.0247519    0.03041  22.9%  27.8 9539s
 59038633 3264199    0.02560   45   59    0.02475    0.03041  22.9%  27.8 9540s
 59071920 3263218     cutoff   49         0.02475    0.03040  22.8%  27.8 9545s
 59108951 3262263     cutoff   39         0.02475    0.03040  22.8%  27.8 9550s
 59142272 3261417    0.03028   39   55    0.02475    0.03039  22.8%  27.8 9555s
 59176659 3260798    0.02922   46   53    0.02475    0.03039  22.8%  27.8 9560s
 59215008 3259979     cutoff   51         0.02475    0.03038  22.8%  27.8 9565s
 59247020 3259274    0.03038   42   60    0.02475    0.03038  22.7%  27.8 9570s
 59283135 3258425     cutoff   42         0.02475    0.03038  22.7%  27.8 9575s
 59318079 3257771    0.02612   42   55    0.02475    0.03037  22.7%  27.8 9580s
 59354225 3256879    0.02542   46   52    0.02475    0.03037  22.7%  27.8 9585s
 59388320 3256676     cutoff   39         0.02475    0.03036  22.7%  27.8 9590s
 59417246 3256510     cutoff   53         0.02475    0.03036  22.7%  27.8 9595s
 59451108 3256537     cutoff   94         0.02475    0.03035  22.6%  27.8 9600s
 59486693 3256759     cutoff   42         0.02475    0.03035  22.6%  27.8 9605s
 59519330 3256759    0.02547   70   10    0.02475    0.03035  22.6%  27.8 9610s
 59555012 3256603     cutoff   36         0.02475    0.03034  22.6%  27.8 9615s
 59589722 3255896     cutoff   42         0.02475    0.03034  22.6%  27.8 9620s
 59622158 3255148    0.02756   45   34    0.02475    0.03033  22.6%  27.8 9625s
 59649413 3254786     cutoff   50         0.02475    0.03033  22.5%  27.8 9630s
 59683941 3254044     cutoff   43         0.02475    0.03033  22.5%  27.8 9635s
 59718696 3253256    0.02766   45   31    0.02475    0.03032  22.5%  27.8 9640s
 59752155 3252574     cutoff   45         0.02475    0.03032  22.5%  27.8 9645s
 59786768 3251684    0.02608   50   58    0.02475    0.03031  22.5%  27.8 9650s
 59820912 3250849     cutoff   43         0.02475    0.03031  22.4%  27.7 9655s
 59852140 3250086     cutoff   46         0.02475    0.03030  22.4%  27.7 9660s
 59887378 3249123    0.02858   44   58    0.02475    0.03030  22.4%  27.7 9665s
 59921664 3248349    0.02662   35   55    0.02475    0.03030  22.4%  27.7 9670s
 59956706 3247502     cutoff   37         0.02475    0.03029  22.4%  27.7 9675s
 59992766 3246717    0.02748   35   58    0.02475    0.03029  22.4%  27.7 9680s
 60024879 3245920     cutoff   48         0.02475    0.03028  22.3%  27.7 9685s
 60059569 3244899    0.02727   44   56    0.02475    0.03028  22.3%  27.7 9690s
 60095739 3244153     cutoff   43         0.02475    0.03027  22.3%  27.7 9695s
 60132105 3243162     cutoff   43         0.02475    0.03027  22.3%  27.7 9700s
 60167759 3242146    0.02907   45   58    0.02475    0.03026  22.3%  27.7 9705s
 60200054 3241218     cutoff   53         0.02475    0.03026  22.3%  27.7 9710s
 60232853 3240387     cutoff   50         0.02475    0.03026  22.2%  27.7 9715s
 60268189 3239645     cutoff   39         0.02475    0.03025  22.2%  27.7 9720s
 60305318 3238918    0.02494   47   53    0.02475    0.03025  22.2%  27.7 9725s
 60342855 3238063     cutoff   50         0.02475    0.03024  22.2%  27.7 9730s
 60379197 3237268    0.02770   46   56    0.02475    0.03024  22.2%  27.7 9735s
 60415813 3236351    0.02567   51   53    0.02475    0.03023  22.1%  27.7 9740s
 60449361 3235805     cutoff   41         0.02475    0.03023  22.1%  27.7 9745s
H60469245 3235249                       0.0247519    0.03023  22.1%  27.7 9747s
 60482174 3234942     cutoff   40         0.02475    0.03022  22.1%  27.7 9750s
 60518887 3234273    0.02508   41   59    0.02475    0.03022  22.1%  27.7 9755s
 60554554 3233356     cutoff   49         0.02475    0.03022  22.1%  27.7 9760s
 60590548 3232678    0.02545   46   60    0.02475    0.03021  22.1%  27.7 9765s
 60623931 3231711     cutoff   41         0.02475    0.03021  22.0%  27.7 9770s
 60660074 3230796     cutoff   46         0.02475    0.03020  22.0%  27.7 9775s
 60696402 3229820    0.02550   45   55    0.02475    0.03020  22.0%  27.7 9780s
 60731589 3228916    0.02780   44   57    0.02475    0.03019  22.0%  27.7 9785s
 60766445 3227987    0.03006   48   51    0.02475    0.03019  22.0%  27.7 9790s
 60794736 3227398     cutoff   42         0.02475    0.03018  21.9%  27.7 9795s
 60829881 3226589     cutoff   49         0.02475    0.03018  21.9%  27.7 9800s
 60864558 3225606    0.02707   44   52    0.02475    0.03018  21.9%  27.7 9805s
 60899547 3224741    0.02919   37   54    0.02475    0.03017  21.9%  27.6 9810s
 60935625 3223960 infeasible   46         0.02475    0.03017  21.9%  27.6 9815s
 60971452 3223135    0.02956   44   53    0.02475    0.03016  21.9%  27.6 9820s
 61005357 3222548     cutoff   52         0.02475    0.03016  21.8%  27.6 9825s
 61039766 3221634     cutoff   43         0.02475    0.03015  21.8%  27.6 9830s
 61074091 3220880     cutoff   50         0.02475    0.03015  21.8%  27.6 9835s
 61108133 3219956     cutoff   46         0.02475    0.03015  21.8%  27.6 9840s
 61142856 3218906    0.02694   50   58    0.02475    0.03014  21.8%  27.6 9845s
 61177991 3218055     cutoff   43         0.02475    0.03014  21.8%  27.6 9850s
 61210695 3217431     cutoff   38         0.02475    0.03013  21.7%  27.6 9855s
 61244376 3216613     cutoff   49         0.02475    0.03013  21.7%  27.6 9860s
 61280670 3215640     cutoff   48         0.02475    0.03012  21.7%  27.6 9865s
 61316636 3214694    0.02726   40   56    0.02475    0.03012  21.7%  27.6 9870s
 61352659 3213704     cutoff   52         0.02475    0.03011  21.7%  27.6 9875s
 61384324 3212980     cutoff   41         0.02475    0.03011  21.6%  27.6 9880s
 61416238 3212127     cutoff   50         0.02475    0.03011  21.6%  27.6 9885s
 61449138 3211364     cutoff   49         0.02475    0.03010  21.6%  27.6 9890s
 61483871 3210784     cutoff   41         0.02475    0.03010  21.6%  27.6 9895s
 61519264 3209747    0.02858   42   52    0.02475    0.03009  21.6%  27.6 9900s
 61553809 3208855    0.02760   41   57    0.02475    0.03009  21.6%  27.6 9905s
 61588068 3208115 infeasible   55         0.02475    0.03009  21.5%  27.6 9910s
 61618505 3207725    0.02606   44   51    0.02475    0.03008  21.5%  27.6 9915s
 61653538 3207431 infeasible  104         0.02475    0.03008  21.5%  27.6 9920s
 61687952 3207318    0.03007   98    9    0.02475    0.03007  21.5%  27.6 9925s
 61722484 3206254     cutoff   44         0.02475    0.03007  21.5%  27.6 9930s
 61756183 3205209    0.02564   45   50    0.02475    0.03007  21.5%  27.6 9935s
 61791215 3204021     cutoff   46         0.02475    0.03006  21.5%  27.6 9940s
 61821770 3203219     cutoff   50         0.02475    0.03006  21.4%  27.6 9945s
 61856458 3202398     cutoff   44         0.02475    0.03005  21.4%  27.6 9950s
 61889365 3201358     cutoff   48         0.02475    0.03005  21.4%  27.6 9955s
 61922441 3200338     cutoff   47         0.02475    0.03005  21.4%  27.5 9960s
 61953248 3199329    0.02685   40   52    0.02475    0.03004  21.4%  27.5 9965s
 61989685 3197926     cutoff   45         0.02475    0.03004  21.4%  27.5 9970s
 62021093 3197010    0.02669   43   56    0.02475    0.03003  21.3%  27.5 9975s
 62055178 3196099    0.02570   46   50    0.02475    0.03003  21.3%  27.5 9980s
 62089929 3194942     cutoff   43         0.02475    0.03003  21.3%  27.5 9985s
 62124011 3194249     cutoff   49         0.02475    0.03002  21.3%  27.5 9990s
 62158216 3193123    0.02632   45   52    0.02475    0.03002  21.3%  27.5 9995s
 62191113 3191977    0.02837   40   55    0.02475    0.03001  21.3%  27.5 10000s
 62218692 3191244    0.02843   44   56    0.02475    0.03001  21.2%  27.5 10005s
 62253489 3189964    0.02653   49   54    0.02475    0.03001  21.2%  27.5 10010s
 62289001 3189001     cutoff   51         0.02475    0.03000  21.2%  27.5 10015s
 62323223 3187914     cutoff   40         0.02475    0.03000  21.2%  27.5 10020s
 62356650 3186959     cutoff   45         0.02475    0.02999  21.2%  27.5 10025s
 62391406 3185948 infeasible   50         0.02475    0.02999  21.2%  27.5 10030s
 62422153 3185152    0.02685   46   58    0.02475    0.02999  21.1%  27.5 10035s
 62457345 3184165     cutoff   39         0.02475    0.02998  21.1%  27.5 10040s
 62492886 3183022    0.02799   40   55    0.02475    0.02998  21.1%  27.5 10045s
 62522948 3182230    0.02956   41   50    0.02475    0.02997  21.1%  27.5 10050s
 62558456 3181389    0.02662   46   54    0.02475    0.02997  21.1%  27.5 10055s
 62594124 3180283     cutoff   42         0.02475    0.02996  21.1%  27.5 10060s
 62627425 3179132     cutoff   48         0.02475    0.02996  21.0%  27.5 10065s
 62661021 3178300     cutoff   53         0.02475    0.02996  21.0%  27.5 10070s
 62696859 3177291    0.02482   50   58    0.02475    0.02995  21.0%  27.5 10075s
 62731545 3176624     cutoff   42         0.02475    0.02995  21.0%  27.5 10080s
 62765573 3175473    0.02949   41   56    0.02475    0.02994  21.0%  27.5 10085s
 62799851 3174201    0.02827   46   40    0.02475    0.02994  21.0%  27.5 10090s
 62832851 3173261     cutoff   45         0.02475    0.02994  20.9%  27.5 10095s
 62864835 3172219     cutoff   44         0.02475    0.02993  20.9%  27.5 10100s
 62901284 3171121     cutoff   38         0.02475    0.02993  20.9%  27.5 10105s
 62937803 3170026     cutoff   44         0.02475    0.02992  20.9%  27.5 10110s
 62971602 3168854     cutoff   43         0.02475    0.02992  20.9%  27.5 10115s
 63007483 3167757     cutoff   48         0.02475    0.02991  20.9%  27.4 10120s
 63043449 3166859    0.02854   39   55    0.02475    0.02991  20.8%  27.4 10125s
 63075996 3166068     cutoff   46         0.02475    0.02991  20.8%  27.4 10130s
 63110309 3165243     cutoff   44         0.02475    0.02990  20.8%  27.4 10135s
 63146292 3164298    0.02817   41   52    0.02475    0.02990  20.8%  27.4 10140s
 63180941 3163458     cutoff   50         0.02475    0.02989  20.8%  27.4 10145s
 63222308 3167877    0.02989   77    9    0.02475    0.02989  20.8%  27.4 10150s
 63264227 3170653     cutoff   89         0.02475    0.02989  20.8%  27.4 10155s
 63298285 3170629 infeasible   91         0.02475    0.02989  20.8%  27.4 10160s
 63333458 3169994     cutoff   57         0.02475    0.02989  20.7%  27.4 10165s
 63370060 3168737     cutoff   37         0.02475    0.02988  20.7%  27.4 10170s
 63405622 3167768 infeasible   40         0.02475    0.02988  20.7%  27.4 10175s
 63439176 3166701    0.02708   41   56    0.02475    0.02987  20.7%  27.4 10180s
 63471573 3165622    0.02502   49   40    0.02475    0.02987  20.7%  27.4 10185s
 63508091 3164444     cutoff   48         0.02475    0.02987  20.7%  27.4 10190s
 63543137 3163467     cutoff   36         0.02475    0.02986  20.6%  27.4 10195s
 63580919 3162323     cutoff   48         0.02475    0.02986  20.6%  27.4 10200s
 63616964 3161444    0.02857   39   53    0.02475    0.02985  20.6%  27.4 10205s
 63650746 3160510     cutoff   42         0.02475    0.02985  20.6%  27.4 10210s
 63683370 3159442    0.02591   43   58    0.02475    0.02985  20.6%  27.4 10215s
 63715469 3158451    0.02642   48   45    0.02475    0.02984  20.6%  27.4 10220s
 63752114 3157738     cutoff   40         0.02475    0.02984  20.5%  27.4 10225s
 63788338 3156885     cutoff   46         0.02475    0.02983  20.5%  27.4 10230s
 63824553 3155883    0.02757   47   52    0.02475    0.02983  20.5%  27.4 10235s
 63856826 3155124     cutoff   46         0.02475    0.02983  20.5%  27.4 10240s
 63888978 3154066    0.02530   54   47    0.02475    0.02982  20.5%  27.3 10245s
 63923733 3153086    0.02886   40   54    0.02475    0.02982  20.5%  27.3 10250s
 63958914 3151955    0.02703   45   56    0.02475    0.02981  20.5%  27.3 10255s
 63995099 3150941     cutoff   45         0.02475    0.02981  20.4%  27.3 10260s
 64030926 3149570     cutoff   51         0.02475    0.02981  20.4%  27.3 10265s
 64066191 3148552     cutoff   45         0.02475    0.02980  20.4%  27.3 10270s
 64098937 3147456     cutoff   39         0.02475    0.02980  20.4%  27.3 10275s
 64131887 3146386     cutoff   46         0.02475    0.02979  20.4%  27.3 10280s
 64168222 3145492    0.02510   37   55    0.02475    0.02979  20.4%  27.3 10285s
 64203160 3144285     cutoff   35         0.02475    0.02979  20.3%  27.3 10290s
 64238588 3143309     cutoff   47         0.02475    0.02978  20.3%  27.3 10295s
 64272013 3142416    0.02626   42   53    0.02475    0.02978  20.3%  27.3 10300s
 64301734 3141505     cutoff   50         0.02475    0.02977  20.3%  27.3 10305s
 64336519 3140377     cutoff   36         0.02475    0.02977  20.3%  27.3 10310s
 64373382 3139123    0.02958   42   53    0.02475    0.02976  20.3%  27.3 10315s
 64408708 3138040    0.02709   37   54    0.02475    0.02976  20.2%  27.3 10320s
 64443651 3136789     cutoff   46         0.02475    0.02976  20.2%  27.3 10325s
 64479429 3135773    0.02492   37   46    0.02475    0.02975  20.2%  27.3 10330s
 64511280 3134633    0.02743   35   57    0.02475    0.02975  20.2%  27.3 10335s
 64547679 3133555     cutoff   40         0.02475    0.02974  20.2%  27.3 10340s
 64583675 3132574    0.02592   48   48    0.02475    0.02974  20.2%  27.3 10345s
 64619930 3131453    0.02769   40   50    0.02475    0.02974  20.1%  27.3 10350s
 64654725 3130145    0.02879   44   50    0.02475    0.02973  20.1%  27.3 10355s
 64689294 3128996     cutoff   45         0.02475    0.02973  20.1%  27.3 10360s
 64722617 3127876    0.02534   51   53    0.02475    0.02972  20.1%  27.3 10365s
 64751570 3126770     cutoff   49         0.02475    0.02972  20.1%  27.3 10370s
 64783883 3125909    0.02606   43   52    0.02475    0.02972  20.1%  27.3 10375s
 64817545 3124879    0.02914   44   51    0.02475    0.02971  20.0%  27.3 10380s
 64850964 3123825 infeasible   41         0.02475    0.02971  20.0%  27.3 10385s
 64886600 3122658    0.02715   41   53    0.02475    0.02970  20.0%  27.3 10390s
 64918638 3121412    0.02683   41   55    0.02475    0.02970  20.0%  27.3 10395s
 64955064 3120411     cutoff   49         0.02475    0.02970  20.0%  27.3 10400s
 64991583 3119381    0.02831   38   56    0.02475    0.02969  20.0%  27.2 10405s
 65029006 3118037    0.02587   43   53    0.02475    0.02969  19.9%  27.2 10410s
 65063358 3117007     cutoff   46         0.02475    0.02968  19.9%  27.2 10415s
 65100249 3115775    0.02570   46   54    0.02475    0.02968  19.9%  27.2 10420s
 65134960 3114714    0.02967   43   55    0.02475    0.02967  19.9%  27.2 10425s
 65168235 3113264     cutoff   39         0.02475    0.02967  19.9%  27.2 10430s
 65205439 3111922    0.02733   48   49    0.02475    0.02967  19.9%  27.2 10435s
 65241687 3110572 infeasible   46         0.02475    0.02966  19.8%  27.2 10440s
 65276931 3109390    0.02829   45   59    0.02475    0.02966  19.8%  27.2 10445s
 65311603 3108233     cutoff   48         0.02475    0.02965  19.8%  27.2 10450s
 65344439 3106910     cutoff   39         0.02475    0.02965  19.8%  27.2 10455s
 65381379 3105507    0.02798   34   57    0.02475    0.02964  19.8%  27.2 10460s
 65417599 3104100    0.02895   38   52    0.02475    0.02964  19.7%  27.2 10465s
 65454365 3102811    0.02800   41   54    0.02475    0.02964  19.7%  27.2 10470s
 65489359 3101618     cutoff   46         0.02475    0.02963  19.7%  27.2 10475s
 65522448 3100459     cutoff   46         0.02475    0.02963  19.7%  27.2 10480s
 65559937 3099205    0.02525   51   54    0.02475    0.02962  19.7%  27.2 10485s
 65596761 3097851     cutoff   46         0.02475    0.02962  19.7%  27.2 10490s
 65631546 3096540     cutoff   57         0.02475    0.02961  19.6%  27.2 10495s
 65664119 3095481    0.02545   49   59    0.02475    0.02961  19.6%  27.2 10500s
 65696287 3094560     cutoff   50         0.02475    0.02961  19.6%  27.2 10505s
 65732785 3093116    0.02523   47   53    0.02475    0.02960  19.6%  27.2 10510s
 65768468 3091823     cutoff   47         0.02475    0.02960  19.6%  27.2 10515s
 65802043 3090619     cutoff   40         0.02475    0.02959  19.6%  27.2 10520s
 65838894 3089314     cutoff   43         0.02475    0.02959  19.5%  27.2 10525s
 65876707 3087990     cutoff   47         0.02475    0.02958  19.5%  27.2 10530s
 65913769 3086821    0.02707   45   56    0.02475    0.02958  19.5%  27.2 10535s
 65948407 3085416    0.02509   51   55    0.02475    0.02958  19.5%  27.2 10540s
 65985990 3083932     cutoff   45         0.02475    0.02957  19.5%  27.2 10545s
 66023068 3082444     cutoff   49         0.02475    0.02957  19.5%  27.2 10550s
 66058581 3081192     cutoff   55         0.02475    0.02956  19.4%  27.2 10555s
 66094409 3079836 infeasible   44         0.02475    0.02956  19.4%  27.2 10560s
 66128076 3078469     cutoff   39         0.02475    0.02955  19.4%  27.1 10565s
 66163930 3077124     cutoff   40         0.02475    0.02955  19.4%  27.1 10570s
 66200884 3075892    0.02934   36   52    0.02475    0.02955  19.4%  27.1 10575s
 66235434 3074329     cutoff   43         0.02475    0.02954  19.3%  27.1 10580s
 66272884 3072887    0.02486   40   44    0.02475    0.02954  19.3%  27.1 10585s
 66310717 3071590     cutoff   42         0.02475    0.02953  19.3%  27.1 10590s
 66345411 3070549    0.02513   45   54    0.02475    0.02953  19.3%  27.1 10595s
 66376666 3069385     cutoff   54         0.02475    0.02952  19.3%  27.1 10600s
 66413271 3067793    0.02929   33   44    0.02475    0.02952  19.3%  27.1 10605s
 66450451 3066369     cutoff   41         0.02475    0.02952  19.2%  27.1 10610s
 66487455 3065081     cutoff   45         0.02475    0.02951  19.2%  27.1 10615s
 66525496 3063474     cutoff   48         0.02475    0.02951  19.2%  27.1 10620s
 66564265 3061995    0.02806   45   47    0.02475    0.02950  19.2%  27.1 10625s
 66598189 3060666     cutoff   51         0.02475    0.02950  19.2%  27.1 10630s
 66636182 3059272     cutoff   49         0.02475    0.02949  19.2%  27.1 10635s
 66672000 3057695    0.02595   45   56    0.02475    0.02949  19.1%  27.1 10640s
 66710128 3056328    0.02519   47   54    0.02475    0.02948  19.1%  27.1 10645s
 66747313 3055069     cutoff   39         0.02475    0.02948  19.1%  27.1 10650s
 66779677 3053983     cutoff   50         0.02475    0.02948  19.1%  27.1 10655s
 66816524 3052382     cutoff   42         0.02475    0.02947  19.1%  27.1 10660s
 66850746 3051005     cutoff   48         0.02475    0.02947  19.1%  27.1 10665s
 66886677 3049517    0.02650   47   55    0.02475    0.02946  19.0%  27.1 10670s
 66922341 3048251    0.02737   53   52    0.02475    0.02946  19.0%  27.1 10675s
 66956601 3046867    0.02637   49   51    0.02475    0.02945  19.0%  27.1 10680s
 66987222 3045650    0.02599   54   53    0.02475    0.02945  19.0%  27.1 10685s
 67022947 3044157    0.02534   45   53    0.02475    0.02945  19.0%  27.1 10690s
 67059957 3042555    0.02782   42   48    0.02475    0.02944  18.9%  27.1 10695s
 67096088 3041205    0.02944   40   58    0.02475    0.02944  18.9%  27.1 10700s
 67132307 3039577    0.02618   44   54    0.02475    0.02943  18.9%  27.1 10705s
 67168943 3038104     cutoff   43         0.02475    0.02943  18.9%  27.1 10710s
 67205494 3036433    0.02586   41   57    0.02475    0.02942  18.9%  27.1 10715s
 67238210 3035090     cutoff   39         0.02475    0.02942  18.9%  27.1 10720s
 67274612 3033766    0.02805   48   57    0.02475    0.02942  18.8%  27.0 10725s
 67309243 3032313     cutoff   47         0.02475    0.02941  18.8%  27.0 10730s
 67346326 3030681     cutoff   42         0.02475    0.02941  18.8%  27.0 10735s
 67384516 3029158    0.02885   40   52    0.02475    0.02940  18.8%  27.0 10740s
 67418490 3027816     cutoff   49         0.02475    0.02940  18.8%  27.0 10745s
 67454144 3026549    0.02535   52   46    0.02475    0.02939  18.8%  27.0 10750s
 67492085 3025047    0.02782   41   55    0.02475    0.02939  18.7%  27.0 10755s
 67527997 3023378    0.02762   44   55    0.02475    0.02939  18.7%  27.0 10760s
 67566871 3021859     cutoff   52         0.02475    0.02938  18.7%  27.0 10765s
 67605642 3020103    0.02588   38   59    0.02475    0.02938  18.7%  27.0 10770s
 67643136 3018454     cutoff   43         0.02475    0.02937  18.7%  27.0 10775s
 67677258 3017199     cutoff   48         0.02475    0.02937  18.6%  27.0 10780s
 67715954 3015436 infeasible   56         0.02475    0.02936  18.6%  27.0 10785s
 67753027 3013723     cutoff   44         0.02475    0.02936  18.6%  27.0 10790s
 67790675 3011972    0.02889   44   53    0.02475    0.02935  18.6%  27.0 10795s
 67829654 3010229    0.02621   44   55    0.02475    0.02935  18.6%  27.0 10800s
 67868281 3008706     cutoff   37         0.02475    0.02934  18.6%  27.0 10805s
 67903281 3007207     cutoff   62         0.02475    0.02934  18.5%  27.0 10810s
 67942206 3005603     cutoff   42         0.02475    0.02934  18.5%  27.0 10815s
 67981297 3003784     cutoff   45         0.02475    0.02933  18.5%  27.0 10820s
 68020463 3001960    0.02630   55   50    0.02475    0.02933  18.5%  27.0 10825s
 68056720 3000311     cutoff   42         0.02475    0.02932  18.5%  27.0 10830s
 68095018 2998539     cutoff   52         0.02475    0.02932  18.4%  27.0 10835s
 68130569 2996922    0.02795   49   57    0.02475    0.02931  18.4%  27.0 10840s
 68169716 2995332    0.02515   44   52    0.02475    0.02931  18.4%  27.0 10845s
 68208018 2993665     cutoff   45         0.02475    0.02930  18.4%  27.0 10850s
 68246462 2992096     cutoff   58         0.02475    0.02930  18.4%  27.0 10855s
 68284237 2990643     cutoff   41         0.02475    0.02930  18.4%  27.0 10860s
 68319045 2989057     cutoff   28         0.02475    0.02929  18.3%  27.0 10865s
 68357407 2987223     cutoff   53         0.02475    0.02929  18.3%  27.0 10870s
 68395439 2985770     cutoff   47         0.02475    0.02928  18.3%  26.9 10875s
 68432239 2983958     cutoff   48         0.02475    0.02928  18.3%  26.9 10880s
 68471127 2982112     cutoff   40         0.02475    0.02927  18.3%  26.9 10885s
 68505617 2980602    0.02877   45   53    0.02475    0.02927  18.2%  26.9 10890s
 68544551 2978702     cutoff   44         0.02475    0.02926  18.2%  26.9 10895s
 68581574 2976930    0.02506   42   38    0.02475    0.02926  18.2%  26.9 10900s
 68619596 2975210     cutoff   52         0.02475    0.02925  18.2%  26.9 10905s
 68654738 2973643     cutoff   44         0.02475    0.02925  18.2%  26.9 10910s
 68690483 2971860    0.02561   43   67    0.02475    0.02925  18.2%  26.9 10915s
 68729068 2970178     cutoff   48         0.02475    0.02924  18.1%  26.9 10920s
 68768176 2968494     cutoff   38         0.02475    0.02924  18.1%  26.9 10925s
 68807510 2966757     cutoff   43         0.02475    0.02923  18.1%  26.9 10930s
 68847020 2965013    0.02604   41   58    0.02475    0.02923  18.1%  26.9 10935s
 68885727 2963514    0.02921   44   57    0.02475    0.02922  18.1%  26.9 10940s
 68920653 2961689    0.02643   36   55    0.02475    0.02922  18.0%  26.9 10945s
 68958990 2959750    0.02539   44   51    0.02475    0.02921  18.0%  26.9 10950s
 68997414 2958120    0.02561   37   36    0.02475    0.02921  18.0%  26.9 10955s
 69035211 2956319    0.02516   44   53    0.02475    0.02920  18.0%  26.9 10960s
 69073283 2954360    0.02679   43   52    0.02475    0.02920  18.0%  26.9 10965s
 69111353 2952397    0.02531   46   52    0.02475    0.02919  17.9%  26.9 10970s
 69145936 2950682     cutoff   41         0.02475    0.02919  17.9%  26.9 10975s
 69182119 2948862     cutoff   48         0.02475    0.02919  17.9%  26.9 10980s
 69219683 2947237     cutoff   41         0.02475    0.02918  17.9%  26.9 10985s
 69254611 2945874     cutoff   39         0.02475    0.02918  17.9%  26.9 10990s
 69293516 2944220    0.02613   41   57    0.02475    0.02917  17.9%  26.9 10995s
 69331973 2942610    0.02877   47   54    0.02475    0.02917  17.8%  26.9 11000s
 69364469 2941200    0.02916   32   56    0.02475    0.02916  17.8%  26.9 11005s
 69403533 2939625    0.02916   35   55    0.02475    0.02916  17.8%  26.9 11010s
 69441943 2938355     cutoff   47         0.02475    0.02915  17.8%  26.9 11015s
 69479913 2937519     cutoff   46         0.02475    0.02915  17.8%  26.9 11020s
 69517875 2936121     cutoff   51         0.02475    0.02915  17.8%  26.9 11025s
 69556136 2934820    0.02480   45   59    0.02475    0.02914  17.7%  26.8 11030s
 69589932 2933328    0.02585   40   54    0.02475    0.02914  17.7%  26.8 11035s
 69627940 2931726     cutoff   46         0.02475    0.02914  17.7%  26.8 11040s
 69666129 2929965    0.02707   38   55    0.02475    0.02913  17.7%  26.8 11045s
 69704425 2928337     cutoff   46         0.02475    0.02913  17.7%  26.8 11050s
 69741768 2926711     cutoff   49         0.02475    0.02912  17.7%  26.8 11055s
 69777921 2925012     cutoff   55         0.02475    0.02912  17.6%  26.8 11060s
 69809644 2923530    0.02847   41   53    0.02475    0.02912  17.6%  26.8 11065s
 69845714 2921899    0.02911   40   60    0.02475    0.02911  17.6%  26.8 11070s
 69883467 2919765    0.02901   45   57    0.02475    0.02911  17.6%  26.8 11075s
 69921249 2917681 infeasible   45         0.02475    0.02910  17.6%  26.8 11080s
 69958293 2915693     cutoff   40         0.02475    0.02910  17.6%  26.8 11085s
 69996234 2913824    0.02649   53   56    0.02475    0.02909  17.5%  26.8 11090s
 70030494 2911970     cutoff   48         0.02475    0.02909  17.5%  26.8 11095s
 70065861 2910184    0.02631   44   57    0.02475    0.02908  17.5%  26.8 11100s
 70104168 2908286     cutoff   46         0.02475    0.02908  17.5%  26.8 11105s
 70143966 2906017    0.02805   40   54    0.02475    0.02908  17.5%  26.8 11110s
 70183210 2903849 infeasible   46         0.02475    0.02907  17.4%  26.8 11115s
 70220972 2901837     cutoff   36         0.02475    0.02907  17.4%  26.8 11120s
 70254697 2900040    0.02488   35   54    0.02475    0.02906  17.4%  26.8 11125s
 70294082 2898066     cutoff   47         0.02475    0.02906  17.4%  26.8 11130s
 70332616 2896118     cutoff   38         0.02475    0.02905  17.4%  26.8 11135s
 70371989 2894049    0.02716   58   47    0.02475    0.02905  17.4%  26.8 11140s
 70407402 2892224     cutoff   47         0.02475    0.02904  17.3%  26.8 11145s
 70442777 2890310    0.02775   47   53    0.02475    0.02904  17.3%  26.8 11150s
 70476963 2888390     cutoff   46         0.02475    0.02903  17.3%  26.8 11155s
 70515948 2886454     cutoff   39         0.02475    0.02903  17.3%  26.8 11160s
 70555019 2884457     cutoff   42         0.02475    0.02902  17.3%  26.8 11165s
 70593528 2882508     cutoff   48         0.02475    0.02902  17.2%  26.8 11170s
 70633536 2880304    0.02492   43   50    0.02475    0.02902  17.2%  26.8 11175s
 70669175 2878491     cutoff   51         0.02475    0.02901  17.2%  26.8 11180s
 70706729 2876591    0.02881   44   56    0.02475    0.02901  17.2%  26.7 11185s
 70744917 2874428     cutoff   51         0.02475    0.02900  17.2%  26.7 11190s
 70782562 2872373    0.02675   44   41    0.02475    0.02900  17.2%  26.7 11195s
 70819611 2870428     cutoff   42         0.02475    0.02899  17.1%  26.7 11200s
 70856501 2868302     cutoff   88         0.02475    0.02899  17.1%  26.7 11205s
 70891291 2866487     cutoff   52         0.02475    0.02898  17.1%  26.7 11210s
 70930133 2864723     cutoff   37         0.02475    0.02898  17.1%  26.7 11215s
 70967480 2862907     cutoff   45         0.02475    0.02898  17.1%  26.7 11220s
 71004093 2861048     cutoff   41         0.02475    0.02897  17.0%  26.7 11225s
 71043354 2858773     cutoff   46         0.02475    0.02897  17.0%  26.7 11230s
 71079200 2856573    0.02642   42   52    0.02475    0.02896  17.0%  26.7 11235s
 71113313 2854686    0.02699   42   51    0.02475    0.02896  17.0%  26.7 11240s
 71151353 2852549    0.02531   46   53    0.02475    0.02895  17.0%  26.7 11245s
 71191475 2850834    0.02847   42   44    0.02475    0.02895  17.0%  26.7 11250s
 71230169 2848616    0.02745   46   26    0.02475    0.02894  16.9%  26.7 11255s
 71268544 2846439     cutoff   47         0.02475    0.02894  16.9%  26.7 11260s
 71303710 2844487    0.02782   45   58    0.02475    0.02893  16.9%  26.7 11265s
 71342382 2842341     cutoff   50         0.02475    0.02893  16.9%  26.7 11270s
 71382383 2840304     cutoff   54         0.02475    0.02893  16.9%  26.7 11275s
 71421401 2837882    0.02626   49   55    0.02475    0.02892  16.8%  26.7 11280s
 71461858 2835697     cutoff   47         0.02475    0.02892  16.8%  26.7 11285s
 71497046 2833677    0.02476   54   54    0.02475    0.02891  16.8%  26.7 11290s
 71536585 2831477    0.02761   35   57    0.02475    0.02891  16.8%  26.7 11295s
 71575206 2829247     cutoff   51         0.02475    0.02890  16.8%  26.7 11300s
 71615084 2827061    0.02563   45   63    0.02475    0.02890  16.7%  26.7 11305s
 71650412 2825029     cutoff   53         0.02475    0.02889  16.7%  26.7 11310s
 71686496 2823082     cutoff   47         0.02475    0.02889  16.7%  26.7 11315s
 71723818 2820929    0.02677   45   56    0.02475    0.02888  16.7%  26.7 11320s
 71762853 2818596     cutoff   43         0.02475    0.02888  16.7%  26.7 11325s
 71801905 2816278     cutoff   43         0.02475    0.02887  16.6%  26.7 11330s
 71841218 2813843     cutoff   42         0.02475    0.02887  16.6%  26.7 11335s
 71879668 2811731     cutoff   50         0.02475    0.02886  16.6%  26.6 11340s
 71916167 2809596    0.02628   41   55    0.02475    0.02886  16.6%  26.6 11345s
 71955544 2807330    0.02633   45   49    0.02475    0.02885  16.6%  26.6 11350s
 71994368 2805338     cutoff   46         0.02475    0.02885  16.6%  26.6 11355s
 72033313 2802979     cutoff   55         0.02475    0.02884  16.5%  26.6 11360s
 72072394 2801045     cutoff   49         0.02475    0.02884  16.5%  26.6 11365s
 72111737 2798734    0.02487   53   53    0.02475    0.02883  16.5%  26.6 11370s
 72147078 2796702    0.02873   42   53    0.02475    0.02883  16.5%  26.6 11375s
 72184625 2794507     cutoff   37         0.02475    0.02882  16.5%  26.6 11380s
 72223589 2792569    0.02836   40   58    0.02475    0.02882  16.4%  26.6 11385s
 72259734 2790405     cutoff   45         0.02475    0.02882  16.4%  26.6 11390s
 72298610 2788406    0.02879   46   55    0.02475    0.02881  16.4%  26.6 11395s
 72332095 2786263     cutoff   43         0.02475    0.02881  16.4%  26.6 11400s
 72367963 2784092    0.02571   48   53    0.02475    0.02880  16.4%  26.6 11405s
 72406573 2781818    0.02604   51   53    0.02475    0.02880  16.3%  26.6 11410s
 72446414 2779566    0.02803   42   56    0.02475    0.02879  16.3%  26.6 11415s
 72485931 2777310    0.02573   50   54    0.02475    0.02879  16.3%  26.6 11420s
 72521026 2775281    0.02625   41   55    0.02475    0.02878  16.3%  26.6 11425s
 72560178 2773345    0.02823   36   59    0.02475    0.02878  16.3%  26.6 11430s
 72599339 2771209     cutoff   71         0.02475    0.02877  16.3%  26.6 11435s
 72638796 2769038 infeasible   81         0.02475    0.02877  16.2%  26.6 11440s
 72677888 2766501    0.02528   45   50    0.02475    0.02877  16.2%  26.6 11445s
 72716415 2764176     cutoff   50         0.02475    0.02876  16.2%  26.6 11450s
 72754058 2761892     cutoff   47         0.02475    0.02876  16.2%  26.6 11455s
 72794459 2759596     cutoff   42         0.02475    0.02875  16.2%  26.6 11460s
 72834600 2757183 infeasible   68         0.02475    0.02875  16.1%  26.6 11465s
 72871837 2755120     cutoff   44         0.02475    0.02874  16.1%  26.6 11470s
 72912070 2752961     cutoff   50         0.02475    0.02874  16.1%  26.6 11475s
 72947943 2751164    0.02769   46   52    0.02475    0.02873  16.1%  26.6 11480s
 72987804 2748986     cutoff   42         0.02475    0.02873  16.1%  26.6 11485s
 73028369 2746862     cutoff   40         0.02475    0.02872  16.0%  26.5 11490s
 73068250 2744768    0.02826   45   56    0.02475    0.02872  16.0%  26.5 11495s
 73108882 2742629     cutoff   39         0.02475    0.02871  16.0%  26.5 11500s
 73146476 2740593    0.02866   44   39    0.02475    0.02871  16.0%  26.5 11505s
 73185399 2738503    0.02871   77    7    0.02475    0.02871  16.0%  26.5 11510s
 73224068 2736517     cutoff   57         0.02475    0.02870  16.0%  26.5 11515s
 73263478 2734434    0.02662   46   55    0.02475    0.02870  15.9%  26.5 11520s
 73303036 2733035     cutoff   38         0.02475    0.02869  15.9%  26.5 11525s
 73338076 2731562     cutoff   78         0.02475    0.02869  15.9%  26.5 11530s
 73377608 2729630    0.02801   37   56    0.02475    0.02868  15.9%  26.5 11535s
 73416385 2727234    0.02547   44   56    0.02475    0.02868  15.9%  26.5 11540s
 73454503 2724759     cutoff   50         0.02475    0.02867  15.8%  26.5 11545s
 73491212 2722406    0.02543   43   52    0.02475    0.02867  15.8%  26.5 11550s
 73530164 2719972    0.02804   35   54    0.02475    0.02867  15.8%  26.5 11555s
 73566665 2717715 infeasible   49         0.02475    0.02866  15.8%  26.5 11560s
 73605856 2715281     cutoff   56         0.02475    0.02866  15.8%  26.5 11565s
 73645666 2713054    0.02492   42   60    0.02475    0.02865  15.8%  26.5 11570s
 73684378 2710703     cutoff   47         0.02475    0.02865  15.7%  26.5 11575s
 73723996 2708329    0.02770   39   59    0.02475    0.02864  15.7%  26.5 11580s
 73758690 2706055    0.02648   39   59    0.02475    0.02864  15.7%  26.5 11585s
 73797483 2703675     cutoff   43         0.02475    0.02863  15.7%  26.5 11590s
 73836442 2701467 infeasible   84         0.02475    0.02863  15.7%  26.5 11595s
 73875345 2698971    0.02684   38   51    0.02475    0.02862  15.6%  26.5 11600s
 73914018 2696450     cutoff   46         0.02475    0.02862  15.6%  26.5 11605s
 73953320 2693977     cutoff   86         0.02475    0.02861  15.6%  26.5 11610s
 73988277 2691361    0.02586   41   55    0.02475    0.02861  15.6%  26.5 11615s
 74026112 2688939     cutoff   43         0.02475    0.02860  15.6%  26.5 11620s
 74065550 2686285 infeasible   42         0.02475    0.02860  15.5%  26.5 11625s
 74101941 2684012     cutoff   41         0.02475    0.02859  15.5%  26.5 11630s
 74141813 2681532     cutoff   42         0.02475    0.02859  15.5%  26.4 11635s
 74181231 2679239    0.02709   47   52    0.02475    0.02858  15.5%  26.4 11640s
 74217723 2676831    0.02595   45   55    0.02475    0.02858  15.5%  26.4 11645s
 74255712 2674619     cutoff   40         0.02475    0.02857  15.4%  26.4 11650s
 74293874 2672026     cutoff   40         0.02475    0.02857  15.4%  26.4 11655s
 74332639 2669443    0.02508   40   59    0.02475    0.02856  15.4%  26.4 11660s
 74371297 2666955    0.02541   35   56    0.02475    0.02856  15.4%  26.4 11665s
 74406485 2664873     cutoff   50         0.02475    0.02856  15.4%  26.4 11670s
 74445197 2662456     cutoff   43         0.02475    0.02855  15.3%  26.4 11675s
 74484595 2659929    0.02661   52   49    0.02475    0.02855  15.3%  26.4 11680s
 74522666 2657443    0.02492   46   57    0.02475    0.02854  15.3%  26.4 11685s
 74561200 2654698    0.02531   49   54    0.02475    0.02854  15.3%  26.4 11690s
 74599342 2652188     cutoff   48         0.02475    0.02853  15.3%  26.4 11695s
 74632295 2650144     cutoff   52         0.02475    0.02853  15.3%  26.4 11700s
 74671395 2647710    0.02753   46   55    0.02475    0.02852  15.2%  26.4 11705s
 74710695 2645131    0.02779   44   59    0.02475    0.02852  15.2%  26.4 11710s
 74748139 2642806     cutoff   42         0.02475    0.02851  15.2%  26.4 11715s
 74787470 2640160     cutoff   48         0.02475    0.02851  15.2%  26.4 11720s
 74824400 2637867     cutoff   49         0.02475    0.02850  15.2%  26.4 11725s
 74862326 2635343     cutoff   39         0.02475    0.02850  15.1%  26.4 11730s
 74901588 2632734     cutoff   51         0.02475    0.02849  15.1%  26.4 11735s
 74939934 2630166    0.02577   37   56    0.02475    0.02849  15.1%  26.4 11740s
 74978682 2627608    0.02664   40   56    0.02475    0.02848  15.1%  26.4 11745s
 75018185 2624966    0.02687   45   54    0.02475    0.02848  15.1%  26.4 11750s
 75057521 2622616     cutoff   48         0.02475    0.02847  15.0%  26.4 11755s
 75095829 2620817     cutoff   44         0.02475    0.02847  15.0%  26.4 11760s
 75134147 2618290     cutoff   41         0.02475    0.02846  15.0%  26.4 11765s
 75173855 2616505     cutoff   46         0.02475    0.02846  15.0%  26.4 11770s
 75213181 2614777     cutoff   43         0.02475    0.02846  15.0%  26.4 11775s
 75252211 2612910    0.02728   49   41    0.02475    0.02845  14.9%  26.4 11780s
 75287743 2611191    0.02632   45   61    0.02475    0.02845  14.9%  26.3 11785s
 75328919 2608840    0.02540   48   53    0.02475    0.02844  14.9%  26.3 11790s
 75364757 2606744    0.02749   50   55    0.02475    0.02844  14.9%  26.3 11795s
 75403867 2604405    0.02589   41   58    0.02475    0.02843  14.9%  26.3 11800s
 75443368 2601977     cutoff   47         0.02475    0.02843  14.9%  26.3 11805s
 75479578 2599824    0.02581   44   48    0.02475    0.02842  14.8%  26.3 11810s
 75519610 2597741     cutoff   47         0.02475    0.02842  14.8%  26.3 11815s
 75558829 2596047    0.02489   55   54    0.02475    0.02842  14.8%  26.3 11820s
 75596109 2593471    0.02790   35   60    0.02475    0.02841  14.8%  26.3 11825s
 75634711 2590898     cutoff   43         0.02475    0.02841  14.8%  26.3 11830s
 75671389 2588810    0.02836   41   48    0.02475    0.02840  14.7%  26.3 11835s
 75706931 2586601 infeasible   48         0.02475    0.02840  14.7%  26.3 11840s
 75743306 2584063    0.02702   44   55    0.02475    0.02839  14.7%  26.3 11845s
 75782630 2581198     cutoff   47         0.02475    0.02839  14.7%  26.3 11850s
 75824156 2578567    0.02716   49   36    0.02475    0.02838  14.7%  26.3 11855s
 75860733 2576232    0.02772   38   50    0.02475    0.02838  14.6%  26.3 11860s
 75899802 2573683    0.02612   46   50    0.02475    0.02837  14.6%  26.3 11865s
 75939336 2571333     cutoff   47         0.02475    0.02837  14.6%  26.3 11870s
 75974809 2569090     cutoff   43         0.02475    0.02836  14.6%  26.3 11875s
 76014493 2566400    0.02487   50   58    0.02475    0.02836  14.6%  26.3 11880s
 76049896 2564279    0.02691   43   54    0.02475    0.02835  14.6%  26.3 11885s
 76089244 2562334    0.02835   37   55    0.02475    0.02835  14.5%  26.3 11890s
 76128820 2560141    0.02598   75   22    0.02475    0.02834  14.5%  26.3 11895s
 76169869 2557790     cutoff   42         0.02475    0.02834  14.5%  26.3 11900s
 76210414 2555410    0.02796   39   54    0.02475    0.02833  14.5%  26.3 11905s
 76251031 2553249    0.02484   41   56    0.02475    0.02833  14.5%  26.3 11910s
 76287636 2551306     cutoff   41         0.02475    0.02833  14.4%  26.3 11915s
 76327383 2548966    0.02563   39   34    0.02475    0.02832  14.4%  26.3 11920s
 76369378 2547099     cutoff   47         0.02475    0.02832  14.4%  26.2 11925s
 76409979 2544920    0.02593   46   52    0.02475    0.02831  14.4%  26.2 11930s
 76449885 2543673     cutoff   45         0.02475    0.02831  14.4%  26.2 11935s
 76490956 2542365    0.02678   55   45    0.02475    0.02830  14.3%  26.2 11940s
 76528685 2540480     cutoff   51         0.02475    0.02830  14.3%  26.2 11945s
 76570058 2538585     cutoff   49         0.02475    0.02830  14.3%  26.2 11950s
 76607783 2536653    0.02753   39   52    0.02475    0.02829  14.3%  26.2 11955s
 76647653 2534303    0.02477   46   52    0.02475    0.02829  14.3%  26.2 11960s
 76683200 2532386     cutoff   50         0.02475    0.02828  14.3%  26.2 11965s
 76723452 2530581 infeasible   90         0.02475    0.02828  14.2%  26.2 11970s
 76764504 2528732 infeasible   84         0.02475    0.02827  14.2%  26.2 11975s
 76804593 2526471     cutoff   93         0.02475    0.02827  14.2%  26.2 11980s
 76843420 2524320    0.02534   49   56    0.02475    0.02827  14.2%  26.2 11985s
 76883854 2522075     cutoff   47         0.02475    0.02826  14.2%  26.2 11990s
 76920564 2519840    0.02768   41   58    0.02475    0.02826  14.2%  26.2 11995s
 76961171 2517175    0.02570   51   53    0.02475    0.02825  14.1%  26.2 12000s
 77001637 2514681     cutoff   47         0.02475    0.02825  14.1%  26.2 12005s
 77040379 2512272     cutoff   43         0.02475    0.02824  14.1%  26.2 12010s
 77078899 2509842     cutoff   38         0.02475    0.02824  14.1%  26.2 12015s
 77118360 2507472     cutoff   38         0.02475    0.02823  14.1%  26.2 12020s
 77154639 2505591     cutoff   42         0.02475    0.02823  14.0%  26.2 12025s
 77196300 2503426     cutoff   45         0.02475    0.02822  14.0%  26.2 12030s
 77236263 2501372    0.02670   58   56    0.02475    0.02822  14.0%  26.2 12035s
 77273966 2499564    0.02820   83   16    0.02475    0.02822  14.0%  26.2 12040s
 77313183 2497269    0.02526   41   58    0.02475    0.02821  14.0%  26.1 12045s
 77352568 2495622     cutoff   44         0.02475    0.02821  14.0%  26.1 12050s
 77388406 2493408    0.02819   69   20    0.02475    0.02820  13.9%  26.1 12055s
 77427719 2491076    0.02597   42   48    0.02475    0.02820  13.9%  26.1 12060s
 77466905 2488573    0.02803   36   59    0.02475    0.02819  13.9%  26.1 12065s
 77507256 2486315    0.02583   50   55    0.02475    0.02819  13.9%  26.1 12070s
 77548058 2483977     cutoff   46         0.02475    0.02818  13.9%  26.1 12075s
 77584126 2482103    0.02818   80   15    0.02475    0.02818  13.9%  26.1 12080s
 77626101 2480141    0.02818   86    7    0.02475    0.02818  13.8%  26.1 12085s
 77666442 2478254    0.02815   77   18    0.02475    0.02817  13.8%  26.1 12090s
 77709269 2476294    0.02533   50   55    0.02475    0.02817  13.8%  26.1 12095s
 77750324 2473935    0.02491   47   48    0.02475    0.02816  13.8%  26.1 12100s
 77791578 2471293    0.02601   39   59    0.02475    0.02816  13.8%  26.1 12105s
 77828113 2468980    0.02640   85   23    0.02475    0.02815  13.7%  26.1 12110s
 77867559 2466305    0.02544   43   57    0.02475    0.02815  13.7%  26.1 12115s
 77908876 2464968     cutoff   46         0.02475    0.02815  13.7%  26.1 12120s
 77948629 2462157     cutoff   51         0.02475    0.02814  13.7%  26.1 12125s
 77989498 2459226    0.02761   40   60    0.02475    0.02814  13.7%  26.1 12130s
 78027169 2457011     cutoff   53         0.02475    0.02813  13.7%  26.1 12135s
 78069263 2454443 infeasible   51         0.02475    0.02813  13.6%  26.1 12140s
 78110706 2452083    0.02575   42   55    0.02475    0.02812  13.6%  26.1 12145s
 78151752 2449535     cutoff   46         0.02475    0.02812  13.6%  26.1 12150s
 78191533 2447038     cutoff   46         0.02475    0.02811  13.6%  26.1 12155s
 78231967 2444651     cutoff   48         0.02475    0.02811  13.6%  26.1 12160s
 78270702 2442711 infeasible   43         0.02475    0.02810  13.5%  26.1 12165s
 78311301 2440635     cutoff   45         0.02475    0.02810  13.5%  26.0 12170s
 78352013 2438235     cutoff   44         0.02475    0.02809  13.5%  26.0 12175s
 78394527 2435905     cutoff   49         0.02475    0.02809  13.5%  26.0 12180s
 78439220 2434312    0.02808   87    8    0.02475    0.02809  13.5%  26.0 12185s
 78479706 2433391    0.02805   82    6    0.02475    0.02808  13.5%  26.0 12190s
 78524371 2432243    0.02645   45   53    0.02475    0.02808  13.4%  26.0 12195s
 78570251 2430510    0.02722   46   53    0.02475    0.02808  13.4%  26.0 12200s
 78610644 2428497     cutoff   43         0.02475    0.02807  13.4%  26.0 12205s
 78652699 2426229 infeasible   82         0.02475    0.02807  13.4%  26.0 12210s
 78688345 2423888    0.02687   38   52    0.02475    0.02806  13.4%  26.0 12215s
 78728469 2421266     cutoff   45         0.02475    0.02806  13.4%  26.0 12220s
 78768670 2418723    0.02562   52   52    0.02475    0.02806  13.3%  26.0 12225s
 78807076 2415879     cutoff   46         0.02475    0.02805  13.3%  26.0 12230s
 78846308 2413414    0.02535   49   58    0.02475    0.02805  13.3%  26.0 12235s
 78886563 2410577     cutoff   48         0.02475    0.02804  13.3%  26.0 12240s
 78920546 2408217     cutoff   45         0.02475    0.02804  13.3%  26.0 12245s
 78959770 2405563 infeasible   52         0.02475    0.02803  13.2%  26.0 12250s
 78999257 2402748    0.02773   49   52    0.02475    0.02803  13.2%  26.0 12255s
 79041155 2400181     cutoff   47         0.02475    0.02802  13.2%  26.0 12260s
 79081198 2397460 infeasible   47         0.02475    0.02802  13.2%  26.0 12265s
 79122301 2394818    0.02703   47   48    0.02475    0.02801  13.2%  26.0 12270s
 79162353 2392619 infeasible   44         0.02475    0.02801  13.1%  26.0 12275s
 79203893 2389912     cutoff   47         0.02475    0.02800  13.1%  26.0 12280s
 79237791 2387376    0.02797   48   52    0.02475    0.02800  13.1%  25.9 12285s
 79278912 2384881    0.02791   39   52    0.02475    0.02799  13.1%  25.9 12290s
 79318947 2382117    0.02691   37   54    0.02475    0.02799  13.1%  25.9 12295s
 79360394 2379478    0.02521   49   50    0.02475    0.02798  13.1%  25.9 12300s
 79401226 2376689    0.02526   97    5    0.02475    0.02798  13.0%  25.9 12305s
 79441885 2374323     cutoff   46         0.02475    0.02797  13.0%  25.9 12310s
 79478176 2372037     cutoff   41         0.02475    0.02797  13.0%  25.9 12315s
 79517732 2369777     cutoff   49         0.02475    0.02796  13.0%  25.9 12320s
 79558210 2367141     cutoff   35         0.02475    0.02796  13.0%  25.9 12325s
 79598643 2364823    0.02744   45   54    0.02475    0.02795  12.9%  25.9 12330s
 79640097 2362034     cutoff   43         0.02475    0.02795  12.9%  25.9 12335s
 79677036 2359300    0.02624   43   57    0.02475    0.02794  12.9%  25.9 12340s
 79717703 2356701    0.02782   41   56    0.02475    0.02794  12.9%  25.9 12345s
 79757100 2353614    0.02735   39   63    0.02475    0.02793  12.9%  25.9 12350s
 79796666 2350936    0.02673   47   55    0.02475    0.02793  12.8%  25.9 12355s
 79838828 2348104    0.02524   45   26    0.02475    0.02792  12.8%  25.9 12360s
 79871903 2346149     cutoff   89         0.02475    0.02792  12.8%  25.9 12365s
 79913161 2343471    0.02783   47   55    0.02475    0.02792  12.8%  25.9 12370s
 79954236 2341313    0.02757   40   56    0.02475    0.02791  12.8%  25.9 12375s
 79996305 2338526     cutoff   49         0.02475    0.02791  12.7%  25.9 12380s
 80036106 2336149     cutoff   88         0.02475    0.02790  12.7%  25.9 12385s
 80076235 2333634     cutoff   39         0.02475    0.02790  12.7%  25.9 12390s
 80111878 2331200     cutoff   55         0.02475    0.02789  12.7%  25.9 12395s
 80151459 2328359    0.02591   44   55    0.02475    0.02789  12.7%  25.9 12400s
 80191621 2325558    0.02547   90    5    0.02475    0.02788  12.6%  25.9 12405s
 80231223 2322589 infeasible   63         0.02475    0.02788  12.6%  25.9 12410s
 80274988 2322212    0.02501   46   46    0.02475    0.02787  12.6%  25.8 12415s
 80314965 2319252     cutoff   50         0.02475    0.02787  12.6%  25.8 12420s
 80353604 2316168     cutoff   39         0.02475    0.02786  12.6%  25.8 12425s
 80388413 2313214    0.02703   41   57    0.02475    0.02786  12.6%  25.8 12430s
 80428541 2310110    0.02701   43   53    0.02475    0.02785  12.5%  25.8 12435s
 80469279 2306953     cutoff   54         0.02475    0.02785  12.5%  25.8 12440s
 80508928 2303764    0.02524   49   48    0.02475    0.02784  12.5%  25.8 12445s
 80545747 2301453     cutoff   47         0.02475    0.02784  12.5%  25.8 12450s
 80586141 2298560    0.02548   50   61    0.02475    0.02783  12.4%  25.8 12455s
 80621762 2295928     cutoff   59         0.02475    0.02783  12.4%  25.8 12460s
 80663003 2293295    0.02632   47   52    0.02475    0.02782  12.4%  25.8 12465s
 80703506 2290257    0.02752   39   55    0.02475    0.02782  12.4%  25.8 12470s
 80743623 2287257    0.02779   40   52    0.02475    0.02781  12.4%  25.8 12475s
 80781568 2283962     cutoff   44         0.02475    0.02781  12.3%  25.8 12480s
 80822868 2280772    0.02700   46   54    0.02475    0.02780  12.3%  25.8 12485s
 80863863 2277702    0.02549   46   56    0.02475    0.02780  12.3%  25.8 12490s
 80900623 2274577    0.02565   40   52    0.02475    0.02779  12.3%  25.8 12495s
 80941688 2271737     cutoff   48         0.02475    0.02779  12.3%  25.8 12500s
 80982335 2268360    0.02677   41   57    0.02475    0.02778  12.2%  25.8 12505s
 81022743 2264690    0.02571   48   50    0.02475    0.02778  12.2%  25.8 12510s
 81059433 2261778    0.02661   50   53    0.02475    0.02777  12.2%  25.8 12515s
 81099848 2258579 infeasible   51         0.02475    0.02777  12.2%  25.8 12520s
 81136485 2256061     cutoff   51         0.02475    0.02776  12.2%  25.8 12525s
 81171993 2253178 infeasible   83         0.02475    0.02776  12.1%  25.8 12530s
 81213320 2250166    0.02578   48   59    0.02475    0.02775  12.1%  25.8 12535s
 81274471 2252696    0.02775   85    4    0.02475    0.02775  12.1%  25.7 12540s
 81326569 2254347     cutoff   46         0.02475    0.02775  12.1%  25.7 12545s
 81361890 2251516     cutoff   51         0.02475    0.02774  12.1%  25.7 12550s
 81414959 2249585    0.02640   47   60    0.02475    0.02774  12.1%  25.7 12555s
 81459906 2246319    0.02497   43   49    0.02475    0.02774  12.1%  25.7 12560s
 81503172 2243400    0.02620   40   59    0.02475    0.02773  12.0%  25.7 12565s
 81545305 2240156 infeasible   42         0.02475    0.02773  12.0%  25.7 12570s
 81582290 2236931     cutoff   48         0.02475    0.02772  12.0%  25.7 12575s
 81622557 2233533    0.02525   42   54    0.02475    0.02772  12.0%  25.7 12580s
 81663326 2229995    0.02544   41   58    0.02475    0.02771  12.0%  25.7 12585s
 81703715 2227565     cutoff   39         0.02475    0.02770  11.9%  25.7 12590s
 81744945 2224346     cutoff   46         0.02475    0.02770  11.9%  25.7 12595s
 81785455 2221416    0.02769   36   57    0.02475    0.02770  11.9%  25.7 12600s
 81821956 2218537     cutoff   45         0.02475    0.02769  11.9%  25.7 12605s
 81860397 2215079    0.02736   46   55    0.02475    0.02768  11.8%  25.7 12610s
 81900445 2211687 infeasible   82         0.02475    0.02768  11.8%  25.7 12615s
 81939320 2208477    0.02762   49   57    0.02475    0.02767  11.8%  25.7 12620s
 81979088 2205066    0.02674   44   58    0.02475    0.02767  11.8%  25.7 12625s
 82019319 2201536    0.02564   48   54    0.02475    0.02766  11.8%  25.7 12630s
 82055150 2198703     cutoff   50         0.02475    0.02766  11.7%  25.7 12635s
 82095520 2195583     cutoff   50         0.02475    0.02765  11.7%  25.7 12640s
 82136156 2192436    0.02513   50   55    0.02475    0.02765  11.7%  25.7 12645s
 82176852 2189110    0.02753   41   61    0.02475    0.02764  11.7%  25.6 12650s
 82218257 2185986    0.02520   79    5    0.02475    0.02764  11.7%  25.6 12655s
 82253300 2183342     cutoff   49         0.02475    0.02763  11.6%  25.6 12660s
 82291126 2179753     cutoff   47         0.02475    0.02763  11.6%  25.6 12665s
 82330165 2176483     cutoff   37         0.02475    0.02762  11.6%  25.6 12670s
 82371674 2172610    0.02495   51   41    0.02475    0.02761  11.6%  25.6 12675s
 82411373 2168839     cutoff   47         0.02475    0.02761  11.5%  25.6 12680s
 82451185 2165055    0.02610   37   57    0.02475    0.02760  11.5%  25.6 12685s
 82483698 2162061     cutoff   50         0.02475    0.02760  11.5%  25.6 12690s
 82530774 2159157 infeasible   83         0.02475    0.02759  11.5%  25.6 12695s
 82573622 2156205    0.02538   53   59    0.02475    0.02759  11.5%  25.6 12700s
 82614034 2152518     cutoff   46         0.02475    0.02758  11.4%  25.6 12705s
 82655203 2149029     cutoff   41         0.02475    0.02758  11.4%  25.6 12710s
 82696321 2145602     cutoff   42         0.02475    0.02757  11.4%  25.6 12715s
 82731432 2142417    0.02498   42   57    0.02475    0.02757  11.4%  25.6 12720s
 82772250 2138525     cutoff   49         0.02475    0.02756  11.4%  25.6 12725s
 82813367 2135113     cutoff   45         0.02475    0.02756  11.3%  25.6 12730s
 82852977 2131580     cutoff   39         0.02475    0.02755  11.3%  25.6 12735s
 82893480 2127923     cutoff   48         0.02475    0.02755  11.3%  25.6 12740s
 82933191 2124264    0.02565   43   52    0.02475    0.02754  11.3%  25.6 12745s
 82969419 2121135 infeasible   44         0.02475    0.02753  11.2%  25.6 12750s
 83010909 2117472     cutoff   49         0.02475    0.02753  11.2%  25.6 12755s
 83051252 2113815     cutoff   45         0.02475    0.02752  11.2%  25.6 12760s
 83092390 2110305     cutoff   42         0.02475    0.02752  11.2%  25.6 12765s
 83131718 2107951    0.02563   62   14    0.02475    0.02751  11.2%  25.6 12770s
 83168507 2105410    0.02506   59   55    0.02475    0.02751  11.1%  25.6 12775s
 83208906 2101706    0.02739   41   57    0.02475    0.02750  11.1%  25.6 12780s
 83249053 2098638    0.02747   43   52    0.02475    0.02750  11.1%  25.5 12785s
 83288695 2094613 infeasible   74         0.02475    0.02749  11.1%  25.5 12790s
 83329770 2090943    0.02520   50   53    0.02475    0.02749  11.1%  25.5 12795s
 83364022 2087715    0.02504   47   61    0.02475    0.02748  11.0%  25.5 12800s
 83403710 2083885     cutoff   48         0.02475    0.02748  11.0%  25.5 12805s
 83442922 2079586    0.02526   50   55    0.02475    0.02747  11.0%  25.5 12810s
 83483896 2075678     cutoff   45         0.02475    0.02747  11.0%  25.5 12815s
 83523909 2071748     cutoff   41         0.02475    0.02746  10.9%  25.5 12820s
 83563743 2068015 infeasible   71         0.02475    0.02745  10.9%  25.5 12825s
 83604882 2063841     cutoff   51         0.02475    0.02745  10.9%  25.5 12830s
 83640181 2060816    0.02722   44   50    0.02475    0.02744  10.9%  25.5 12835s
 83680582 2056666     cutoff   43         0.02475    0.02744  10.8%  25.5 12840s
 83720708 2052782     cutoff   45         0.02475    0.02743  10.8%  25.5 12845s

Cutting planes:
  Gomory: 32
  Lift-and-project: 3
  Implied bound: 12
  MIR: 12
  Flow cover: 53
  Inf proof: 4
  RLT: 80
  Relax-and-lift: 17
  BQP: 43

Explored 83746679 nodes (2135997896 simplex iterations) in 12848.17 seconds (21178.24 work units)
Thread count was 4 (of 4 available processors)

Solution count 10: 0.0247519 0.023999 0.0239693 ... 0.0237067

Optimization achieved user objective limit
Best objective 2.475188661447e-02, best bound 2.742619231057e-02, gap 10.8045%
{"verdict": "PROVED", "status": "BOUND_REACHED", "runtime": 12848.175599098206, "objval": 0.02475188661446996, "objbound": 0.027426192310569874, "binaries": 70}
