Set parameter NodefileStart to value 6
Read parameters from file gurobi.env
Restricted license - for non-production use only - expires 2027-11-29
Set parameter OutputFlag to value 1
Set parameter Threads to value 4
Set parameter TimeLimit to value 19800
Set parameter MIPGap to value 5e-05
Set parameter MIPFocus to value 2
Set parameter NonConvex to value 2
Set parameter BestBdStop to value 2.7426211734693878e-02
Gurobi Optimizer version 13.0.3 build v13.0.3rc0 (linux64 - "Ubuntu 24.04.5 LTS")

CPU model: AMD EPYC 7763 64-Core Processor, instruction set [SSE2|AVX|AVX2]
Thread count: 2 physical cores, 4 logical processors, using up to 4 threads

Non-default parameters:
TimeLimit  19800
BestBdStop  2.7426211734693878e-02
MIPGap  5e-05
MIPFocus  2
NodefileStart  6
NonConvex  2
Threads  4

Optimize a model with 165 rows, 135 columns and 976 nonzeros (Max)
Model fingerprint: 0xa6cd7516
Model has 1 linear objective coefficients
Model has 50 quadratic constraints
Variable types: 65 continuous, 70 integer (70 binary)
Coefficient statistics:
  Matrix range     [5e-01, 1e+00]
  QMatrix range    [1e+00, 1e+00]
  QLMatrix range   [1e+00, 1e+00]
  Objective range  [1e+00, 1e+00]
  Bounds range     [5e-01, 1e+00]
  RHS range        [1e+00, 1e+00]

Found heuristic solution: objective -0.0000000
Presolve time: 0.00s
Presolved: 365 rows, 136 columns, 1376 nonzeros
Presolved model has 50 bilinear constraint(s)

Solving non-convex MIQCP to global optimality

Variable types: 66 continuous, 70 integer (70 binary)
Root relaxation presolve removed 50 rows and 1 columns
Root relaxation presolved: 315 rows, 135 columns, 1326 nonzeros


Root relaxation: objective 2.500000e-01, 110 iterations, 0.00 seconds (0.00 work units)

    Nodes    |    Current Node    |     Objective Bounds      |     Work
 Expl Unexpl |  Obj  Depth IntInf | Incumbent    BestBd   Gap | It/Node Time

     0     0    0.25000    0   57   -0.00000    0.25000      -     -    0s
     0     0    0.25000    0   63   -0.00000    0.25000      -     -    0s
     0     0    0.16667    0  100   -0.00000    0.16667      -     -    0s
     0     0    0.16667    0   61   -0.00000    0.16667      -     -    0s
     0     0    0.15000    0   62   -0.00000    0.15000      -     -    0s
     0     0    0.14286    0   99   -0.00000    0.14286      -     -    0s
     0     0    0.14286    0   97   -0.00000    0.14286      -     -    0s
     0     0    0.14000    0   93   -0.00000    0.14000      -     -    0s
     0     0    0.12857    0   86   -0.00000    0.12857      -     -    0s
     0     0    0.12857    0   83   -0.00000    0.12857      -     -    0s
     0     0    0.12857    0   87   -0.00000    0.12857      -     -    0s
     0     0    0.12857    0   88   -0.00000    0.12857      -     -    0s
     0     0    0.12857    0   81   -0.00000    0.12857      -     -    0s
     0     0    0.12857    0   81   -0.00000    0.12857      -     -    0s
     0     0    0.12857    0   82   -0.00000    0.12857      -     -    0s
     0     0    0.12857    0   81   -0.00000    0.12857      -     -    0s
     0     0    0.12857    0   81   -0.00000    0.12857      -     -    0s
     0     0    0.12857    0   81   -0.00000    0.12857      -     -    0s
     0     0    0.12857    0   78   -0.00000    0.12857      -     -    0s
     0     0    0.12500    0   77   -0.00000    0.12500      -     -    0s
     0     0    0.12500    0   78   -0.00000    0.12500      -     -    0s
     0     0    0.12500    0   78   -0.00000    0.12500      -     -    0s
     0     0    0.12500    0   78   -0.00000    0.12500      -     -    0s
     0     0    0.12500    0   78   -0.00000    0.12500      -     -    0s
H    0     0                       0.0048909    0.12500  2456%     -    0s
H    0     0                       0.0058243    0.12500  2046%     -    0s
H    0     0                       0.0059354    0.12500  2006%     -    0s
H    0     0                       0.0060326    0.12500  1972%     -    0s
     0     2    0.12500    0   78    0.00603    0.12500  1972%     -    0s
H    7    12                       0.0060326    0.12408  1957%   135    0s
H   46    48                       0.0069483    0.12408  1686%  53.3    0s
H  289   302                       0.0069483    0.12408  1686%  37.3    0s
H 1272   958                       0.0110293    0.09333   746%  36.2    2s
H 1272   910                       0.0115217    0.09333   710%  36.2    2s
H 1272   864                       0.0116134    0.09310   702%  36.2    2s
H 1275   822                       0.0116822    0.09118   681%  36.1    2s
H 2035  1039                       0.0209484    0.08979   329%  39.3    4s
H 2211  1039                       0.0209484    0.08979   329%  39.5    4s
  3823  1250    0.02875   37   63    0.02095    0.08361   299%  37.9    5s
 17563  6674    0.04275   36   64    0.02095    0.07224   245%  37.6   10s
H28972 10208                       0.0209484    0.06771   223%  37.5   14s
 31874 11224    0.03257   44   61    0.02095    0.06702   220%  37.1   15s
H42778 14549                       0.0209484    0.06522   211%  37.0   18s
 47199 15976    0.02377   42   54    0.02095    0.06452   208%  37.1   20s
 61685 20233    0.03778   40   58    0.02095    0.06258   199%  36.9   25s
 77768 24756    0.02676   41   52    0.02095    0.06113   192%  37.0   30s
 93718 29289     cutoff   50         0.02095    0.05991   186%  37.0   35s
 107939 33418    0.03387   48   57    0.02095    0.05899   182%  37.0   40s
 123390 37847     cutoff   48         0.02095    0.05809   177%  36.9   45s
 139373 42373    0.04741   39   54    0.02095    0.05744   174%  36.8   50s
 155348 46483    0.03127   49   56    0.02095    0.05689   172%  36.6   55s
 166799 49175     cutoff   42         0.02095    0.05653   170%  36.6   60s
 181531 53101     cutoff   47         0.02095    0.05608   168%  36.7   65s
 197924 57495    0.03333   47   60    0.02095    0.05562   165%  36.6   70s
 213342 61375    0.02476   48   57    0.02095    0.05521   164%  36.6   75s
 229095 65533     cutoff   43         0.02095    0.05488   162%  36.6   80s
 243601 69176    0.02136   54   34    0.02095    0.05455   160%  36.6   85s
 257754 72234     cutoff   48         0.02095    0.05424   159%  36.6   90s
H266249 72671                       0.0215115    0.05406   151%  36.6   92s
 272248 74125 infeasible   57         0.02151    0.05392   151%  36.6   95s
 287851 78044    0.03063   51   57    0.02151    0.05359   149%  36.5  100s
 304487 81714    0.02880   45   54    0.02151    0.05322   147%  36.5  105s
 320248 85441    0.03598   48   60    0.02151    0.05291   146%  36.4  110s
 336067 89299    0.03178   41   57    0.02151    0.05261   145%  36.4  115s
 351489 92670    0.02748   49   44    0.02151    0.05232   143%  36.4  120s
 367457 96030    0.02353   55   29    0.02151    0.05205   142%  36.3  125s
H370571 96655                       0.0215115    0.05198   142%  36.4  126s
 379613 98687    0.03832   40   59    0.02151    0.05185   141%  36.3  130s
 396314 102308    0.02730   45   50    0.02151    0.05159   140%  36.3  135s
 412059 105904    0.03184   48   56    0.02151    0.05136   139%  36.2  140s
 427745 109181    0.03507   40   55    0.02151    0.05115   138%  36.2  145s
 441269 112088     cutoff   50         0.02151    0.05097   137%  36.2  150s
 457927 115750    0.02478   46   54    0.02151    0.05076   136%  36.2  155s
 473726 119319    0.04177   49   57    0.02151    0.05058   135%  36.2  160s
 489135 122425     cutoff   43         0.02151    0.05041   134%  36.1  165s
 504366 125887    0.05004   39   62    0.02151    0.05022   133%  36.1  170s
 518162 129056     cutoff   52         0.02151    0.05008   133%  36.1  175s
 533654 132256     cutoff   45         0.02151    0.04992   132%  36.1  180s
 549100 135399     cutoff   43         0.02151    0.04977   131%  36.1  185s
 564258 138273     cutoff   41         0.02151    0.04962   131%  36.1  190s
 580152 141195    0.02300   51   58    0.02151    0.04945   130%  36.1  195s
 591819 143544     cutoff   44         0.02151    0.04932   129%  36.1  200s
 606521 146241    0.02438   43   59    0.02151    0.04918   129%  36.1  205s
 622840 149583    0.02748   49   71    0.02151    0.04903   128%  36.1  210s
 638009 153000    0.03513   49   56    0.02151    0.04890   127%  36.1  215s
 653800 155794    0.04062   48   69    0.02151    0.04874   127%  36.1  220s
 669123 158557     cutoff   48         0.02151    0.04860   126%  36.1  225s
 685140 161157    0.04448   42   60    0.02151    0.04846   125%  36.1  230s
 700956 163938     cutoff   43         0.02151    0.04831   125%  36.1  235s
 716886 166875     cutoff   54         0.02151    0.04818   124%  36.1  240s
 730806 169405    0.02544   43   57    0.02151    0.04805   123%  36.0  245s
 746940 172258     cutoff   39         0.02151    0.04791   123%  36.0  250s
 762684 175229    0.02420   48   52    0.02151    0.04778   122%  36.0  255s
 777544 177990    0.02640   49   58    0.02151    0.04766   122%  36.0  260s
 791502 180397     cutoff   46         0.02151    0.04756   121%  36.0  265s
 807032 183095     cutoff   52         0.02151    0.04746   121%  36.0  270s
 822723 186066    0.02435   47   53    0.02151    0.04734   120%  36.0  275s
 838661 189116    0.04152   45   66    0.02151    0.04722   120%  35.9  280s
 852011 191466    0.03203   49   63    0.02151    0.04713   119%  35.9  285s
 864581 193512     cutoff   53         0.02151    0.04704   119%  35.9  290s
 880503 196456    0.02227   50   59    0.02151    0.04693   118%  35.9  295s
 896429 199358    0.03494   46   54    0.02151    0.04682   118%  35.9  300s
 911994 202228     cutoff   53         0.02151    0.04672   117%  35.9  305s
 927486 204983 infeasible   45         0.02151    0.04662   117%  35.9  310s
 943577 207761    0.02251   44   56    0.02151    0.04653   116%  35.9  315s
 959438 210760    0.04076   43   60    0.02151    0.04644   116%  35.9  320s
 974579 213277    0.02572   49   52    0.02151    0.04635   115%  35.8  325s
 990590 216021    0.02775   53   46    0.02151    0.04626   115%  35.8  330s
 1006801 218775     cutoff   47         0.02151    0.04617   115%  35.8  335s
 1022621 221324    0.02989   49   44    0.02151    0.04608   114%  35.8  340s
 1038202 223933    0.02357   50   53    0.02151    0.04600   114%  35.8  345s
 1054234 226864     cutoff   46         0.02151    0.04591   113%  35.8  350s
*1062396 226715             102       0.0216947    0.04587   111%  35.8  352s
H1062461 227446                       0.0216947    0.04587   111%  35.8  354s
H1066463 197008                       0.0246844    0.04585  85.7%  35.8  354s
H1067484 197189                       0.0246849    0.04584  85.7%  35.8  355s
H1067485 187709                       0.0256277    0.04584  78.9%  35.8  355s
H1068799 186881                       0.0257189    0.04584  78.2%  35.8  355s
H1070115 183431                       0.0260694    0.04582  75.8%  35.8  356s
H1071562 182326                       0.0261973    0.04582  74.9%  35.8  357s
H1071566 180975                       0.0263328    0.04582  74.0%  35.8  357s
H1072598 180865                       0.0263510    0.04581  73.8%  35.8  358s
 1076742 181178    0.03095   46   56    0.02635    0.04577  73.7%  35.8  360s
 1092606 182573    0.03269   44   55    0.02635    0.04565  73.2%  35.8  365s
 1107791 183887    0.02902   47   57    0.02635    0.04552  72.7%  35.7  370s
 1123218 185214    0.03071   43   65    0.02635    0.04539  72.3%  35.7  375s
 1138559 186612     cutoff   43         0.02635    0.04526  71.8%  35.7  380s
 1152570 188011    0.03752   47   62    0.02635    0.04515  71.3%  35.7  385s
 1167088 189243    0.03043   46   50    0.02635    0.04504  70.9%  35.6  390s
 1181691 190436    0.04440   40   72    0.02635    0.04493  70.5%  35.6  395s
H1188786 190804                       0.0263752    0.04488  70.2%  35.6  397s
 1194582 191360    0.03935   41   69    0.02638    0.04484  70.0%  35.6  400s
 1209936 192500    0.03801   47   52    0.02638    0.04473  69.6%  35.6  405s
 1225474 193673    0.04144   43   67    0.02638    0.04462  69.2%  35.6  410s
 1240994 195099     cutoff   44         0.02638    0.04450  68.7%  35.5  415s
 1256503 196552     cutoff   47         0.02638    0.04439  68.3%  35.5  420s
 1270083 197807    0.03265   47   57    0.02638    0.04430  68.0%  35.5  425s
 1285816 199326    0.02754   51   22    0.02638    0.04420  67.6%  35.4  430s
 1301806 200431    0.02709   53   35    0.02638    0.04410  67.2%  35.4  435s
 1316995 201709    0.02857   42   55    0.02638    0.04400  66.8%  35.4  440s
 1330563 202937 infeasible   63         0.02638    0.04392  66.5%  35.3  445s
 1347149 204461     cutoff   52         0.02638    0.04383  66.2%  35.3  450s
 1361881 205884    0.03795   43   67    0.02638    0.04374  65.8%  35.3  455s
 1377679 207263    0.03077   48   62    0.02638    0.04364  65.5%  35.3  460s
 1393505 208561     cutoff   55         0.02638    0.04355  65.1%  35.2  465s
 1405677 209504    0.03447   44   53    0.02638    0.04349  64.9%  35.2  470s
 1420279 210735    0.03146   41   74    0.02638    0.04340  64.6%  35.2  475s
 1435609 212166    0.03206   51   69    0.02638    0.04331  64.2%  35.2  480s
 1450114 213368     cutoff   50         0.02638    0.04322  63.9%  35.1  485s
 1465711 214691    0.02647   55   27    0.02638    0.04314  63.5%  35.1  490s
 1481802 216042     cutoff   47         0.02638    0.04305  63.2%  35.1  495s
 1497569 217408    0.03862   46   62    0.02638    0.04296  62.9%  35.1  500s
 1512994 218482     cutoff   46         0.02638    0.04288  62.6%  35.0  505s
 1529107 219939    0.03725   44   58    0.02638    0.04279  62.2%  35.0  510s
 1543851 221105     cutoff   57         0.02638    0.04271  61.9%  35.0  515s
 1559928 222531     cutoff   57         0.02638    0.04263  61.6%  34.9  520s
 1575799 223758    0.02900   55   60    0.02638    0.04255  61.3%  34.9  525s
 1591788 225023    0.02890   42   61    0.02638    0.04246  61.0%  34.9  530s
 1607342 226305     cutoff   44         0.02638    0.04239  60.7%  34.9  535s
 1622124 227545    0.03274   48   57    0.02638    0.04231  60.4%  34.9  540s
 1636666 228915    0.03289   49   64    0.02638    0.04224  60.1%  34.8  545s
 1652717 230112    0.04215   46   41    0.02638    0.04216  59.9%  34.8  550s
 1668781 231436    0.02952   41   48    0.02638    0.04208  59.6%  34.8  555s
 1685126 232551     cutoff   50         0.02638    0.04200  59.2%  34.7  560s
 1698795 233792    0.03565   43   64    0.02638    0.04194  59.0%  34.7  565s
 1715520 235114     cutoff   48         0.02638    0.04186  58.7%  34.7  570s
 1731699 236474     cutoff   49         0.02638    0.04179  58.4%  34.6  575s
 1748060 237857     cutoff   48         0.02638    0.04171  58.2%  34.6  580s
 1764810 239215     cutoff   52         0.02638    0.04164  57.9%  34.6  585s
 1779810 240629    0.02797   49   56    0.02638    0.04158  57.7%  34.6  590s
 1794913 242161     cutoff   50         0.02638    0.04152  57.4%  34.5  595s
 1811903 243681    0.03099   46   60    0.02638    0.04144  57.1%  34.5  600s
 1828491 244981     cutoff   44         0.02638    0.04137  56.9%  34.4  605s
 1845248 246687     cutoff   51         0.02638    0.04131  56.6%  34.4  610s
 1858900 247983    0.03859   59   50    0.02638    0.04126  56.4%  34.4  615s
 1874870 249576    0.02732   56   43    0.02638    0.04120  56.2%  34.3  620s
 1890240 250977    0.03270   46   48    0.02638    0.04114  56.0%  34.3  625s
 1907301 252536     cutoff   53         0.02638    0.04107  55.7%  34.3  630s
 1923140 253833    0.03386   45   59    0.02638    0.04102  55.5%  34.2  635s
 1937760 255045    0.03258   52   59    0.02638    0.04096  55.3%  34.2  640s
H1940050 255083                       0.0264069    0.04095  55.1%  34.2  641s
 1951748 255810    0.03027   52   62    0.02641    0.04091  54.9%  34.2  645s
 1969795 257374    0.03446   40   51    0.02641    0.04085  54.7%  34.1  650s
 1987261 258773    0.03166   53   58    0.02641    0.04079  54.5%  34.1  655s
 2005073 260300     cutoff   53         0.02641    0.04073  54.3%  34.0  660s
 2022154 261591    0.03534   44   58    0.02641    0.04067  54.0%  34.0  665s
 2039575 263133    0.03830   45   66    0.02641    0.04062  53.8%  34.0  670s
 2056223 264673    0.03096   50   54    0.02641    0.04056  53.6%  33.9  675s
 2073259 266123    0.03221   54   64    0.02641    0.04051  53.4%  33.9  680s
 2090747 267512     cutoff   48         0.02641    0.04044  53.2%  33.9  685s
 2106709 268965     cutoff   57         0.02641    0.04039  53.0%  33.8  690s
 2124722 270600    0.02647   58   60    0.02641    0.04033  52.7%  33.8  695s
 2141918 271993     cutoff   49         0.02641    0.04028  52.5%  33.8  700s
 2160023 273750    0.03729   43   57    0.02641    0.04023  52.3%  33.7  705s
 2174512 274979    0.02771   44   50    0.02641    0.04018  52.2%  33.7  710s
 2192025 276508     cutoff   52         0.02641    0.04013  52.0%  33.7  715s
 2209949 277803     cutoff   47         0.02641    0.04007  51.7%  33.6  720s
 2227660 279286    0.03851   52   55    0.02641    0.04001  51.5%  33.6  725s
 2245052 280881     cutoff   54         0.02641    0.03997  51.4%  33.6  730s
 2257643 281923     cutoff   49         0.02641    0.03993  51.2%  33.6  735s
 2275359 283447    0.03154   48   66    0.02641    0.03987  51.0%  33.5  740s
 2292072 285114    0.03557   44   64    0.02641    0.03983  50.8%  33.5  745s
 2309420 286730     cutoff   47         0.02641    0.03979  50.7%  33.5  750s
 2326598 288329     cutoff   39         0.02641    0.03974  50.5%  33.4  755s
 2343879 289969     cutoff   49         0.02641    0.03970  50.3%  33.4  760s
 2362202 291408     cutoff   42         0.02641    0.03965  50.1%  33.4  765s
 2379229 292977    0.03288   57   61    0.02641    0.03960  50.0%  33.3  770s
 2397330 294552    0.02797   42   58    0.02641    0.03955  49.8%  33.3  775s
 2415454 296139     cutoff   44         0.02641    0.03950  49.6%  33.3  780s
 2432998 297474    0.02682   68   36    0.02641    0.03946  49.4%  33.2  785s
 2447916 298780 infeasible   47         0.02641    0.03942  49.3%  33.2  790s
 2465767 300445     cutoff   57         0.02641    0.03937  49.1%  33.2  795s
 2483418 301923    0.03531   46   63    0.02641    0.03932  48.9%  33.1  800s
 2499271 303274     cutoff   45         0.02641    0.03928  48.8%  33.1  805s
 2513450 304547     cutoff   56         0.02641    0.03925  48.6%  33.1  810s
 2531114 306062     cutoff   57         0.02641    0.03921  48.5%  33.1  815s
 2548913 307545     cutoff   51         0.02641    0.03916  48.3%  33.0  820s
 2565933 308943     cutoff   43         0.02641    0.03912  48.1%  33.0  825s
 2583949 310534     cutoff   48         0.02641    0.03908  48.0%  33.0  830s
 2601495 311977     cutoff   45         0.02641    0.03903  47.8%  33.0  835s
 2619485 313475     cutoff   57         0.02641    0.03899  47.7%  32.9  840s
 2636962 314914    0.02840   45   55    0.02641    0.03895  47.5%  32.9  845s
 2655336 316266    0.03401   45   57    0.02641    0.03891  47.3%  32.9  850s
 2672991 317782    0.02829   51   35    0.02641    0.03887  47.2%  32.8  855s
 2691533 319186    0.02759   60   54    0.02641    0.03883  47.0%  32.8  860s
 2708712 320563    0.02906   48   50    0.02641    0.03878  46.9%  32.8  865s
 2725308 321892    0.03133   42   61    0.02641    0.03874  46.7%  32.8  870s
 2742021 323229    0.03712   50   62    0.02641    0.03870  46.6%  32.7  875s
 2759462 324791     cutoff   57         0.02641    0.03867  46.4%  32.7  880s
 2778422 326332     cutoff   44         0.02641    0.03863  46.3%  32.7  885s
 2795417 327792     cutoff   60         0.02641    0.03859  46.1%  32.6  890s
 2813426 329132    0.03016   50   55    0.02641    0.03855  46.0%  32.6  895s
 2829806 330389    0.02767   52   55    0.02641    0.03852  45.9%  32.6  900s
 2847892 331855     cutoff   52         0.02641    0.03848  45.7%  32.6  905s
 2866030 333354    0.03265   44   56    0.02641    0.03844  45.6%  32.5  910s
 2883775 334752     cutoff   45         0.02641    0.03840  45.4%  32.5  915s
 2900025 336107    0.02691   59   35    0.02641    0.03837  45.3%  32.5  920s
 2917318 337498     cutoff   51         0.02641    0.03834  45.2%  32.5  925s
 2935992 339069    0.03226   51   36    0.02641    0.03830  45.0%  32.4  930s
 2953169 340513     cutoff   50         0.02641    0.03827  44.9%  32.4  935s
 2970975 341908    0.03069   55   53    0.02641    0.03823  44.8%  32.4  940s
 2986701 343199    0.03153   39   55    0.02641    0.03820  44.7%  32.4  945s
 3005188 344767     cutoff   47         0.02641    0.03817  44.5%  32.3  950s
 3023127 346208     cutoff   66         0.02641    0.03813  44.4%  32.3  955s
 3041073 347524 infeasible   51         0.02641    0.03810  44.3%  32.3  960s
 3057988 349030     cutoff   50         0.02641    0.03807  44.2%  32.3  965s
 3076168 350454 infeasible   45         0.02641    0.03803  44.0%  32.2  970s
 3094344 351729    0.03357   38   71    0.02641    0.03800  43.9%  32.2  975s
 3113199 353268    0.02771   42   52    0.02641    0.03796  43.7%  32.2  980s
 3130917 354473    0.03786   46   57    0.02641    0.03793  43.6%  32.2  985s
 3147479 355636    0.02809   52   59    0.02641    0.03790  43.5%  32.1  990s
 3165278 357504    0.03604   48   60    0.02641    0.03787  43.4%  32.1  995s
 3183034 358788     cutoff   50         0.02641    0.03783  43.3%  32.1 1000s
 3201630 360167    0.03149   49   46    0.02641    0.03780  43.1%  32.1 1005s
 3219747 361625    0.02737   58   48    0.02641    0.03776  43.0%  32.0 1010s
 3235993 362810 infeasible   62         0.02641    0.03774  42.9%  32.0 1015s
 3252907 364208    0.03469   55   59    0.02641    0.03770  42.8%  32.0 1020s
 3271432 365592    0.02963   45   53    0.02641    0.03767  42.7%  32.0 1025s
 3289305 366951     cutoff   51         0.02641    0.03764  42.5%  31.9 1030s
 3308596 368421    0.03253   60   50    0.02641    0.03761  42.4%  31.9 1035s
 3323989 369642    0.03408   47   62    0.02641    0.03758  42.3%  31.9 1040s
 3341904 371014    0.02736   47   59    0.02641    0.03755  42.2%  31.9 1045s
 3359761 372442    0.02807   67   38    0.02641    0.03751  42.1%  31.8 1050s
 3377772 373775    0.02958   51   54    0.02641    0.03749  42.0%  31.8 1055s
 3396686 374937    0.03181   44   54    0.02641    0.03745  41.8%  31.8 1060s
 3413821 376361     cutoff   54         0.02641    0.03742  41.7%  31.8 1065s
 3432309 378292     cutoff   54         0.02641    0.03740  41.6%  31.7 1070s
 3450836 379835     cutoff   53         0.02641    0.03736  41.5%  31.7 1075s
 3469616 381334     cutoff   54         0.02641    0.03733  41.4%  31.7 1080s
 3486826 382430     cutoff   47         0.02641    0.03730  41.3%  31.7 1085s
 3505996 383782    0.02827   54   52    0.02641    0.03727  41.2%  31.7 1090s
 3521901 384981    0.03221   50   70    0.02641    0.03725  41.1%  31.6 1095s
 3540928 386406    0.02927   54   51    0.02641    0.03722  41.0%  31.6 1100s
 3557337 387666     cutoff   66         0.02641    0.03720  40.9%  31.6 1105s
 3575925 389144     cutoff   45         0.02641    0.03717  40.7%  31.6 1110s
 3594596 390419    0.03176   46   62    0.02641    0.03714  40.6%  31.5 1115s
 3613249 391756    0.02878   53   59    0.02641    0.03711  40.5%  31.5 1120s
 3629217 392878     cutoff   52         0.02641    0.03708  40.4%  31.5 1125s
 3646962 394146    0.03604   46   61    0.02641    0.03705  40.3%  31.5 1130s
 3665026 395392    0.03029   54   55    0.02641    0.03703  40.2%  31.5 1135s
 3683988 396894 infeasible   60         0.02641    0.03700  40.1%  31.4 1140s
 3702837 398501     cutoff   49         0.02641    0.03697  40.0%  31.4 1145s
 3718994 399575    0.03360   41   56    0.02641    0.03695  39.9%  31.4 1150s
 3738215 400979     cutoff   54         0.02641    0.03692  39.8%  31.4 1155s
 3756997 402357    0.03206   45   59    0.02641    0.03689  39.7%  31.3 1160s
 3775706 403667    0.02962   45   49    0.02641    0.03686  39.6%  31.3 1165s
 3794169 405065    0.03338   45   62    0.02641    0.03683  39.5%  31.3 1170s
H3794180 404462                       0.0264286    0.03683  39.4%  31.3 1170s
H3795381 404157                       0.0264394    0.03683  39.3%  31.3 1171s
 3807290 404909     cutoff   51         0.02644    0.03681  39.2%  31.3 1175s
 3826665 406407     cutoff   50         0.02644    0.03678  39.1%  31.3 1180s
 3845164 407746     cutoff   47         0.02644    0.03676  39.0%  31.2 1185s
 3864146 409350    0.02979   49   57    0.02644    0.03673  38.9%  31.2 1190s
 3882126 410583     cutoff   48         0.02644    0.03670  38.8%  31.2 1195s
 3899560 411802    0.03639   46   56    0.02644    0.03668  38.7%  31.2 1200s
 3914849 412861     cutoff   79         0.02644    0.03666  38.7%  31.2 1205s
 3933783 414082    0.03004   52   44    0.02644    0.03664  38.6%  31.1 1210s
 3950560 415261     cutoff   49         0.02644    0.03661  38.5%  31.1 1215s
 3969273 416726    0.03628   43   62    0.02644    0.03659  38.4%  31.1 1220s
 3988012 418056    0.03345   41   58    0.02644    0.03656  38.3%  31.1 1225s
 4006892 419328     cutoff   58         0.02644    0.03654  38.2%  31.1 1230s
 4024893 420715 infeasible   55         0.02644    0.03651  38.1%  31.0 1235s
 4044329 422129     cutoff   45         0.02644    0.03649  38.0%  31.0 1240s
 4063092 423239     cutoff   56         0.02644    0.03647  37.9%  31.0 1245s
 4082314 424677    0.03062   47   61    0.02644    0.03644  37.8%  31.0 1250s
 4101418 425996     cutoff   51         0.02644    0.03642  37.7%  31.0 1255s
 4120396 427322     cutoff   49         0.02644    0.03639  37.6%  30.9 1260s
 4138887 428525    0.02670   49   63    0.02644    0.03637  37.5%  30.9 1265s
 4156146 429713     cutoff   48         0.02644    0.03634  37.5%  30.9 1270s
 4173115 430821    0.02827   52   55    0.02644    0.03632  37.4%  30.9 1275s
 4192250 432154     cutoff   48         0.02644    0.03630  37.3%  30.9 1280s
 4211042 433556    0.02996   55   55    0.02644    0.03627  37.2%  30.8 1285s
 4228810 434539    0.03165   44   71    0.02644    0.03625  37.1%  30.8 1290s
 4242818 435613    0.02669   50   63    0.02644    0.03623  37.0%  30.8 1295s
 4261148 436872     cutoff   52         0.02644    0.03620  36.9%  30.8 1300s
 4279853 438124     cutoff   57         0.02644    0.03618  36.8%  30.8 1305s
 4298656 439159    0.03168   44   61    0.02644    0.03616  36.7%  30.7 1310s
 4317200 440285     cutoff   59         0.02644    0.03613  36.7%  30.7 1315s
 4334633 441656    0.03610   52   53    0.02644    0.03611  36.6%  30.7 1320s
 4354680 442998    0.02652   53   50    0.02644    0.03608  36.5%  30.7 1325s
 4373969 444328    0.03236   44   62    0.02644    0.03606  36.4%  30.7 1330s
 4392317 445591    0.03547   54   42    0.02644    0.03604  36.3%  30.6 1335s
 4410882 446840     cutoff   51         0.02644    0.03601  36.2%  30.6 1340s
 4429588 448238     cutoff   46         0.02644    0.03599  36.1%  30.6 1345s
 4448537 449578    0.02822   49   62    0.02644    0.03597  36.0%  30.6 1350s
 4467161 450822    0.03313   48   53    0.02644    0.03595  36.0%  30.6 1355s
 4484070 451809    0.02703   46   65    0.02644    0.03593  35.9%  30.6 1360s
 4503481 453284    0.03300   53   53    0.02644    0.03591  35.8%  30.5 1365s
 4521815 454324    0.02853   46   62    0.02644    0.03588  35.7%  30.5 1370s
 4540071 455553    0.03326   45   54    0.02644    0.03586  35.6%  30.5 1375s
 4558964 456829     cutoff   61         0.02644    0.03584  35.6%  30.5 1380s
 4576021 457933    0.03554   42   66    0.02644    0.03582  35.5%  30.5 1385s
 4594908 459182    0.03580   53   49    0.02644    0.03580  35.4%  30.4 1390s
 4614236 460500    0.02822   47   48    0.02644    0.03578  35.3%  30.4 1395s
 4632869 461767    0.02745   52   60    0.02644    0.03576  35.3%  30.4 1400s
 4650338 462996     cutoff   58         0.02644    0.03574  35.2%  30.4 1405s
 4668741 464182     cutoff   50         0.02644    0.03572  35.1%  30.4 1410s
 4687252 465329     cutoff   58         0.02644    0.03570  35.0%  30.4 1415s
 4706263 466570     cutoff   50         0.02644    0.03568  35.0%  30.3 1420s
 4723672 467742     cutoff   49         0.02644    0.03566  34.9%  30.3 1425s
 4742104 469141    0.02652   58   23    0.02644    0.03564  34.8%  30.3 1430s
 4758877 470139    0.02685   51   58    0.02644    0.03562  34.7%  30.3 1435s
 4776867 471389    0.02833   51   52    0.02644    0.03560  34.7%  30.3 1440s
 4794084 472352     cutoff   57         0.02644    0.03558  34.6%  30.3 1445s
 4811349 473727    0.02919   51   44    0.02644    0.03557  34.5%  30.2 1450s
 4826022 474608    0.02685   43   54    0.02644    0.03555  34.5%  30.2 1455s
 4843478 475766     cutoff   60         0.02644    0.03553  34.4%  30.2 1460s
 4860908 476868    0.02794   46   55    0.02644    0.03551  34.3%  30.2 1465s
 4878871 477870 infeasible   51         0.02644    0.03549  34.2%  30.2 1470s
 4896136 479146    0.02681   49   58    0.02644    0.03548  34.2%  30.2 1475s
 4913920 480266     cutoff   56         0.02644    0.03546  34.1%  30.2 1480s
 4929780 481356    0.03344   53   55    0.02644    0.03544  34.1%  30.1 1485s
 4947222 482286    0.02843   54   44    0.02644    0.03543  34.0%  30.1 1490s
 4965274 483542    0.03152   50   62    0.02644    0.03541  33.9%  30.1 1495s
 4983707 484725    0.02719   55   52    0.02644    0.03539  33.9%  30.1 1500s
 5001160 485853    0.02881   48   70    0.02644    0.03537  33.8%  30.1 1505s
 5017492 486969    0.02759   60   50    0.02644    0.03536  33.7%  30.1 1510s
 5035622 487955    0.03073   51   54    0.02644    0.03534  33.6%  30.0 1515s
 5053980 489121     cutoff   47         0.02644    0.03532  33.6%  30.0 1520s
 5071080 490229    0.02838   59   51    0.02644    0.03530  33.5%  30.0 1525s
 5087467 491236    0.02702   59   48    0.02644    0.03528  33.5%  30.0 1530s
 5103943 492131    0.02818   49   55    0.02644    0.03527  33.4%  30.0 1535s
 5121708 493325     cutoff   56         0.02644    0.03525  33.3%  30.0 1540s
 5139155 494387    0.02902   51   71    0.02644    0.03523  33.3%  30.0 1545s
 5156610 495542    0.02947   51   65    0.02644    0.03522  33.2%  29.9 1550s
 5172537 496473    0.03358   49   58    0.02644    0.03520  33.1%  29.9 1555s
 5190687 497797    0.02785   58   60    0.02644    0.03518  33.1%  29.9 1560s
 5209996 498927     cutoff   51         0.02644    0.03516  33.0%  29.9 1565s
 5229287 500275     cutoff   52         0.02644    0.03514  32.9%  29.9 1570s
 5248341 501504     cutoff   43         0.02644    0.03513  32.9%  29.9 1575s
 5264166 502479    0.02681   50   56    0.02644    0.03511  32.8%  29.8 1580s
 5281118 503639 infeasible   51         0.02644    0.03509  32.7%  29.8 1585s
 5300441 504696    0.02815   57   45    0.02644    0.03507  32.7%  29.8 1590s
 5319123 505631     cutoff   49         0.02644    0.03506  32.6%  29.8 1595s
 5338717 506699     cutoff   46         0.02644    0.03504  32.5%  29.8 1600s
 5358567 507864    0.02739   42   57    0.02644    0.03502  32.4%  29.8 1605s
 5377936 509001    0.02789   58   53    0.02644    0.03500  32.4%  29.7 1610s
 5395477 509896    0.03108   54   57    0.02644    0.03498  32.3%  29.7 1615s
 5414777 511007    0.03207   50   54    0.02644    0.03497  32.2%  29.7 1620s
 5433586 511996    0.02757   46   55    0.02644    0.03495  32.2%  29.7 1625s
 5451686 513246     cutoff   52         0.02644    0.03493  32.1%  29.7 1630s
 5470808 514343    0.03309   46   58    0.02644    0.03492  32.1%  29.7 1635s
 5489914 515495     cutoff   56         0.02644    0.03490  32.0%  29.6 1640s
 5509134 516610    0.03342   53   57    0.02644    0.03488  31.9%  29.6 1645s
 5526923 517711     cutoff   48         0.02644    0.03487  31.9%  29.6 1650s
 5545566 518854     cutoff   60         0.02644    0.03485  31.8%  29.6 1655s
 5565235 520318 infeasible   53         0.02644    0.03483  31.7%  29.6 1660s
 5584459 521331    0.03354   41   69    0.02644    0.03481  31.7%  29.6 1665s
 5603046 522327    0.02692   60   55    0.02644    0.03480  31.6%  29.6 1670s
 5620938 523400    0.03011   72   39    0.02644    0.03478  31.5%  29.5 1675s
 5640566 524592     cutoff   53         0.02644    0.03476  31.5%  29.5 1680s
 5660059 525529    0.03158   46   55    0.02644    0.03475  31.4%  29.5 1685s
 5677851 526777    0.03196   46   58    0.02644    0.03473  31.4%  29.5 1690s
 5692068 527579     cutoff   48         0.02644    0.03472  31.3%  29.5 1695s
 5711675 528736    0.03167   50   58    0.02644    0.03470  31.3%  29.5 1700s
 5730271 529759     cutoff   60         0.02644    0.03469  31.2%  29.5 1705s
 5749175 530758    0.02913   48   56    0.02644    0.03467  31.1%  29.4 1710s
 5768571 531933     cutoff   55         0.02644    0.03465  31.1%  29.4 1715s
 5787635 532990 infeasible   51         0.02644    0.03464  31.0%  29.4 1720s
 5806550 533879    0.03251   49   57    0.02644    0.03462  30.9%  29.4 1725s
 5826626 534931     cutoff   49         0.02644    0.03460  30.9%  29.4 1730s
 5846206 535995     cutoff   47         0.02644    0.03459  30.8%  29.4 1735s
 5865702 537111    0.03033   48   61    0.02644    0.03457  30.7%  29.3 1740s
 5885382 538391    0.02655   51   51    0.02644    0.03455  30.7%  29.3 1745s
 5905114 539578     cutoff   53         0.02644    0.03454  30.6%  29.3 1750s
 5924278 540683    0.02659   56   54    0.02644    0.03452  30.6%  29.3 1755s
 5943269 541789     cutoff   50         0.02644    0.03450  30.5%  29.3 1760s
 5960571 542615    0.02804   53   68    0.02644    0.03449  30.5%  29.3 1765s
 5978513 543701    0.02649   52   54    0.02644    0.03448  30.4%  29.3 1770s
 5998084 544826    0.03027   42   60    0.02644    0.03446  30.3%  29.2 1775s
 6017979 545817    0.02659   49   60    0.02644    0.03444  30.3%  29.2 1780s
 6037689 547164    0.03201   49   58    0.02644    0.03443  30.2%  29.2 1785s
 6055263 548195     cutoff   50         0.02644    0.03441  30.2%  29.2 1790s
 6075234 549351     cutoff   47         0.02644    0.03440  30.1%  29.2 1795s
 6094879 550196     cutoff   58         0.02644    0.03438  30.0%  29.2 1800s
 6114031 551218    0.03305   40   54    0.02644    0.03436  30.0%  29.2 1805s
 6131975 552239 infeasible   67         0.02644    0.03435  29.9%  29.1 1810s
 6151697 553325    0.02862   49   61    0.02644    0.03433  29.9%  29.1 1815s
 6171054 554384    0.03417   45   66    0.02644    0.03432  29.8%  29.1 1820s
 6190744 555419    0.03035   49   56    0.02644    0.03430  29.7%  29.1 1825s
 6208582 556686    0.02863   49   55    0.02644    0.03429  29.7%  29.1 1830s
 6228518 557815    0.02873   57   36    0.02644    0.03427  29.6%  29.1 1835s
 6248228 558755     cutoff   54         0.02644    0.03426  29.6%  29.1 1840s
 6266921 559670     cutoff   49         0.02644    0.03424  29.5%  29.0 1845s
 6286689 560581     cutoff   53         0.02644    0.03423  29.5%  29.0 1850s
 6304691 561429    0.02890   49   56    0.02644    0.03421  29.4%  29.0 1855s
 6323786 562658    0.03420   53   55    0.02644    0.03420  29.3%  29.0 1860s
 6343700 563663    0.02730   63   43    0.02644    0.03418  29.3%  29.0 1865s
 6363734 564670     cutoff   62         0.02644    0.03417  29.2%  29.0 1870s
 6383287 565661    0.02765   51   61    0.02644    0.03415  29.2%  29.0 1875s
 6400812 566731    0.03334   56   69    0.02644    0.03414  29.1%  28.9 1880s
 6420419 567865     cutoff   49         0.02644    0.03412  29.1%  28.9 1885s
 6439382 568903    0.03069   53   60    0.02644    0.03411  29.0%  28.9 1890s
 6458695 569899    0.02695   49   63    0.02644    0.03410  29.0%  28.9 1895s
 6475678 570969    0.02728   59   57    0.02644    0.03408  28.9%  28.9 1900s
 6495813 572114     cutoff   49         0.02644    0.03407  28.9%  28.9 1905s
 6515231 573361    0.02866   58   37    0.02644    0.03406  28.8%  28.9 1910s
 6534092 574269    0.03328   52   58    0.02644    0.03404  28.8%  28.9 1915s
 6548964 574918     cutoff   48         0.02644    0.03403  28.7%  28.8 1920s
 6567477 576021    0.02652   58   55    0.02644    0.03402  28.7%  28.8 1925s
 6587462 577347    0.03309   40   61    0.02644    0.03400  28.6%  28.8 1930s
 6607079 578383     cutoff   67         0.02644    0.03399  28.6%  28.8 1935s
 6626530 579671     cutoff   52         0.02644    0.03397  28.5%  28.8 1940s
 6646030 580583    0.02685   53   55    0.02644    0.03396  28.4%  28.8 1945s
 6665872 581739    0.03352   49   55    0.02644    0.03395  28.4%  28.8 1950s
 6685655 582919    0.02844   60   41    0.02644    0.03393  28.3%  28.7 1955s
 6705972 584137 infeasible   52         0.02644    0.03392  28.3%  28.7 1960s
 6725912 585107     cutoff   60         0.02644    0.03391  28.2%  28.7 1965s
 6746227 586228     cutoff   48         0.02644    0.03389  28.2%  28.7 1970s
 6766249 587374     cutoff   56         0.02644    0.03388  28.1%  28.7 1975s
 6785654 588609     cutoff   56         0.02644    0.03386  28.1%  28.7 1980s
 6800487 589476     cutoff   56         0.02644    0.03385  28.0%  28.7 1985s
 6819985 590809     cutoff   53         0.02644    0.03384  28.0%  28.7 1990s
 6839013 591689    0.02711   51   59    0.02644    0.03383  27.9%  28.6 1995s
 6858082 592840     cutoff   50         0.02644    0.03382  27.9%  28.6 2000s
 6877872 593746    0.03196   50   54    0.02644    0.03380  27.8%  28.6 2005s
 6898473 595053    0.03379   41   57    0.02644    0.03379  27.8%  28.6 2010s
 6918554 596238    0.03325   46   49    0.02644    0.03378  27.8%  28.6 2015s
 6939107 597260     cutoff   45         0.02644    0.03376  27.7%  28.6 2020s
 6959375 598165    0.03140   49   53    0.02644    0.03375  27.7%  28.6 2025s
 6979072 599071    0.02862   55   50    0.02644    0.03374  27.6%  28.5 2030s
 6998594 600085     cutoff   58         0.02644    0.03373  27.6%  28.5 2035s
 7018366 601034    0.02897   59   34    0.02644    0.03371  27.5%  28.5 2040s
 7037966 601822    0.02943   53   48    0.02644    0.03370  27.5%  28.5 2045s
 7057778 602928    0.03281   48   58    0.02644    0.03369  27.4%  28.5 2050s
 7075902 604032    0.03081   53   36    0.02644    0.03367  27.4%  28.5 2055s
 7095702 605016     cutoff   54         0.02644    0.03366  27.3%  28.5 2060s
 7115355 606113     cutoff   51         0.02644    0.03365  27.3%  28.4 2065s
 7134790 607273     cutoff   56         0.02644    0.03364  27.2%  28.4 2070s
 7155266 608325    0.03362   45   65    0.02644    0.03362  27.2%  28.4 2075s
 7168415 609109    0.03260   53   70    0.02644    0.03362  27.1%  28.4 2080s
 7188062 610217    0.02803   46   61    0.02644    0.03360  27.1%  28.4 2085s
 7207796 611144     cutoff   51         0.02644    0.03359  27.0%  28.4 2090s
 7227923 612229    0.03057   52   58    0.02644    0.03358  27.0%  28.4 2095s
 7247546 613448    0.02753   55   53    0.02644    0.03357  27.0%  28.4 2100s
 7267398 614413    0.03287   50   56    0.02644    0.03355  26.9%  28.3 2105s
 7287123 615352    0.02740   57   54    0.02644    0.03354  26.9%  28.3 2110s
 7306599 616385    0.02805   49   57    0.02644    0.03353  26.8%  28.3 2115s
 7326669 617501     cutoff   67         0.02644    0.03352  26.8%  28.3 2120s
 7346389 618520     cutoff   57         0.02644    0.03351  26.7%  28.3 2125s
 7365790 619534     cutoff   56         0.02644    0.03350  26.7%  28.3 2130s
 7386200 620599 infeasible   57         0.02644    0.03348  26.6%  28.3 2135s
 7406321 621552     cutoff   58         0.02644    0.03347  26.6%  28.3 2140s
 7423556 622342    0.03308   51   54    0.02644    0.03346  26.6%  28.2 2145s
 7444081 623544     cutoff   50         0.02644    0.03345  26.5%  28.2 2150s
 7464093 624632    0.03262   45   66    0.02644    0.03344  26.5%  28.2 2155s
 7482370 625487     cutoff   56         0.02644    0.03343  26.4%  28.2 2160s
 7502636 626449    0.03333   67   40    0.02644    0.03342  26.4%  28.2 2165s
 7520400 627545    0.02752   52   53    0.02644    0.03341  26.3%  28.2 2170s
 7541132 628613     cutoff   53         0.02644    0.03339  26.3%  28.2 2175s
 7561850 629757    0.03196   52   58    0.02644    0.03338  26.3%  28.2 2180s
 7582280 630904     cutoff   51         0.02644    0.03337  26.2%  28.1 2185s
 7602814 632077     cutoff   67         0.02644    0.03336  26.2%  28.1 2190s
 7621206 633039    0.02823   57   54    0.02644    0.03335  26.1%  28.1 2195s
 7640846 634189     cutoff   57         0.02644    0.03334  26.1%  28.1 2200s
 7661537 635183    0.03332   43   53    0.02644    0.03333  26.0%  28.1 2205s
 7680252 636208    0.02686   58   57    0.02644    0.03332  26.0%  28.1 2210s
 7698787 637117     cutoff   60         0.02644    0.03331  26.0%  28.1 2215s
 7718364 638222    0.02854   44   61    0.02644    0.03330  25.9%  28.1 2220s
 7739229 639230     cutoff   53         0.02644    0.03328  25.9%  28.0 2225s
 7759490 640129    0.03163   59   51    0.02644    0.03327  25.8%  28.0 2230s
 7780562 641309     cutoff   48         0.02644    0.03326  25.8%  28.0 2235s
 7798756 642252    0.03067   61   47    0.02644    0.03325  25.8%  28.0 2240s
 7817601 643417    0.02845   48   62    0.02644    0.03324  25.7%  28.0 2245s
 7836885 644876     cutoff   71         0.02644    0.03323  25.7%  28.0 2250s
 7857034 645745     cutoff   51         0.02644    0.03322  25.7%  28.0 2255s
 7877722 646916    0.03154   46   56    0.02644    0.03321  25.6%  28.0 2260s
 7895473 647977    0.03032   49   52    0.02644    0.03320  25.6%  28.0 2265s
 7916126 649291    0.03070   54   21    0.02644    0.03319  25.5%  27.9 2270s
 7936749 650359     cutoff   61         0.02644    0.03318  25.5%  27.9 2275s
 7957387 651361     cutoff   64         0.02644    0.03317  25.5%  27.9 2280s
 7978047 652819     cutoff   52         0.02644    0.03316  25.4%  27.9 2285s
 7996882 653720    0.02973   51   56    0.02644    0.03315  25.4%  27.9 2290s
 8017231 654659     cutoff   51         0.02644    0.03314  25.3%  27.9 2295s
 8038051 655561    0.03155   57   53    0.02644    0.03313  25.3%  27.9 2300s
 8057974 656934    0.02840   58   50    0.02644    0.03312  25.3%  27.9 2305s
 8074237 657799    0.02674   55   59    0.02644    0.03311  25.2%  27.8 2310s
 8093788 658776    0.02949   46   52    0.02644    0.03310  25.2%  27.8 2315s
 8112413 659702     cutoff   54         0.02644    0.03309  25.2%  27.8 2320s
 8132606 660810 infeasible   50         0.02644    0.03308  25.1%  27.8 2325s
 8153574 661899     cutoff   46         0.02644    0.03307  25.1%  27.8 2330s
 8174290 663004     cutoff   53         0.02644    0.03306  25.0%  27.8 2335s
 8195047 663968    0.02803   57   34    0.02644    0.03305  25.0%  27.8 2340s
 8214872 664906     cutoff   50         0.02644    0.03304  25.0%  27.8 2345s
 8235735 665807    0.02895   41   59    0.02644    0.03303  24.9%  27.7 2350s
 8256445 666920    0.03156   59   59    0.02644    0.03302  24.9%  27.7 2355s
 8277284 667977    0.02869   45   67    0.02644    0.03301  24.8%  27.7 2360s
 8297717 669213     cutoff   56         0.02644    0.03300  24.8%  27.7 2365s
 8318903 670175    0.02860   56   55    0.02644    0.03299  24.8%  27.7 2370s
 8338908 671140    0.03036   60   56    0.02644    0.03298  24.7%  27.7 2375s
 8357680 672147    0.03245   45   50    0.02644    0.03297  24.7%  27.7 2380s
 8376842 673190     cutoff   51         0.02644    0.03296  24.7%  27.7 2385s
 8398152 674386    0.02930   52   49    0.02644    0.03295  24.6%  27.7 2390s
 8417628 675261     cutoff   50         0.02644    0.03294  24.6%  27.6 2395s
 8437024 676172     cutoff   55         0.02644    0.03293  24.6%  27.6 2400s
 8455804 677027    0.02950   53   54    0.02644    0.03292  24.5%  27.6 2405s
 8475866 678242    0.03177   55   52    0.02644    0.03291  24.5%  27.6 2410s
 8495785 679207     cutoff   58         0.02644    0.03290  24.4%  27.6 2415s
 8515726 680271     cutoff   55         0.02644    0.03289  24.4%  27.6 2420s
 8531442 681007    0.02940   55   52    0.02644    0.03289  24.4%  27.6 2425s
 8550192 681823    0.02751   51   57    0.02644    0.03288  24.3%  27.6 2430s
 8570927 682763     cutoff   61         0.02644    0.03287  24.3%  27.6 2435s
 8589422 683642    0.02845   45   54    0.02644    0.03286  24.3%  27.6 2440s
 8610212 684515    0.03264   48   52    0.02644    0.03285  24.2%  27.5 2445s
 8631139 685343    0.02679   59   57    0.02644    0.03284  24.2%  27.5 2450s
 8651644 686251    0.02890   49   54    0.02644    0.03283  24.2%  27.5 2455s
 8671603 687116    0.02865   51   61    0.02644    0.03282  24.1%  27.5 2460s
 8692310 687989     cutoff   51         0.02644    0.03281  24.1%  27.5 2465s
 8712667 688878    0.02902   56   61    0.02644    0.03280  24.1%  27.5 2470s
 8733175 689865     cutoff   63         0.02644    0.03279  24.0%  27.5 2475s
 8752409 690910    0.02894   63   54    0.02644    0.03278  24.0%  27.5 2480s
 8771825 691653    0.03090   47   58    0.02644    0.03277  24.0%  27.5 2485s
 8793210 692982    0.02715   65   53    0.02644    0.03276  23.9%  27.4 2490s
 8811227 693787     cutoff   65         0.02644    0.03276  23.9%  27.4 2495s
 8830991 694604     cutoff   61         0.02644    0.03275  23.9%  27.4 2500s
 8852067 695642    0.02968   47   54    0.02644    0.03274  23.8%  27.4 2505s
 8872761 696672     cutoff   51         0.02644    0.03273  23.8%  27.4 2510s
 8893121 697687     cutoff   45         0.02644    0.03272  23.7%  27.4 2515s
 8907238 698086    0.03100   50   60    0.02644    0.03271  23.7%  27.4 2520s
 8927683 698983    0.03013   47   68    0.02644    0.03270  23.7%  27.4 2525s
 8947796 699917     cutoff   57         0.02644    0.03269  23.7%  27.4 2530s
 8968507 700949    0.02691   62   56    0.02644    0.03268  23.6%  27.4 2535s
 8988295 701868    0.02733   61   55    0.02644    0.03268  23.6%  27.3 2540s
 9006806 702477    0.02648   56   55    0.02644    0.03267  23.6%  27.3 2545s
 9026641 703515     cutoff   58         0.02644    0.03266  23.5%  27.3 2550s
 9045961 704490     cutoff   64         0.02644    0.03265  23.5%  27.3 2555s
 9064368 705302    0.02664   52   46    0.02644    0.03264  23.5%  27.3 2560s
 9084230 706104     cutoff   61         0.02644    0.03263  23.4%  27.3 2565s
 9103359 706960     cutoff   49         0.02644    0.03262  23.4%  27.3 2570s
 9121624 707709    0.02717   45   47    0.02644    0.03262  23.4%  27.3 2575s
 9139782 708611    0.03188   51   58    0.02644    0.03261  23.3%  27.3 2580s
 9159186 709360    0.02747   55   58    0.02644    0.03260  23.3%  27.3 2585s
 9178332 710099    0.02728   61   50    0.02644    0.03259  23.3%  27.2 2590s
 9196547 710997    0.03022   52   54    0.02644    0.03258  23.2%  27.2 2595s
 9213607 711717    0.03083   60   52    0.02644    0.03258  23.2%  27.2 2600s
 9231861 712572     cutoff   52         0.02644    0.03257  23.2%  27.2 2605s
 9251673 713369    0.03256   52   59    0.02644    0.03256  23.2%  27.2 2610s
 9271286 714151    0.02945   64   48    0.02644    0.03255  23.1%  27.2 2615s
 9290522 714982    0.02944   50   55    0.02644    0.03254  23.1%  27.2 2620s
 9309291 715707    0.02954   44   58    0.02644    0.03254  23.1%  27.2 2625s
 9326758 716480     cutoff   52         0.02644    0.03253  23.0%  27.2 2630s
 9345596 717521    0.03012   43   56    0.02644    0.03252  23.0%  27.2 2635s
 9364977 718289    0.02819   56   67    0.02644    0.03251  23.0%  27.2 2640s
 9382188 719105     cutoff   47         0.02644    0.03251  22.9%  27.1 2645s
 9401142 720075     cutoff   60         0.02644    0.03250  22.9%  27.1 2650s
 9419188 720953     cutoff   60         0.02644    0.03249  22.9%  27.1 2655s
 9436999 721552     cutoff   60         0.02644    0.03248  22.9%  27.1 2660s
 9457070 722299     cutoff   52         0.02644    0.03247  22.8%  27.1 2665s
 9477195 723146     cutoff   47         0.02644    0.03247  22.8%  27.1 2670s
 9497252 724080    0.02656   64   53    0.02644    0.03246  22.8%  27.1 2675s
 9515173 724740     cutoff   59         0.02644    0.03245  22.7%  27.1 2680s
 9535607 725342     cutoff   60         0.02644    0.03244  22.7%  27.1 2685s
 9556250 726120    0.02856   58   54    0.02644    0.03243  22.7%  27.1 2690s
 9576758 726993    0.02702   65   19    0.02644    0.03243  22.6%  27.1 2695s
 9597478 727821     cutoff   56         0.02644    0.03242  22.6%  27.0 2700s
 9615777 728713    0.02762   54   61    0.02644    0.03241  22.6%  27.0 2705s
 9636813 729420    0.02934   63   41    0.02644    0.03240  22.5%  27.0 2710s
 9657130 730224     cutoff   59         0.02644    0.03239  22.5%  27.0 2715s
 9678205 731088    0.03238   49   52    0.02644    0.03238  22.5%  27.0 2720s
 9695835 731732    0.02714   56   50    0.02644    0.03238  22.5%  27.0 2725s
 9716366 732735     cutoff   55         0.02644    0.03237  22.4%  27.0 2730s
 9736518 733542     cutoff   55         0.02644    0.03236  22.4%  27.0 2735s
 9756599 734384     cutoff   54         0.02644    0.03235  22.4%  27.0 2740s
 9776293 735004     cutoff   59         0.02644    0.03234  22.3%  27.0 2745s
 9796433 735929    0.02987   56   50    0.02644    0.03234  22.3%  27.0 2750s
 9812885 736732    0.02815   44   52    0.02644    0.03233  22.3%  26.9 2755s
 9833649 737681     cutoff   59         0.02644    0.03232  22.2%  26.9 2760s
 9854434 738661     cutoff   61         0.02644    0.03231  22.2%  26.9 2765s
 9875318 739547     cutoff   64         0.02644    0.03231  22.2%  26.9 2770s
 9895214 740411     cutoff   65         0.02644    0.03230  22.2%  26.9 2775s
 9915718 741277    0.02917   46   59    0.02644    0.03229  22.1%  26.9 2780s
 9935453 742010    0.02706   51   52    0.02644    0.03228  22.1%  26.9 2785s
 9954413 742740     cutoff   62         0.02644    0.03227  22.1%  26.9 2790s
 9975535 743489     cutoff   54         0.02644    0.03227  22.0%  26.9 2795s
 9994161 744197    0.02686   57   59    0.02644    0.03226  22.0%  26.9 2800s
 10015315 745180     cutoff   53         0.02644    0.03225  22.0%  26.9 2805s
 10033099 745942    0.03223   55   56    0.02644    0.03224  22.0%  26.8 2810s
 10053561 746592    0.02734   53   43    0.02644    0.03224  21.9%  26.8 2815s
 10074442 747683    0.02837   63   48    0.02644    0.03223  21.9%  26.8 2820s
 10095223 748490     cutoff   69         0.02644    0.03222  21.9%  26.8 2825s
 10115772 749228    0.02664   57   57    0.02644    0.03222  21.8%  26.8 2830s
 10136435 750280     cutoff   53         0.02644    0.03221  21.8%  26.8 2835s
 10151475 750823     cutoff   50         0.02644    0.03220  21.8%  26.8 2840s
 10173087 751427    0.02750   56   59    0.02644    0.03219  21.8%  26.8 2845s
 10193893 752200    0.02786   50   55    0.02644    0.03218  21.7%  26.8 2850s
 10215087 752927     cutoff   53         0.02644    0.03218  21.7%  26.8 2855s
 10235930 753670    0.02710   59   54    0.02644    0.03217  21.7%  26.7 2860s
 10257149 754639     cutoff   60         0.02644    0.03216  21.6%  26.7 2865s
 10278151 755428    0.02907   52   57    0.02644    0.03215  21.6%  26.7 2870s
 10299053 756097     cutoff   56         0.02644    0.03215  21.6%  26.7 2875s
 10318072 756959    0.02851   61   41    0.02644    0.03214  21.6%  26.7 2880s
 10339109 757652    0.02860   48   56    0.02644    0.03213  21.5%  26.7 2885s
 10360039 758359     cutoff   45         0.02644    0.03213  21.5%  26.7 2890s
 10381613 759203     cutoff   51         0.02644    0.03212  21.5%  26.7 2895s
 10402514 759883     cutoff   50         0.02644    0.03211  21.4%  26.7 2900s
 10423571 760763    0.02859   54   57    0.02644    0.03210  21.4%  26.7 2905s
 10443871 761724    0.03157   43   56    0.02644    0.03209  21.4%  26.7 2910s
 10462273 762505     cutoff   51         0.02644    0.03209  21.4%  26.6 2915s
 10483208 763246 infeasible   56         0.02644    0.03208  21.3%  26.6 2920s
 10504312 763909     cutoff   45         0.02644    0.03207  21.3%  26.6 2925s
 10525765 764727    0.03206   47   53    0.02644    0.03206  21.3%  26.6 2930s
 10545385 765549     cutoff   54         0.02644    0.03206  21.2%  26.6 2935s
 10565343 766292     cutoff   60         0.02644    0.03205  21.2%  26.6 2940s
 10586377 767068    0.03031   54   53    0.02644    0.03204  21.2%  26.6 2945s
 10607895 767692     cutoff   56         0.02644    0.03203  21.2%  26.6 2950s
 10627578 768290     cutoff   56         0.02644    0.03203  21.1%  26.6 2955s
 10646329 769123     cutoff   54         0.02644    0.03202  21.1%  26.6 2960s
 10667810 770004     cutoff   63         0.02644    0.03201  21.1%  26.6 2965s
 10689529 770789    0.02817   49   60    0.02644    0.03201  21.1%  26.5 2970s
 10713103 771568    0.03087   49   57    0.02644    0.03200  21.0%  26.5 2975s
 10729736 772018    0.02762   47   66    0.02644    0.03199  21.0%  26.5 2980s
 10750427 772571    0.03150   45   51    0.02644    0.03199  21.0%  26.5 2985s
 10771901 773283     cutoff   55         0.02644    0.03198  20.9%  26.5 2990s
 10794076 774074    0.03185   49   54    0.02644    0.03197  20.9%  26.5 2995s
 10815360 774944    0.02949   45   60    0.02644    0.03196  20.9%  26.5 3000s
 10835958 775716     cutoff   62         0.02644    0.03195  20.9%  26.5 3005s
 10857672 776489 infeasible   56         0.02644    0.03195  20.8%  26.5 3010s
 10879099 777355    0.02961   61   56    0.02644    0.03194  20.8%  26.5 3015s
 10900397 778248     cutoff   64         0.02644    0.03193  20.8%  26.4 3020s
 10921390 778872    0.03144   54   62    0.02644    0.03192  20.7%  26.4 3025s
 10942078 779581    0.03192   48   60    0.02644    0.03192  20.7%  26.4 3030s
 10961457 780357    0.02921   59   53    0.02644    0.03191  20.7%  26.4 3035s
 10976076 781014     cutoff   62         0.02644    0.03191  20.7%  26.4 3040s
 10996417 781869    0.03075   54   45    0.02644    0.03190  20.6%  26.4 3045s
 11017532 782579    0.02857   48   51    0.02644    0.03189  20.6%  26.4 3050s
 11038235 783253     cutoff   56         0.02644    0.03188  20.6%  26.4 3055s
 11059713 784041     cutoff   54         0.02644    0.03188  20.6%  26.4 3060s
 11081164 784752    0.02730   58   39    0.02644    0.03187  20.5%  26.4 3065s
 11102377 785542     cutoff   61         0.02644    0.03186  20.5%  26.4 3070s
 11122676 786342     cutoff   52         0.02644    0.03185  20.5%  26.4 3075s
 11143579 787046     cutoff   60         0.02644    0.03185  20.4%  26.3 3080s
 11164147 787775    0.02725   58   52    0.02644    0.03184  20.4%  26.3 3085s
 11185549 788355     cutoff   59         0.02644    0.03183  20.4%  26.3 3090s
 11207080 788972    0.03012   54   58    0.02644    0.03182  20.4%  26.3 3095s
 11228083 789572    0.02758   56   55    0.02644    0.03182  20.3%  26.3 3100s
 11248444 790141    0.02645   50   56    0.02644    0.03181  20.3%  26.3 3105s
 11267782 790755     cutoff   57         0.02644    0.03180  20.3%  26.3 3110s
 11287086 791372    0.02768   53   52    0.02644    0.03180  20.3%  26.3 3115s
 11306776 792066    0.03006   46   60    0.02644    0.03179  20.2%  26.3 3120s
 11328575 792938     cutoff   58         0.02644    0.03178  20.2%  26.3 3125s
 11350343 793665    0.02801   61   55    0.02644    0.03178  20.2%  26.3 3130s
 11371402 794223     cutoff   57         0.02644    0.03177  20.2%  26.3 3135s
 11390777 794831     cutoff   60         0.02644    0.03176  20.1%  26.2 3140s
 11411312 795486     cutoff   55         0.02644    0.03175  20.1%  26.2 3145s
 11432232 796285    0.03113   51   61    0.02644    0.03175  20.1%  26.2 3150s
 11454033 796969 infeasible   56         0.02644    0.03174  20.0%  26.2 3155s
 11474710 797695    0.02945   57   56    0.02644    0.03173  20.0%  26.2 3160s
 11490846 797962     cutoff   49         0.02644    0.03173  20.0%  26.2 3165s
 11512088 798500 infeasible   64         0.02644    0.03172  20.0%  26.2 3170s
 11533253 799021    0.02854   50   52    0.02644    0.03171  19.9%  26.2 3175s
 11554622 799922     cutoff   59         0.02644    0.03171  19.9%  26.2 3180s
 11575751 800506    0.03121   57   54    0.02644    0.03170  19.9%  26.2 3185s
 11595234 801133    0.02708   60   60    0.02644    0.03169  19.9%  26.2 3190s
 11616691 802036    0.02682   68   58    0.02644    0.03169  19.8%  26.2 3195s
 11638291 802827    0.02754   56   36    0.02644    0.03168  19.8%  26.1 3200s
 11658635 803411     cutoff   57         0.02644    0.03167  19.8%  26.1 3205s
 11680074 804144     cutoff   53         0.02644    0.03167  19.8%  26.1 3210s
 11701360 804872     cutoff   63         0.02644    0.03166  19.7%  26.1 3215s
 11722094 805525    0.03115   59   48    0.02644    0.03165  19.7%  26.1 3220s
 11741233 805987    0.02864   55   65    0.02644    0.03165  19.7%  26.1 3225s
 11761837 806601     cutoff   55         0.02644    0.03164  19.7%  26.1 3230s
 11782755 807288     cutoff   45         0.02644    0.03163  19.6%  26.1 3235s
 11803014 807680    0.02831   52   69    0.02644    0.03163  19.6%  26.1 3240s
 11823782 808129     cutoff   61         0.02644    0.03162  19.6%  26.1 3245s
 11842547 808691     cutoff   52         0.02644    0.03161  19.6%  26.1 3250s
 11863568 809360 infeasible   58         0.02644    0.03161  19.5%  26.1 3255s
 11885194 810176    0.03160   41   45    0.02644    0.03160  19.5%  26.1 3260s
 11906026 810732     cutoff   61         0.02644    0.03159  19.5%  26.0 3265s
 11925533 811276     cutoff   51         0.02644    0.03159  19.5%  26.0 3270s
 11944142 811657    0.02853   51   50    0.02644    0.03158  19.5%  26.0 3275s
 11965237 812259     cutoff   52         0.02644    0.03158  19.4%  26.0 3280s
 11986447 812890     cutoff   57         0.02644    0.03157  19.4%  26.0 3285s
 12008110 813283    0.02709   67   52    0.02644    0.03156  19.4%  26.0 3290s
 12030381 813964    0.02982   53   61    0.02644    0.03155  19.3%  26.0 3295s
 12049720 814536     cutoff   47         0.02644    0.03155  19.3%  26.0 3300s
 12071042 815439     cutoff   49         0.02644    0.03154  19.3%  26.0 3305s
 12091771 816171    0.02845   59   44    0.02644    0.03153  19.3%  26.0 3310s
 12113195 816710    0.02948   53   57    0.02644    0.03153  19.2%  26.0 3315s
 12131842 817266    0.02759   52   62    0.02644    0.03152  19.2%  26.0 3320s
 12152829 818021    0.02920   48   57    0.02644    0.03152  19.2%  26.0 3325s
 12173955 818633     cutoff   57         0.02644    0.03151  19.2%  25.9 3330s
 12195233 819468    0.02654   57   46    0.02644    0.03150  19.1%  25.9 3335s
 12211069 819879    0.02678   63   52    0.02644    0.03150  19.1%  25.9 3340s
 12231638 820277    0.03125   48   53    0.02644    0.03149  19.1%  25.9 3345s
 12249181 820707    0.02859   56   56    0.02644    0.03148  19.1%  25.9 3350s
 12270583 821420    0.02892   46   51    0.02644    0.03148  19.1%  25.9 3355s
 12291695 822043 infeasible   59         0.02644    0.03147  19.0%  25.9 3360s
 12312505 822774     cutoff   46         0.02644    0.03147  19.0%  25.9 3365s
 12333987 823275     cutoff   59         0.02644    0.03146  19.0%  25.9 3370s
 12355843 823896     cutoff   59         0.02644    0.03145  19.0%  25.9 3375s
 12376745 824438    0.02980   52   58    0.02644    0.03145  18.9%  25.9 3380s
 12397037 825019    0.02927   52   57    0.02644    0.03144  18.9%  25.9 3385s
 12418573 825543     cutoff   52         0.02644    0.03143  18.9%  25.9 3390s
 12439908 826151    0.02770   50   57    0.02644    0.03143  18.9%  25.8 3395s
 12457090 826720     cutoff   44         0.02644    0.03142  18.8%  25.8 3400s
 12476651 827147     cutoff   61         0.02644    0.03142  18.8%  25.8 3405s
 12497821 827988     cutoff   56         0.02644    0.03141  18.8%  25.8 3410s
 12518207 828303     cutoff   59         0.02644    0.03140  18.8%  25.8 3415s
 12539349 828766    0.02649   59   53    0.02644    0.03140  18.8%  25.8 3420s
 12560918 829034     cutoff   62         0.02644    0.03139  18.7%  25.8 3425s
 12582875 829587    0.02753   47   52    0.02644    0.03138  18.7%  25.8 3430s
 12604391 830163    0.03111   50   68    0.02644    0.03138  18.7%  25.8 3435s
 12625319 830802     cutoff   52         0.02644    0.03137  18.7%  25.8 3440s
 12646113 831443     cutoff   47         0.02644    0.03137  18.6%  25.8 3445s
 12667903 832090     cutoff   52         0.02644    0.03136  18.6%  25.8 3450s
 12688435 832700    0.03131   45   55    0.02644    0.03135  18.6%  25.8 3455s
 12710731 833204    0.02736   47   59    0.02644    0.03135  18.6%  25.7 3460s
 12732382 833648    0.02659   65   50    0.02644    0.03134  18.5%  25.7 3465s
 12751912 834239    0.02794   58   54    0.02644    0.03133  18.5%  25.7 3470s
 12772467 834708    0.03047   60   47    0.02644    0.03133  18.5%  25.7 3475s
 12793788 835274    0.02834   58   59    0.02644    0.03132  18.5%  25.7 3480s
 12814383 835792     cutoff   53         0.02644    0.03132  18.4%  25.7 3485s
 12833262 836180     cutoff   63         0.02644    0.03131  18.4%  25.7 3490s
 12853662 836506     cutoff   57         0.02644    0.03130  18.4%  25.7 3495s
 12874888 836980     cutoff   53         0.02644    0.03130  18.4%  25.7 3500s
 12895730 837807    0.03127  106    4    0.02644    0.03129  18.4%  25.7 3505s
 12913782 838474     cutoff   62         0.02644    0.03129  18.3%  25.7 3510s
 12935226 839017    0.02662   54   47    0.02644    0.03128  18.3%  25.7 3515s
 12956449 839371    0.03057   50   52    0.02644    0.03128  18.3%  25.7 3520s
 12978445 840005     cutoff   52         0.02644    0.03127  18.3%  25.7 3525s
 13000541 840500    0.02740   54   60    0.02644    0.03127  18.3%  25.6 3530s
 13020971 840785    0.03121   50   51    0.02644    0.03126  18.2%  25.6 3535s
 13041938 841311     cutoff   53         0.02644    0.03125  18.2%  25.6 3540s
 13062282 841718    0.02665   57   40    0.02644    0.03125  18.2%  25.6 3545s
 13084885 842232     cutoff   60         0.02644    0.03124  18.2%  25.6 3550s
 13105071 842639     cutoff   53         0.02644    0.03124  18.1%  25.6 3555s
 13126087 843104    0.02650   58   55    0.02644    0.03123  18.1%  25.6 3560s
 13147624 843345    0.02923   47   52    0.02644    0.03122  18.1%  25.6 3565s
 13169039 843807    0.02795   50   56    0.02644    0.03122  18.1%  25.6 3570s
 13190757 844327     cutoff   54         0.02644    0.03121  18.0%  25.6 3575s
 13209364 844842    0.02888   60   49    0.02644    0.03121  18.0%  25.6 3580s
 13230906 845463    0.02845   53   48    0.02644    0.03120  18.0%  25.6 3585s
 13252044 845858     cutoff   52         0.02644    0.03119  18.0%  25.6 3590s
 13271820 846318    0.02728   50   54    0.02644    0.03119  18.0%  25.5 3595s
 13289647 846704    0.02717   50   54    0.02644    0.03118  17.9%  25.5 3600s
 13311174 847141     cutoff   65         0.02644    0.03118  17.9%  25.5 3605s
 13332680 847778     cutoff   60         0.02644    0.03117  17.9%  25.5 3610s
 13352780 848224     cutoff   61         0.02644    0.03117  17.9%  25.5 3615s
 13374377 848783     cutoff   51         0.02644    0.03116  17.9%  25.5 3620s
 13391419 849169     cutoff   54         0.02644    0.03116  17.8%  25.5 3625s
 13412596 849584     cutoff   56         0.02644    0.03115  17.8%  25.5 3630s
 13433077 850020    0.02667   57   50    0.02644    0.03114  17.8%  25.5 3635s
 13454442 850217    0.02653   55   53    0.02644    0.03114  17.8%  25.5 3640s
 13472410 850753    0.02869   46   39    0.02644    0.03113  17.8%  25.5 3645s
 13493973 851136     cutoff   58         0.02644    0.03113  17.7%  25.5 3650s
 13515166 851976    0.02741   61   52    0.02644    0.03112  17.7%  25.5 3655s
 13535519 852311    0.03049   62   47    0.02644    0.03111  17.7%  25.5 3660s
 13556334 852862    0.03095   49   61    0.02644    0.03111  17.7%  25.5 3665s
 13579430 853260     cutoff   54         0.02644    0.03110  17.6%  25.4 3670s
 13593851 853659    0.02739   52   60    0.02644    0.03110  17.6%  25.4 3675s
 13615081 854093    0.02694   61   57    0.02644    0.03109  17.6%  25.4 3680s
 13636339 854548    0.03109   45   56    0.02644    0.03109  17.6%  25.4 3685s
 13658295 854980     cutoff   65         0.02644    0.03108  17.6%  25.4 3690s
 13679980 855282     cutoff   69         0.02644    0.03108  17.5%  25.4 3695s
 13700956 855841    0.02647   53   55    0.02644    0.03107  17.5%  25.4 3700s
 13723231 856418    0.02751   52   36    0.02644    0.03106  17.5%  25.4 3705s
 13744594 856953    0.02670   47   59    0.02644    0.03106  17.5%  25.4 3710s
 13766887 857616     cutoff   52         0.02644    0.03105  17.4%  25.4 3715s
 13787833 858105    0.03105   55   58    0.02644    0.03105  17.4%  25.4 3720s
 13809277 858453    0.02742   48   57    0.02644    0.03104  17.4%  25.4 3725s
 13830711 858845     cutoff   57         0.02644    0.03103  17.4%  25.4 3730s
 13851050 859452 infeasible   86         0.02644    0.03103  17.4%  25.4 3735s
 13872344 859913    0.02971   44   61    0.02644    0.03102  17.3%  25.4 3740s
 13893639 860447    0.02983   55   57    0.02644    0.03102  17.3%  25.3 3745s
 13915532 860983     cutoff   55         0.02644    0.03101  17.3%  25.3 3750s
 13935319 861329    0.02932   56   48    0.02644    0.03101  17.3%  25.3 3755s
 13954780 861857     cutoff   47         0.02644    0.03100  17.3%  25.3 3760s
 13976499 862527     cutoff   54         0.02644    0.03100  17.2%  25.3 3765s
 13997689 863022    0.02652   45   52    0.02644    0.03099  17.2%  25.3 3770s
 14018990 863583     cutoff   56         0.02644    0.03098  17.2%  25.3 3775s
 14040248 864280    0.03045   44   44    0.02644    0.03098  17.2%  25.3 3780s
 14056990 865239    0.03097   47   65    0.02644    0.03098  17.2%  25.3 3785s
 14084904 868762    0.02996  103   22    0.02644    0.03097  17.1%  25.3 3790s
 14119582 870624 infeasible  107         0.02644    0.03097  17.1%  25.2 3795s
 14144754 869545     cutoff   61         0.02644    0.03097  17.1%  25.2 3800s
 14166591 868931    0.02999   92    9    0.02644    0.03097  17.1%  25.2 3805s
 14188522 868962    0.02888   57   59    0.02644    0.03096  17.1%  25.2 3810s
 14209972 869264    0.02925   58   56    0.02644    0.03096  17.1%  25.2 3815s
 14231650 869843     cutoff   57         0.02644    0.03095  17.1%  25.2 3820s
 14254748 870535    0.03021   57   54    0.02644    0.03095  17.0%  25.2 3825s
 14277421 871086    0.02735   57   53    0.02644    0.03094  17.0%  25.2 3830s
 14299412 871585    0.02750   51   61    0.02644    0.03094  17.0%  25.1 3835s
 14319837 871802    0.02792   65   51    0.02644    0.03093  17.0%  25.1 3840s
 14342508 872410    0.02880   54   42    0.02644    0.03093  17.0%  25.1 3845s
 14365094 873010    0.02648   52   67    0.02644    0.03092  16.9%  25.1 3850s
 14387098 873374    0.02730   59   46    0.02644    0.03091  16.9%  25.1 3855s
 14406415 873715     cutoff   58         0.02644    0.03091  16.9%  25.1 3860s
 14428496 874201    0.02991   57   58    0.02644    0.03090  16.9%  25.1 3865s
 14451492 875000    0.03066   35   70    0.02644    0.03090  16.9%  25.1 3870s
 14474582 875597     cutoff   65         0.02644    0.03089  16.8%  25.1 3875s
 14496838 876235    0.02855   54   56    0.02644    0.03089  16.8%  25.1 3880s
 14517028 876787    0.03034   57   57    0.02644    0.03088  16.8%  25.1 3885s
 14539383 877501    0.02876   60   51    0.02644    0.03088  16.8%  25.1 3890s
 14561178 878282    0.03087   55   59    0.02644    0.03087  16.8%  25.1 3895s
 14583966 878977     cutoff   60         0.02644    0.03087  16.7%  25.1 3900s
 14601766 879386     cutoff   56         0.02644    0.03086  16.7%  25.0 3905s
 14622323 879824     cutoff   50         0.02644    0.03086  16.7%  25.0 3910s
 14642936 880308    0.02857   60   56    0.02644    0.03085  16.7%  25.0 3915s
 14665891 880888     cutoff   58         0.02644    0.03085  16.7%  25.0 3920s
 14687589 881420     cutoff   54         0.02644    0.03084  16.7%  25.0 3925s
 14709944 882146     cutoff   52         0.02644    0.03084  16.6%  25.0 3930s
 14732529 882753    0.02774   56   60    0.02644    0.03083  16.6%  25.0 3935s
 14755178 883425     cutoff   63         0.02644    0.03083  16.6%  25.0 3940s
 14777304 883864    0.02933   51   51    0.02644    0.03082  16.6%  25.0 3945s
 14799386 884444    0.02941   52   48    0.02644    0.03082  16.6%  25.0 3950s
 14821126 884993    0.03054   50   54    0.02644    0.03081  16.5%  25.0 3955s
 14842483 885446     cutoff   53         0.02644    0.03081  16.5%  25.0 3960s
 14864198 886237     cutoff   53         0.02644    0.03080  16.5%  25.0 3965s
 14886611 886838    0.02959   50   59    0.02644    0.03080  16.5%  25.0 3970s
 14909295 887527     cutoff   57         0.02644    0.03079  16.5%  25.0 3975s
 14928910 887892     cutoff   56         0.02644    0.03079  16.4%  24.9 3980s
 14950569 888504    0.03062   50   58    0.02644    0.03078  16.4%  24.9 3985s
 14972619 889007     cutoff   67         0.02644    0.03078  16.4%  24.9 3990s
 14993648 889580    0.02990   48   61    0.02644    0.03077  16.4%  24.9 3995s
 15016170 890145 infeasible   56         0.02644    0.03077  16.4%  24.9 4000s
 15036675 890960    0.03070   58   52    0.02644    0.03076  16.4%  24.9 4005s
 15059156 891357    0.02852   61   53    0.02644    0.03076  16.3%  24.9 4010s
 15082172 892001    0.02761   61   52    0.02644    0.03075  16.3%  24.9 4015s
 15104250 892587    0.02675   51   52    0.02644    0.03075  16.3%  24.9 4020s
 15126751 893130    0.02731   58   33    0.02644    0.03074  16.3%  24.9 4025s
 15148185 893608    0.02949   50   63    0.02644    0.03074  16.3%  24.9 4030s
 15170191 894139 infeasible   83         0.02644    0.03073  16.2%  24.9 4035s
 15192496 894723     cutoff   52         0.02644    0.03073  16.2%  24.9 4040s
 15214072 895063    0.02927   57   50    0.02644    0.03072  16.2%  24.9 4045s
 15234886 895552    0.03036   57   45    0.02644    0.03072  16.2%  24.9 4050s
 15257187 896267     cutoff   61         0.02644    0.03071  16.2%  24.8 4055s
 15277122 896846     cutoff   62         0.02644    0.03071  16.1%  24.8 4060s
 15299886 897295    0.02847   52   46    0.02644    0.03070  16.1%  24.8 4065s
 15320142 897566     cutoff   55         0.02644    0.03070  16.1%  24.8 4070s
 15342470 898145     cutoff   64         0.02644    0.03069  16.1%  24.8 4075s
 15365078 898501    0.03045   61   52    0.02644    0.03069  16.1%  24.8 4080s
 15387588 898748    0.02693   52   37    0.02644    0.03068  16.0%  24.8 4085s
 15407226 899147    0.02696   54   63    0.02644    0.03068  16.0%  24.8 4090s
 15429195 899574     cutoff   62         0.02644    0.03067  16.0%  24.8 4095s
 15452260 899953 infeasible   64         0.02644    0.03067  16.0%  24.8 4100s
 15474221 900358     cutoff   58         0.02644    0.03066  16.0%  24.8 4105s
 15496191 900541    0.02713   66   38    0.02644    0.03066  15.9%  24.8 4110s
 15516302 900857    0.02958   61   47    0.02644    0.03065  15.9%  24.8 4115s
 15538588 901248    0.02711   60   56    0.02644    0.03065  15.9%  24.8 4120s
 15560720 901657    0.02901   55   60    0.02644    0.03064  15.9%  24.8 4125s
 15582692 902237    0.02720   52   59    0.02644    0.03064  15.9%  24.7 4130s
 15605141 902844     cutoff   65         0.02644    0.03063  15.9%  24.7 4135s
 15625355 903089     cutoff   60         0.02644    0.03063  15.8%  24.7 4140s
 15647349 903716     cutoff   59         0.02644    0.03062  15.8%  24.7 4145s
 15667174 904028    0.02852   59   54    0.02644    0.03062  15.8%  24.7 4150s
 15689844 904385     cutoff   61         0.02644    0.03061  15.8%  24.7 4155s
 15709147 904808    0.02714   50   54    0.02644    0.03061  15.8%  24.7 4160s
 15730872 905084     cutoff   54         0.02644    0.03060  15.7%  24.7 4165s
 15752633 905355     cutoff   58         0.02644    0.03060  15.7%  24.7 4170s
 15774933 905877     cutoff   54         0.02644    0.03059  15.7%  24.7 4175s
 15796907 906140    0.02773   51   52    0.02644    0.03059  15.7%  24.7 4180s
 15815618 906319    0.03058   47   66    0.02644    0.03058  15.7%  24.7 4185s
 15832373 906499    0.03057   45   61    0.02644    0.03058  15.7%  24.7 4190s
 15854252 906773     cutoff   56         0.02644    0.03057  15.6%  24.7 4195s
 15876059 907003    0.03041   60   54    0.02644    0.03057  15.6%  24.7 4200s
 15895960 907217    0.02677   52   41    0.02644    0.03056  15.6%  24.7 4205s
 15918347 907532    0.02854   55   50    0.02644    0.03056  15.6%  24.7 4210s
 15939627 907918    0.02657   55   52    0.02644    0.03055  15.6%  24.6 4215s
 15961426 908331    0.02664   54   54    0.02644    0.03055  15.5%  24.6 4220s
 15981574 908577     cutoff   49         0.02644    0.03054  15.5%  24.6 4225s
 16000880 908659     cutoff   64         0.02644    0.03054  15.5%  24.6 4230s
 16022718 909037    0.03024   59   57    0.02644    0.03053  15.5%  24.6 4235s
 16044392 909322     cutoff   52         0.02644    0.03053  15.5%  24.6 4240s
 16066160 909502    0.02945   53   46    0.02644    0.03052  15.4%  24.6 4245s
 16087210 910044     cutoff   58         0.02644    0.03052  15.4%  24.6 4250s
 16109765 910362     cutoff   58         0.02644    0.03051  15.4%  24.6 4255s
 16131334 910912     cutoff   49         0.02644    0.03051  15.4%  24.6 4260s
 16152333 911171    0.02775   64   56    0.02644    0.03050  15.4%  24.6 4265s
 16170667 911457    0.02796   46   58    0.02644    0.03050  15.4%  24.6 4270s
 16191300 911785    0.02918   54   51    0.02644    0.03050  15.3%  24.6 4275s
 16213440 911944     cutoff   52         0.02644    0.03049  15.3%  24.6 4280s
 16234113 912179    0.02898   61   51    0.02644    0.03049  15.3%  24.6 4285s
 16256065 912372    0.02877   60   58    0.02644    0.03048  15.3%  24.6 4290s
 16277600 912310     cutoff   57         0.02644    0.03048  15.3%  24.6 4295s
 16296865 912546     cutoff   52         0.02644    0.03047  15.3%  24.5 4300s
 16318699 912687    0.02992   53   58    0.02644    0.03047  15.2%  24.5 4305s
 16339156 912934     cutoff   53         0.02644    0.03046  15.2%  24.5 4310s
 16358856 913115 infeasible   66         0.02644    0.03046  15.2%  24.5 4315s
 16378419 913475     cutoff   54         0.02644    0.03045  15.2%  24.5 4320s
 16400954 913712     cutoff   62         0.02644    0.03045  15.2%  24.5 4325s
 16422600 913981    0.03044   52   52    0.02644    0.03044  15.1%  24.5 4330s
 16444060 914126    0.02920   51   52    0.02644    0.03044  15.1%  24.5 4335s
 16464652 914413     cutoff   52         0.02644    0.03043  15.1%  24.5 4340s
 16480153 914594    0.02858   57   50    0.02644    0.03043  15.1%  24.5 4345s
 16501427 914870    0.02863   57   50    0.02644    0.03043  15.1%  24.5 4350s
 16522810 915058     cutoff   67         0.02644    0.03042  15.1%  24.5 4355s
 16544531 915187    0.02902   52   57    0.02644    0.03042  15.0%  24.5 4360s
 16565776 915459    0.02906   53   56    0.02644    0.03041  15.0%  24.5 4365s
 16586791 915490    0.03040   59   63    0.02644    0.03041  15.0%  24.5 4370s
 16608411 915761     cutoff   57         0.02644    0.03040  15.0%  24.5 4375s
 16629112 915861    0.02686   49   52    0.02644    0.03040  15.0%  24.5 4380s
 16650239 916273    0.02647   63   45    0.02644    0.03039  14.9%  24.5 4385s
 16671099 916295    0.02963   50   53    0.02644    0.03039  14.9%  24.4 4390s
 16691569 916389    0.02943   61   51    0.02644    0.03038  14.9%  24.4 4395s
 16713016 916653    0.02737   66   55    0.02644    0.03038  14.9%  24.4 4400s
 16733183 917168     cutoff   66         0.02644    0.03037  14.9%  24.4 4405s
 16755749 917489    0.02647   57   58    0.02644    0.03037  14.9%  24.4 4410s
 16774600 917747     cutoff   49         0.02644    0.03036  14.8%  24.4 4415s
 16795012 917815    0.02751   63   56    0.02644    0.03036  14.8%  24.4 4420s
 16816467 918023     cutoff   58         0.02644    0.03035  14.8%  24.4 4425s
 16837931 918274     cutoff   47         0.02644    0.03035  14.8%  24.4 4430s
 16857312 918440     cutoff   57         0.02644    0.03035  14.8%  24.4 4435s
 16879265 918697     cutoff   70         0.02644    0.03034  14.8%  24.4 4440s
 16900906 918835    0.02831   54   54    0.02644    0.03034  14.7%  24.4 4445s
 16922588 919035    0.02909   62   57    0.02644    0.03033  14.7%  24.4 4450s
 16944688 919229     cutoff   61         0.02644    0.03033  14.7%  24.4 4455s
 16963849 919538    0.03027   48   67    0.02644    0.03032  14.7%  24.4 4460s
 16984954 919574     cutoff   61         0.02644    0.03032  14.7%  24.4 4465s
 17006952 919484    0.03031   55   58    0.02644    0.03031  14.6%  24.4 4470s
 17028815 919618     cutoff   49         0.02644    0.03031  14.6%  24.4 4475s
 17047093 919827     cutoff   63         0.02644    0.03030  14.6%  24.4 4480s
 17062444 919917    0.02855   58   50    0.02644    0.03030  14.6%  24.3 4485s
 17083629 920035     cutoff   54         0.02644    0.03029  14.6%  24.3 4490s
 17105503 920245    0.02682   55   54    0.02644    0.03029  14.6%  24.3 4495s
 17125952 920531     cutoff   65         0.02644    0.03028  14.5%  24.3 4500s
 17147858 920349     cutoff   61         0.02644    0.03028  14.5%  24.3 4505s
 17169809 920664    0.02763   62   52    0.02644    0.03028  14.5%  24.3 4510s
 17191670 920664     cutoff   50         0.02644    0.03027  14.5%  24.3 4515s
 17212746 921167    0.02723   45   58    0.02644    0.03027  14.5%  24.3 4520s
 17233760 921390     cutoff   59         0.02644    0.03026  14.5%  24.3 4525s
 17255578 921701    0.03023   46   60    0.02644    0.03026  14.4%  24.3 4530s
 17276985 922099     cutoff   52         0.02644    0.03025  14.4%  24.3 4535s
 17297979 922172    0.03023   65   54    0.02644    0.03025  14.4%  24.3 4540s
 17318595 922442    0.02787   43   61    0.02644    0.03024  14.4%  24.3 4545s
 17340103 922726     cutoff   57         0.02644    0.03024  14.4%  24.3 4550s
 17356067 922941     cutoff   63         0.02644    0.03024  14.4%  24.3 4555s
 17376147 923095    0.02887   59   48    0.02644    0.03023  14.3%  24.3 4560s
 17398328 923143    0.02815   47   57    0.02644    0.03023  14.3%  24.3 4565s
 17420261 923355    0.02794   52   52    0.02644    0.03022  14.3%  24.3 4570s
 17441900 923196    0.02827   56   56    0.02644    0.03022  14.3%  24.3 4575s
 17463769 923198     cutoff   49         0.02644    0.03021  14.3%  24.3 4580s
 17485513 923402     cutoff   68         0.02644    0.03021  14.3%  24.2 4585s
 17510017 925451    0.03021   92    9    0.02644    0.03021  14.2%  24.2 4590s
 17535262 927353    0.02903   97    7    0.02644    0.03021  14.2%  24.2 4595s
 17562105 928941    0.02646   68   61    0.02644    0.03020  14.2%  24.2 4600s
 17587624 929225    0.02966   53   53    0.02644    0.03020  14.2%  24.2 4605s
 17609633 928962    0.02864   52   50    0.02644    0.03020  14.2%  24.2 4610s
 17633019 929267     cutoff   57         0.02644    0.03020  14.2%  24.2 4615s
 17653040 928888    0.02861   51   57    0.02644    0.03019  14.2%  24.1 4620s
 17675534 928892    0.02770   49   57    0.02644    0.03019  14.2%  24.1 4625s
 17696956 928910    0.02915   58   55    0.02644    0.03018  14.2%  24.1 4630s
 17718936 929172     cutoff   47         0.02644    0.03018  14.1%  24.1 4635s
 17740789 929127    0.02930   51   56    0.02644    0.03018  14.1%  24.1 4640s
 17756206 929092     cutoff   59         0.02644    0.03017  14.1%  24.1 4645s
 17775424 928630    0.02947   55   52    0.02644    0.03017  14.1%  24.1 4650s
 17797096 928651    0.02715   53   55    0.02644    0.03017  14.1%  24.1 4655s
 17819392 928623     cutoff   53         0.02644    0.03016  14.1%  24.1 4660s
 17841276 928598    0.03016   45   63    0.02644    0.03016  14.1%  24.1 4665s
 17863078 928573    0.02820   51   58    0.02644    0.03015  14.0%  24.1 4670s
 17885260 928581    0.02975   57   56    0.02644    0.03015  14.0%  24.1 4675s
 17908103 928565     cutoff   63         0.02644    0.03014  14.0%  24.1 4680s
 17930401 928624    0.02767   53   63    0.02644    0.03014  14.0%  24.1 4685s
 17953582 928628    0.02832   59   62    0.02644    0.03013  14.0%  24.1 4690s
 17975525 928667    0.02743   56   57    0.02644    0.03013  13.9%  24.1 4695s
 17998084 928642    0.02696   67   41    0.02644    0.03012  13.9%  24.1 4700s
 18020392 928593    0.03012   53   44    0.02644    0.03012  13.9%  24.1 4705s
 18042990 928603    0.02644   52   58    0.02644    0.03011  13.9%  24.0 4710s
 18064939 928834     cutoff   48         0.02644    0.03011  13.9%  24.0 4715s
 18087544 928771    0.02920   58   52    0.02644    0.03010  13.9%  24.0 4720s
 18108645 928870    0.02873   57   56    0.02644    0.03010  13.8%  24.0 4725s
 18128230 929125    0.02859   54   56    0.02644    0.03010  13.8%  24.0 4730s
 18151113 929202     cutoff   57         0.02644    0.03009  13.8%  24.0 4735s
 18173615 929349     cutoff   51         0.02644    0.03009  13.8%  24.0 4740s
 18195990 929779    0.02655   56   57    0.02644    0.03008  13.8%  24.0 4745s
 18218870 929836 infeasible   53         0.02644    0.03008  13.8%  24.0 4750s
 18236118 929983    0.02830   54   56    0.02644    0.03007  13.7%  24.0 4755s
 18258554 930125    0.02706   48   59    0.02644    0.03007  13.7%  24.0 4760s
 18281109 930196     cutoff   50         0.02644    0.03006  13.7%  24.0 4765s
 18303302 929592     cutoff   57         0.02644    0.03006  13.7%  24.0 4770s
 18325218 929575     cutoff   61         0.02644    0.03006  13.7%  24.0 4775s
 18348061 929808     cutoff   54         0.02644    0.03005  13.7%  24.0 4780s
 18370922 930003     cutoff   67         0.02644    0.03005  13.6%  24.0 4785s
 18393808 930336     cutoff   60         0.02644    0.03004  13.6%  24.0 4790s
 18416656 930524     cutoff   48         0.02644    0.03004  13.6%  24.0 4795s
 18437754 930840    0.02689   54   57    0.02644    0.03003  13.6%  24.0 4800s
 18460108 930992    0.02777   54   51    0.02644    0.03003  13.6%  23.9 4805s
 18483089 931172    0.02744   53   57    0.02644    0.03002  13.6%  23.9 4810s
 18505957 931381    0.02688   57   56    0.02644    0.03002  13.5%  23.9 4815s
 18528512 931499    0.02783   60   51    0.02644    0.03001  13.5%  23.9 4820s
 18548725 931734    0.02654   69   37    0.02644    0.03001  13.5%  23.9 4825s
 18571467 931858    0.02949   59   58    0.02644    0.03001  13.5%  23.9 4830s
 18594004 932114     cutoff   47         0.02644    0.03000  13.5%  23.9 4835s
 18616708 932407    0.02745   60   55    0.02644    0.03000  13.5%  23.9 4840s
 18639450 932609     cutoff   60         0.02644    0.02999  13.4%  23.9 4845s
 18659694 932631    0.02966   57   47    0.02644    0.02999  13.4%  23.9 4850s
 18682084 932920     cutoff   61         0.02644    0.02998  13.4%  23.9 4855s
 18704003 933036    0.02800   53   55    0.02644    0.02998  13.4%  23.9 4860s
 18725613 933353     cutoff   66         0.02644    0.02998  13.4%  23.9 4865s
 18747532 933371    0.02709   59   50    0.02644    0.02997  13.4%  23.9 4870s
 18767969 933527     cutoff   61         0.02644    0.02997  13.3%  23.9 4875s
 18790405 933644     cutoff   55         0.02644    0.02996  13.3%  23.9 4880s
 18811000 933668    0.02920   53   54    0.02644    0.02996  13.3%  23.9 4885s
 18833114 933759     cutoff   72         0.02644    0.02995  13.3%  23.9 4890s
 18854658 933832     cutoff   57         0.02644    0.02995  13.3%  23.9 4895s
 18875137 933630    0.02995   50   58    0.02644    0.02995  13.3%  23.8 4900s
 18895689 933750    0.02712   54   53    0.02644    0.02994  13.3%  23.8 4905s
 18918820 933641     cutoff   62         0.02644    0.02994  13.2%  23.8 4910s
 18941530 933695    0.02863   61   61    0.02644    0.02993  13.2%  23.8 4915s
 18964090 933789     cutoff   59         0.02644    0.02993  13.2%  23.8 4920s
 18984123 933848     cutoff   55         0.02644    0.02992  13.2%  23.8 4925s
 19006665 933676    0.02894   54   59    0.02644    0.02992  13.2%  23.8 4930s
 19029346 933525    0.02769   59   52    0.02644    0.02992  13.1%  23.8 4935s
 19051629 933260     cutoff   59         0.02644    0.02991  13.1%  23.8 4940s
 19072961 933198     cutoff   54         0.02644    0.02991  13.1%  23.8 4945s
 19093506 933021     cutoff   61         0.02644    0.02990  13.1%  23.8 4950s
 19115555 932941    0.02908   67   58    0.02644    0.02990  13.1%  23.8 4955s
 19136042 932954    0.02754   55   54    0.02644    0.02989  13.1%  23.8 4960s
 19158225 933027     cutoff   54         0.02644    0.02989  13.0%  23.8 4965s
 19181099 932908 infeasible   55         0.02644    0.02988  13.0%  23.8 4970s
 19201563 932758    0.02849   55   56    0.02644    0.02988  13.0%  23.8 4975s
 19224784 932742    0.02854   57   44    0.02644    0.02988  13.0%  23.8 4980s
 19248119 932723     cutoff   53         0.02644    0.02987  13.0%  23.8 4985s
 19270373 932822     cutoff   59         0.02644    0.02987  13.0%  23.8 4990s
 19294082 932793    0.02682   59   55    0.02644    0.02986  12.9%  23.8 4995s
 19314695 932716    0.02973   58   60    0.02644    0.02986  12.9%  23.7 5000s
 19337273 932849     cutoff   59         0.02644    0.02985  12.9%  23.7 5005s
 19360392 932726    0.02907   55   55    0.02644    0.02985  12.9%  23.7 5010s
 19383161 932950     cutoff   54         0.02644    0.02984  12.9%  23.7 5015s
 19406466 933241    0.02661   59   59    0.02644    0.02984  12.9%  23.7 5020s
 19427135 933290     cutoff   57         0.02644    0.02984  12.8%  23.7 5025s
 19449060 933259    0.02790   56   55    0.02644    0.02983  12.8%  23.7 5030s
 19472098 933353    0.02786   53   61    0.02644    0.02983  12.8%  23.7 5035s
 19492689 933316     cutoff   53         0.02644    0.02982  12.8%  23.7 5040s
 19515182 933282     cutoff   58         0.02644    0.02982  12.8%  23.7 5045s
 19533674 933109    0.02919   57   55    0.02644    0.02981  12.8%  23.7 5050s
 19556286 933285    0.02883   54   51    0.02644    0.02981  12.7%  23.7 5055s
 19578602 933344    0.02974   52   43    0.02644    0.02980  12.7%  23.7 5060s
 19601405 933188     cutoff   59         0.02644    0.02980  12.7%  23.7 5065s
 19624121 933055     cutoff   59         0.02644    0.02980  12.7%  23.7 5070s
 19646494 933108     cutoff   65         0.02644    0.02979  12.7%  23.7 5075s
 19669666 933041    0.02707   67   34    0.02644    0.02979  12.7%  23.7 5080s
 19692613 933023    0.02690   59   63    0.02644    0.02978  12.6%  23.7 5085s
 19715688 932993    0.02788   49   53    0.02644    0.02978  12.6%  23.7 5090s
 19737276 932880    0.02964   48   56    0.02644    0.02977  12.6%  23.7 5095s
 19760598 932957    0.02977   45   63    0.02644    0.02977  12.6%  23.6 5100s
 19783251 933100     cutoff   55         0.02644    0.02976  12.6%  23.6 5105s
 19804613 932877    0.02808   55   50    0.02644    0.02976  12.6%  23.6 5110s
 19822325 932729    0.02894   62   50    0.02644    0.02976  12.5%  23.6 5115s
 19843189 932715    0.02730   54   64    0.02644    0.02975  12.5%  23.6 5120s
 19864800 932587    0.02729   61   56    0.02644    0.02975  12.5%  23.6 5125s
 19888304 932419    0.02777   53   46    0.02644    0.02974  12.5%  23.6 5130s
 19911555 932309     cutoff   51         0.02644    0.02974  12.5%  23.6 5135s
 19934179 932284    0.02935   66   47    0.02644    0.02973  12.5%  23.6 5140s
 19957872 932000 infeasible   46         0.02644    0.02973  12.4%  23.6 5145s
 19981221 932066     cutoff   57         0.02644    0.02973  12.4%  23.6 5150s
 20004055 931923     cutoff   65         0.02644    0.02972  12.4%  23.6 5155s
 20027059 931768     cutoff   50         0.02644    0.02972  12.4%  23.6 5160s
 20049937 931665     cutoff   55         0.02644    0.02971  12.4%  23.6 5165s
 20072133 931595    0.02860   56   45    0.02644    0.02971  12.4%  23.6 5170s
 20096071 931541     cutoff   52         0.02644    0.02970  12.3%  23.6 5175s
 20118581 931616     cutoff   61         0.02644    0.02970  12.3%  23.6 5180s
 20138621 931330    0.02672   58   56    0.02644    0.02969  12.3%  23.6 5185s
 20161556 930988    0.02783   55   57    0.02644    0.02969  12.3%  23.6 5190s
 20182231 930762    0.02910   55   41    0.02644    0.02969  12.3%  23.6 5195s
 20204058 930453    0.02812   62   57    0.02644    0.02968  12.3%  23.5 5200s
 20226969 930563    0.02868   48   52    0.02644    0.02968  12.2%  23.5 5205s
 20248340 930246    0.02719   57   54    0.02644    0.02967  12.2%  23.5 5210s
 20271149 930003     cutoff   47         0.02644    0.02967  12.2%  23.5 5215s
 20293147 929929    0.02854   50   35    0.02644    0.02966  12.2%  23.5 5220s
 20316046 929738     cutoff   56         0.02644    0.02966  12.2%  23.5 5225s
 20336818 929688     cutoff   60         0.02644    0.02966  12.2%  23.5 5230s
 20359271 929517     cutoff   53         0.02644    0.02965  12.1%  23.5 5235s
 20382169 929574     cutoff   54         0.02644    0.02965  12.1%  23.5 5240s
 20404893 929669    0.02904   46   58    0.02644    0.02964  12.1%  23.5 5245s
 20427753 929664    0.02649   66   53    0.02644    0.02964  12.1%  23.5 5250s
 20448258 929509    0.02933   50   59    0.02644    0.02964  12.1%  23.5 5255s
 20471126 929335    0.02826   54   57    0.02644    0.02963  12.1%  23.5 5260s
 20493181 929143    0.02791   49   67    0.02644    0.02963  12.1%  23.5 5265s
 20515469 928876    0.02719   63   55    0.02644    0.02962  12.0%  23.5 5270s
 20536608 928480     cutoff   51         0.02644    0.02962  12.0%  23.5 5275s
 20553460 927874     cutoff   61         0.02644    0.02962  12.0%  23.5 5280s
 20576087 927649    0.02761   56   56    0.02644    0.02961  12.0%  23.5 5285s
 20599187 927460    0.02926   56   58    0.02644    0.02961  12.0%  23.5 5290s
 20622647 927306    0.02951   59   51    0.02644    0.02960  12.0%  23.5 5295s
 20644697 927166     cutoff   61         0.02644    0.02960  11.9%  23.5 5300s
 20666792 926948    0.02861   60   51    0.02644    0.02959  11.9%  23.5 5305s
 20690253 926642     cutoff   60         0.02644    0.02959  11.9%  23.5 5310s
 20713336 926325    0.02762   51   57    0.02644    0.02959  11.9%  23.4 5315s
 20736138 926118    0.02937   60   59    0.02644    0.02958  11.9%  23.4 5320s
 20758840 925835    0.02956   54   48    0.02644    0.02958  11.9%  23.4 5325s
 20781246 925735     cutoff   66         0.02644    0.02957  11.9%  23.4 5330s
 20803647 925242    0.02856   60   49    0.02644    0.02957  11.8%  23.4 5335s
 20823509 925200     cutoff   57         0.02644    0.02956  11.8%  23.4 5340s
 20846593 924996     cutoff   65         0.02644    0.02956  11.8%  23.4 5345s
 20868038 924920    0.02936   57   54    0.02644    0.02956  11.8%  23.4 5350s
 20890616 924446     cutoff   56         0.02644    0.02955  11.8%  23.4 5355s
 20912620 924126     cutoff   54         0.02644    0.02955  11.8%  23.4 5360s
 20929758 923880     cutoff   62         0.02644    0.02954  11.7%  23.4 5365s
 20951675 923639    0.02770   53   50    0.02644    0.02954  11.7%  23.4 5370s
 20974615 923206    0.02951   45   56    0.02644    0.02953  11.7%  23.4 5375s
 20996484 922965    0.02951   67   49    0.02644    0.02953  11.7%  23.4 5380s
 21019403 922676     cutoff   55         0.02644    0.02953  11.7%  23.4 5385s
 21041973 922391     cutoff   53         0.02644    0.02952  11.7%  23.4 5390s
 21064405 922116    0.02679   58   54    0.02644    0.02952  11.6%  23.4 5395s
 21087180 921669     cutoff   45         0.02644    0.02951  11.6%  23.4 5400s
 21109536 921448    0.02651   52   54    0.02644    0.02951  11.6%  23.4 5405s
 21130422 921179    0.02737   54   56    0.02644    0.02950  11.6%  23.4 5410s
 21153425 920881    0.02947   44   52    0.02644    0.02950  11.6%  23.4 5415s
 21175958 920358    0.02731   54   53    0.02644    0.02950  11.6%  23.4 5420s
 21198325 920060    0.02743   53   57    0.02644    0.02949  11.5%  23.3 5425s
H21215330 919902                       0.0264395    0.02949  11.5%  23.3 5429s
 21216543 919883     cutoff   50         0.02644    0.02949  11.5%  23.3 5430s
 21238870 920075    0.02831   56   62    0.02644    0.02948  11.5%  23.3 5435s
 21264284 920173    0.02890   60   56    0.02644    0.02948  11.5%  23.3 5440s
 21290391 920513    0.02652   62   42    0.02644    0.02948  11.5%  23.3 5445s
 21314439 920096     cutoff   52         0.02644    0.02947  11.5%  23.3 5450s
 21336005 919877     cutoff   60         0.02644    0.02947  11.5%  23.3 5455s
 21359953 919552    0.02650   56   64    0.02644    0.02947  11.4%  23.3 5460s
 21383234 919456     cutoff   58         0.02644    0.02946  11.4%  23.3 5465s
 21407143 919280    0.02862   58   46    0.02644    0.02946  11.4%  23.3 5470s
 21427828 919029     cutoff   58         0.02644    0.02945  11.4%  23.3 5475s
 21451319 918849     cutoff   68         0.02644    0.02945  11.4%  23.3 5480s
 21473665 918353     cutoff   48         0.02644    0.02945  11.4%  23.3 5485s
 21497364 918098    0.02697   50   57    0.02644    0.02944  11.4%  23.3 5490s
 21520284 917876     cutoff   57         0.02644    0.02944  11.3%  23.2 5495s
 21543900 917652     cutoff   68         0.02644    0.02943  11.3%  23.2 5500s
 21564685 917153    0.02893   58   57    0.02644    0.02943  11.3%  23.2 5505s
 21584652 916810     cutoff   60         0.02644    0.02943  11.3%  23.2 5510s
 21607882 916508     cutoff   50         0.02644    0.02942  11.3%  23.2 5515s
 21631336 916430    0.02741   60   55    0.02644    0.02942  11.3%  23.2 5520s
 21654617 916265    0.02763   52   55    0.02644    0.02941  11.2%  23.2 5525s
 21675418 916012    0.02819   59   53    0.02644    0.02941  11.2%  23.2 5530s
 21698794 915646    0.02845   58   53    0.02644    0.02940  11.2%  23.2 5535s
 21722509 915233    0.02894   56   55    0.02644    0.02940  11.2%  23.2 5540s
 21746115 915100    0.02914   52   54    0.02644    0.02940  11.2%  23.2 5545s
 21767378 914756    0.02939   61   56    0.02644    0.02939  11.2%  23.2 5550s
 21790239 914482    0.02932   47   51    0.02644    0.02939  11.1%  23.2 5555s
 21813726 914025     cutoff   56         0.02644    0.02938  11.1%  23.2 5560s
 21837393 913695    0.02732   61   58    0.02644    0.02938  11.1%  23.2 5565s
 21860160 913227    0.02812   56   58    0.02644    0.02937  11.1%  23.2 5570s
 21880718 912803     cutoff   57         0.02644    0.02937  11.1%  23.2 5575s
 21903673 912487     cutoff   60         0.02644    0.02937  11.1%  23.2 5580s
 21925552 912129     cutoff   59         0.02644    0.02936  11.1%  23.2 5585s
 21948776 911918    0.02702   52   47    0.02644    0.02936  11.0%  23.2 5590s
 21971934 911466     cutoff   66         0.02644    0.02935  11.0%  23.2 5595s
 21989015 911098    0.02774   55   64    0.02644    0.02935  11.0%  23.2 5600s
 22012115 910698     cutoff   62         0.02644    0.02934  11.0%  23.1 5605s
 22035054 910481    0.02704   55   60    0.02644    0.02934  11.0%  23.1 5610s
 22057353 910212     cutoff   69         0.02644    0.02934  11.0%  23.1 5615s
 22080749 909897    0.02845   60   52    0.02644    0.02933  10.9%  23.1 5620s
 22102616 909739     cutoff   64         0.02644    0.02933  10.9%  23.1 5625s
 22126468 909360    0.02769   63   57    0.02644    0.02932  10.9%  23.1 5630s
 22149839 908981     cutoff   61         0.02644    0.02932  10.9%  23.1 5635s
 22172225 908764     cutoff   58         0.02644    0.02932  10.9%  23.1 5640s
 22194273 908471     cutoff   53         0.02644    0.02931  10.9%  23.1 5645s
 22218120 908075    0.02688   45   54    0.02644    0.02931  10.8%  23.1 5650s
 22240390 907889    0.02869   58   48    0.02644    0.02930  10.8%  23.1 5655s
 22263828 907314    0.02929   51   61    0.02644    0.02930  10.8%  23.1 5660s
 22285090 907016    0.02905   55   60    0.02644    0.02930  10.8%  23.1 5665s
 22306044 906902    0.02860   61   56    0.02644    0.02929  10.8%  23.1 5670s
 22329244 906649 infeasible   55         0.02644    0.02929  10.8%  23.1 5675s
 22351446 906276    0.02734   61   54    0.02644    0.02929  10.8%  23.1 5680s
 22374653 905816    0.02687   62   52    0.02644    0.02928  10.7%  23.1 5685s
 22397379 905365     cutoff   58         0.02644    0.02928  10.7%  23.1 5690s
 22417687 904827    0.02927   53   41    0.02644    0.02927  10.7%  23.1 5695s
 22439981 904335     cutoff   59         0.02644    0.02927  10.7%  23.1 5700s
 22463638 903815     cutoff   69         0.02644    0.02926  10.7%  23.1 5705s
 22486805 903543     cutoff   54         0.02644    0.02926  10.7%  23.0 5710s
 22509620 903148    0.02654   55   52    0.02644    0.02926  10.7%  23.0 5715s
 22532784 902883    0.02859   58   22    0.02644    0.02925  10.6%  23.0 5720s
 22553998 902495    0.02881   57   54    0.02644    0.02925  10.6%  23.0 5725s
 22577535 902426    0.02687   58   55    0.02644    0.02924  10.6%  23.0 5730s
 22600936 901918     cutoff   56         0.02644    0.02924  10.6%  23.0 5735s
 22624224 901407    0.02882   52   58    0.02644    0.02924  10.6%  23.0 5740s
 22642574 901011    0.02888   54   57    0.02644    0.02923  10.6%  23.0 5745s
 22666217 900518 infeasible   56         0.02644    0.02923  10.5%  23.0 5750s
 22688971 900150     cutoff   60         0.02644    0.02922  10.5%  23.0 5755s
 22711870 899801     cutoff   57         0.02644    0.02922  10.5%  23.0 5760s
 22734165 899461     cutoff   62         0.02644    0.02922  10.5%  23.0 5765s
 22751056 899036     cutoff   69         0.02644    0.02921  10.5%  23.0 5770s
 22774249 898527    0.02892   51   52    0.02644    0.02921  10.5%  23.0 5775s
 22797360 898090    0.02838   57   36    0.02644    0.02920  10.5%  23.0 5780s
 22820326 897544    0.02695   58   47    0.02644    0.02920  10.4%  23.0 5785s
 22843763 897031     cutoff   57         0.02644    0.02919  10.4%  23.0 5790s
 22865730 896532    0.02759   64   55    0.02644    0.02919  10.4%  23.0 5795s
 22888605 896126    0.02695   50   56    0.02644    0.02919  10.4%  23.0 5800s
 22911738 895508    0.02896   48   44    0.02644    0.02918  10.4%  23.0 5805s
 22935378 894953    0.02734   65   56    0.02644    0.02918  10.4%  23.0 5810s
 22957921 894581     cutoff   62         0.02644    0.02917  10.3%  23.0 5815s
 22980897 894112    0.02912   58   52    0.02644    0.02917  10.3%  23.0 5820s
 23001680 893543     cutoff   52         0.02644    0.02917  10.3%  22.9 5825s
 23024876 893117    0.02852   52   57    0.02644    0.02916  10.3%  22.9 5830s
 23045132 892610    0.02679   53   56    0.02644    0.02916  10.3%  22.9 5835s
 23065140 892167    0.02804   51   59    0.02644    0.02915  10.3%  22.9 5840s
 23086747 891621 infeasible   55         0.02644    0.02915  10.2%  22.9 5845s
 23109292 891129     cutoff   58         0.02644    0.02915  10.2%  22.9 5850s
 23131999 890459     cutoff   59         0.02644    0.02914  10.2%  22.9 5855s
 23154937 889870     cutoff   52         0.02644    0.02914  10.2%  22.9 5860s
 23177954 889489     cutoff   55         0.02644    0.02913  10.2%  22.9 5865s
 23200970 888998     cutoff   57         0.02644    0.02913  10.2%  22.9 5870s
 23224063 888429     cutoff   60         0.02644    0.02912  10.2%  22.9 5875s
 23245526 887795     cutoff   61         0.02644    0.02912  10.1%  22.9 5880s
 23267454 887321    0.02725   59   49    0.02644    0.02912  10.1%  22.9 5885s
 23291095 887063     cutoff   49         0.02644    0.02911  10.1%  22.9 5890s
 23314212 886525    0.02718   57   53    0.02644    0.02911  10.1%  22.9 5895s
 23335209 885972     cutoff   67         0.02644    0.02910  10.1%  22.9 5900s
 23355951 885446    0.02736   54   54    0.02644    0.02910  10.1%  22.9 5905s
 23378434 884807     cutoff   59         0.02644    0.02910  10.0%  22.9 5910s
 23400661 884211    0.02736   53   63    0.02644    0.02909  10.0%  22.9 5915s
 23422810 883571     cutoff   53         0.02644    0.02909  10.0%  22.9 5920s
 23443989 882985    0.02670   55   57    0.02644    0.02908  10.0%  22.9 5925s
 23466973 882463    0.02878   55   56    0.02644    0.02908  10.0%  22.9 5930s
 23489904 881776    0.02803   63   33    0.02644    0.02907  10.0%  22.9 5935s
 23513013 881076    0.02899   58   50    0.02644    0.02907  10.0%  22.8 5940s
 23534238 880379     cutoff   56         0.02644    0.02907  9.94%  22.8 5945s
 23550196 879745    0.02903   59   60    0.02644    0.02906  9.92%  22.8 5950s
 23573031 878986     cutoff   54         0.02644    0.02906  9.91%  22.8 5955s
 23596055 878348     cutoff   53         0.02644    0.02905  9.89%  22.8 5960s
 23618750 877649     cutoff   55         0.02644    0.02905  9.87%  22.8 5965s
 23641209 877013    0.02864   59   53    0.02644    0.02905  9.86%  22.8 5970s
 23664204 876228    0.02898   48   59    0.02644    0.02904  9.84%  22.8 5975s
 23683787 875615     cutoff   57         0.02644    0.02904  9.83%  22.8 5980s
 23707108 874947    0.02669   53   62    0.02644    0.02903  9.81%  22.8 5985s
 23729503 874089     cutoff   60         0.02644    0.02903  9.80%  22.8 5990s
 23752013 873411     cutoff   61         0.02644    0.02903  9.78%  22.8 5995s
 23774472 872715    0.02760   49   52    0.02644    0.02902  9.76%  22.8 6000s
 23797137 872439    0.02817   57   42    0.02644    0.02902  9.75%  22.8 6005s
 23820042 871643    0.02895   50   61    0.02644    0.02901  9.73%  22.8 6010s
 23843022 870897    0.02850   50   56    0.02644    0.02901  9.71%  22.8 6015s
 23865194 870267    0.02720   58   51    0.02644    0.02900  9.70%  22.8 6020s
 23887230 869739     cutoff   53         0.02644    0.02900  9.68%  22.8 6025s
 23910698 869169     cutoff   60         0.02644    0.02899  9.66%  22.8 6030s
 23933639 868725     cutoff   53         0.02644    0.02899  9.65%  22.8 6035s
 23953413 868587     cutoff   53         0.02644    0.02899  9.64%  22.8 6040s
 23974535 869941     cutoff   92         0.02644    0.02899  9.63%  22.8 6045s
 23995103 870699    0.02740   51   55    0.02644    0.02898  9.63%  22.8 6050s
 24015349 871071     cutoff   90         0.02644    0.02898  9.62%  22.8 6055s
 24034185 871750     cutoff   93         0.02644    0.02898  9.62%  22.7 6060s
 24054502 872382     cutoff   94         0.02644    0.02898  9.62%  22.7 6065s
 24073087 872616     cutoff   94         0.02644    0.02898  9.62%  22.7 6070s
 24092653 873037     cutoff   90         0.02644    0.02898  9.62%  22.7 6075s
 24110784 873402 infeasible   93         0.02644    0.02898  9.61%  22.7 6080s
 24128156 873654     cutoff   55         0.02644    0.02898  9.61%  22.7 6085s
 24146126 873898 infeasible   95         0.02644    0.02898  9.61%  22.7 6090s
 24164822 874295     cutoff   88         0.02644    0.02898  9.61%  22.7 6095s
 24184035 874707 infeasible   94         0.02644    0.02898  9.61%  22.7 6100s
 24202615 874758    0.02898   86    7    0.02644    0.02898  9.61%  22.7 6105s
 24219803 874400     cutoff   52         0.02644    0.02898  9.60%  22.7 6110s
 24236887 874390     cutoff   43         0.02644    0.02898  9.60%  22.7 6115s
 24255469 874362    0.02825   89   27    0.02644    0.02898  9.60%  22.7 6120s
 24272834 874491    0.02830   86   29    0.02644    0.02898  9.59%  22.7 6125s
 24290680 874650    0.02825   91   23    0.02644    0.02897  9.59%  22.7 6130s
 24308489 874973     cutoff   94         0.02644    0.02897  9.58%  22.7 6135s
 24327058 874914    0.02897   79   10    0.02644    0.02897  9.58%  22.7 6140s
 24343137 874979     cutoff   55         0.02644    0.02897  9.58%  22.7 6145s
 24359360 875137    0.02787   59   58    0.02644    0.02897  9.57%  22.7 6150s
 24378158 875358 infeasible   97         0.02644    0.02897  9.57%  22.7 6155s
 24396845 875449    0.02825   94   21    0.02644    0.02897  9.56%  22.7 6160s
 24415554 875315    0.02897   93    9    0.02644    0.02897  9.56%  22.7 6165s
 24432932 875029    0.02897   51   60    0.02644    0.02897  9.55%  22.7 6170s
 24452169 874918 infeasible   95         0.02644    0.02896  9.55%  22.7 6175s
 24470967 874845 infeasible   85         0.02644    0.02896  9.54%  22.7 6180s
 24488636 874684     cutoff   94         0.02644    0.02896  9.54%  22.7 6185s
 24508786 874590    0.02669   58   52    0.02644    0.02896  9.53%  22.7 6190s
 24528794 874665 infeasible   61         0.02644    0.02896  9.52%  22.7 6195s
 24548797 874551     cutoff   52         0.02644    0.02896  9.52%  22.7 6200s
 24569756 874072     cutoff   62         0.02644    0.02895  9.51%  22.7 6205s
 24588606 873658     cutoff   96         0.02644    0.02895  9.50%  22.7 6210s
 24610234 873151 infeasible   92         0.02644    0.02895  9.49%  22.7 6215s
 24631187 872857     cutoff   57         0.02644    0.02895  9.48%  22.7 6220s
 24652377 872573     cutoff   70         0.02644    0.02894  9.47%  22.7 6225s
 24672524 872352     cutoff   56         0.02644    0.02894  9.46%  22.7 6230s
 24691047 872054     cutoff   52         0.02644    0.02894  9.45%  22.7 6235s
 24711832 871619    0.02847   80   35    0.02644    0.02894  9.44%  22.7 6240s
 24734467 871168     cutoff   62         0.02644    0.02893  9.43%  22.7 6245s
 24756671 870492    0.02824   52   61    0.02644    0.02893  9.42%  22.7 6250s
 24777191 869814     cutoff   63         0.02644    0.02893  9.40%  22.7 6255s
 24800336 869247     cutoff   56         0.02644    0.02892  9.39%  22.6 6260s
 24822899 868858    0.02756   60   53    0.02644    0.02892  9.38%  22.6 6265s
 24845392 868356    0.02813   64   58    0.02644    0.02891  9.36%  22.6 6270s
 24869544 867955     cutoff   57         0.02644    0.02891  9.35%  22.6 6275s
 24890806 867316     cutoff   58         0.02644    0.02891  9.33%  22.6 6280s
 24914362 866597     cutoff   60         0.02644    0.02890  9.31%  22.6 6285s
 24937859 865911     cutoff   66         0.02644    0.02890  9.30%  22.6 6290s
 24960422 865189     cutoff   48         0.02644    0.02889  9.28%  22.6 6295s
 24982096 864899    0.02779   51   55    0.02644    0.02889  9.27%  22.6 6300s
 25005357 864269     cutoff   68         0.02644    0.02889  9.25%  22.6 6305s
 25026102 863610     cutoff   54         0.02644    0.02888  9.24%  22.6 6310s
 25048769 863248    0.02798   54   58    0.02644    0.02888  9.22%  22.6 6315s
 25072676 862576    0.02887   45   61    0.02644    0.02887  9.21%  22.6 6320s
 25094140 862075    0.02703   54   58    0.02644    0.02887  9.19%  22.6 6325s
 25117381 861467    0.02775   50   60    0.02644    0.02887  9.18%  22.6 6330s
 25141112 860786    0.02886   52   56    0.02644    0.02886  9.16%  22.6 6335s
 25164212 860126    0.02883   60   54    0.02644    0.02886  9.15%  22.6 6340s
 25186680 859833    0.02781   53   54    0.02644    0.02885  9.13%  22.6 6345s
 25204631 859533     cutoff   49         0.02644    0.02885  9.12%  22.6 6350s
 25228624 859340 infeasible   59         0.02644    0.02885  9.10%  22.6 6355s
 25252251 859358     cutoff   65         0.02644    0.02884  9.09%  22.6 6360s
 25274758 858657    0.02861   51   60    0.02644    0.02884  9.08%  22.6 6365s
 25297030 857948     cutoff   55         0.02644    0.02884  9.06%  22.6 6370s
 25319688 857345    0.02652   52   63    0.02644    0.02883  9.05%  22.5 6375s
 25343395 856727    0.02688   61   54    0.02644    0.02883  9.03%  22.5 6380s
 25366003 856243    0.02864   54   55    0.02644    0.02882  9.02%  22.5 6385s
 25389822 855575     cutoff   51         0.02644    0.02882  9.00%  22.5 6390s
 25413766 854848    0.02750   59   57    0.02644    0.02882  8.99%  22.5 6395s
 25436817 854289    0.02862   59   53    0.02644    0.02881  8.97%  22.5 6400s
 25460414 853721     cutoff   49         0.02644    0.02881  8.96%  22.5 6405s
 25483936 853041     cutoff   57         0.02644    0.02880  8.94%  22.5 6410s
 25504570 852336    0.02868   52   56    0.02644    0.02880  8.92%  22.5 6415s
 25528233 851561    0.02748   60   44    0.02644    0.02879  8.91%  22.5 6420s
 25550920 851195    0.02870   61   53    0.02644    0.02879  8.89%  22.5 6425s
 25575193 850842     cutoff   56         0.02644    0.02879  8.88%  22.5 6430s
 25598473 850335     cutoff   48         0.02644    0.02878  8.86%  22.5 6435s
 25621403 849985     cutoff   53         0.02644    0.02878  8.85%  22.5 6440s
 25641936 849613    0.02841   51   51    0.02644    0.02878  8.83%  22.5 6445s
 25665080 848958    0.02647   62   53    0.02644    0.02877  8.82%  22.5 6450s
 25688459 848331    0.02699   53   62    0.02644    0.02877  8.80%  22.5 6455s
 25711495 847800    0.02752   53   51    0.02644    0.02876  8.79%  22.5 6460s
 25732675 847117     cutoff   58         0.02644    0.02876  8.77%  22.5 6465s
 25754077 846462    0.02777   44   58    0.02644    0.02876  8.76%  22.5 6470s
 25778077 845788    0.02828   54   56    0.02644    0.02875  8.74%  22.5 6475s
 25801446 845517 infeasible   59         0.02644    0.02875  8.73%  22.5 6480s
 25824335 844801     cutoff   59         0.02644    0.02874  8.72%  22.5 6485s
 25847401 844132    0.02793   53   55    0.02644    0.02874  8.70%  22.5 6490s
 25869134 843563     cutoff   58         0.02644    0.02874  8.69%  22.4 6495s
 25892678 842944     cutoff   57         0.02644    0.02873  8.67%  22.4 6500s
 25916625 842162     cutoff   57         0.02644    0.02873  8.65%  22.4 6505s
 25939129 841478    0.02701   63   55    0.02644    0.02872  8.64%  22.4 6510s
 25963567 840671     cutoff   53         0.02644    0.02872  8.62%  22.4 6515s
 25985578 839927     cutoff   62         0.02644    0.02872  8.61%  22.4 6520s
 26009512 838987     cutoff   51         0.02644    0.02871  8.59%  22.4 6525s
 26033316 838240     cutoff   58         0.02644    0.02871  8.57%  22.4 6530s
 26056930 838149    0.02734   54   55    0.02644    0.02870  8.56%  22.4 6535s
 26077946 837943     cutoff   78         0.02644    0.02870  8.55%  22.4 6540s
 26101650 836987     cutoff   57         0.02644    0.02870  8.54%  22.4 6545s
 26123345 836345    0.02736   65   47    0.02644    0.02869  8.52%  22.4 6550s
 26147322 835596     cutoff   59         0.02644    0.02869  8.51%  22.4 6555s
 26170353 834940    0.02865   50   57    0.02644    0.02868  8.49%  22.4 6560s
 26193104 834130     cutoff   62         0.02644    0.02868  8.48%  22.4 6565s
 26210964 833624 infeasible   69         0.02644    0.02868  8.47%  22.4 6570s
 26235083 832716    0.02769   46   55    0.02644    0.02867  8.45%  22.4 6575s
 26258627 831739     cutoff   56         0.02644    0.02867  8.43%  22.4 6580s
 26282371 830901     cutoff   53         0.02644    0.02866  8.41%  22.4 6585s
 26306366 829912     cutoff   62         0.02644    0.02866  8.40%  22.4 6590s
 26330025 829116    0.02865   44   64    0.02644    0.02866  8.38%  22.4 6595s
 26353938 828303     cutoff   49         0.02644    0.02865  8.37%  22.4 6600s
 26377541 827573     cutoff   65         0.02644    0.02865  8.35%  22.4 6605s
 26401061 826811    0.02659   55   60    0.02644    0.02864  8.33%  22.3 6610s
 26423649 825925     cutoff   56         0.02644    0.02864  8.32%  22.3 6615s
 26448051 825404    0.02815   52   53    0.02644    0.02863  8.30%  22.3 6620s
 26471906 824527     cutoff   54         0.02644    0.02863  8.29%  22.3 6625s
 26492951 824002    0.02714   62   43    0.02644    0.02863  8.27%  22.3 6630s
 26517086 823089    0.02660   59   31    0.02644    0.02862  8.26%  22.3 6635s
 26536983 822403    0.02862   72   14    0.02644    0.02862  8.24%  22.3 6640s
 26561650 821689     cutoff   55         0.02644    0.02861  8.23%  22.3 6645s
 26585717 820905    0.02857   50   60    0.02644    0.02861  8.21%  22.3 6650s
 26609136 820154     cutoff   59         0.02644    0.02861  8.20%  22.3 6655s
 26633199 819495     cutoff   77         0.02644    0.02860  8.18%  22.3 6660s
 26656578 818711     cutoff   52         0.02644    0.02860  8.17%  22.3 6665s
 26678616 818126     cutoff   62         0.02644    0.02860  8.16%  22.3 6670s
 26702291 817442    0.02691   61   41    0.02644    0.02859  8.14%  22.3 6675s
 26726184 816837     cutoff   61         0.02644    0.02859  8.13%  22.3 6680s
 26748588 816116    0.02756   59   52    0.02644    0.02858  8.11%  22.3 6685s
 26770273 815908    0.02658   59   55    0.02644    0.02858  8.10%  22.3 6690s
 26794136 815051     cutoff   54         0.02644    0.02858  8.08%  22.3 6695s
 26817422 814223    0.02816   54   61    0.02644    0.02857  8.06%  22.3 6700s
 26841219 813178     cutoff   48         0.02644    0.02857  8.05%  22.3 6705s
 26863680 812439     cutoff   73         0.02644    0.02856  8.03%  22.3 6710s
 26885629 811710     cutoff   58         0.02644    0.02856  8.02%  22.3 6715s
 26908638 811290     cutoff   56         0.02644    0.02856  8.00%  22.2 6720s
 26931313 810601    0.02855   52   59    0.02644    0.02855  7.99%  22.2 6725s
 26953885 810001     cutoff   52         0.02644    0.02855  7.98%  22.2 6730s
 26975810 809245     cutoff   63         0.02644    0.02854  7.96%  22.2 6735s
 26996468 808505    0.02830   54   55    0.02644    0.02854  7.95%  22.2 6740s
 27018747 807841    0.02854   93    9    0.02644    0.02854  7.93%  22.2 6745s
 27043226 807379     cutoff   64         0.02644    0.02853  7.92%  22.2 6750s
 27066899 806465 infeasible   49         0.02644    0.02853  7.91%  22.2 6755s
 27090560 805459     cutoff   62         0.02644    0.02853  7.89%  22.2 6760s
 27113814 804684    0.02852   54   53    0.02644    0.02852  7.88%  22.2 6765s
 27135064 803930     cutoff   59         0.02644    0.02852  7.86%  22.2 6770s
 27158552 803335    0.02661   61   48    0.02644    0.02851  7.85%  22.2 6775s
 27182159 802317    0.02690   59   59    0.02644    0.02851  7.83%  22.2 6780s
 27205415 801316     cutoff   54         0.02644    0.02851  7.82%  22.2 6785s
 27229083 800559     cutoff   55         0.02644    0.02850  7.80%  22.2 6790s
 27247987 799661     cutoff   57         0.02644    0.02850  7.79%  22.2 6795s
 27271697 798448    0.02826   51   53    0.02644    0.02849  7.77%  22.2 6800s
 27294451 797382 infeasible   91         0.02644    0.02849  7.76%  22.2 6805s
 27317233 796239    0.02697   57   59    0.02644    0.02849  7.74%  22.2 6810s
 27339761 795320    0.02762   61   48    0.02644    0.02848  7.73%  22.2 6815s
 27360719 794804    0.02834   61   59    0.02644    0.02848  7.72%  22.2 6820s
 27384478 794173    0.02768   53   55    0.02644    0.02848  7.70%  22.2 6825s
 27408275 793512    0.02673   63   54    0.02644    0.02847  7.69%  22.2 6830s
 27430939 792408    0.02735   55   56    0.02644    0.02847  7.67%  22.1 6835s
 27451715 791850     cutoff   53         0.02644    0.02846  7.66%  22.1 6840s
 27473630 791036     cutoff   52         0.02644    0.02846  7.65%  22.1 6845s
 27496791 789980 infeasible   56         0.02644    0.02846  7.63%  22.1 6850s
 27520274 789521    0.02680   54   50    0.02644    0.02845  7.62%  22.1 6855s
 27539039 788839     cutoff   63         0.02644    0.02845  7.60%  22.1 6860s
 27561993 788075    0.02831   66   48    0.02644    0.02845  7.59%  22.1 6865s
 27584017 787277    0.02749   54   58    0.02644    0.02844  7.58%  22.1 6870s
 27605875 786334     cutoff   59         0.02644    0.02844  7.56%  22.1 6875s
 27628579 785476     cutoff   76         0.02644    0.02843  7.55%  22.1 6880s
 27652054 784452    0.02719   57   59    0.02644    0.02843  7.53%  22.1 6885s
 27675081 783733    0.02843   58   49    0.02644    0.02843  7.52%  22.1 6890s
 27698129 783006    0.02842   49   56    0.02644    0.02842  7.50%  22.1 6895s
 27721273 781929    0.02794   53   54    0.02644    0.02842  7.48%  22.1 6900s
 27744475 781100    0.02652   91   18    0.02644    0.02841  7.47%  22.1 6905s
 27767427 780255     cutoff   63         0.02644    0.02841  7.45%  22.1 6910s
 27788757 779605    0.02767   52   54    0.02644    0.02841  7.44%  22.1 6915s
 27812211 778420     cutoff   62         0.02644    0.02840  7.43%  22.1 6920s
 27835664 777309    0.02777   54   54    0.02644    0.02840  7.41%  22.1 6925s
 27859516 776101     cutoff   60         0.02644    0.02839  7.39%  22.1 6930s
 27880210 775133     cutoff   54         0.02644    0.02839  7.38%  22.1 6935s
 27903744 774089     cutoff   63         0.02644    0.02839  7.36%  22.1 6940s
 27927362 773521     cutoff   65         0.02644    0.02838  7.35%  22.1 6945s
 27950393 772699    0.02720   58   65    0.02644    0.02838  7.34%  22.1 6950s
 27971110 772234     cutoff   96         0.02644    0.02838  7.33%  22.0 6955s
 27987932 771212     cutoff   64         0.02644    0.02837  7.32%  22.0 6960s
 28011483 770088    0.02786   56   61    0.02644    0.02837  7.30%  22.0 6965s
 28034881 769144    0.02663   59   35    0.02644    0.02837  7.28%  22.0 6970s
 28058763 768202    0.02665   60   58    0.02644    0.02836  7.27%  22.0 6975s
 28082219 767190     cutoff   57         0.02644    0.02836  7.25%  22.0 6980s
 28105668 766235    0.02786   61   53    0.02644    0.02835  7.24%  22.0 6985s
 28129045 765497     cutoff   70         0.02644    0.02835  7.22%  22.0 6990s
 28152261 764570    0.02832   54   53    0.02644    0.02835  7.21%  22.0 6995s
 28175333 763540    0.02794   60   55    0.02644    0.02834  7.19%  22.0 7000s
 28198796 762318 infeasible   95         0.02644    0.02834  7.18%  22.0 7005s
 28221980 761370    0.02833   61   54    0.02644    0.02833  7.16%  22.0 7010s
 28246007 760277    0.02718   53   60    0.02644    0.02833  7.14%  22.0 7015s
 28269401 759470    0.02770   47   50    0.02644    0.02832  7.13%  22.0 7020s
 28293456 758464 infeasible   56         0.02644    0.02832  7.11%  22.0 7025s
 28317166 757450    0.02652   57   51    0.02644    0.02832  7.10%  22.0 7030s
 28336871 756634    0.02795   55   64    0.02644    0.02831  7.08%  22.0 7035s
 28360441 755745     cutoff   66         0.02644    0.02831  7.07%  22.0 7040s
 28385326 755361 infeasible   53         0.02644    0.02831  7.06%  22.0 7045s
 28410421 754540    0.02700   57   50    0.02644    0.02830  7.05%  22.0 7050s
 28434336 753355 infeasible   61         0.02644    0.02830  7.03%  22.0 7055s
 28457252 752908     cutoff   61         0.02644    0.02830  7.02%  21.9 7060s
 28481970 751819    0.02829   76   37    0.02644    0.02829  7.01%  21.9 7065s
 28506243 751020 infeasible   47         0.02644    0.02829  6.99%  21.9 7070s
 28530253 749943     cutoff   53         0.02644    0.02829  6.98%  21.9 7075s
 28551647 749164     cutoff   64         0.02644    0.02828  6.97%  21.9 7080s
 28575210 748118    0.02827   52   60    0.02644    0.02828  6.95%  21.9 7085s
 28599417 746948     cutoff   62         0.02644    0.02827  6.94%  21.9 7090s
 28622454 746016    0.02676   54   39    0.02644    0.02827  6.93%  21.9 7095s
 28646558 744666    0.02769   66   45    0.02644    0.02827  6.91%  21.9 7100s
 28668163 743494    0.02715   54   55    0.02644    0.02826  6.90%  21.9 7105s
 28690363 742281     cutoff   58         0.02644    0.02826  6.89%  21.9 7110s
 28714247 740774    0.02709   56   53    0.02644    0.02826  6.87%  21.9 7115s
 28736225 739592    0.02815   69   27    0.02644    0.02825  6.86%  21.9 7120s
 28759974 738299    0.02731   55   60    0.02644    0.02825  6.84%  21.9 7125s
 28778161 737375    0.02675   53   57    0.02644    0.02825  6.83%  21.9 7130s
 28804393 736598    0.02717   51   58    0.02644    0.02824  6.82%  21.9 7135s
 28828298 735473    0.02769   70   19    0.02644    0.02824  6.80%  21.9 7140s
 28852307 734140     cutoff   61         0.02644    0.02823  6.79%  21.9 7145s
 28875537 732883     cutoff   56         0.02644    0.02823  6.77%  21.9 7150s
 28899623 731370    0.02803   52   56    0.02644    0.02823  6.75%  21.9 7155s
 28924237 730501     cutoff   54         0.02644    0.02822  6.74%  21.9 7160s
 28948428 729366    0.02716   56   55    0.02644    0.02822  6.72%  21.8 7165s
 28972124 728415    0.02650   96   16    0.02644    0.02821  6.71%  21.8 7170s
 28995757 727393    0.02696   65   52    0.02644    0.02821  6.70%  21.8 7175s
 29019824 725988     cutoff   53         0.02644    0.02821  6.68%  21.8 7180s
 29043927 724662    0.02817   49   59    0.02644    0.02820  6.67%  21.8 7185s
 29068565 723796     cutoff   59         0.02644    0.02820  6.65%  21.8 7190s
 29092667 722988     cutoff   60         0.02644    0.02819  6.64%  21.8 7195s
 29112963 722428     cutoff   66         0.02644    0.02819  6.63%  21.8 7200s
 29134864 721315     cutoff   66         0.02644    0.02819  6.61%  21.8 7205s
 29158642 720372     cutoff   56         0.02644    0.02818  6.60%  21.8 7210s
 29182679 719461    0.02656   61   26    0.02644    0.02818  6.59%  21.8 7215s
 29205284 718918     cutoff   70         0.02644    0.02818  6.58%  21.8 7220s
 29228418 717863    0.02710   66   52    0.02644    0.02817  6.56%  21.8 7225s
 29249985 716781     cutoff   49         0.02644    0.02817  6.55%  21.8 7230s
 29273972 715476    0.02781   52   60    0.02644    0.02817  6.53%  21.8 7235s
 29296762 714181     cutoff   59         0.02644    0.02816  6.52%  21.8 7240s
 29319572 713092    0.02647   46   52    0.02644    0.02816  6.50%  21.8 7245s
 29343313 711868    0.02755   52   60    0.02644    0.02815  6.48%  21.8 7250s
 29365172 710743    0.02724   71   11    0.02644    0.02815  6.47%  21.8 7255s
 29389144 709375    0.02767   64   53    0.02644    0.02815  6.45%  21.8 7260s
 29413697 708215    0.02801   55   57    0.02644    0.02814  6.43%  21.8 7265s
 29437953 707016     cutoff   60         0.02644    0.02814  6.42%  21.8 7270s
 29461778 705793     cutoff   49         0.02644    0.02813  6.40%  21.7 7275s
 29484073 704662     cutoff   61         0.02644    0.02813  6.38%  21.7 7280s
 29507540 703334    0.02771   63   50    0.02644    0.02812  6.37%  21.7 7285s
 29531429 702057    0.02648   60   54    0.02644    0.02812  6.35%  21.7 7290s
 29554627 700890    0.02811   51   55    0.02644    0.02812  6.34%  21.7 7295s
 29576125 699856     cutoff   62         0.02644    0.02811  6.32%  21.7 7300s
 29598064 698993     cutoff   58         0.02644    0.02811  6.31%  21.7 7305s
 29622182 698167     cutoff   64         0.02644    0.02810  6.29%  21.7 7310s
 29645780 697201     cutoff   56         0.02644    0.02810  6.28%  21.7 7315s
 29668553 696326     cutoff   61         0.02644    0.02810  6.27%  21.7 7320s
 29692548 696031     cutoff   57         0.02644    0.02809  6.25%  21.7 7325s
 29714232 695105    0.02649   61   43    0.02644    0.02809  6.24%  21.7 7330s
 29738587 694231    0.02709   53   56    0.02644    0.02809  6.23%  21.7 7335s
 29762435 693804     cutoff   68         0.02644    0.02808  6.22%  21.7 7340s
 29785681 694296     cutoff   93         0.02644    0.02808  6.21%  21.7 7345s
 29807430 693257    0.02785   54   52    0.02644    0.02808  6.20%  21.7 7350s
 29829459 691601    0.02678   53   58    0.02644    0.02808  6.19%  21.7 7355s
 29851109 690422 infeasible   94         0.02644    0.02807  6.18%  21.7 7360s
 29875460 689210    0.02693   63   55    0.02644    0.02807  6.17%  21.7 7365s
 29896137 688160     cutoff   58         0.02644    0.02807  6.15%  21.6 7370s
 29919674 686820    0.02671   63   51    0.02644    0.02806  6.14%  21.6 7375s
 29936294 685914    0.02737   64   52    0.02644    0.02806  6.13%  21.6 7380s
 29960617 684679     cutoff   55         0.02644    0.02806  6.11%  21.6 7385s
 29985074 683292     cutoff   61         0.02644    0.02805  6.09%  21.6 7390s
 30007697 682259    0.02661   55   58    0.02644    0.02805  6.08%  21.6 7395s
 30030177 681109     cutoff   50         0.02644    0.02804  6.07%  21.6 7400s
 30054152 680300    0.02767   49   57    0.02644    0.02804  6.06%  21.6 7405s
 30078475 679160    0.02667   56   64    0.02644    0.02804  6.04%  21.6 7410s
 30102080 677978     cutoff   53         0.02644    0.02803  6.03%  21.6 7415s
 30124979 676967     cutoff   58         0.02644    0.02803  6.01%  21.6 7420s
 30148584 675779    0.02764   61   57    0.02644    0.02802  5.99%  21.6 7425s
 30171123 674605     cutoff  108         0.02644    0.02802  5.98%  21.6 7430s
 30194583 673776    0.02669   58   51    0.02644    0.02802  5.97%  21.6 7435s
 30217518 672575     cutoff   59         0.02644    0.02801  5.96%  21.6 7440s
 30238064 671531     cutoff   53         0.02644    0.02801  5.95%  21.6 7445s
 30261665 670142     cutoff   53         0.02644    0.02801  5.93%  21.6 7450s
 30285766 668819 infeasible   59         0.02644    0.02800  5.91%  21.6 7455s
 30308871 667691     cutoff   52         0.02644    0.02800  5.90%  21.6 7460s
 30331853 666586    0.02650   56   66    0.02644    0.02800  5.89%  21.6 7465s
 30353403 665508     cutoff   60         0.02644    0.02799  5.87%  21.6 7470s
 30376818 664429 infeasible  106         0.02644    0.02799  5.86%  21.5 7475s
 30400342 663293     cutoff   66         0.02644    0.02798  5.84%  21.5 7480s
 30424585 662401 infeasible   61         0.02644    0.02798  5.83%  21.5 7485s
 30447456 662115    0.02772   57   55    0.02644    0.02798  5.82%  21.5 7490s
 30470828 662365    0.02793   44   66    0.02644    0.02798  5.81%  21.5 7495s
 30490237 660936    0.02687   57   56    0.02644    0.02797  5.80%  21.5 7500s
 30512450 659787     cutoff   55         0.02644    0.02797  5.79%  21.5 7505s
 30535696 658420     cutoff   55         0.02644    0.02797  5.78%  21.5 7510s
 30559386 657146     cutoff   57         0.02644    0.02796  5.76%  21.5 7515s
 30583254 656940    0.02651   54   52    0.02644    0.02796  5.75%  21.5 7520s
 30602198 656458    0.02653   54   57    0.02644    0.02796  5.74%  21.5 7525s
 30622501 655818    0.02795   92    7    0.02644    0.02795  5.73%  21.5 7530s
 30643898 654785    0.02741   57   32    0.02644    0.02795  5.72%  21.5 7535s
 30667521 653801 infeasible   97         0.02644    0.02795  5.71%  21.5 7540s
 30690413 652772    0.02745   53   64    0.02644    0.02795  5.69%  21.5 7545s
 30714752 651170     cutoff   55         0.02644    0.02794  5.68%  21.5 7550s
 30739041 649707     cutoff   53         0.02644    0.02794  5.66%  21.5 7555s
 30762640 648446     cutoff   68         0.02644    0.02793  5.64%  21.5 7560s
 30787113 647409     cutoff   52         0.02644    0.02793  5.63%  21.5 7565s
 30810977 646306    0.02792   50   43    0.02644    0.02792  5.61%  21.4 7570s
 30834237 645355    0.02789   58   53    0.02644    0.02792  5.60%  21.4 7575s
 30857410 644275    0.02787   58   38    0.02644    0.02792  5.59%  21.4 7580s
 30881310 643616     cutoff   99         0.02644    0.02791  5.57%  21.4 7585s
 30901646 642978    0.02650   61   55    0.02644    0.02791  5.56%  21.4 7590s
 30925224 642580    0.02762   46   42    0.02644    0.02791  5.55%  21.4 7595s
 30948450 642205     cutoff   51         0.02644    0.02791  5.55%  21.4 7600s
 30971482 642315    0.02789   62   53    0.02644    0.02790  5.54%  21.4 7605s
 30992677 641812     cutoff   63         0.02644    0.02790  5.53%  21.4 7610s
 31010985 641346    0.02775   98    6    0.02644    0.02790  5.52%  21.4 7615s
 31034062 640751    0.02790   97    6    0.02644    0.02790  5.51%  21.4 7620s
 31057979 640415     cutoff   43         0.02644    0.02790  5.51%  21.4 7625s
 31082303 639817     cutoff   60         0.02644    0.02789  5.49%  21.4 7630s
 31105861 639117    0.02773   55   53    0.02644    0.02789  5.48%  21.4 7635s
 31126791 638575     cutoff   58         0.02644    0.02789  5.47%  21.4 7640s
 31149142 638447    0.02788   98    5    0.02644    0.02788  5.47%  21.3 7645s
 31171717 637529    0.02787   52   56    0.02644    0.02788  5.46%  21.3 7650s
 31195184 636781    0.02693   58   52    0.02644    0.02788  5.45%  21.3 7655s
 31215791 636372     cutoff  102         0.02644    0.02788  5.44%  21.3 7660s
 31239015 635747     cutoff   68         0.02644    0.02788  5.43%  21.3 7665s
 31262216 635067     cutoff   54         0.02644    0.02787  5.42%  21.3 7670s
 31285286 634721    0.02787   87   13    0.02644    0.02787  5.41%  21.3 7675s
 31309496 634843     cutoff   66         0.02644    0.02787  5.40%  21.3 7680s
 31331897 635573    0.02786   97   15    0.02644    0.02787  5.39%  21.3 7685s
 31362172 638369    0.02649   60   27    0.02644    0.02786  5.39%  21.3 7690s
 31394607 639702     cutoff   61         0.02644    0.02786  5.39%  21.3 7695s
 31426506 639827    0.02786  108    4    0.02644    0.02786  5.39%  21.2 7700s
 31457975 640006    0.02786  100    9    0.02644    0.02786  5.38%  21.2 7705s
 31483875 639850 infeasible  111         0.02644    0.02786  5.38%  21.2 7710s
 31514577 638499    0.02786  107    6    0.02644    0.02786  5.38%  21.2 7715s
 31543592 636875    0.02786  102    7    0.02644    0.02786  5.38%  21.2 7720s
 31570636 635155    0.02784   54   56    0.02644    0.02786  5.37%  21.2 7725s
 31595052 632973     cutoff   59         0.02644    0.02786  5.36%  21.2 7730s
 31619815 631178    0.02744   49   56    0.02644    0.02785  5.35%  21.2 7735s
 31644362 629340 infeasible  103         0.02644    0.02785  5.34%  21.1 7740s
 31668745 627775 infeasible   99         0.02644    0.02785  5.33%  21.1 7745s
 31692581 626170    0.02746   51   54    0.02644    0.02784  5.31%  21.1 7750s
 31713590 624694    0.02698   63   41    0.02644    0.02784  5.30%  21.1 7755s
 31737152 623295    0.02740   54   62    0.02644    0.02784  5.29%  21.1 7760s
 31761034 622042    0.02712   53   59    0.02644    0.02783  5.27%  21.1 7765s
 31783294 620978    0.02671   53   52    0.02644    0.02783  5.26%  21.1 7770s
 31805773 619822     cutoff   50         0.02644    0.02783  5.25%  21.1 7775s
 31829187 618802     cutoff   50         0.02644    0.02782  5.24%  21.1 7780s
 31852270 617529    0.02691   59   64    0.02644    0.02782  5.23%  21.1 7785s
 31874976 616493     cutoff   54         0.02644    0.02782  5.21%  21.1 7790s
 31896110 615753    0.02663   54   53    0.02644    0.02782  5.20%  21.1 7795s
 31918865 614889     cutoff   59         0.02644    0.02781  5.19%  21.1 7800s
 31942411 613966    0.02781   93   11    0.02644    0.02781  5.18%  21.1 7805s
 31966189 612924    0.02760   56   50    0.02644    0.02781  5.17%  21.1 7810s
 31983078 612281     cutoff   54         0.02644    0.02780  5.16%  21.1 7815s
 32006768 611467    0.02780  106    2    0.02644    0.02780  5.15%  21.1 7820s
 32029442 610367    0.02779  101    4    0.02644    0.02780  5.14%  21.1 7825s
 32054384 609663     cutoff   62         0.02644    0.02779  5.12%  21.0 7830s
 32078469 608619     cutoff   67         0.02644    0.02779  5.11%  21.0 7835s
 32102439 607796    0.02779  101    6    0.02644    0.02779  5.10%  21.0 7840s
 32124818 607160    0.02779  104    5    0.02644    0.02779  5.09%  21.0 7845s
 32149751 606464    0.02778  100    8    0.02644    0.02778  5.09%  21.0 7850s
 32174737 605642    0.02778  105    2    0.02644    0.02778  5.08%  21.0 7855s
 32198300 604742    0.02778   98    5    0.02644    0.02778  5.07%  21.0 7860s
 32222536 603540     cutoff   54         0.02644    0.02778  5.06%  21.0 7865s
 32246711 602918    0.02777  105    5    0.02644    0.02777  5.05%  21.0 7870s
 32270818 603095    0.02760   53   55    0.02644    0.02777  5.04%  21.0 7875s
 32294936 602633    0.02777   53   64    0.02644    0.02777  5.03%  21.0 7880s
 32317699 601983     cutoff   56         0.02644    0.02777  5.03%  21.0 7885s
 32339533 601620 infeasible  104         0.02644    0.02777  5.02%  21.0 7890s
 32363816 601010 infeasible   58         0.02644    0.02776  5.01%  20.9 7895s
 32388687 599736 infeasible   97         0.02644    0.02776  5.00%  20.9 7900s
 32412656 598892    0.02724   60   56    0.02644    0.02776  4.99%  20.9 7905s
 32436764 597872     cutoff   56         0.02644    0.02776  4.98%  20.9 7910s
 32459604 597107    0.02775   57   52    0.02644    0.02775  4.97%  20.9 7915s
 32484466 596433     cutoff   54         0.02644    0.02775  4.96%  20.9 7920s
 32509413 595361    0.02754   58   54    0.02644    0.02775  4.95%  20.9 7925s
 32532043 594411 infeasible   51         0.02644    0.02774  4.94%  20.9 7930s
 32556180 593434    0.02720   59   50    0.02644    0.02774  4.92%  20.9 7935s
 32581127 593460    0.02774  111    3    0.02644    0.02774  4.92%  20.9 7940s
 32604322 593143     cutoff   47         0.02644    0.02774  4.92%  20.9 7945s
 32629359 592513    0.02774  114    2    0.02644    0.02774  4.91%  20.9 7950s
 32654452 591694     cutoff   60         0.02644    0.02774  4.90%  20.8 7955s
 32676667 590566     cutoff   71         0.02644    0.02773  4.89%  20.8 7960s
 32700837 589693 infeasible  103         0.02644    0.02773  4.88%  20.8 7965s
 32724364 589064    0.02697   49   57    0.02644    0.02773  4.87%  20.8 7970s
 32750253 588652    0.02668   51   54    0.02644    0.02773  4.86%  20.8 7975s
 32773918 587741    0.02767  102    2    0.02644    0.02772  4.86%  20.8 7980s
 32796092 586931     cutoff   52         0.02644    0.02772  4.85%  20.8 7985s
 32821207 586279    0.02697   55   55    0.02644    0.02772  4.84%  20.8 7990s
 32846287 585269    0.02653   51   53    0.02644    0.02772  4.83%  20.8 7995s
 32871922 584864 infeasible   56         0.02644    0.02772  4.83%  20.8 8000s
 32894927 583743    0.02771  110    2    0.02644    0.02771  4.82%  20.8 8005s
 32917433 582802     cutoff   65         0.02644    0.02771  4.81%  20.8 8010s
 32941393 581800    0.02771   97    5    0.02644    0.02771  4.80%  20.8 8015s
 32965836 580914    0.02752   61   51    0.02644    0.02770  4.79%  20.7 8020s
 32991176 581236     cutoff   58         0.02644    0.02770  4.78%  20.7 8025s
 33015487 581168 infeasible  103         0.02644    0.02770  4.77%  20.7 8030s
 33041283 580836    0.02770  105    3    0.02644    0.02770  4.77%  20.7 8035s
 33060345 580675    0.02770  106    3    0.02644    0.02770  4.77%  20.7 8040s
 33085755 580112     cutoff   50         0.02644    0.02770  4.76%  20.7 8045s
 33111003 579376     cutoff   67         0.02644    0.02770  4.76%  20.7 8050s
 33134817 578742     cutoff   58         0.02644    0.02770  4.75%  20.7 8055s
 33158591 577812 infeasible  103         0.02644    0.02769  4.75%  20.7 8060s
 33182743 577487     cutoff   63         0.02644    0.02769  4.74%  20.7 8065s
 33207434 576565     cutoff   54         0.02644    0.02769  4.73%  20.7 8070s
 33233617 575722    0.02769   85   22    0.02644    0.02769  4.72%  20.6 8075s
 33256877 574938     cutoff   54         0.02644    0.02768  4.71%  20.6 8080s
 33281794 574327 infeasible  107         0.02644    0.02768  4.70%  20.6 8085s
 33306930 574535     cutoff   93         0.02644    0.02768  4.69%  20.6 8090s
 33335212 575029    0.02768  101    3    0.02644    0.02768  4.68%  20.6 8095s
 33366157 575804    0.02768  102    6    0.02644    0.02768  4.68%  20.6 8100s
 33396386 576223 infeasible  104         0.02644    0.02768  4.68%  20.6 8105s
 33429189 576979     cutoff  103         0.02644    0.02768  4.67%  20.6 8110s
 33462364 577698    0.02716   59   55    0.02644    0.02767  4.67%  20.6 8115s
 33496301 578432     cutoff  100         0.02644    0.02767  4.67%  20.5 8120s
 33525268 578908     cutoff   57         0.02644    0.02767  4.67%  20.5 8125s
 33557889 579642     cutoff   55         0.02644    0.02767  4.67%  20.5 8130s
 33590622 580288 infeasible  102         0.02644    0.02767  4.67%  20.5 8135s
 33621195 580909 infeasible  103         0.02644    0.02767  4.66%  20.5 8140s
 33653475 581228 infeasible  104         0.02644    0.02767  4.66%  20.5 8145s
 33683058 581576     cutoff   56         0.02644    0.02767  4.66%  20.5 8150s
 33715869 582138    0.02767   93    3    0.02644    0.02767  4.66%  20.4 8155s
 33747143 582921    0.02767   99    4    0.02644    0.02767  4.66%  20.4 8160s
 33778976 584192 infeasible  103         0.02644    0.02767  4.66%  20.4 8165s
 33809797 584413    0.02767   94   10    0.02644    0.02767  4.66%  20.4 8170s
 33841874 585271    0.02767  101    3    0.02644    0.02767  4.66%  20.4 8175s
 33862306 586439 infeasible   95         0.02644    0.02767  4.66%  20.4 8180s
 33893749 589746    0.02767   96    6    0.02644    0.02767  4.66%  20.4 8185s
 33923400 591293    0.02767  105    3    0.02644    0.02767  4.66%  20.3 8190s
 33954563 594881 infeasible   95         0.02644    0.02767  4.65%  20.3 8195s
 33987457 600533    0.02767  100    4    0.02644    0.02767  4.65%  20.3 8200s
 34019694 605343    0.02762   96    7    0.02644    0.02767  4.65%  20.3 8205s
 34054054 608295 infeasible   94         0.02644    0.02767  4.65%  20.3 8210s
 34089845 608673    0.02767   92    4    0.02644    0.02767  4.65%  20.3 8215s
 34124924 608752    0.02767   90   10    0.02644    0.02767  4.65%  20.3 8220s
 34158777 607978 infeasible   93         0.02644    0.02767  4.65%  20.2 8225s
 34190205 606343    0.02767   92    5    0.02644    0.02767  4.65%  20.2 8230s
 34217467 602737    0.02767   92    3    0.02644    0.02767  4.65%  20.2 8235s
 34246354 600905    0.02767   93    2    0.02644    0.02767  4.65%  20.2 8240s
 34272143 598086    0.02689   62   50    0.02644    0.02767  4.65%  20.2 8245s
 34303346 598043 infeasible  101         0.02644    0.02767  4.65%  20.2 8250s
 34335805 598142    0.02767   99    5    0.02644    0.02767  4.65%  20.2 8255s
 34366005 598487     cutoff  104         0.02644    0.02767  4.65%  20.1 8260s
 34397133 599210    0.02767   98   11    0.02644    0.02767  4.65%  20.1 8265s
 34429244 599515     cutoff   64         0.02644    0.02767  4.65%  20.1 8270s
 34462003 600101    0.02712   99    3    0.02644    0.02767  4.65%  20.1 8275s
 34494715 600549    0.02767  100    3    0.02644    0.02767  4.65%  20.1 8280s
 34526775 600696 infeasible  105         0.02644    0.02767  4.64%  20.1 8285s
 34553302 600794 infeasible  107         0.02644    0.02767  4.64%  20.1 8290s
 34583234 601235     cutoff   55         0.02644    0.02767  4.64%  20.1 8295s
 34613813 601739    0.02762  101    4    0.02644    0.02767  4.64%  20.0 8300s
 34644579 602105    0.02767  100    3    0.02644    0.02767  4.64%  20.0 8305s
 34675967 602289     cutoff  104         0.02644    0.02767  4.64%  20.0 8310s
 34708415 602553    0.02704   60   51    0.02644    0.02767  4.64%  20.0 8315s
 34738276 602785     cutoff   59         0.02644    0.02767  4.64%  20.0 8320s
 34770728 603205     cutoff  105         0.02644    0.02767  4.64%  20.0 8325s
 34802628 604036     cutoff  100         0.02644    0.02767  4.64%  20.0 8330s
 34834796 604137    0.02697   63   56    0.02644    0.02767  4.64%  19.9 8335s
 34866920 604442 infeasible  101         0.02644    0.02766  4.63%  19.9 8340s
 34897243 604963 infeasible  104         0.02644    0.02766  4.63%  19.9 8345s
 34930380 605618    0.02766   94    3    0.02644    0.02766  4.63%  19.9 8350s
 34959776 606004    0.02766   63   50    0.02644    0.02766  4.63%  19.9 8355s
 34992102 606383 infeasible   99         0.02644    0.02766  4.63%  19.9 8360s
 35023473 606694 infeasible  104         0.02644    0.02766  4.63%  19.9 8365s
 35055267 607160    0.02764   56   56    0.02644    0.02766  4.63%  19.8 8370s
 35084831 607268 infeasible  107         0.02644    0.02766  4.63%  19.8 8375s
 35116394 607349    0.02766  102    3    0.02644    0.02766  4.63%  19.8 8380s
 35144736 607528    0.02766   98    5    0.02644    0.02766  4.63%  19.8 8385s
 35177091 607625    0.02764   89   12    0.02644    0.02766  4.62%  19.8 8390s
 35207775 607662     cutoff   99         0.02644    0.02766  4.62%  19.8 8395s
 35238141 607533 infeasible  104         0.02644    0.02766  4.62%  19.8 8400s
 35266827 607212     cutoff   60         0.02644    0.02766  4.62%  19.8 8405s
 35294920 606727     cutoff   55         0.02644    0.02766  4.62%  19.7 8410s
 35322506 606147 infeasible  116         0.02644    0.02766  4.62%  19.7 8415s
 35346695 605391     cutoff  102         0.02644    0.02766  4.61%  19.7 8420s
 35372663 604353    0.02766   98    2    0.02644    0.02766  4.61%  19.7 8425s
 35398696 603883 infeasible  103         0.02644    0.02766  4.61%  19.7 8430s
 35422251 603043    0.02766   93    6    0.02644    0.02766  4.61%  19.7 8435s
 35443875 602333    0.02764  102   10    0.02644    0.02766  4.60%  19.7 8440s
 35467301 601871     cutoff  116         0.02644    0.02766  4.60%  19.7 8445s
 35489006 601053 infeasible   49         0.02644    0.02765  4.60%  19.7 8450s
 35514368 600272     cutoff   95         0.02644    0.02765  4.59%  19.7 8455s
 35540822 600489     cutoff   49         0.02644    0.02765  4.59%  19.7 8460s
 35564313 600750    0.02745   61   51    0.02644    0.02765  4.58%  19.6 8465s
 35587589 600831    0.02764   56   55    0.02644    0.02765  4.58%  19.6 8470s
 35612310 600573    0.02765   97    6    0.02644    0.02765  4.58%  19.6 8475s
 35636366 600472    0.02765  123    6    0.02644    0.02765  4.58%  19.6 8480s
 35660096 600675    0.02737   60   53    0.02644    0.02765  4.57%  19.6 8485s
 35684188 600601    0.02765  111    2    0.02644    0.02765  4.57%  19.6 8490s
 35707585 600305     cutoff   61         0.02644    0.02765  4.56%  19.6 8495s
 35730783 600145    0.02754   69   58    0.02644    0.02765  4.56%  19.6 8500s
 35754366 600463    0.02764  104   10    0.02644    0.02764  4.56%  19.6 8505s
 35779407 601450    0.02764  113    3    0.02644    0.02764  4.55%  19.6 8510s
 35803050 602110 infeasible  114         0.02644    0.02764  4.55%  19.6 8515s
 35829548 602275    0.02764  115    2    0.02644    0.02764  4.55%  19.6 8520s
 35856940 602272 infeasible  115         0.02644    0.02764  4.55%  19.6 8525s
 35883726 602030 infeasible  115         0.02644    0.02764  4.55%  19.5 8530s
 35907860 602063 infeasible  115         0.02644    0.02764  4.55%  19.5 8535s
 35934593 602081 infeasible  117         0.02644    0.02764  4.55%  19.5 8540s
 35961218 602078    0.02764  114    6    0.02644    0.02764  4.55%  19.5 8545s
 35988018 601725    0.02764  113    3    0.02644    0.02764  4.55%  19.5 8550s
 36008542 601821    0.02764  110    4    0.02644    0.02764  4.55%  19.5 8555s
 36034911 601491    0.02764  118    2    0.02644    0.02764  4.55%  19.5 8560s
 36061790 601036 infeasible  116         0.02644    0.02764  4.55%  19.5 8565s
 36089348 601614     cutoff  114         0.02644    0.02764  4.55%  19.5 8570s
 36109657 601671    0.02764  111    6    0.02644    0.02764  4.55%  19.4 8575s
 36129048 601269     cutoff  113         0.02644    0.02764  4.55%  19.4 8580s
 36148737 601177    0.02717  109    5    0.02644    0.02764  4.54%  19.4 8585s
 36170928 601543 infeasible  114         0.02644    0.02764  4.54%  19.4 8590s
 36197051 601782    0.02764  117    5    0.02644    0.02764  4.54%  19.4 8595s
 36222832 601912    0.02764  112    2    0.02644    0.02764  4.54%  19.4 8600s
 36248268 601553 infeasible   82         0.02644    0.02764  4.54%  19.4 8605s
 36272451 601474    0.02764  114    2    0.02644    0.02764  4.54%  19.4 8610s
 36297780 601305    0.02764  116    2    0.02644    0.02764  4.54%  19.4 8615s
 36323276 601251 infeasible  111         0.02644    0.02764  4.54%  19.4 8620s
 36346958 600613     cutoff   57         0.02644    0.02764  4.54%  19.4 8625s
 36366841 600408 infeasible  106         0.02644    0.02764  4.53%  19.4 8630s
 36387625 600570    0.02764  111    5    0.02644    0.02764  4.53%  19.3 8635s
 36412740 600120    0.02764  110    9    0.02644    0.02764  4.53%  19.3 8640s
 36435222 599761     cutoff   55         0.02644    0.02764  4.53%  19.3 8645s
 36458117 599607 infeasible  113         0.02644    0.02764  4.53%  19.3 8650s
 36480093 599858 infeasible   59         0.02644    0.02764  4.52%  19.3 8655s
 36499903 599767    0.02679   52   58    0.02644    0.02763  4.52%  19.3 8660s
 36522085 600152 infeasible  119         0.02644    0.02763  4.52%  19.3 8665s
 36544904 600372    0.02763  115    6    0.02644    0.02763  4.52%  19.3 8670s
 36566919 600668     cutoff   55         0.02644    0.02763  4.51%  19.3 8675s
 36590018 600770    0.02763  112    4    0.02644    0.02763  4.51%  19.3 8680s
 36612237 600673    0.02763  110    4    0.02644    0.02763  4.51%  19.3 8685s
 36632401 600316 infeasible   92         0.02644    0.02763  4.51%  19.3 8690s
 36655734 600316     cutoff   55         0.02644    0.02763  4.51%  19.3 8695s
 36677323 600758    0.02763  113    4    0.02644    0.02763  4.50%  19.3 8700s
 36700713 600772    0.02763  114    6    0.02644    0.02763  4.50%  19.3 8705s
 36723419 600733    0.02763  110    6    0.02644    0.02763  4.50%  19.3 8710s
 36746168 600704    0.02762  112    7    0.02644    0.02763  4.50%  19.3 8715s
 36766775 599377     cutoff   59         0.02644    0.02763  4.49%  19.3 8720s
 36786752 597566    0.02763  114    5    0.02644    0.02763  4.49%  19.3 8725s
 36809565 596787     cutoff  115         0.02644    0.02763  4.49%  19.3 8730s
 36832580 596394     cutoff  103         0.02644    0.02763  4.49%  19.2 8735s
 36856522 596586    0.02763  119    3    0.02644    0.02763  4.49%  19.2 8740s
 36878600 596530     cutoff   59         0.02644    0.02762  4.48%  19.2 8745s
 36900054 596498     cutoff   63         0.02644    0.02762  4.48%  19.2 8750s
 36923445 596395    0.02762  112    7    0.02644    0.02762  4.48%  19.2 8755s
 36946398 595998    0.02762  108    4    0.02644    0.02762  4.47%  19.2 8760s
 36970031 595577     cutoff  101         0.02644    0.02762  4.47%  19.2 8765s
 36993420 595096     cutoff  109         0.02644    0.02762  4.47%  19.2 8770s
 37011997 594668    0.02739   58   55    0.02644    0.02762  4.47%  19.2 8775s
 37034973 594243     cutoff   64         0.02644    0.02762  4.47%  19.2 8780s
 37057611 593888 infeasible  118         0.02644    0.02762  4.46%  19.2 8785s
 37081379 593570     cutoff   61         0.02644    0.02762  4.46%  19.2 8790s
 37103613 593494    0.02761  114    6    0.02644    0.02762  4.46%  19.2 8795s
 37127572 593309     cutoff   49         0.02644    0.02762  4.46%  19.2 8800s
 37151195 593046    0.02725   47   52    0.02644    0.02762  4.45%  19.2 8805s
 37174828 592763 infeasible  115         0.02644    0.02762  4.45%  19.2 8810s
 37198050 592366    0.02761  101    4    0.02644    0.02762  4.45%  19.2 8815s
 37219210 591914 infeasible  108         0.02644    0.02762  4.45%  19.2 8820s
 37241973 591233    0.02720   64   54    0.02644    0.02761  4.44%  19.2 8825s
 37265090 590763 infeasible  117         0.02644    0.02761  4.44%  19.2 8830s
 37288495 590000    0.02760   59   50    0.02644    0.02761  4.44%  19.2 8835s
 37311391 589379    0.02751  111    7    0.02644    0.02761  4.43%  19.1 8840s
 37331878 588643     cutoff  116         0.02644    0.02761  4.43%  19.1 8845s
 37354780 588185    0.02761  114    4    0.02644    0.02761  4.43%  19.1 8850s
 37378444 587454 infeasible   62         0.02644    0.02761  4.43%  19.1 8855s
 37400924 586712    0.02746   49   57    0.02644    0.02761  4.42%  19.1 8860s
 37425018 586028     cutoff   53         0.02644    0.02761  4.42%  19.1 8865s
 37447213 585488    0.02761  103    4    0.02644    0.02761  4.42%  19.1 8870s
 37466005 584915    0.02677   66   51    0.02644    0.02761  4.41%  19.1 8875s
 37490348 584252 infeasible  117         0.02644    0.02761  4.41%  19.1 8880s
 37512940 583756 infeasible  115         0.02644    0.02760  4.41%  19.1 8885s
 37534648 583205    0.02760  113    4    0.02644    0.02760  4.40%  19.1 8890s
 37558596 582974    0.02760   99    7    0.02644    0.02760  4.40%  19.1 8895s
 37582396 582521 infeasible  113         0.02644    0.02760  4.40%  19.1 8900s
 37603823 582306    0.02760  113    4    0.02644    0.02760  4.40%  19.1 8905s
 37627523 582471    0.02760  104    3    0.02644    0.02760  4.39%  19.1 8910s
 37651268 582788    0.02760   57   44    0.02644    0.02760  4.39%  19.1 8915s
 37674905 582998 infeasible  106         0.02644    0.02760  4.39%  19.1 8920s
 37697330 583236    0.02760   50   62    0.02644    0.02760  4.39%  19.1 8925s
 37722029 583217 infeasible  101         0.02644    0.02760  4.39%  19.1 8930s
 37745443 583117    0.02694  116    9    0.02644    0.02760  4.39%  19.1 8935s
 37767520 582858     cutoff   61         0.02644    0.02760  4.39%  19.0 8940s
 37788540 582854     cutoff   52         0.02644    0.02760  4.38%  19.0 8945s
 37811005 582843    0.02760   65   57    0.02644    0.02760  4.38%  19.0 8950s
 37834643 582628 infeasible  102         0.02644    0.02760  4.38%  19.0 8955s
 37858048 582689 infeasible  108         0.02644    0.02760  4.38%  19.0 8960s
 37881378 582719     cutoff   67         0.02644    0.02760  4.38%  19.0 8965s
 37905147 582903     cutoff   60         0.02644    0.02760  4.38%  19.0 8970s
 37925374 582907     cutoff  113         0.02644    0.02760  4.38%  19.0 8975s
 37947234 582782    0.02760  103    4    0.02644    0.02760  4.38%  19.0 8980s
 37971017 582572 infeasible  111         0.02644    0.02760  4.37%  19.0 8985s
 37994532 582547 infeasible  111         0.02644    0.02760  4.37%  19.0 8990s
 38016618 582117     cutoff  112         0.02644    0.02760  4.37%  19.0 8995s
 38040093 581560 infeasible  111         0.02644    0.02759  4.37%  19.0 9000s
 38061595 580994     cutoff  104         0.02644    0.02759  4.37%  19.0 9005s
 38084896 580349     cutoff  111         0.02644    0.02759  4.36%  19.0 9010s
 38108835 580274    0.02752   55   52    0.02644    0.02759  4.36%  19.0 9015s
 38132550 579831     cutoff  110         0.02644    0.02759  4.36%  19.0 9020s
 38155994 579806     cutoff  109         0.02644    0.02759  4.36%  19.0 9025s
 38177852 579637    0.02759   96    9    0.02644    0.02759  4.36%  19.0 9030s
 38197301 578825 infeasible  103         0.02644    0.02759  4.36%  19.0 9035s
 38220266 578308     cutoff  115         0.02644    0.02759  4.35%  19.0 9040s
 38243045 577984    0.02759  106    6    0.02644    0.02759  4.35%  19.0 9045s
 38265897 577523    0.02702   50   57    0.02644    0.02759  4.35%  19.0 9050s
 38288829 577151 infeasible  103         0.02644    0.02759  4.35%  19.0 9055s
 38310771 576484    0.02759  104    3    0.02644    0.02759  4.34%  19.0 9060s
 38330607 575857    0.02759  113    4    0.02644    0.02759  4.34%  19.0 9065s
 38354386 575161    0.02693   53   54    0.02644    0.02759  4.34%  19.0 9070s
 38377762 574685    0.02692   59   51    0.02644    0.02759  4.33%  19.0 9075s
 38398509 574138    0.02731   53   53    0.02644    0.02758  4.33%  19.0 9080s
 38418218 573554 infeasible  112         0.02644    0.02758  4.33%  19.0 9085s
 38440048 573146    0.02758  110    4    0.02644    0.02758  4.32%  19.0 9090s
 38463599 573044    0.02758  107    4    0.02644    0.02758  4.32%  19.0 9095s
 38487125 572625 infeasible  113         0.02644    0.02758  4.32%  19.0 9100s
 38510327 571900 infeasible  109         0.02644    0.02758  4.32%  19.0 9105s
 38532719 571047    0.02758  106    4    0.02644    0.02758  4.31%  19.0 9110s
 38553099 570921 infeasible  110         0.02644    0.02758  4.31%  19.0 9115s
 38575543 570179 infeasible  115         0.02644    0.02758  4.30%  19.0 9120s
 38597728 569624    0.02740   61   46    0.02644    0.02758  4.30%  18.9 9125s
 38620553 569181 infeasible   92         0.02644    0.02757  4.29%  18.9 9130s
 38643184 569238    0.02669   64   52    0.02644    0.02757  4.29%  18.9 9135s
 38666319 568340     cutoff   67         0.02644    0.02757  4.29%  18.9 9140s
 38683042 567733    0.02757  111    4    0.02644    0.02757  4.28%  18.9 9145s
 38706141 567055    0.02757  101    6    0.02644    0.02757  4.28%  18.9 9150s
 38729473 566997    0.02666   62   55    0.02644    0.02757  4.27%  18.9 9155s
 38752223 566680    0.02729  101    1    0.02644    0.02757  4.27%  18.9 9160s
 38775927 566447     cutoff   65         0.02644    0.02757  4.26%  18.9 9165s
 38797995 566328    0.02757  106    5    0.02644    0.02757  4.26%  18.9 9170s
 38820872 565573    0.02748   47   55    0.02644    0.02756  4.25%  18.9 9175s
 38844601 565009     cutoff   62         0.02644    0.02756  4.25%  18.9 9180s
 38867961 564434 infeasible  113         0.02644    0.02756  4.25%  18.9 9185s
 38890509 564148     cutoff   54         0.02644    0.02756  4.24%  18.9 9190s
 38913439 563756    0.02668   54   53    0.02644    0.02756  4.24%  18.9 9195s
 38936767 562813    0.02749   46   59    0.02644    0.02756  4.23%  18.9 9200s
 38959329 562211     cutoff   66         0.02644    0.02756  4.23%  18.9 9205s
 38981619 561458    0.02756  114    5    0.02644    0.02756  4.22%  18.9 9210s
 39005787 560970 infeasible  104         0.02644    0.02755  4.22%  18.9 9215s
 39026540 560313    0.02755  109    8    0.02644    0.02755  4.21%  18.9 9220s
 39050597 559945    0.02755   59   58    0.02644    0.02755  4.21%  18.9 9225s
 39074112 559980    0.02663   66   52    0.02644    0.02755  4.20%  18.9 9230s
 39097815 559890    0.02755   96    5    0.02644    0.02755  4.20%  18.9 9235s
 39119898 559744     cutoff   58         0.02644    0.02755  4.19%  18.9 9240s
 39144743 559430 infeasible   95         0.02644    0.02755  4.19%  18.9 9245s
 39166211 559066    0.02755  106    4    0.02644    0.02755  4.18%  18.9 9250s
 39191054 559033     cutoff   55         0.02644    0.02754  4.18%  18.9 9255s
 39210692 559088 infeasible  117         0.02644    0.02754  4.18%  18.9 9260s
 39234933 558694     cutoff   68         0.02644    0.02754  4.17%  18.9 9265s
 39259500 558546     cutoff  114         0.02644    0.02754  4.17%  18.9 9270s
 39283542 558178    0.02754  104    5    0.02644    0.02754  4.16%  18.8 9275s
 39305546 558494 infeasible  112         0.02644    0.02754  4.16%  18.8 9280s
 39329143 558688 infeasible  119         0.02644    0.02754  4.15%  18.8 9285s
 39354398 558941     cutoff   56         0.02644    0.02754  4.15%  18.8 9290s
 39379546 558991    0.02665   50   49    0.02644    0.02754  4.15%  18.8 9295s
 39404607 559023    0.02753   61   56    0.02644    0.02754  4.14%  18.8 9300s
 39429615 559268     cutoff  108         0.02644    0.02753  4.14%  18.8 9305s
 39454547 559337 infeasible  108         0.02644    0.02753  4.14%  18.8 9310s
 39478759 559750    0.02752   53   53    0.02644    0.02753  4.13%  18.8 9315s
 39504121 560076    0.02750  111    6    0.02644    0.02753  4.13%  18.8 9320s
 39530576 563121     cutoff   91         0.02644    0.02753  4.13%  18.8 9325s
 39554845 564674 infeasible  106         0.02644    0.02753  4.13%  18.8 9330s
 39579383 564918    0.02753  101    3    0.02644    0.02753  4.12%  18.8 9335s
 39601157 565120    0.02748  105    5    0.02644    0.02753  4.12%  18.8 9340s
 39626105 565459    0.02668  119    3    0.02644    0.02753  4.12%  18.8 9345s
 39650568 565275     cutoff   56         0.02644    0.02753  4.11%  18.8 9350s
 39675583 565477 infeasible  123         0.02644    0.02753  4.11%  18.8 9355s
 39699784 565710    0.02752  108    5    0.02644    0.02753  4.11%  18.8 9360s
 39723372 566260     cutoff  110         0.02644    0.02752  4.10%  18.8 9365s
 39744508 566668     cutoff  112         0.02644    0.02752  4.10%  18.8 9370s
 39769492 566971    0.02734   61   44    0.02644    0.02752  4.10%  18.8 9375s
 39793388 567228    0.02752  110    6    0.02644    0.02752  4.09%  18.7 9380s
 39817928 567800    0.02725   51   52    0.02644    0.02752  4.09%  18.7 9385s
 39842602 568012    0.02709  114   14    0.02644    0.02752  4.09%  18.7 9390s
 39866715 568676    0.02752  115    4    0.02644    0.02752  4.09%  18.7 9395s
 39888086 569449    0.02752  108    6    0.02644    0.02752  4.08%  18.7 9400s
 39912831 570153    0.02752  113    7    0.02644    0.02752  4.08%  18.7 9405s
 39938003 570851    0.02752  108    3    0.02644    0.02752  4.08%  18.7 9410s
 39965373 571972     cutoff  107         0.02644    0.02752  4.08%  18.7 9415s
 39992322 572848     cutoff   66         0.02644    0.02752  4.08%  18.7 9420s
 40017940 573476     cutoff  110         0.02644    0.02752  4.07%  18.7 9425s
 40043018 574215    0.02692   56   56    0.02644    0.02752  4.07%  18.7 9430s
 40069008 575105 infeasible  119         0.02644    0.02752  4.07%  18.7 9435s
 40094621 576354     cutoff   56         0.02644    0.02752  4.07%  18.7 9440s
 40118190 577160     cutoff   60         0.02644    0.02752  4.07%  18.7 9445s
 40143444 577813 infeasible  107         0.02644    0.02751  4.07%  18.7 9450s
 40168757 578793     cutoff   95         0.02644    0.02751  4.07%  18.7 9455s
 40189124 579565     cutoff   66         0.02644    0.02751  4.07%  18.7 9460s
 40214959 580566    0.02749  106    3    0.02644    0.02751  4.06%  18.7 9465s
 40240546 581490     cutoff   60         0.02644    0.02751  4.06%  18.7 9470s
 40266625 582254     cutoff   64         0.02644    0.02751  4.06%  18.6 9475s
 40292368 582899    0.02751  112   11    0.02644    0.02751  4.06%  18.6 9480s
 40318771 583939 infeasible  100         0.02644    0.02751  4.06%  18.6 9485s
 40344738 584642     cutoff  110         0.02644    0.02751  4.06%  18.6 9490s
 40370772 585509    0.02730   99   11    0.02644    0.02751  4.06%  18.6 9495s
 40396709 586125     cutoff   56         0.02644    0.02751  4.05%  18.6 9500s
 40421823 586544     cutoff   55         0.02644    0.02751  4.05%  18.6 9505s
 40447199 586924     cutoff   67         0.02644    0.02751  4.05%  18.6 9510s
 40472331 587766 infeasible  114         0.02644    0.02751  4.05%  18.6 9515s
 40498774 588153 infeasible  110         0.02644    0.02751  4.05%  18.6 9520s
 40522075 588794 infeasible  113         0.02644    0.02751  4.05%  18.6 9525s
 40548025 589703     cutoff   57         0.02644    0.02751  4.04%  18.6 9530s
 40574664 590511 infeasible  122         0.02644    0.02751  4.04%  18.6 9535s
 40598156 591146     cutoff  113         0.02644    0.02751  4.04%  18.6 9540s
 40623542 591425 infeasible  113         0.02644    0.02751  4.04%  18.6 9545s
 40649784 592156 infeasible  103         0.02644    0.02751  4.04%  18.6 9550s
 40672951 592700    0.02751  111    5    0.02644    0.02751  4.04%  18.5 9555s
 40699253 593654    0.02750  121   11    0.02644    0.02751  4.04%  18.5 9560s
 40724254 594080    0.02749   53   52    0.02644    0.02751  4.04%  18.5 9565s
 40749509 594464 infeasible  110         0.02644    0.02751  4.03%  18.5 9570s
 40775972 594754    0.02751  124   10    0.02644    0.02751  4.03%  18.5 9575s
 40804173 595159    0.02751  107    4    0.02644    0.02751  4.03%  18.5 9580s
 40827524 595170     cutoff  107         0.02644    0.02751  4.03%  18.5 9585s
 40853999 595365     cutoff   61         0.02644    0.02750  4.03%  18.5 9590s
 40880579 595151 infeasible  117         0.02644    0.02750  4.03%  18.5 9595s
 40907491 595287    0.02750  111    2    0.02644    0.02750  4.03%  18.5 9600s
 40934239 595350     cutoff  101         0.02644    0.02750  4.02%  18.5 9605s
 40960080 595250    0.02711   52   58    0.02644    0.02750  4.02%  18.5 9610s
 40983884 595128 infeasible  105         0.02644    0.02750  4.02%  18.5 9615s
 41009971 595383 infeasible  101         0.02644    0.02750  4.02%  18.5 9620s
 41035842 595425     cutoff   55         0.02644    0.02750  4.02%  18.5 9625s
 41058304 595602    0.02750  115    3    0.02644    0.02750  4.02%  18.5 9630s
 41084047 595402 infeasible  121         0.02644    0.02750  4.01%  18.4 9635s
 41110002 595410     cutoff   61         0.02644    0.02750  4.01%  18.4 9640s
 41133934 595255    0.02750  117    6    0.02644    0.02750  4.01%  18.4 9645s
 41160215 595185 infeasible  107         0.02644    0.02750  4.01%  18.4 9650s
 41186555 595227     cutoff   60         0.02644    0.02750  4.01%  18.4 9655s
 41212701 595218 infeasible  110         0.02644    0.02750  4.01%  18.4 9660s
 41237499 595349    0.02749  116    4    0.02644    0.02750  4.01%  18.4 9665s
 41261132 595288    0.02645   60   55    0.02644    0.02750  4.00%  18.4 9670s
 41283560 595489     cutoff   57         0.02644    0.02750  4.00%  18.4 9675s
 41309174 595666    0.02746  101    7    0.02644    0.02750  4.00%  18.4 9680s
 41334645 595650    0.02750  102    5    0.02644    0.02750  4.00%  18.4 9685s
 41360180 595463    0.02749  106    3    0.02644    0.02750  4.00%  18.4 9690s
 41385123 595501 infeasible  109         0.02644    0.02750  4.00%  18.4 9695s
 41410606 595400    0.02745  108    2    0.02644    0.02750  3.99%  18.4 9700s
 41436158 595290    0.02742   57   54    0.02644    0.02749  3.99%  18.4 9705s
 41462450 595510    0.02749  123    5    0.02644    0.02749  3.99%  18.4 9710s
 41489756 595912    0.02749  102   11    0.02644    0.02749  3.99%  18.4 9715s
 41517626 596359     cutoff   53         0.02644    0.02749  3.99%  18.3 9720s
 41545962 596432     cutoff  103         0.02644    0.02749  3.98%  18.3 9725s
 41572226 596227    0.02749  109    2    0.02644    0.02749  3.98%  18.3 9730s
 41599710 596030    0.02749  100    4    0.02644    0.02749  3.98%  18.3 9735s
 41626752 595717    0.02749  103    5    0.02644    0.02749  3.98%  18.3 9740s
 41649693 595288    0.02749  106    5    0.02644    0.02749  3.98%  18.3 9745s
 41675845 594893     cutoff  115         0.02644    0.02749  3.98%  18.3 9750s
 41702145 594704 infeasible  119         0.02644    0.02749  3.97%  18.3 9755s
 41727647 594406     cutoff   57         0.02644    0.02749  3.97%  18.3 9760s
 41754890 594115    0.02749  101    8    0.02644    0.02749  3.97%  18.3 9765s
 41780525 594165    0.02703  110   17    0.02644    0.02749  3.97%  18.3 9770s
 41805347 593925 infeasible  124         0.02644    0.02749  3.97%  18.3 9775s
 41831342 593338    0.02673  112    6    0.02644    0.02749  3.96%  18.3 9780s
 41857203 592559     cutoff   59         0.02644    0.02749  3.96%  18.3 9785s
 41883341 592286     cutoff   61         0.02644    0.02749  3.96%  18.3 9790s
 41909208 592558     cutoff  110         0.02644    0.02749  3.95%  18.3 9795s
 41934463 592668     cutoff   57         0.02644    0.02748  3.95%  18.3 9800s
 41956531 593012     cutoff   56         0.02644    0.02748  3.95%  18.2 9805s
 41984673 594168    0.02718  105    3    0.02644    0.02748  3.95%  18.2 9810s
 42010875 594824 infeasible   52         0.02644    0.02748  3.95%  18.2 9815s
 42038842 595217     cutoff  104         0.02644    0.02748  3.95%  18.2 9820s
 42065500 595236     cutoff  106         0.02644    0.02748  3.95%  18.2 9825s
 42091984 595120    0.02747  110    7    0.02644    0.02748  3.94%  18.2 9830s
 42115875 595271     cutoff   58         0.02644    0.02748  3.94%  18.2 9835s
 42142121 595240    0.02748   99    3    0.02644    0.02748  3.94%  18.2 9840s
 42168314 595388 infeasible   94         0.02644    0.02748  3.94%  18.2 9845s
 42195062 595504    0.02748  101    3    0.02644    0.02748  3.94%  18.2 9850s
 42222045 595414    0.02748   94    3    0.02644    0.02748  3.94%  18.2 9855s
 42248163 595333    0.02748  101    3    0.02644    0.02748  3.94%  18.2 9860s
 42271772 595286    0.02748   91    8    0.02644    0.02748  3.94%  18.2 9865s
 42298341 595027 infeasible  111         0.02644    0.02748  3.94%  18.2 9870s
 42325361 594805     cutoff   51         0.02644    0.02748  3.93%  18.2 9875s
 42352519 594949 infeasible  117         0.02644    0.02748  3.93%  18.2 9880s
 42379200 594777     cutoff   54         0.02644    0.02748  3.93%  18.2 9885s
 42405972 594862 infeasible  103         0.02644    0.02748  3.93%  18.2 9890s
 42430094 594730    0.02748  113    4    0.02644    0.02748  3.93%  18.1 9895s
 42455798 594602    0.02748  116    5    0.02644    0.02748  3.93%  18.1 9900s
 42481899 594514     cutoff   99         0.02644    0.02748  3.93%  18.1 9905s
 42507701 594258    0.02748  104    3    0.02644    0.02748  3.93%  18.1 9910s
 42533945 593802 infeasible   96         0.02644    0.02748  3.92%  18.1 9915s
 42559655 593602    0.02748   97    6    0.02644    0.02748  3.92%  18.1 9920s
 42579013 593626     cutoff  101         0.02644    0.02748  3.92%  18.1 9925s
 42600764 593950    0.02748  112    7    0.02644    0.02748  3.92%  18.1 9930s
 42626283 593834     cutoff  100         0.02644    0.02748  3.92%  18.1 9935s
 42650637 594020 infeasible  111         0.02644    0.02748  3.92%  18.1 9940s
 42676445 593918    0.02747  101    3    0.02644    0.02747  3.92%  18.1 9945s
 42701561 593831    0.02743  108    4    0.02644    0.02747  3.91%  18.1 9950s
 42726831 593773    0.02723  106    5    0.02644    0.02747  3.91%  18.1 9955s
 42751714 593881    0.02747  100    2    0.02644    0.02747  3.91%  18.1 9960s
 42777626 593998    0.02747  110    4    0.02644    0.02747  3.91%  18.1 9965s
 42802459 593953     cutoff  106         0.02644    0.02747  3.91%  18.1 9970s
 42827204 593847    0.02683   58   57    0.02644    0.02747  3.91%  18.1 9975s
 42851357 593777    0.02747   94    3    0.02644    0.02747  3.90%  18.1 9980s
 42875550 593531     cutoff   54         0.02644    0.02747  3.90%  18.1 9985s
 42899045 593290    0.02746   91   12    0.02644    0.02747  3.90%  18.1 9990s
 42923900 593198 infeasible  113         0.02644    0.02747  3.90%  18.0 9995s
 42948581 593277 infeasible  113         0.02644    0.02747  3.89%  18.0 10000s
 42972595 593212    0.02747  103    4    0.02644    0.02747  3.89%  18.0 10005s
 42997791 593566    0.02746  110    5    0.02644    0.02747  3.89%  18.0 10010s
 43019194 594080 infeasible  107         0.02644    0.02747  3.88%  18.0 10015s
 43041376 594286 infeasible  110         0.02644    0.02747  3.88%  18.0 10020s
 43064398 594562 infeasible  108         0.02644    0.02747  3.88%  18.0 10025s
 43089757 594919 infeasible  108         0.02644    0.02746  3.88%  18.0 10030s
 43113442 594805    0.02746   97    3    0.02644    0.02746  3.88%  18.0 10035s
 43138213 594616 infeasible  107         0.02644    0.02746  3.87%  18.0 10040s
 43157495 594432    0.02744  110    4    0.02644    0.02746  3.87%  18.0 10045s
 43182001 594384    0.02746   65   54    0.02644    0.02746  3.87%  18.0 10050s
 43207050 594592    0.02735  114    7    0.02644    0.02746  3.87%  18.0 10055s
 43231564 594542 infeasible  116         0.02644    0.02746  3.86%  18.0 10060s
 43255529 594720 infeasible  114         0.02644    0.02746  3.86%  18.0 10065s
 43280138 595093    0.02728   50   56    0.02644    0.02746  3.86%  18.0 10070s
 43305154 595419     cutoff   54         0.02644    0.02746  3.86%  18.0 10075s
 43330453 596565    0.02739  105    4    0.02644    0.02746  3.85%  18.0 10080s
 43355438 597178     cutoff   54         0.02644    0.02746  3.85%  18.0 10085s
 43377476 597275     cutoff   49         0.02644    0.02746  3.85%  18.0 10090s
 43401985 598016    0.02744   58   52    0.02644    0.02746  3.85%  18.0 10095s
 43425523 598427 infeasible  112         0.02644    0.02746  3.84%  18.0 10100s
 43450661 598636    0.02746  111    4    0.02644    0.02746  3.84%  18.0 10105s
 43472835 599012     cutoff  118         0.02644    0.02745  3.84%  17.9 10110s
 43496190 599689     cutoff   57         0.02644    0.02745  3.84%  17.9 10115s
 43520280 600467     cutoff   62         0.02644    0.02745  3.84%  17.9 10120s
 43544829 601130 infeasible  114         0.02644    0.02745  3.83%  17.9 10125s
 43569193 601836    0.02745  111    6    0.02644    0.02745  3.83%  17.9 10130s
 43593169 601915    0.02745  104    6    0.02644    0.02745  3.83%  17.9 10135s
 43618349 602262 infeasible  116         0.02644    0.02745  3.83%  17.9 10140s
 43641424 602439 infeasible  115         0.02644    0.02745  3.83%  17.9 10145s
 43664671 602742     cutoff   59         0.02644    0.02745  3.82%  17.9 10150s
 43689213 603038 infeasible  102         0.02644    0.02745  3.82%  17.9 10155s
 43713685 603920    0.02744  106    6    0.02644    0.02745  3.82%  17.9 10160s
 43737782 604332     cutoff  102         0.02644    0.02745  3.82%  17.9 10165s
 43762230 604432     cutoff   57         0.02644    0.02745  3.81%  17.9 10170s
 43786019 604833    0.02745   94    3    0.02644    0.02745  3.81%  17.9 10175s
 43808621 605420    0.02742   51   62    0.02644    0.02745  3.81%  17.9 10180s
 43832797 606315 infeasible  108         0.02644    0.02745  3.81%  17.9 10185s
 43857680 607047     cutoff   55         0.02644    0.02745  3.81%  17.9 10190s
 43882561 607404    0.02712  118   14    0.02644    0.02745  3.81%  17.9 10195s
 43906756 608042 infeasible  114         0.02644    0.02745  3.80%  17.9 10200s
 43928284 608505     cutoff  117         0.02644    0.02744  3.80%  17.9 10205s
 43950984 608900    0.02744  102    6    0.02644    0.02744  3.80%  17.9 10210s
 43975016 609570    0.02727   49   58    0.02644    0.02744  3.80%  17.9 10215s
 44000328 610020     cutoff  112         0.02644    0.02744  3.80%  17.9 10220s
 44024822 610307    0.02744  119    5    0.02644    0.02744  3.80%  17.9 10225s
 44049789 610409    0.02691   55   59    0.02644    0.02744  3.79%  17.9 10230s
 44071521 610809    0.02744  101    2    0.02644    0.02744  3.79%  17.8 10235s
 44095683 611160    0.02651  110    5    0.02644    0.02744  3.79%  17.8 10240s
 44120163 611937     cutoff   59         0.02644    0.02744  3.79%  17.8 10245s
 44144396 612248    0.02741   61   54    0.02644    0.02744  3.79%  17.8 10250s
 44168623 612515 infeasible  114         0.02644    0.02744  3.79%  17.8 10255s
 44192788 612628     cutoff  113         0.02644    0.02744  3.78%  17.8 10260s
 44217479 612758    0.02737  113    2    0.02644    0.02744  3.78%  17.8 10265s
 44239400 612861 infeasible  113         0.02644    0.02744  3.78%  17.8 10270s
 44263508 613147    0.02740   98   10    0.02644    0.02744  3.78%  17.8 10275s
 44287979 613280    0.02713  112   20    0.02644    0.02744  3.78%  17.8 10280s
 44311747 613861 infeasible  121         0.02644    0.02744  3.78%  17.8 10285s
 44336070 614465    0.02744  109    3    0.02644    0.02744  3.77%  17.8 10290s
 44360120 614726    0.02701  102    4    0.02644    0.02744  3.77%  17.8 10295s
 44382334 614987 infeasible  115         0.02644    0.02744  3.77%  17.8 10300s
 44406972 615270 infeasible  114         0.02644    0.02744  3.77%  17.8 10305s
 44431343 615551 infeasible  121         0.02644    0.02744  3.77%  17.8 10310s
 44455745 615744    0.02744  124    5    0.02644    0.02744  3.77%  17.8 10315s
 44480232 616322 infeasible  121         0.02644    0.02743  3.77%  17.8 10320s
 44502251 616360     cutoff  120         0.02644    0.02743  3.76%  17.8 10325s
 44526388 616487 infeasible  111         0.02644    0.02743  3.76%  17.8 10330s
 44549924 616771 infeasible  115         0.02644    0.02743  3.76%  17.8 10335s
 44573231 616965    0.02743  120    3    0.02644    0.02743  3.76%  17.8 10340s
 44595591 617451    0.02742  109    4    0.02644    0.02743  3.76%  17.8 10345s
 44620166 617869    0.02743  117    5    0.02644    0.02743  3.76%  17.8 10350s
 44641936 618068    0.02739  110    3    0.02644    0.02743  3.75%  17.8 10355s
 44666052 618409    0.02742  114    3    0.02644    0.02743  3.75%  17.8 10360s
 44689215 618733    0.02743  113    7    0.02644    0.02743  3.75%  17.7 10365s
 44713362 618847    0.02687   64   52    0.02644    0.02743  3.75%  17.7 10370s
 44738399 619276    0.02743  106    4    0.02644    0.02743  3.75%  17.7 10375s
 44762535 619508 infeasible  101         0.02644    0.02743  3.75%  17.7 10380s
 44783682 619561    0.02743  106    3    0.02644    0.02743  3.75%  17.7 10385s
 44806304 619613     cutoff   65         0.02644    0.02743  3.75%  17.7 10390s
 44830667 619558    0.02743  108    3    0.02644    0.02743  3.74%  17.7 10395s
 44855015 619755     cutoff  119         0.02644    0.02743  3.74%  17.7 10400s
 44878735 620093    0.02743  117    5    0.02644    0.02743  3.74%  17.7 10405s
 44902762 620648     cutoff  119         0.02644    0.02743  3.74%  17.7 10410s
 44925493 620947 infeasible  103         0.02644    0.02743  3.74%  17.7 10415s
 44949471 621080     cutoff  115         0.02644    0.02743  3.74%  17.7 10420s
 44974245 621307    0.02743  116    4    0.02644    0.02743  3.74%  17.7 10425s
 44997896 621764     cutoff   64         0.02644    0.02743  3.73%  17.7 10430s
 45022554 621750     cutoff   98         0.02644    0.02743  3.73%  17.7 10435s
 45046548 621913    0.02741  124   11    0.02644    0.02743  3.73%  17.7 10440s

Cutting planes:
  Gomory: 24
  Implied bound: 10
  MIR: 38
  Mixing: 1
  Flow cover: 155
  Inf proof: 2
  RLT: 132
  Relax-and-lift: 15
  BQP: 74

Explored 45053218 nodes (797166485 simplex iterations) in 10441.97 seconds (11000.51 work units)
Thread count was 4 (of 4 available processors)

Solution count 10: 0.0264395 0.0264394 0.0264286 ... 0.0257189

Optimization achieved user objective limit
Best objective 2.643952708563e-02, best bound 2.742621056505e-02, gap 3.7318%
{"verdict": "PROVED", "status": "BOUND_REACHED", "runtime": 10441.965958118439, "objval": 0.02643952708562713, "objbound": 0.027426210565045437, "binaries": 70}
