Set parameter NodefileStart to value 6
Read parameters from file gurobi.env
Restricted license - for non-production use only - expires 2027-11-29
Set parameter OutputFlag to value 1
Set parameter Threads to value 4
Set parameter TimeLimit to value 19800
Set parameter MIPGap to value 5e-05
Set parameter MIPFocus to value 2
Set parameter NonConvex to value 2
Set parameter BestBdStop to value 2.7426211734693878e-02
Gurobi Optimizer version 13.0.3 build v13.0.3rc0 (linux64 - "Ubuntu 24.04.5 LTS")

CPU model: Intel(R) Xeon(R) Platinum 8370C CPU @ 2.80GHz, instruction set [SSE2|AVX|AVX2|AVX512]
Thread count: 2 physical cores, 4 logical processors, using up to 4 threads

Non-default parameters:
TimeLimit  19800
BestBdStop  2.7426211734693878e-02
MIPGap  5e-05
MIPFocus  2
NodefileStart  6
NonConvex  2
Threads  4

Optimize a model with 165 rows, 135 columns and 976 nonzeros (Max)
Model fingerprint: 0x36238131
Model has 1 linear objective coefficients
Model has 50 quadratic constraints
Variable types: 65 continuous, 70 integer (70 binary)
Coefficient statistics:
  Matrix range     [5e-01, 1e+00]
  QMatrix range    [1e+00, 1e+00]
  QLMatrix range   [1e+00, 1e+00]
  Objective range  [1e+00, 1e+00]
  Bounds range     [5e-01, 1e+00]
  RHS range        [1e+00, 1e+00]

Found heuristic solution: objective -0.0000000
Presolve time: 0.00s
Presolved: 365 rows, 136 columns, 1376 nonzeros
Presolved model has 50 bilinear constraint(s)

Solving non-convex MIQCP to global optimality

Variable types: 66 continuous, 70 integer (70 binary)
Found heuristic solution: objective 0.0000001
Root relaxation presolve removed 50 rows and 1 columns
Root relaxation presolved: 315 rows, 135 columns, 1326 nonzeros


Root relaxation: objective 2.500000e-01, 122 iterations, 0.00 seconds (0.00 work units)

    Nodes    |    Current Node    |     Objective Bounds      |     Work
 Expl Unexpl |  Obj  Depth IntInf | Incumbent    BestBd   Gap | It/Node Time

     0     0    0.25000    0   43    0.00000    0.25000      -     -    0s
H    0     0                       0.0111477    0.25000  2143%     -    0s
     0     0    0.16661    0   93    0.01115    0.16661  1395%     -    0s
     0     0    0.16661    0  103    0.01115    0.16661  1395%     -    0s
H    0     0                       0.0111477    0.16659  1394%     -    0s
     0     0    0.16658    0   86    0.01115    0.16658  1394%     -    0s
     0     0    0.16658    0  104    0.01115    0.16658  1394%     -    0s
     0     0    0.16570    0  103    0.01115    0.16570  1386%     -    0s
     0     0    0.16570    0  103    0.01115    0.16570  1386%     -    0s
     0     2    0.16570    0  103    0.01115    0.16570  1386%     -    0s
H   52    70                       0.0111477    0.16569  1386%  32.5    0s
H  131   155                       0.0111477    0.16569  1386%  31.8    0s
H  796   750                       0.0111477    0.16505  1381%  39.5    1s
H 3224  1714                       0.0111477    0.11423   925%  38.9    4s
  3318  1789    0.05552   32   59    0.01115    0.11407   923%  39.2    5s
  9794  4902    0.08041   24   83    0.01115    0.09940   792%  42.1   10s
*13019  6465              90       0.0111484    0.09707   771%  43.2   12s
 18498  9542    0.04484   36   52    0.01115    0.09293   734%  43.5   15s
 24761 13089    0.06772   37   57    0.01115    0.09027   710%  43.2   20s
*25194 12841             115       0.0117761    0.09015   666%  43.0   20s
*25196 12840             116       0.0117771    0.09015   665%  43.0   20s
H26393 11240                       0.0179793    0.08957   398%  43.0   20s
H27507 11430                       0.0193051    0.08921   362%  43.1   21s
 32591 13610    0.02688   43   55    0.01931    0.08759   354%  43.2   25s
 40745 16910    0.05816   30   59    0.01931    0.08540   342%  43.1   30s
 48998 20170    0.03551   36   52    0.01931    0.08354   333%  43.1   35s
 58064 23550    0.05533   32   59    0.01931    0.08169   323%  43.3   40s
 66011 26542    0.06720   37   65    0.01931    0.08092   319%  43.3   45s
H70718 25304                       0.0243775    0.08047   230%  43.2   46s
H72125 25698                       0.0243775    0.08024   229%  43.2   48s
 73683 26257    0.06870   29   72    0.02438    0.07996   228%  43.2   50s
 81586 28780    0.04808   33   66    0.02438    0.07882   223%  43.3   55s
 91339 31633    0.03755   31   60    0.02438    0.07782   219%  43.2   60s
 99632 33936    0.04507   33   56    0.02438    0.07678   215%  43.2   65s
 109289 36653    0.03239   32   60    0.02438    0.07576   211%  43.2   70s
 117961 39141     cutoff   39         0.02438    0.07496   207%  43.3   75s
 129190 42419    0.03191   40   56    0.02438    0.07413   204%  43.3   80s
 138288 44824    0.02492   32   46    0.02438    0.07348   201%  43.3   85s
 147574 47190     cutoff   36         0.02438    0.07300   199%  43.4   90s
 156269 49225    0.03476   33   56    0.02438    0.07249   197%  43.3   95s
 166446 51693    0.02828   37   52    0.02438    0.07199   195%  43.3  100s
 173266 53436    0.04482   29   58    0.02438    0.07169   194%  43.2  105s
 181268 55489    0.06117   37   53    0.02438    0.07137   193%  43.2  111s
 191553 57865     cutoff   35         0.02438    0.07093   191%  43.1  115s
 198332 59609    0.03405   35   47    0.02438    0.07066   190%  43.2  120s
 205837 61463    0.02628   37   56    0.02438    0.07037   189%  43.2  125s
 214716 63531    0.05386   36   60    0.02438    0.07000   187%  43.2  130s
 224277 65751    0.05460   33   68    0.02438    0.06965   186%  43.2  135s
 233001 67712    0.04914   30   55    0.02438    0.06927   184%  43.3  140s
 240598 69484    0.04779   33   66    0.02438    0.06899   183%  43.2  145s
 249954 71658     cutoff   34         0.02438    0.06866   182%  43.2  150s
 260184 73935    0.03277   36   52    0.02438    0.06837   180%  43.2  155s
 270241 76186    0.03805   38   44    0.02438    0.06797   179%  43.2  160s
 279231 78155    0.03507   33   52    0.02438    0.06767   178%  43.1  165s
 287263 79965     cutoff   31         0.02438    0.06743   177%  43.2  170s
 293270 81599     cutoff   30         0.02438    0.06722   176%  43.2  175s
 302572 83470    0.05820   34   57    0.02438    0.06688   174%  43.1  180s
 311032 85384     cutoff   33         0.02438    0.06665   173%  43.2  185s
 320617 87452    0.03557   33   53    0.02438    0.06641   172%  43.1  190s
 330406 89607     cutoff   42         0.02438    0.06613   171%  43.1  195s
 336470 90977     cutoff   33         0.02438    0.06596   171%  43.1  200s
 346134 93200    0.03446   31   58    0.02438    0.06574   170%  43.1  205s
 356428 95068     cutoff   38         0.02438    0.06552   169%  43.1  210s
 365859 97016    0.03308   32   52    0.02438    0.06531   168%  43.1  215s
 375911 99201    0.02880   66   42    0.02438    0.06505   167%  43.1  220s
 384353 101211    0.05134   22   59    0.02438    0.06487   166%  43.0  225s
 393841 103265    0.02782   36   60    0.02438    0.06464   165%  43.0  230s
 403386 105488     cutoff   39         0.02438    0.06445   164%  43.0  235s
 412459 107533    0.02849   42   51    0.02438    0.06426   164%  43.0  240s
 419841 108997    0.04056   30   60    0.02438    0.06413   163%  42.9  245s
 431164 111183     cutoff   38         0.02438    0.06390   162%  42.9  250s
 440575 113134     cutoff   39         0.02438    0.06371   161%  42.9  255s
 452646 115728    0.02973   35   55    0.02438    0.06347   160%  42.8  260s
 461251 117412    0.03130   34   53    0.02438    0.06329   160%  42.8  265s
 468924 118939    0.02543   40   48    0.02438    0.06316   159%  42.8  270s
 477555 120712    0.06209   30   63    0.02438    0.06301   158%  42.8  275s
 486235 122357    0.03177   43   56    0.02438    0.06287   158%  42.8  280s
H494062 115088                       0.0273445    0.06272   129%  42.8  284s
 495332 115218     cutoff   40         0.02734    0.06269   129%  42.8  285s
 502839 116526     cutoff   39         0.02734    0.06252   129%  42.7  290s
 512504 117991    0.04993   25   56    0.02734    0.06232   128%  42.7  295s
 521948 119471     cutoff   42         0.02734    0.06210   127%  42.7  300s
 530536 120671     cutoff   41         0.02734    0.06195   127%  42.7  305s
 540685 122054    0.02823   42   56    0.02734    0.06176   126%  42.7  310s
 550504 123620     cutoff   42         0.02734    0.06157   125%  42.6  315s
 558639 124900    0.06086   34   66    0.02734    0.06143   125%  42.6  320s
 569821 126625    0.04386   33   59    0.02734    0.06123   124%  42.6  325s
 579187 127880    0.03979   29   57    0.02734    0.06110   123%  42.6  330s
 587876 129020     cutoff   42         0.02734    0.06094   123%  42.5  335s
H593333 129678                       0.0273445    0.06085   123%  42.5  338s
 595259 129910    0.04654   30   65    0.02734    0.06082   122%  42.5  340s
 603300 130915     cutoff   36         0.02734    0.06069   122%  42.5  345s
 614498 132443    0.04429   35   61    0.02734    0.06051   121%  42.5  350s
 623755 133803    0.04057   30   61    0.02734    0.06037   121%  42.4  355s
 632753 134943    0.02997   35   48    0.02734    0.06025   120%  42.4  360s
 641801 136118    0.03594   35   57    0.02734    0.06011   120%  42.4  365s
 651660 137437    0.04300   35   60    0.02734    0.05997   119%  42.4  370s
 659835 138450     cutoff   43         0.02734    0.05986   119%  42.4  375s
 671099 139677    0.04738   36   55    0.02734    0.05968   118%  42.3  380s
 681078 140818     cutoff   35         0.02734    0.05953   118%  42.4  385s
 687739 141735 infeasible   35         0.02734    0.05943   117%  42.3  390s
 694597 142628    0.03094   38   55    0.02734    0.05934   117%  42.3  395s
 705737 144046    0.04933   41   53    0.02734    0.05917   116%  42.3  400s
 713594 145279    0.04493   38   60    0.02734    0.05906   116%  42.3  405s
 724368 146803    0.02837   30   60    0.02734    0.05894   116%  42.3  410s
 733317 147996    0.03401   33   51    0.02734    0.05883   115%  42.2  415s
 743299 149373    0.03282   34   43    0.02734    0.05870   115%  42.2  420s
 755035 151096    0.05305   36   61    0.02734    0.05854   114%  42.2  425s
 762399 151995    0.03138   37   54    0.02734    0.05846   114%  42.2  430s
 773692 153185    0.04294   39   65    0.02734    0.05831   113%  42.2  435s
 783111 154440    0.03329   30   56    0.02734    0.05820   113%  42.2  440s
 792777 155667     cutoff   31         0.02734    0.05809   112%  42.2  445s
 802307 156965    0.03579   38   59    0.02734    0.05796   112%  42.2  450s
 812817 158315    0.04328   33   65    0.02734    0.05785   112%  42.1  455s
 822785 159592     cutoff   41         0.02734    0.05772   111%  42.1  460s
 833092 160749     cutoff   37         0.02734    0.05761   111%  42.1  465s
 841975 161697    0.03071   35   61    0.02734    0.05751   110%  42.1  470s
 852189 163138    0.04136   33   71    0.02734    0.05740   110%  42.1  475s
 862523 164418     cutoff   35         0.02734    0.05728   109%  42.0  480s
 872348 165512    0.03537   41   56    0.02734    0.05716   109%  42.0  485s
 881230 166478    0.04259   29   62    0.02734    0.05705   109%  42.0  490s
 890856 167763    0.02849   64   49    0.02734    0.05695   108%  42.0  495s
 900822 169093    0.03469   44   56    0.02734    0.05685   108%  42.0  500s
 909516 170087    0.03585   37   54    0.02734    0.05675   108%  42.0  505s
 920203 171405     cutoff   38         0.02734    0.05663   107%  41.9  510s
 929847 172423    0.02904   41   56    0.02734    0.05652   107%  41.9  515s
 938907 173589    0.03503   37   57    0.02734    0.05643   106%  41.9  520s
 947904 174720    0.02826   37   43    0.02734    0.05634   106%  41.9  525s
 954178 175453     cutoff   35         0.02734    0.05627   106%  41.9  530s
 962257 176321    0.03321   34   55    0.02734    0.05620   106%  41.9  535s
 971503 177331    0.02777   36   52    0.02734    0.05610   105%  41.9  540s
 981141 178204     cutoff   36         0.02734    0.05600   105%  41.8  545s
 990641 179047     cutoff   39         0.02734    0.05590   104%  41.8  550s
 1000329 180249    0.04600   32   61    0.02734    0.05581   104%  41.8  555s
 1010027 181265     cutoff   37         0.02734    0.05570   104%  41.8  561s
 1018889 182492    0.02916   32   52    0.02734    0.05562   103%  41.8  565s
 1028181 183367    0.04618   38   51    0.02734    0.05552   103%  41.8  570s
 1037979 184420     cutoff   36         0.02734    0.05544   103%  41.8  575s
 1046962 185401    0.04911   29   74    0.02734    0.05535   102%  41.7  580s
 1056567 186399    0.05417   34   62    0.02734    0.05525   102%  41.7  585s
 1065399 187511     cutoff   35         0.02734    0.05518   102%  41.7  590s
 1076457 188697     cutoff   37         0.02734    0.05509   101%  41.7  595s
 1086351 189672    0.03733   37   53    0.02734    0.05500   101%  41.7  600s
 1096327 190988     cutoff   32         0.02734    0.05492   101%  41.7  605s
 1106953 192198    0.03157   39   57    0.02734    0.05482   100%  41.6  610s
 1117765 193348     cutoff   39         0.02734    0.05473   100%  41.6  615s
 1128427 194481    0.04763   36   61    0.02734    0.05464   100%  41.6  620s
 1138354 195410    0.02746   33   56    0.02734    0.05455  99.5%  41.6  625s
 1149314 196581    0.03395   33   55    0.02734    0.05445  99.1%  41.6  630s
 1159272 197577    0.04290   30   52    0.02734    0.05436  98.8%  41.6  635s
 1165419 198178     cutoff   36         0.02734    0.05431  98.6%  41.6  640s
 1176100 199162    0.04501   35   53    0.02734    0.05420  98.2%  41.5  645s
 1187691 200483     cutoff   36         0.02734    0.05410  97.8%  41.5  650s
 1196995 201413     cutoff   38         0.02734    0.05402  97.5%  41.5  655s
 1207612 202372    0.02867   39   53    0.02734    0.05393  97.2%  41.5  660s
 1218059 203390    0.03635   40   63    0.02734    0.05385  96.9%  41.5  665s
 1228700 204418    0.03362   35   57    0.02734    0.05376  96.6%  41.4  670s
 1239445 205395     cutoff   29         0.02734    0.05367  96.3%  41.4  675s
 1249741 206195    0.02852   29   57    0.02734    0.05359  96.0%  41.4  680s
 1260434 207093     cutoff   40         0.02734    0.05350  95.6%  41.4  685s
 1271379 208071    0.03150   36   64    0.02734    0.05340  95.3%  41.4  690s
 1281997 209169    0.03455   38   58    0.02734    0.05332  95.0%  41.4  695s
 1293820 210257    0.04678   32   52    0.02734    0.05322  94.6%  41.3  700s
 1304108 211142    0.04382   30   66    0.02734    0.05314  94.3%  41.3  705s
 1315586 212265    0.03327   45   52    0.02734    0.05304  94.0%  41.3  710s
 1326621 213381    0.04566   41   60    0.02734    0.05296  93.7%  41.3  715s
 1337456 214343    0.02846   39   60    0.02734    0.05288  93.4%  41.3  720s
 1346923 215244    0.03756   39   54    0.02734    0.05282  93.2%  41.2  725s
 1356982 216176     cutoff   37         0.02734    0.05275  92.9%  41.2  730s
 1367275 217126    0.03562   44   49    0.02734    0.05267  92.6%  41.2  735s
 1378452 218191     cutoff   36         0.02734    0.05259  92.3%  41.2  740s
 1388389 218971     cutoff   32         0.02734    0.05253  92.1%  41.2  745s
 1394212 219463    0.03129   27   62    0.02734    0.05248  91.9%  41.2  750s
 1404373 220290     cutoff   36         0.02734    0.05240  91.6%  41.2  755s
 1415122 221091    0.03087   37   54    0.02734    0.05232  91.3%  41.1  760s
 1424937 222010    0.02857   34   63    0.02734    0.05225  91.1%  41.1  765s
 1435062 222749     cutoff   40         0.02734    0.05217  90.8%  41.1  770s
 1445878 223747    0.03256   44   48    0.02734    0.05209  90.5%  41.1  775s
 1456228 224704    0.02751   33   47    0.02734    0.05202  90.2%  41.1  780s
 1466407 225581    0.02765   36   52    0.02734    0.05195  90.0%  41.1  785s
 1475874 226340     cutoff   33         0.02734    0.05189  89.8%  41.0  790s
 1486254 227275    0.03770   31   62    0.02734    0.05182  89.5%  41.0  795s
 1496705 228320     cutoff   39         0.02734    0.05176  89.3%  41.0  800s
 1506588 229023    0.02895   39   49    0.02734    0.05169  89.0%  41.0  805s
 1516389 229769     cutoff   38         0.02734    0.05162  88.8%  41.0  810s
 1525879 230648    0.03133   37   50    0.02734    0.05156  88.5%  41.0  815s
 1535188 231367     cutoff   32         0.02734    0.05150  88.3%  40.9  820s
 1545447 232301 infeasible   39         0.02734    0.05143  88.1%  40.9  825s
 1553592 233029     cutoff   36         0.02734    0.05137  87.9%  40.9  830s
 1562067 233631     cutoff   37         0.02734    0.05132  87.7%  40.9  835s
 1572378 234494     cutoff   41         0.02734    0.05125  87.4%  40.9  840s
 1581481 235117     cutoff   37         0.02734    0.05119  87.2%  40.9  845s
 1591076 236026    0.03157   36   55    0.02734    0.05113  87.0%  40.8  850s
 1600486 236670    0.02793   40   59    0.02734    0.05107  86.8%  40.8  855s
 1610330 237569     cutoff   32         0.02734    0.05100  86.5%  40.8  860s
 1619910 238340     cutoff   35         0.02734    0.05093  86.2%  40.8  865s
 1629804 239442    0.04647   37   61    0.02734    0.05087  86.0%  40.8  870s
 1639321 240242    0.03335   39   54    0.02734    0.05081  85.8%  40.8  875s
 1646982 240911     cutoff   38         0.02734    0.05077  85.7%  40.8  880s
 1656707 241741     cutoff   38         0.02734    0.05070  85.4%  40.7  885s
 1666296 242504    0.02824   39   55    0.02734    0.05065  85.2%  40.7  890s
 1676517 243392    0.03078   35   54    0.02734    0.05058  85.0%  40.7  895s
 1685924 244165     cutoff   45         0.02734    0.05052  84.8%  40.7  900s
 1695268 245121     cutoff   41         0.02734    0.05047  84.6%  40.7  905s
 1703925 245627     cutoff   31         0.02734    0.05042  84.4%  40.7  910s
 1712774 246449    0.03393   37   66    0.02734    0.05037  84.2%  40.7  915s
 1721120 247173     cutoff   42         0.02734    0.05032  84.0%  40.6  920s
 1727133 247533    0.02818   37   59    0.02734    0.05029  83.9%  40.6  925s
 1737864 248302    0.04009   35   57    0.02734    0.05022  83.7%  40.6  930s
 1746528 248940     cutoff   33         0.02734    0.05017  83.5%  40.6  935s
 1753922 249723     cutoff   42         0.02734    0.05013  83.3%  40.6  940s
 1762620 250461     cutoff   38         0.02734    0.05008  83.1%  40.6  945s
 1772296 251305     cutoff   38         0.02734    0.05003  83.0%  40.6  950s
 1779932 251889     cutoff   37         0.02734    0.04999  82.8%  40.6  955s
 1789078 252714    0.04533   38   49    0.02734    0.04994  82.6%  40.5  960s
 1797985 253447     cutoff   32         0.02734    0.04989  82.4%  40.5  965s
 1807019 254006    0.02761   34   58    0.02734    0.04984  82.3%  40.5  970s
 1815847 254742     cutoff   35         0.02734    0.04979  82.1%  40.5  975s
 1825564 255410    0.04750   28   64    0.02734    0.04974  81.9%  40.5  980s
 1833376 256154    0.03940   34   58    0.02734    0.04970  81.7%  40.5  985s
 1839611 256668     cutoff   38         0.02734    0.04967  81.6%  40.5  990s
 1851944 257762     cutoff   38         0.02734    0.04960  81.4%  40.5  995s
 1860953 258734     cutoff   37         0.02734    0.04956  81.2%  40.4 1000s
 1869657 259490     cutoff   39         0.02734    0.04951  81.1%  40.4 1005s
 1879850 260380    0.04946   32   57    0.02734    0.04946  80.9%  40.4 1010s
 1889306 261182    0.03313   35   57    0.02734    0.04942  80.7%  40.4 1015s
 1898834 261911     cutoff   37         0.02734    0.04937  80.6%  40.4 1020s
 1906622 262423    0.03036   34   57    0.02734    0.04933  80.4%  40.4 1025s
 1914961 263034    0.02762   42   51    0.02734    0.04928  80.2%  40.4 1030s
 1925046 263926    0.03327   42   65    0.02734    0.04923  80.0%  40.4 1035s
 1934466 264512    0.03262   34   48    0.02734    0.04918  79.8%  40.3 1040s
 1943702 265405    0.03749   35   58    0.02734    0.04913  79.7%  40.3 1045s
 1953836 266255    0.04220   32   61    0.02734    0.04908  79.5%  40.3 1050s
 1962523 267006     cutoff   57         0.02734    0.04904  79.3%  40.3 1055s
 1970536 267762    0.03989   35   63    0.02734    0.04900  79.2%  40.3 1060s
 1980587 268551    0.04859   34   68    0.02734    0.04895  79.0%  40.3 1065s
 1990171 269177    0.03450   31   61    0.02734    0.04891  78.9%  40.3 1070s
 1998901 269808    0.03738   31   60    0.02734    0.04887  78.7%  40.3 1075s
 2009533 270871    0.04881   29   63    0.02734    0.04882  78.5%  40.2 1080s
 2018289 271606    0.02812   39   55    0.02734    0.04878  78.4%  40.2 1085s
 2026830 272265     cutoff   41         0.02734    0.04874  78.2%  40.2 1090s
 2035504 272857     cutoff   37         0.02734    0.04869  78.1%  40.2 1095s
 2045150 273486     cutoff   35         0.02734    0.04864  77.9%  40.2 1100s
 2054290 274234    0.04477   37   58    0.02734    0.04860  77.7%  40.2 1105s
 2063644 275109    0.02960   35   59    0.02734    0.04856  77.6%  40.2 1110s
 2071820 275767    0.03153   43   64    0.02734    0.04852  77.4%  40.2 1116s
 2081366 276429    0.04042   29   52    0.02734    0.04847  77.3%  40.1 1120s
 2090217 277103    0.03195   39   58    0.02734    0.04843  77.1%  40.1 1125s
 2097922 277714     cutoff   38         0.02734    0.04839  77.0%  40.1 1130s
 2107227 278403    0.02790   36   47    0.02734    0.04835  76.8%  40.1 1135s
 2117511 279060    0.02952   34   59    0.02734    0.04830  76.6%  40.1 1140s
 2126295 279675    0.03054   38   54    0.02734    0.04826  76.5%  40.1 1145s
 2136740 280374    0.03349   34   61    0.02734    0.04821  76.3%  40.1 1150s
 2146204 281100     cutoff   37         0.02734    0.04816  76.1%  40.0 1155s
 2157102 282043    0.04284   36   56    0.02734    0.04812  76.0%  40.0 1160s
 2166033 282525    0.03322   37   61    0.02734    0.04807  75.8%  40.0 1165s
 2174666 283146    0.03278   35   57    0.02734    0.04803  75.6%  40.0 1170s
 2185040 283787     cutoff   41         0.02734    0.04798  75.5%  40.0 1175s
 2195144 284596    0.02891   31   55    0.02734    0.04793  75.3%  40.0 1180s
 2204676 285337     cutoff   38         0.02734    0.04789  75.1%  40.0 1185s
 2211827 285831    0.03090   39   58    0.02734    0.04786  75.0%  40.0 1190s
 2221289 286482 infeasible   37         0.02734    0.04781  74.8%  39.9 1195s
 2230338 287090     cutoff   38         0.02734    0.04777  74.7%  39.9 1200s
 2239908 287874    0.03568   36   55    0.02734    0.04773  74.5%  39.9 1205s
 2247471 288206    0.03138   43   61    0.02734    0.04769  74.4%  39.9 1210s
 2256672 288983     cutoff   39         0.02734    0.04765  74.3%  39.9 1215s
 2266806 289622    0.04419   34   52    0.02734    0.04761  74.1%  39.9 1220s
 2277238 290208    0.02920   40   40    0.02734    0.04756  73.9%  39.9 1225s
 2286483 290891     cutoff   37         0.02734    0.04752  73.8%  39.9 1230s
 2296217 291519    0.04168   38   56    0.02734    0.04748  73.6%  39.8 1235s
 2305244 292104    0.03265   36   55    0.02734    0.04744  73.5%  39.8 1240s
 2315691 292733     cutoff   33         0.02734    0.04739  73.3%  39.8 1245s
 2325062 293476    0.03110   51   51    0.02734    0.04735  73.2%  39.8 1250s
 2334725 294268    0.03372   38   51    0.02734    0.04731  73.0%  39.8 1255s
 2344733 294838    0.02752   43   54    0.02734    0.04727  72.9%  39.8 1260s
 2354262 295590     cutoff   36         0.02734    0.04723  72.7%  39.8 1265s
 2365292 296408    0.03058   38   52    0.02734    0.04718  72.5%  39.8 1270s
 2374455 297031     cutoff   40         0.02734    0.04714  72.4%  39.7 1275s
 2385002 297743    0.03458   39   56    0.02734    0.04710  72.2%  39.7 1280s
 2394510 298410    0.02943   44   39    0.02734    0.04706  72.1%  39.7 1285s
 2403989 299024     cutoff   45         0.02734    0.04702  72.0%  39.7 1290s
 2412645 299578     cutoff   36         0.02734    0.04699  71.8%  39.7 1295s
 2422711 300218     cutoff   45         0.02734    0.04695  71.7%  39.7 1300s
 2432447 300936     cutoff   37         0.02734    0.04691  71.5%  39.7 1305s
 2442884 301813     cutoff   37         0.02734    0.04687  71.4%  39.6 1310s
 2453045 302584     cutoff   41         0.02734    0.04683  71.3%  39.6 1315s
 2463276 303359     cutoff   35         0.02734    0.04679  71.1%  39.6 1320s
 2472127 303791     cutoff   38         0.02734    0.04675  71.0%  39.6 1325s
 2481545 304464    0.02936   38   50    0.02734    0.04671  70.8%  39.6 1330s
 2491212 305060 infeasible   41         0.02734    0.04668  70.7%  39.6 1335s
 2502200 305921 infeasible   53         0.02734    0.04663  70.5%  39.6 1340s
 2512199 306586    0.02754   50   55    0.02734    0.04659  70.4%  39.5 1345s
 2521250 307350     cutoff   45         0.02734    0.04656  70.3%  39.5 1350s
 2531794 308140     cutoff   47         0.02734    0.04652  70.1%  39.5 1355s
 2541002 308754    0.03275   35   57    0.02734    0.04648  70.0%  39.5 1360s
 2549646 309445    0.03067   46   42    0.02734    0.04645  69.9%  39.5 1365s
 2559368 310231    0.04642   30   64    0.02734    0.04642  69.8%  39.5 1370s
 2569849 310935    0.04171   35   61    0.02734    0.04638  69.6%  39.5 1375s
 2579375 311605     cutoff   33         0.02734    0.04634  69.5%  39.5 1380s
 2589371 312393    0.03308   30   59    0.02734    0.04630  69.3%  39.4 1385s
 2599620 313093    0.02981   43   23    0.02734    0.04627  69.2%  39.4 1390s
 2608916 313818     cutoff   52         0.02734    0.04624  69.1%  39.4 1395s
 2615070 314236    0.02928   38   55    0.02734    0.04621  69.0%  39.4 1400s
 2625044 314964    0.03458   42   27    0.02734    0.04618  68.9%  39.4 1405s
 2634943 315678    0.02884   46   51    0.02734    0.04614  68.7%  39.4 1410s
 2645647 316326    0.03101   45   49    0.02734    0.04610  68.6%  39.4 1415s
 2654971 317042     cutoff   36         0.02734    0.04607  68.5%  39.3 1420s
 2665066 317877    0.03831   41   52    0.02734    0.04603  68.3%  39.3 1425s
 2674722 318658     cutoff   36         0.02734    0.04600  68.2%  39.3 1430s
 2684181 319317     cutoff   36         0.02734    0.04597  68.1%  39.3 1435s
 2693762 320091    0.03002   36   59    0.02734    0.04594  68.0%  39.3 1440s
 2699271 320497     cutoff   37         0.02734    0.04592  67.9%  39.3 1445s
 2710242 321277    0.02960   37   58    0.02734    0.04588  67.8%  39.3 1450s
 2718966 321917    0.03515   32   62    0.02734    0.04585  67.7%  39.2 1455s
 2730096 322639    0.03358   35   55    0.02734    0.04581  67.5%  39.2 1460s
 2740212 323532    0.04074   33   67    0.02734    0.04578  67.4%  39.2 1465s
 2749733 324305    0.03177   43   52    0.02734    0.04574  67.3%  39.2 1470s
 2759122 324983    0.03490   37   65    0.02734    0.04571  67.2%  39.2 1475s
 2767943 325669     cutoff   44         0.02734    0.04568  67.0%  39.2 1480s
 2778416 326465    0.03611   37   56    0.02734    0.04564  66.9%  39.1 1485s
 2788257 327163     cutoff   44         0.02734    0.04562  66.8%  39.1 1490s
 2797078 327989    0.03223   39   61    0.02734    0.04559  66.7%  39.1 1495s
 2807195 328723    0.02913   43   58    0.02734    0.04555  66.6%  39.1 1500s
 2818753 329575     cutoff   35         0.02734    0.04552  66.5%  39.1 1505s
 2828218 330427    0.02967   37   52    0.02734    0.04548  66.3%  39.1 1510s
 2837444 331225    0.03940   37   55    0.02734    0.04546  66.2%  39.1 1515s
 2846821 331999     cutoff   34         0.02734    0.04543  66.1%  39.1 1520s
 2857200 332783    0.03907   38   64    0.02734    0.04540  66.0%  39.0 1525s
 2867096 333660    0.02757   37   56    0.02734    0.04537  65.9%  39.0 1530s
 2877135 334269    0.02968   34   54    0.02734    0.04533  65.8%  39.0 1535s
 2887221 335041     cutoff   42         0.02734    0.04530  65.7%  39.0 1540s
 2898572 335762     cutoff   37         0.02734    0.04526  65.5%  39.0 1545s
 2908563 336412    0.03049   27   56    0.02734    0.04523  65.4%  39.0 1550s
 2918977 337226    0.03002   37   53    0.02734    0.04520  65.3%  38.9 1555s
 2928064 337908     cutoff   36         0.02734    0.04517  65.2%  38.9 1560s
 2936926 338484     cutoff   48         0.02734    0.04514  65.1%  38.9 1565s
 2944169 339188    0.03634   36   48    0.02734    0.04512  65.0%  38.9 1570s
 2954578 340042    0.03181   30   53    0.02734    0.04509  64.9%  38.9 1575s
 2963660 340626    0.04503   27   59    0.02734    0.04506  64.8%  38.9 1580s
 2974700 341311    0.02997   38   56    0.02734    0.04503  64.7%  38.9 1585s
 2985669 341899    0.02906   39   53    0.02734    0.04500  64.6%  38.8 1590s
 2993726 342407    0.03677   36   54    0.02734    0.04497  64.5%  38.8 1595s
 3005083 343367     cutoff   35         0.02734    0.04494  64.3%  38.8 1600s
 3016370 344301    0.03945   41   62    0.02734    0.04491  64.2%  38.8 1605s
 3025640 344943     cutoff   43         0.02734    0.04488  64.1%  38.8 1610s
 3036060 345736    0.03762   44   51    0.02734    0.04485  64.0%  38.8 1615s
 3045434 346281     cutoff   37         0.02734    0.04482  63.9%  38.7 1620s
 3055511 346979    0.03361   43   54    0.02734    0.04480  63.8%  38.7 1625s
 3066040 347743    0.03087   38   46    0.02734    0.04477  63.7%  38.7 1630s
 3076048 348434     cutoff   50         0.02734    0.04473  63.6%  38.7 1635s
 3086693 349180 infeasible   39         0.02734    0.04470  63.5%  38.7 1640s
 3096744 349903    0.03273   39   53    0.02734    0.04467  63.4%  38.7 1645s
 3105950 350535    0.03523   33   57    0.02734    0.04465  63.3%  38.7 1650s
 3115963 351217    0.02857   69   25    0.02734    0.04462  63.2%  38.6 1655s
 3122287 351689    0.03029   36   45    0.02734    0.04460  63.1%  38.6 1660s
 3132648 352304    0.03419   36   64    0.02734    0.04457  63.0%  38.6 1665s
 3142695 353122    0.03271   39   47    0.02734    0.04454  62.9%  38.6 1670s
 3153547 353776     cutoff   47         0.02734    0.04451  62.8%  38.6 1675s
 3162628 354364    0.03869   33   63    0.02734    0.04449  62.7%  38.6 1680s
 3171847 354952    0.02753   45   51    0.02734    0.04446  62.6%  38.6 1685s
 3180779 355505    0.03369   36   59    0.02734    0.04444  62.5%  38.6 1690s
 3190480 356050    0.03780   32   58    0.02734    0.04441  62.4%  38.5 1695s
 3201487 356788    0.04200   30   63    0.02734    0.04438  62.3%  38.5 1700s
 3211545 357438 infeasible   34         0.02734    0.04435  62.2%  38.5 1705s
 3218833 358099    0.03064   38   60    0.02734    0.04433  62.1%  38.5 1710s
 3227605 358705    0.04146   32   56    0.02734    0.04430  62.0%  38.5 1715s
 3240085 359621    0.02918   30   66    0.02734    0.04427  61.9%  38.5 1720s
 3250595 360397    0.02993   37   54    0.02734    0.04423  61.8%  38.4 1725s
 3260915 361288     cutoff   42         0.02734    0.04421  61.7%  38.4 1730s
 3271915 361970    0.04245   36   59    0.02734    0.04418  61.6%  38.4 1735s
 3282359 362543    0.03047   39   57    0.02734    0.04415  61.5%  38.4 1740s
 3294332 363409    0.03277   34   54    0.02734    0.04412  61.3%  38.4 1745s
 3305537 364225     cutoff   41         0.02734    0.04409  61.2%  38.4 1750s
 3316788 364935    0.02738   36   57    0.02734    0.04406  61.1%  38.4 1755s
 3327236 365864    0.03284   38   52    0.02734    0.04403  61.0%  38.3 1760s
 3337239 366629    0.03090   38   49    0.02734    0.04400  60.9%  38.3 1765s
 3347689 367457    0.03572   37   54    0.02734    0.04398  60.8%  38.3 1770s
 3358576 368363    0.03972   28   58    0.02734    0.04395  60.7%  38.3 1775s
 3368794 369006    0.03982   47   53    0.02734    0.04392  60.6%  38.3 1780s
 3378047 369611    0.02981   38   57    0.02734    0.04390  60.5%  38.3 1785s
 3387956 370329     cutoff   39         0.02734    0.04388  60.5%  38.2 1790s
 3398831 371132    0.03007   41   61    0.02734    0.04385  60.3%  38.2 1795s
 3409145 371817     cutoff   37         0.02734    0.04382  60.3%  38.2 1800s
 3419079 372499    0.02793   38   57    0.02734    0.04380  60.2%  38.2 1805s
 3429564 373153     cutoff   40         0.02734    0.04377  60.1%  38.2 1810s
 3439547 373848    0.02857   36   56    0.02734    0.04374  60.0%  38.2 1815s
 3450177 374619     cutoff   40         0.02734    0.04372  59.9%  38.1 1820s
 3461939 375398     cutoff   43         0.02734    0.04369  59.8%  38.1 1825s
 3472874 376074    0.04365   24   64    0.02734    0.04366  59.7%  38.1 1830s
 3483199 376876     cutoff   36         0.02734    0.04363  59.6%  38.1 1835s
 3494146 377592    0.03109   37   55    0.02734    0.04360  59.5%  38.1 1840s
 3505266 378530    0.02959   41   46    0.02734    0.04358  59.4%  38.1 1845s
 3510450 378844    0.03054   43   55    0.02734    0.04356  59.3%  38.1 1850s
 3521954 379606    0.03241   35   33    0.02734    0.04354  59.2%  38.0 1855s
 3533341 380198     cutoff   40         0.02734    0.04351  59.1%  38.0 1860s
 3544159 380810     cutoff   36         0.02734    0.04349  59.0%  38.0 1865s
 3555623 381605    0.03164   46   56    0.02734    0.04346  58.9%  38.0 1870s
 3566459 382300    0.03648   30   55    0.02734    0.04343  58.8%  38.0 1875s
 3577478 382864     cutoff   42         0.02734    0.04341  58.7%  38.0 1880s
 3587331 383572    0.03273   37   41    0.02734    0.04338  58.7%  37.9 1885s
 3598593 384334    0.02754   35   61    0.02734    0.04336  58.6%  37.9 1890s
 3607316 384963     cutoff   61         0.02734    0.04334  58.5%  37.9 1895s
 3620125 385902     cutoff   53         0.02734    0.04331  58.4%  37.9 1900s
 3629784 386482    0.03315   33   54    0.02734    0.04329  58.3%  37.9 1905s
 3641525 387513    0.03005   45   55    0.02734    0.04326  58.2%  37.9 1910s
 3652138 388372     cutoff   35         0.02734    0.04324  58.1%  37.9 1915s
 3663071 389190    0.03868   41   57    0.02734    0.04321  58.0%  37.8 1920s
 3673466 389680     cutoff   37         0.02734    0.04320  58.0%  37.8 1925s
 3683499 390458     cutoff   45         0.02734    0.04317  57.9%  37.8 1930s
 3696669 391370     cutoff   41         0.02734    0.04315  57.8%  37.8 1935s
 3707122 392222    0.03543   37   53    0.02734    0.04312  57.7%  37.8 1940s
 3718715 392956     cutoff   38         0.02734    0.04310  57.6%  37.8 1945s
 3729527 393580     cutoff   41         0.02734    0.04307  57.5%  37.7 1950s
 3740222 394299    0.03707   38   53    0.02734    0.04305  57.4%  37.7 1955s
 3750654 395096    0.03713   36   55    0.02734    0.04302  57.3%  37.7 1960s
 3761926 395847     cutoff   45         0.02734    0.04300  57.2%  37.7 1965s
 3771514 396511    0.02949   48   58    0.02734    0.04298  57.2%  37.7 1970s
 3781542 397162     cutoff   41         0.02734    0.04296  57.1%  37.7 1975s
 3791864 397792    0.03663   36   58    0.02734    0.04293  57.0%  37.7 1980s
 3802277 398592    0.03398   43   44    0.02734    0.04291  56.9%  37.6 1985s
 3812494 399338    0.04227   47   57    0.02734    0.04289  56.8%  37.6 1990s
 3822352 399866    0.02795   44   48    0.02734    0.04287  56.8%  37.6 1995s
 3833624 400503     cutoff   41         0.02734    0.04284  56.7%  37.6 2000s
 3842285 401078     cutoff   38         0.02734    0.04283  56.6%  37.6 2005s
 3853287 401753     cutoff   42         0.02734    0.04280  56.5%  37.6 2010s
 3865304 402745     cutoff   41         0.02734    0.04278  56.5%  37.6 2015s
 3876697 403454     cutoff   36         0.02734    0.04276  56.4%  37.5 2020s
 3887625 404161     cutoff   34         0.02734    0.04274  56.3%  37.5 2025s
 3897143 404693     cutoff   41         0.02734    0.04272  56.2%  37.5 2030s
 3907631 405505    0.03065   36   46    0.02734    0.04270  56.2%  37.5 2035s
 3918839 406201    0.02889   42   56    0.02734    0.04267  56.1%  37.5 2040s
 3928851 406801     cutoff   38         0.02734    0.04265  56.0%  37.5 2045s
 3940365 407772     cutoff   41         0.02734    0.04263  55.9%  37.5 2050s
 3951266 408520    0.03098   33   61    0.02734    0.04261  55.8%  37.5 2055s
 3963733 409364    0.03182   40   57    0.02734    0.04258  55.7%  37.4 2060s
 3974800 410151    0.03675   44   55    0.02734    0.04256  55.6%  37.4 2065s
 3986412 411014     cutoff   33         0.02734    0.04254  55.6%  37.4 2070s
 3994986 411495 infeasible   37         0.02734    0.04252  55.5%  37.4 2075s
 4007559 412339     cutoff   41         0.02734    0.04249  55.4%  37.4 2080s
 4017424 413065    0.03302   40   54    0.02734    0.04247  55.3%  37.4 2085s
 4028204 413824    0.03625   37   61    0.02734    0.04245  55.2%  37.3 2090s
 4038870 414602    0.02851   43   56    0.02734    0.04243  55.2%  37.3 2095s
 4050475 415563    0.03138   45   56    0.02734    0.04241  55.1%  37.3 2100s
 4061553 416346     cutoff   39         0.02734    0.04238  55.0%  37.3 2105s
 4070536 417034    0.03018   34   53    0.02734    0.04237  54.9%  37.3 2110s
 4081154 417689    0.02883   46   50    0.02734    0.04235  54.9%  37.3 2115s
 4092432 418382    0.03980   34   57    0.02734    0.04233  54.8%  37.3 2120s
 4102298 418928    0.03801   45   51    0.02734    0.04231  54.7%  37.3 2125s
 4114170 419623    0.03347   36   56    0.02734    0.04228  54.6%  37.2 2130s
 4125157 420461     cutoff   41         0.02734    0.04226  54.6%  37.2 2135s
 4132292 420980     cutoff   36         0.02734    0.04225  54.5%  37.2 2140s
 4141652 421849    0.03576   35   56    0.02734    0.04223  54.4%  37.2 2146s
 4154401 422381     cutoff   62         0.02734    0.04221  54.4%  37.2 2150s
 4166958 423081     cutoff   38         0.02734    0.04219  54.3%  37.2 2155s
 4178545 423857     cutoff   46         0.02734    0.04216  54.2%  37.2 2160s
 4190377 424442    0.03133   46   52    0.02734    0.04214  54.1%  37.1 2165s
 4202275 425262    0.03177   38   62    0.02734    0.04212  54.0%  37.1 2170s
 4213951 425967    0.03019   33   62    0.02734    0.04210  53.9%  37.1 2175s
 4224595 426664     cutoff   40         0.02734    0.04208  53.9%  37.1 2180s
 4235595 427501    0.03836   38   53    0.02734    0.04206  53.8%  37.1 2185s
 4248007 428062     cutoff   41         0.02734    0.04203  53.7%  37.1 2190s
 4260106 428854    0.02924   33   57    0.02734    0.04201  53.6%  37.1 2195s
 4272178 429606    0.04175   38   61    0.02734    0.04199  53.6%  37.0 2200s
 4283578 430219    0.03776   28   53    0.02734    0.04197  53.5%  37.0 2205s
 4295149 431051    0.03033   47   56    0.02734    0.04195  53.4%  37.0 2210s
 4305893 431802     cutoff   44         0.02734    0.04193  53.3%  37.0 2215s
 4317494 432664    0.03898   34   61    0.02734    0.04191  53.3%  37.0 2220s
 4330160 433321    0.03622   38   44    0.02734    0.04189  53.2%  37.0 2225s
 4340652 433901     cutoff   44         0.02734    0.04187  53.1%  37.0 2230s
 4352460 434526    0.02837   37   52    0.02734    0.04185  53.0%  36.9 2235s
 4363234 435058    0.02910   36   47    0.02734    0.04183  53.0%  36.9 2240s
 4373541 435603    0.03941   35   54    0.02734    0.04180  52.9%  36.9 2245s
 4386607 436537     cutoff   33         0.02734    0.04178  52.8%  36.9 2250s
 4397199 437342    0.02758   51   42    0.02734    0.04176  52.7%  36.9 2255s
 4408517 438159    0.03054   40   64    0.02734    0.04174  52.7%  36.9 2260s
 4421945 439007    0.02766   46   59    0.02734    0.04172  52.6%  36.9 2265s
 4433161 439712    0.02830   54   46    0.02734    0.04170  52.5%  36.8 2270s
 4444683 440358     cutoff   48         0.02734    0.04168  52.4%  36.8 2275s
 4456038 441136    0.04137   33   64    0.02734    0.04166  52.3%  36.8 2280s
 4468554 441908     cutoff   45         0.02734    0.04163  52.3%  36.8 2285s
 4480936 442690    0.03336   37   56    0.02734    0.04161  52.2%  36.8 2290s
 4493108 443343    0.02755   51   50    0.02734    0.04159  52.1%  36.8 2295s
 4505614 444271     cutoff   42         0.02734    0.04157  52.0%  36.8 2300s
 4517613 444957     cutoff   37         0.02734    0.04155  51.9%  36.7 2305s
 4524268 445413    0.03955   34   61    0.02734    0.04154  51.9%  36.7 2310s
 4536440 446223     cutoff   41         0.02734    0.04152  51.8%  36.7 2315s
 4548319 446838    0.02847   44   34    0.02734    0.04149  51.7%  36.7 2320s
 4559964 447556     cutoff   38         0.02734    0.04148  51.7%  36.7 2325s
 4570704 448171    0.03195   40   56    0.02734    0.04146  51.6%  36.7 2330s
 4583561 448953    0.02827   63   31    0.02734    0.04144  51.5%  36.7 2335s
 4594441 449455    0.04010   40   61    0.02734    0.04142  51.5%  36.6 2340s
 4606026 450169     cutoff   44         0.02734    0.04140  51.4%  36.6 2345s
 4618592 450977     cutoff   36         0.02734    0.04138  51.3%  36.6 2350s
 4629607 451597    0.02955   39   59    0.02734    0.04136  51.3%  36.6 2355s
 4641901 452330    0.04114   43   55    0.02734    0.04134  51.2%  36.6 2360s
 4654500 453007    0.03326   36   57    0.02734    0.04132  51.1%  36.6 2365s
 4665909 453597     cutoff   38         0.02734    0.04130  51.0%  36.6 2370s
 4678074 454228     cutoff   39         0.02734    0.04127  50.9%  36.5 2375s
 4690252 454808    0.02959   40   54    0.02734    0.04125  50.9%  36.5 2380s
 4702367 455618    0.03728   43   53    0.02734    0.04123  50.8%  36.5 2385s
 4714779 456429    0.03850   32   61    0.02734    0.04122  50.7%  36.5 2390s
 4726583 457091    0.03579   37   61    0.02734    0.04120  50.7%  36.5 2395s
 4739191 457703     cutoff   43         0.02734    0.04117  50.6%  36.5 2400s
 4751592 458479    0.04115   35   62    0.02734    0.04115  50.5%  36.5 2405s
 4763725 459242    0.03235   35   54    0.02734    0.04113  50.4%  36.5 2410s
 4777085 459991     cutoff   44         0.02734    0.04111  50.4%  36.4 2415s
 4789099 460800     cutoff   40         0.02734    0.04110  50.3%  36.4 2420s
 4802015 461552    0.03814   39   64    0.02734    0.04108  50.2%  36.4 2425s
 4812084 462052     cutoff   38         0.02734    0.04106  50.2%  36.4 2430s
 4824198 462614     cutoff   38         0.02734    0.04104  50.1%  36.4 2435s
 4836394 463444    0.03145   48   44    0.02734    0.04102  50.0%  36.4 2440s
 4848952 464175    0.02966   38   61    0.02734    0.04100  49.9%  36.4 2445s
 4860232 464592     cutoff   31         0.02734    0.04098  49.9%  36.3 2450s
 4872498 465284    0.03162   33   59    0.02734    0.04096  49.8%  36.3 2455s
 4885044 465975     cutoff   34         0.02734    0.04094  49.7%  36.3 2460s
 4895101 466545    0.03922   28   61    0.02734    0.04093  49.7%  36.3 2465s
 4907267 467235    0.03396   37   63    0.02734    0.04091  49.6%  36.3 2470s
 4918166 467799    0.02938   33   56    0.02734    0.04089  49.6%  36.3 2475s
 4931135 468441     cutoff   39         0.02734    0.04087  49.5%  36.3 2480s
 4942536 469054 infeasible   38         0.02734    0.04086  49.4%  36.2 2485s
 4953830 469931    0.03586   35   56    0.02734    0.04084  49.4%  36.2 2490s
 4966188 470666     cutoff   38         0.02734    0.04082  49.3%  36.2 2495s
 4976574 471213     cutoff   28         0.02734    0.04081  49.2%  36.2 2500s
 4988717 471786    0.02812   42   59    0.02734    0.04079  49.2%  36.2 2505s
 5001748 472409     cutoff   40         0.02734    0.04077  49.1%  36.2 2510s
 5011488 472889     cutoff   32         0.02734    0.04075  49.0%  36.2 2515s
 5023233 473529    0.03116   39   56    0.02734    0.04073  49.0%  36.2 2520s
 5035744 474172     cutoff   44         0.02734    0.04071  48.9%  36.1 2525s
 5046639 474753     cutoff   44         0.02734    0.04070  48.8%  36.1 2530s
 5058244 475392    0.03373   41   59    0.02734    0.04068  48.8%  36.1 2535s
 5072252 476140    0.03651   37   50    0.02734    0.04066  48.7%  36.1 2540s
 5084830 476933 infeasible   38         0.02734    0.04064  48.6%  36.1 2545s
 5095730 477450     cutoff   35         0.02734    0.04062  48.5%  36.1 2550s
 5103221 477880    0.03373   33   62    0.02734    0.04061  48.5%  36.1 2555s
 5111520 478202    0.03196   37   54    0.02734    0.04059  48.4%  36.1 2560s
 5123101 478857 infeasible   42         0.02734    0.04057  48.4%  36.0 2565s
 5133894 479399     cutoff   34         0.02734    0.04056  48.3%  36.0 2570s
 5143933 479884     cutoff   40         0.02734    0.04054  48.3%  36.0 2575s
 5155002 480633    0.02779   40   51    0.02734    0.04052  48.2%  36.0 2580s
 5165984 481270    0.03858   36   64    0.02734    0.04051  48.1%  36.0 2585s
 5176696 481836     cutoff   37         0.02734    0.04049  48.1%  36.0 2590s
 5187580 482460    0.04047   36   54    0.02734    0.04047  48.0%  36.0 2595s
 5198588 482973     cutoff   44         0.02734    0.04046  47.9%  36.0 2600s
 5208420 483483    0.03078   48   57    0.02734    0.04044  47.9%  36.0 2605s
 5218971 484159    0.03340   60   40    0.02734    0.04043  47.8%  35.9 2610s
 5229860 484628     cutoff   40         0.02734    0.04041  47.8%  35.9 2615s
 5240939 485260     cutoff   43         0.02734    0.04039  47.7%  35.9 2620s
 5253104 485854     cutoff   39         0.02734    0.04037  47.6%  35.9 2625s
 5264850 486547    0.03759   38   64    0.02734    0.04035  47.6%  35.9 2630s
 5277210 487180    0.03497   36   54    0.02734    0.04034  47.5%  35.9 2635s
 5288290 487770    0.03077   32   54    0.02734    0.04032  47.4%  35.9 2640s
 5298757 488486    0.02764   52   49    0.02734    0.04030  47.4%  35.9 2645s
 5311217 488952    0.03842   31   63    0.02734    0.04028  47.3%  35.8 2650s
 5321892 489569    0.03248   39   60    0.02734    0.04027  47.3%  35.8 2655s
 5333063 490165     cutoff   40         0.02734    0.04025  47.2%  35.8 2660s
 5343848 490932     cutoff   35         0.02734    0.04024  47.1%  35.8 2665s
 5355918 491553    0.03125   37   62    0.02734    0.04022  47.1%  35.8 2670s
 5368443 492353    0.03060   41   54    0.02734    0.04020  47.0%  35.8 2675s
 5379713 493137     cutoff   43         0.02734    0.04018  47.0%  35.8 2680s
 5389228 493576     cutoff   45         0.02734    0.04017  46.9%  35.8 2685s
 5400779 494158    0.04015   34   56    0.02734    0.04015  46.8%  35.7 2690s
 5409585 494650    0.03900   37   60    0.02734    0.04014  46.8%  35.7 2695s
 5419917 495183    0.03683   42   54    0.02734    0.04012  46.7%  35.7 2700s
 5431309 495890     cutoff   43         0.02734    0.04011  46.7%  35.7 2705s
 5442390 496468    0.03031   43   61    0.02734    0.04009  46.6%  35.7 2710s
 5453719 497105     cutoff   43         0.02734    0.04007  46.6%  35.7 2715s
 5465748 497624     cutoff   47         0.02734    0.04006  46.5%  35.7 2720s
 5475646 498148     cutoff   39         0.02734    0.04004  46.4%  35.7 2725s
 5489066 498977     cutoff   41         0.02734    0.04002  46.4%  35.7 2730s
 5500548 499569     cutoff   35         0.02734    0.04001  46.3%  35.6 2735s
 5511030 500158    0.03529   39   57    0.02734    0.03999  46.3%  35.6 2740s
 5520600 500649    0.03277   50   56    0.02734    0.03998  46.2%  35.6 2745s
 5531090 501231    0.03685   37   56    0.02734    0.03997  46.2%  35.6 2750s
 5541870 501722     cutoff   41         0.02734    0.03995  46.1%  35.6 2755s
 5552260 502205 infeasible   38         0.02734    0.03994  46.0%  35.6 2760s
 5562379 502741    0.03814   32   44    0.02734    0.03992  46.0%  35.6 2765s
 5572576 503286     cutoff   36         0.02734    0.03991  45.9%  35.6 2770s
 5582761 503828    0.02904   26   53    0.02734    0.03989  45.9%  35.6 2775s
 5594259 504422     cutoff   40         0.02734    0.03988  45.8%  35.5 2780s
 5607168 505137     cutoff   40         0.02734    0.03986  45.8%  35.5 2785s
 5617240 505643    0.03941   40   54    0.02734    0.03984  45.7%  35.5 2790s
 5627629 506179    0.03903   32   60    0.02734    0.03983  45.7%  35.5 2795s
 5637039 506587    0.03746   37   55    0.02734    0.03982  45.6%  35.5 2800s
 5642828 506926     cutoff   47         0.02734    0.03981  45.6%  35.5 2805s
 5653055 507337    0.02968   41   54    0.02734    0.03979  45.5%  35.5 2810s
 5662146 507824    0.03376   39   57    0.02734    0.03978  45.5%  35.5 2815s
 5671864 508347    0.03340   37   57    0.02734    0.03977  45.4%  35.5 2820s
 5681304 508985     cutoff   39         0.02734    0.03976  45.4%  35.4 2825s
 5690186 509603    0.03253   41   56    0.02734    0.03974  45.3%  35.4 2830s
 5698990 510105    0.03256   41   59    0.02734    0.03973  45.3%  35.4 2835s
 5712011 510819    0.03506   41   57    0.02734    0.03971  45.2%  35.4 2840s
 5720841 511595    0.03365   58   30    0.02734    0.03970  45.2%  35.4 2845s
 5733929 512245     cutoff   41         0.02734    0.03969  45.1%  35.4 2851s
 5744124 512918    0.03090   40   51    0.02734    0.03967  45.1%  35.4 2855s
 5755000 513565     cutoff   41         0.02734    0.03966  45.0%  35.4 2860s
 5764804 514085     cutoff   38         0.02734    0.03965  45.0%  35.4 2865s
 5774785 514479 infeasible   38         0.02734    0.03963  44.9%  35.4 2870s
 5785857 515106 infeasible   48         0.02734    0.03962  44.9%  35.3 2875s
 5796923 515632     cutoff   41         0.02734    0.03961  44.8%  35.3 2880s
 5807824 516127    0.03244   46   46    0.02734    0.03959  44.8%  35.3 2885s
 5821660 516927    0.02836   44   39    0.02734    0.03958  44.7%  35.3 2890s
 5832535 517554    0.03861   55   44    0.02734    0.03956  44.7%  35.3 2895s
 5842780 518063     cutoff   49         0.02734    0.03955  44.6%  35.3 2900s
 5853877 518512    0.03374   47   49    0.02734    0.03953  44.6%  35.3 2905s
 5867269 519085    0.03664   41   53    0.02734    0.03952  44.5%  35.3 2910s
 5878653 519630    0.02810   35   57    0.02734    0.03950  44.5%  35.2 2915s
 5889372 520273     cutoff   35         0.02734    0.03949  44.4%  35.2 2920s
 5900332 520919     cutoff   38         0.02734    0.03947  44.4%  35.2 2925s
 5911011 521500    0.02875   36   60    0.02734    0.03946  44.3%  35.2 2930s
 5917911 521938    0.03637   38   55    0.02734    0.03945  44.3%  35.2 2935s
 5930052 522708     cutoff   53         0.02734    0.03944  44.2%  35.2 2940s
 5934911 522879     cutoff   37         0.02734    0.03943  44.2%  35.2 2945s
 5944371 523452     cutoff   37         0.02734    0.03942  44.2%  35.2 2950s
 5955372 524137    0.03660   36   51    0.02734    0.03941  44.1%  35.2 2955s
 5965903 524500    0.02970   42   56    0.02734    0.03939  44.1%  35.2 2960s
 5977271 525076     cutoff   39         0.02734    0.03938  44.0%  35.1 2965s
 5988734 525605     cutoff   43         0.02734    0.03937  44.0%  35.1 2970s
 6000092 526152    0.02802   42   47    0.02734    0.03935  43.9%  35.1 2975s
 6010714 526615    0.03280   44   53    0.02734    0.03934  43.9%  35.1 2980s
 6021141 527321     cutoff   37         0.02734    0.03933  43.8%  35.1 2985s
 6033170 528063    0.03320   33   63    0.02734    0.03931  43.8%  35.1 2990s
 6045015 528689     cutoff   36         0.02734    0.03930  43.7%  35.1 2995s
 6056540 529396     cutoff   47         0.02734    0.03928  43.7%  35.1 3000s
 6067799 530075    0.03281   41   56    0.02734    0.03927  43.6%  35.1 3005s
 6079702 530810     cutoff   49         0.02734    0.03926  43.6%  35.0 3010s
 6090840 531404     cutoff   39         0.02734    0.03925  43.5%  35.0 3015s
 6102265 532109     cutoff   43         0.02734    0.03923  43.5%  35.0 3020s
 6112532 532643     cutoff   47         0.02734    0.03922  43.4%  35.0 3025s
 6123969 533336    0.02749   42   50    0.02734    0.03921  43.4%  35.0 3030s
 6135240 533886    0.02970   44   56    0.02734    0.03919  43.3%  35.0 3035s
 6147347 534678    0.03881   31   67    0.02734    0.03918  43.3%  35.0 3040s
 6157736 535364    0.03887   37   59    0.02734    0.03917  43.2%  35.0 3045s
 6170080 536118    0.02897   39   57    0.02734    0.03915  43.2%  34.9 3050s
 6182389 536691     cutoff   41         0.02734    0.03914  43.1%  34.9 3055s
 6191645 537275    0.03907   31   59    0.02734    0.03913  43.1%  34.9 3060s
 6201598 537707     cutoff   39         0.02734    0.03912  43.1%  34.9 3065s
 6211014 538297    0.03715   36   56    0.02734    0.03910  43.0%  34.9 3070s
 6221364 538723    0.03524   41   56    0.02734    0.03909  43.0%  34.9 3075s
 6232562 539270    0.03210   37   60    0.02734    0.03908  42.9%  34.9 3080s
 6244197 539950     cutoff   34         0.02734    0.03906  42.9%  34.9 3085s
 6255248 540544    0.03905   38   51    0.02734    0.03905  42.8%  34.9 3090s
 6265852 541074     cutoff   44         0.02734    0.03904  42.8%  34.9 3095s
 6277455 541615    0.02950   39   64    0.02734    0.03902  42.7%  34.8 3100s
 6289566 542292    0.03428   40   60    0.02734    0.03901  42.7%  34.8 3105s
 6301131 542863    0.03251   41   50    0.02734    0.03900  42.6%  34.8 3110s
 6312757 543382 infeasible   36         0.02734    0.03899  42.6%  34.8 3115s
 6324023 543834     cutoff   38         0.02734    0.03898  42.6%  34.8 3120s
 6335213 544453     cutoff   44         0.02734    0.03897  42.5%  34.8 3125s
 6345966 544977    0.03325   36   60    0.02734    0.03896  42.5%  34.8 3130s
 6358116 545586    0.03593   37   55    0.02734    0.03894  42.4%  34.8 3135s
 6369588 546199     cutoff   44         0.02734    0.03893  42.4%  34.7 3140s
 6381094 546926     cutoff   36         0.02734    0.03892  42.3%  34.7 3145s
 6393501 547616    0.03325   42   60    0.02734    0.03890  42.3%  34.7 3150s
 6405738 548233     cutoff   42         0.02734    0.03889  42.2%  34.7 3155s
 6416727 548786     cutoff   42         0.02734    0.03888  42.2%  34.7 3160s
 6426756 549345    0.03731   34   51    0.02734    0.03887  42.1%  34.7 3165s
 6438895 550082    0.02828   39   56    0.02734    0.03885  42.1%  34.7 3170s
 6450272 550730    0.03362   45   53    0.02734    0.03884  42.0%  34.7 3175s
 6460563 551227    0.02984   43   51    0.02734    0.03883  42.0%  34.7 3180s
 6472105 551813     cutoff   35         0.02734    0.03882  42.0%  34.6 3185s
 6483554 552335    0.03751   39   57    0.02734    0.03881  41.9%  34.6 3190s
 6494563 552881    0.02876   35   57    0.02734    0.03879  41.9%  34.6 3195s
 6503626 553186     cutoff   44         0.02734    0.03878  41.8%  34.6 3200s
 6515266 553898     cutoff   39         0.02734    0.03877  41.8%  34.6 3205s
 6527354 554496     cutoff   46         0.02734    0.03876  41.7%  34.6 3210s
 6538856 555207     cutoff   39         0.02734    0.03875  41.7%  34.6 3215s
 6551082 555747     cutoff   41         0.02734    0.03873  41.6%  34.6 3220s
 6563756 556336     cutoff   45         0.02734    0.03872  41.6%  34.6 3225s
 6575083 556826    0.02922   39   55    0.02734    0.03871  41.6%  34.5 3230s
 6587482 557521    0.03766   39   58    0.02734    0.03869  41.5%  34.5 3235s
 6599677 558066     cutoff   41         0.02734    0.03868  41.5%  34.5 3240s
 6611879 558684     cutoff   45         0.02734    0.03867  41.4%  34.5 3245s
 6620326 559016     cutoff   37         0.02734    0.03866  41.4%  34.5 3250s
 6633684 559619    0.02789   52   58    0.02734    0.03865  41.3%  34.5 3255s
 6644325 560281     cutoff   38         0.02734    0.03863  41.3%  34.5 3260s
 6657351 560981 infeasible   43         0.02734    0.03862  41.2%  34.5 3265s
 6669987 561683     cutoff   43         0.02734    0.03861  41.2%  34.5 3270s
 6681257 562270    0.02841   45   51    0.02734    0.03860  41.1%  34.4 3275s
 6692311 562839     cutoff   39         0.02734    0.03859  41.1%  34.4 3280s
 6703290 563523    0.03764   41   56    0.02734    0.03857  41.1%  34.4 3285s
 6715629 564146     cutoff   46         0.02734    0.03856  41.0%  34.4 3290s
 6727557 564661    0.03205   36   60    0.02734    0.03855  41.0%  34.4 3295s
 6738963 565212     cutoff   34         0.02734    0.03853  40.9%  34.4 3300s
 6750856 565833    0.03815   41   59    0.02734    0.03852  40.9%  34.4 3305s
 6757455 566142     cutoff   40         0.02734    0.03851  40.9%  34.4 3310s
 6768192 566771    0.03412   38   62    0.02734    0.03850  40.8%  34.4 3315s
 6780595 567434     cutoff   43         0.02734    0.03849  40.8%  34.3 3320s
 6793114 567961    0.03009   40   59    0.02734    0.03848  40.7%  34.3 3325s
 6806633 568415    0.03408   41   59    0.02734    0.03846  40.7%  34.3 3330s
 6819423 569139    0.02926   53   37    0.02734    0.03845  40.6%  34.3 3335s
 6831732 569616     cutoff   40         0.02734    0.03844  40.6%  34.3 3340s
 6843881 570305    0.03225   48   51    0.02734    0.03843  40.5%  34.3 3345s
 6855143 570717     cutoff   45         0.02734    0.03841  40.5%  34.3 3350s
 6868180 571527    0.02835   42   55    0.02734    0.03840  40.4%  34.3 3355s
 6881637 572077     cutoff   32         0.02734    0.03839  40.4%  34.3 3360s
 6891025 572412    0.03706   37   48    0.02734    0.03838  40.3%  34.2 3365s
 6905694 573213    0.03710   37   58    0.02734    0.03836  40.3%  34.2 3370s
 6917491 573817     cutoff   38         0.02734    0.03835  40.2%  34.2 3375s
 6927737 574375    0.02947   42   54    0.02734    0.03834  40.2%  34.2 3380s
 6942301 575139    0.03449   41   55    0.02734    0.03832  40.2%  34.2 3385s
 6955214 575645     cutoff   45         0.02734    0.03831  40.1%  34.2 3390s
 6966345 576234    0.03712   38   60    0.02734    0.03830  40.1%  34.2 3395s
 6978937 576747    0.02789   41   48    0.02734    0.03829  40.0%  34.2 3400s
 6991519 577328     cutoff   43         0.02734    0.03828  40.0%  34.2 3405s
 7004228 577955    0.02796   40   45    0.02734    0.03826  39.9%  34.1 3410s
 7015004 578453    0.03261   32   52    0.02734    0.03825  39.9%  34.1 3415s
 7027543 579024     cutoff   41         0.02734    0.03824  39.8%  34.1 3420s
 7039633 579515    0.02769   35   58    0.02734    0.03822  39.8%  34.1 3425s
 7052134 580249     cutoff   34         0.02734    0.03821  39.7%  34.1 3430s
 7063054 580889     cutoff   41         0.02734    0.03820  39.7%  34.1 3435s
 7070383 581250    0.03293   35   56    0.02734    0.03820  39.7%  34.1 3440s
 7082951 581865    0.02859   48   51    0.02734    0.03818  39.6%  34.1 3445s
 7093367 582414    0.02739   45   51    0.02734    0.03817  39.6%  34.1 3450s
 7105936 582987    0.03816   44   57    0.02734    0.03816  39.6%  34.1 3455s
 7118957 583654    0.03007   50   40    0.02734    0.03815  39.5%  34.0 3460s
 7131407 584214    0.02803   41   56    0.02734    0.03814  39.5%  34.0 3465s
 7143194 584794     cutoff   43         0.02734    0.03813  39.4%  34.0 3470s
 7154776 585351    0.02897   39   56    0.02734    0.03811  39.4%  34.0 3475s
 7169207 586051    0.03585   39   52    0.02734    0.03810  39.3%  34.0 3480s
 7181394 586571     cutoff   43         0.02734    0.03809  39.3%  34.0 3485s
 7193270 587743    0.03761   35   58    0.02734    0.03808  39.3%  34.0 3490s
 7206026 588360    0.03403   36   57    0.02734    0.03807  39.2%  34.0 3495s
 7218168 588946    0.02772   41   50    0.02734    0.03806  39.2%  34.0 3500s
 7230349 589656    0.02799   46   48    0.02734    0.03805  39.1%  34.0 3505s
 7242744 590283    0.03543   39   61    0.02734    0.03804  39.1%  33.9 3510s
 7254500 590878     cutoff   46         0.02734    0.03803  39.1%  33.9 3515s
 7265933 591358    0.03028   46   54    0.02734    0.03802  39.0%  33.9 3520s
 7278623 591919     cutoff   45         0.02734    0.03801  39.0%  33.9 3525s
 7291553 592531     cutoff   41         0.02734    0.03799  38.9%  33.9 3530s
 7304199 593097     cutoff   35         0.02734    0.03798  38.9%  33.9 3535s
 7316753 593740    0.03125   39   54    0.02734    0.03797  38.9%  33.9 3540s
 7327948 594293    0.02821   43   54    0.02734    0.03796  38.8%  33.9 3545s
 7341604 595080    0.03084   32   60    0.02734    0.03795  38.8%  33.9 3550s
 7349769 595495    0.03606   40   52    0.02734    0.03794  38.8%  33.8 3555s
 7364653 596209     cutoff   41         0.02734    0.03793  38.7%  33.8 3560s
 7376764 596863    0.02783   38   55    0.02734    0.03792  38.7%  33.8 3565s
 7389092 597445    0.03587   45   64    0.02734    0.03791  38.6%  33.8 3570s
 7400648 597915    0.03041   28   56    0.02734    0.03790  38.6%  33.8 3575s
 7409697 598334    0.03036   40   57    0.02734    0.03789  38.6%  33.8 3580s
 7422070 598851    0.02809   41   63    0.02734    0.03788  38.5%  33.8 3585s
 7433295 599301     cutoff   58         0.02734    0.03787  38.5%  33.8 3590s
 7447514 600014     cutoff   48         0.02734    0.03785  38.4%  33.8 3595s
 7459483 600592     cutoff   43         0.02734    0.03784  38.4%  33.8 3600s
 7471638 601047    0.02982   42   50    0.02734    0.03783  38.4%  33.7 3605s
 7482928 601649    0.03424   40   60    0.02734    0.03782  38.3%  33.7 3610s
 7495129 602129    0.03474   52   55    0.02734    0.03781  38.3%  33.7 3615s
 7506864 602612    0.03191   36   53    0.02734    0.03780  38.2%  33.7 3620s
 7518581 603012    0.03117   37   51    0.02734    0.03779  38.2%  33.7 3625s
 7529458 603451    0.02789   49   45    0.02734    0.03778  38.2%  33.7 3630s
 7542878 603872     cutoff   34         0.02734    0.03777  38.1%  33.7 3635s
 7553366 604385    0.03491   37   61    0.02734    0.03776  38.1%  33.7 3640s
 7564891 604857    0.03187   46   47    0.02734    0.03775  38.0%  33.7 3645s
 7577707 605455     cutoff   41         0.02734    0.03774  38.0%  33.7 3650s
 7589846 606039    0.03414   41   56    0.02734    0.03773  38.0%  33.7 3655s
 7602460 606532     cutoff   41         0.02734    0.03772  37.9%  33.6 3660s
 7614360 607099    0.02843   41   53    0.02734    0.03771  37.9%  33.6 3665s
 7625632 607667    0.03770   28   65    0.02734    0.03770  37.9%  33.6 3670s
 7637031 608131    0.03332   39   46    0.02734    0.03769  37.8%  33.6 3675s
 7648522 608706     cutoff   40         0.02734    0.03767  37.8%  33.6 3680s
 7658688 609226     cutoff   40         0.02734    0.03767  37.7%  33.6 3685s
 7669627 609629     cutoff   40         0.02734    0.03766  37.7%  33.6 3690s
 7681223 610149    0.02995   36   53    0.02734    0.03765  37.7%  33.6 3695s
 7692147 610655    0.03470   47   58    0.02734    0.03764  37.6%  33.6 3700s
 7705122 611133     cutoff   33         0.02734    0.03762  37.6%  33.6 3705s
 7718344 611783    0.03384   35   60    0.02734    0.03761  37.6%  33.5 3710s
 7729307 612256     cutoff   36         0.02734    0.03760  37.5%  33.5 3715s
 7739417 612614    0.03199   38   55    0.02734    0.03759  37.5%  33.5 3720s
 7753457 613239    0.02854   36   55    0.02734    0.03758  37.4%  33.5 3725s
 7763603 613802    0.03208   42   46    0.02734    0.03757  37.4%  33.5 3730s
 7774789 614294    0.02876   42   56    0.02734    0.03756  37.4%  33.5 3735s
 7787056 615019     cutoff   38         0.02734    0.03755  37.3%  33.5 3740s
 7799270 615448    0.02808   35   65    0.02734    0.03754  37.3%  33.5 3745s
 7814049 616087     cutoff   30         0.02734    0.03753  37.2%  33.5 3750s
 7825774 616429     cutoff   46         0.02734    0.03752  37.2%  33.5 3755s
 7838128 617042     cutoff   44         0.02734    0.03751  37.2%  33.5 3760s
 7849344 617540     cutoff   41         0.02734    0.03750  37.1%  33.4 3765s
 7862166 618219     cutoff   41         0.02734    0.03749  37.1%  33.4 3770s
 7875137 618692    0.03748   34   55    0.02734    0.03748  37.1%  33.4 3775s
 7886215 619198    0.03093   45   57    0.02734    0.03747  37.0%  33.4 3780s
 7899390 619859    0.03540   42   55    0.02734    0.03746  37.0%  33.4 3785s
 7911389 620512     cutoff   41         0.02734    0.03745  36.9%  33.4 3790s
 7923734 621044     cutoff   37         0.02734    0.03744  36.9%  33.4 3795s
 7932636 621475    0.02755   36   51    0.02734    0.03743  36.9%  33.4 3800s
 7943826 622044     cutoff   38         0.02734    0.03742  36.8%  33.4 3805s
 7956600 622673    0.03173   44   54    0.02734    0.03741  36.8%  33.4 3810s
 7969206 623148     cutoff   38         0.02734    0.03740  36.8%  33.4 3815s
 7981819 623717     cutoff   46         0.02734    0.03739  36.7%  33.3 3820s
 7993346 624265    0.02879   44   37    0.02734    0.03738  36.7%  33.3 3825s
 8005179 624596    0.03385   36   52    0.02734    0.03737  36.7%  33.3 3830s
 8017475 625071     cutoff   39         0.02734    0.03736  36.6%  33.3 3835s
 8027629 625531    0.03680   40   55    0.02734    0.03735  36.6%  33.3 3840s
 8040796 626096    0.03154   44   56    0.02734    0.03734  36.6%  33.3 3845s
 8053397 626656     cutoff   40         0.02734    0.03733  36.5%  33.3 3850s
 8065612 627155    0.02788   39   57    0.02734    0.03732  36.5%  33.3 3855s
 8077863 627546     cutoff   40         0.02734    0.03731  36.4%  33.3 3860s
 8090969 628099    0.03359   34   57    0.02734    0.03730  36.4%  33.3 3865s
 8101562 628471     cutoff   40         0.02734    0.03729  36.4%  33.3 3870s
 8113912 628944    0.03528   34   56    0.02734    0.03728  36.3%  33.2 3875s
 8126207 629344     cutoff   39         0.02734    0.03726  36.3%  33.2 3880s
 8138553 629840    0.03606   36   61    0.02734    0.03726  36.2%  33.2 3885s
 8149359 630315    0.03682   32   61    0.02734    0.03725  36.2%  33.2 3890s
 8162506 631055     cutoff   38         0.02734    0.03724  36.2%  33.2 3895s
 8174262 631591    0.02993   48   52    0.02734    0.03723  36.1%  33.2 3900s
 8183875 631982    0.03597   40   50    0.02734    0.03722  36.1%  33.2 3905s
 8191629 632251    0.02833   41   54    0.02734    0.03721  36.1%  33.2 3910s
 8201707 632655     cutoff   38         0.02734    0.03720  36.1%  33.2 3915s
 8212435 633168    0.02945   46   59    0.02734    0.03719  36.0%  33.2 3920s
 8225437 633536     cutoff   42         0.02734    0.03718  36.0%  33.2 3925s
 8236537 633973    0.02847   41   57    0.02734    0.03718  36.0%  33.1 3930s
 8251558 634563     cutoff   41         0.02734    0.03716  35.9%  33.1 3935s
 8264445 635202 infeasible   40         0.02734    0.03715  35.9%  33.1 3940s
 8277479 635815    0.03052   46   58    0.02734    0.03714  35.8%  33.1 3945s
 8289681 636338    0.02869   45   57    0.02734    0.03713  35.8%  33.1 3950s
 8301573 636929 infeasible   35         0.02734    0.03712  35.8%  33.1 3955s
 8313709 637363    0.02991   56   42    0.02734    0.03712  35.7%  33.1 3960s
 8327966 637963    0.02763   47   51    0.02734    0.03710  35.7%  33.1 3965s
 8340766 638393     cutoff   43         0.02734    0.03709  35.7%  33.1 3970s
 8353600 638981     cutoff   37         0.02734    0.03708  35.6%  33.1 3975s
 8365586 639647     cutoff   37         0.02734    0.03708  35.6%  33.1 3980s
 8377456 640211    0.02888   37   60    0.02734    0.03707  35.6%  33.0 3985s
 8390631 640834     cutoff   44         0.02734    0.03706  35.5%  33.0 3990s
 8403900 641335    0.03123   40   53    0.02734    0.03705  35.5%  33.0 3995s
 8415828 641697    0.03624   33   57    0.02734    0.03705  35.5%  33.0 4000s
 8428195 642111    0.02966   36   57    0.02734    0.03704  35.4%  33.0 4005s
 8441661 642610    0.03156   41   60    0.02734    0.03703  35.4%  33.0 4010s
 8452255 642967     cutoff   48         0.02734    0.03702  35.4%  33.0 4015s
 8466969 643613     cutoff   36         0.02734    0.03700  35.3%  33.0 4020s
 8477409 644058     cutoff   44         0.02734    0.03700  35.3%  33.0 4025s
 8492449 644614     cutoff   42         0.02734    0.03698  35.3%  33.0 4030s
 8502422 644920    0.02966   39   61    0.02734    0.03698  35.2%  33.0 4035s
 8512621 645377     cutoff   41         0.02734    0.03697  35.2%  32.9 4040s
 8526516 645982    0.03215   33   61    0.02734    0.03696  35.2%  32.9 4045s
 8539043 646477    0.03075   35   50    0.02734    0.03695  35.1%  32.9 4050s
 8551082 646880     cutoff   41         0.02734    0.03694  35.1%  32.9 4055s
 8564074 647418    0.03617   37   44    0.02734    0.03693  35.0%  32.9 4060s
 8574084 647709    0.03148   40   51    0.02734    0.03692  35.0%  32.9 4065s
 8588285 648339    0.03032   43   34    0.02734    0.03691  35.0%  32.9 4070s
 8601383 648819    0.03012   46   47    0.02734    0.03690  34.9%  32.9 4075s
 8612524 649219    0.03026   39   40    0.02734    0.03689  34.9%  32.9 4080s
 8625616 649831    0.03688   36   51    0.02734    0.03688  34.9%  32.9 4085s
 8639027 650278    0.02907   44   55    0.02734    0.03687  34.8%  32.9 4090s
 8651955 650798    0.03323   38   51    0.02734    0.03686  34.8%  32.8 4095s
 8665247 651343    0.02863   34   57    0.02734    0.03685  34.8%  32.8 4100s
 8678463 651839     cutoff   42         0.02734    0.03684  34.7%  32.8 4105s
 8692396 652357     cutoff   40         0.02734    0.03683  34.7%  32.8 4110s
 8703944 652915     cutoff   37         0.02734    0.03682  34.6%  32.8 4115s
 8716826 653498     cutoff   37         0.02734    0.03681  34.6%  32.8 4120s
 8729902 653825    0.02992   35   55    0.02734    0.03680  34.6%  32.8 4125s
 8743228 654227    0.03565   33   59    0.02734    0.03679  34.5%  32.8 4130s
H8753197 651316                       0.0274235    0.03678  34.1%  32.8 4133s
H8753340 651319                       0.0274235    0.03678  34.1%  32.8 4133s
H8753531 651318                       0.0274235    0.03678  34.1%  32.8 4134s
 8754399 651319    0.03092   53   54    0.02742    0.03678  34.1%  32.8 4135s
 8765328 651652     cutoff   44         0.02742    0.03677  34.1%  32.8 4140s
 8780173 652094     cutoff   41         0.02742    0.03676  34.0%  32.8 4145s
 8792529 652616     cutoff   34         0.02742    0.03675  34.0%  32.7 4150s
 8803976 653023     cutoff   49         0.02742    0.03674  34.0%  32.7 4155s
 8817216 653553    0.03480   43   55    0.02742    0.03673  33.9%  32.7 4160s
 8830088 654226     cutoff   38         0.02742    0.03672  33.9%  32.7 4165s
 8843777 654843    0.03165   40   53    0.02742    0.03671  33.9%  32.7 4170s
 8857167 655409     cutoff   43         0.02742    0.03670  33.8%  32.7 4175s
 8867871 655750     cutoff   35         0.02742    0.03669  33.8%  32.7 4180s
 8880160 656141     cutoff   39         0.02742    0.03668  33.8%  32.7 4185s
 8893925 656713    0.02994   47   59    0.02742    0.03667  33.7%  32.7 4190s
 8905496 656993    0.02989   35   50    0.02742    0.03666  33.7%  32.7 4195s
 8918680 657620    0.03287   41   56    0.02742    0.03666  33.7%  32.7 4200s
 8929856 658032     cutoff   35         0.02742    0.03665  33.6%  32.6 4205s
 8945183 658722     cutoff   41         0.02742    0.03664  33.6%  32.6 4210s
 8958479 659270    0.03131   42   54    0.02742    0.03663  33.6%  32.6 4215s
 8970599 659656     cutoff   37         0.02742    0.03662  33.5%  32.6 4220s
 8984572 660047     cutoff   46         0.02742    0.03661  33.5%  32.6 4225s
 8997250 660488    0.03023   59   20    0.02742    0.03660  33.5%  32.6 4230s
 9011480 660891     cutoff   38         0.02742    0.03659  33.4%  32.6 4235s
 9024371 661141     cutoff   39         0.02742    0.03658  33.4%  32.6 4240s
 9037379 661562     cutoff   42         0.02742    0.03657  33.4%  32.6 4245s
 9051045 661956    0.02802   42   41    0.02742    0.03656  33.3%  32.6 4250s
 9062884 662413    0.03561   40   53    0.02742    0.03655  33.3%  32.6 4255s
 9076513 662985     cutoff   41         0.02742    0.03654  33.2%  32.5 4260s
 9089004 663440     cutoff   44         0.02742    0.03653  33.2%  32.5 4265s
 9100500 663933     cutoff   42         0.02742    0.03652  33.2%  32.5 4270s
 9113649 664336     cutoff   43         0.02742    0.03651  33.2%  32.5 4275s
 9126876 664952     cutoff   48         0.02742    0.03651  33.1%  32.5 4280s
 9139458 665381    0.03209   46   52    0.02742    0.03650  33.1%  32.5 4285s
 9152068 665827     cutoff   43         0.02742    0.03649  33.1%  32.5 4290s
 9160310 666111    0.02927   43   43    0.02742    0.03648  33.0%  32.5 4295s
 9171049 666494    0.03074   28   65    0.02742    0.03647  33.0%  32.5 4300s
 9185579 667091     cutoff   54         0.02742    0.03646  33.0%  32.5 4305s
 9199451 667596    0.02815   39   54    0.02742    0.03645  32.9%  32.5 4310s
 9212528 667982    0.03640   40   53    0.02742    0.03644  32.9%  32.5 4315s
 9225638 668400    0.03464   33   58    0.02742    0.03644  32.9%  32.4 4320s
 9239492 668797    0.03526   41   47    0.02742    0.03643  32.8%  32.4 4325s
 9252504 669160    0.03200   44   52    0.02742    0.03642  32.8%  32.4 4330s
 9266396 669606    0.03322   31   61    0.02742    0.03641  32.8%  32.4 4335s
 9279847 669903    0.03592   48   52    0.02742    0.03640  32.7%  32.4 4340s
 9292891 670232    0.02846   44   52    0.02742    0.03639  32.7%  32.4 4345s
 9306650 670552     cutoff   44         0.02742    0.03638  32.7%  32.4 4350s
 9320069 671142    0.02748   44   51    0.02742    0.03637  32.6%  32.4 4355s
 9333372 671513     cutoff   40         0.02742    0.03636  32.6%  32.4 4360s
 9347229 672010    0.02824   37   54    0.02742    0.03635  32.6%  32.4 4365s
 9360542 672479     cutoff   41         0.02742    0.03634  32.5%  32.4 4370s
 9373944 672977    0.02782   50   59    0.02742    0.03633  32.5%  32.3 4375s
 9387001 673325 infeasible   52         0.02742    0.03632  32.5%  32.3 4380s
 9400493 673753     cutoff   39         0.02742    0.03631  32.4%  32.3 4385s
 9414362 674228     cutoff   46         0.02742    0.03630  32.4%  32.3 4390s
 9422045 674390    0.03238   39   45    0.02742    0.03630  32.4%  32.3 4395s
 9435054 674726    0.03121   41   57    0.02742    0.03629  32.3%  32.3 4400s
 9447383 675056     cutoff   38         0.02742    0.03628  32.3%  32.3 4405s
 9458290 675427     cutoff   43         0.02742    0.03627  32.3%  32.3 4410s
 9473999 675983    0.03015   35   59    0.02742    0.03626  32.2%  32.3 4415s
 9488579 676370    0.03069   38   55    0.02742    0.03625  32.2%  32.3 4420s
 9501357 676783    0.03609   41   56    0.02742    0.03624  32.2%  32.3 4425s
 9514617 677159    0.03620   36   56    0.02742    0.03623  32.1%  32.2 4430s
 9528517 677788    0.03248   41   38    0.02742    0.03622  32.1%  32.2 4435s
 9542892 678158    0.02865   40   59    0.02742    0.03621  32.0%  32.2 4440s
 9555867 678572     cutoff   42         0.02742    0.03620  32.0%  32.2 4445s
 9568666 678948    0.03524   58   34    0.02742    0.03619  32.0%  32.2 4451s
 9581300 679277     cutoff   43         0.02742    0.03619  32.0%  32.2 4455s
 9594359 679644     cutoff   50         0.02742    0.03618  31.9%  32.2 4460s
 9608183 680104    0.03408   41   41    0.02742    0.03617  31.9%  32.2 4465s
 9621151 680522    0.03616   30   58    0.02742    0.03616  31.8%  32.2 4471s
 9633496 681005    0.02865   53   56    0.02742    0.03615  31.8%  32.2 4475s
 9648139 681555     cutoff   36         0.02742    0.03614  31.8%  32.2 4480s
 9662214 681966     cutoff   36         0.02742    0.03613  31.7%  32.2 4485s
 9676231 682272    0.02793   43   59    0.02742    0.03612  31.7%  32.1 4490s
 9689985 682693    0.03567   42   59    0.02742    0.03611  31.7%  32.1 4495s
 9703510 683015    0.02833   41   59    0.02742    0.03610  31.6%  32.1 4500s
 9715940 683269    0.03442   41   55    0.02742    0.03609  31.6%  32.1 4505s
 9728867 683629    0.03601   39   40    0.02742    0.03608  31.6%  32.1 4510s
 9743469 684080    0.03067   41   57    0.02742    0.03607  31.5%  32.1 4515s
 9755664 684417    0.03524   39   59    0.02742    0.03606  31.5%  32.1 4520s
 9770817 684928     cutoff   43         0.02742    0.03605  31.5%  32.1 4525s
 9784778 685306    0.03569   39   55    0.02742    0.03604  31.4%  32.1 4530s
 9797696 685612    0.03507   40   51    0.02742    0.03604  31.4%  32.1 4535s
 9804494 685745    0.03435   43   49    0.02742    0.03603  31.4%  32.1 4540s
 9817285 686372    0.03192   46   64    0.02742    0.03602  31.4%  32.0 4545s
 9829827 686700    0.02971   45   34    0.02742    0.03601  31.3%  32.0 4550s
 9843848 687056     cutoff   42         0.02742    0.03601  31.3%  32.0 4555s
 9857568 687426    0.02907   48   38    0.02742    0.03600  31.3%  32.0 4560s
 9871192 687727    0.03594   34   62    0.02742    0.03599  31.2%  32.0 4565s
 9885158 688048    0.03149   40   54    0.02742    0.03598  31.2%  32.0 4570s
 9898818 688357     cutoff   40         0.02742    0.03597  31.2%  32.0 4575s
 9912225 688824    0.03041   37   53    0.02742    0.03596  31.1%  32.0 4580s
 9925818 689180     cutoff   40         0.02742    0.03595  31.1%  32.0 4585s
 9939931 689615     cutoff   42         0.02742    0.03594  31.1%  32.0 4590s
 9953241 690063 infeasible   51         0.02742    0.03593  31.0%  32.0 4595s
 9966756 690462     cutoff   41         0.02742    0.03592  31.0%  32.0 4600s
 9980998 690947    0.02860   40   54    0.02742    0.03591  31.0%  31.9 4605s
 9994714 691303    0.02879   44   39    0.02742    0.03590  30.9%  31.9 4610s
 10008148 691626     cutoff   37         0.02742    0.03590  30.9%  31.9 4615s
 10021809 691886     cutoff   44         0.02742    0.03589  30.9%  31.9 4620s
 10035569 692205     cutoff   37         0.02742    0.03588  30.8%  31.9 4625s
 10049474 692658    0.03587   38   49    0.02742    0.03587  30.8%  31.9 4630s
 10060188 692927 infeasible   67         0.02742    0.03586  30.8%  31.9 4635s
 10074992 693337     cutoff   43         0.02742    0.03585  30.7%  31.9 4640s
 10088438 693638     cutoff   44         0.02742    0.03584  30.7%  31.9 4645s
 10101936 693834 infeasible   42         0.02742    0.03583  30.7%  31.9 4650s
 10115378 694297    0.03277   46   61    0.02742    0.03582  30.6%  31.9 4655s
 10128419 694698    0.02862   50   48    0.02742    0.03582  30.6%  31.9 4660s
 10139409 695008    0.03152   32   56    0.02742    0.03581  30.6%  31.8 4665s
 10153060 695289     cutoff   36         0.02742    0.03580  30.5%  31.8 4670s
 10165779 695618    0.02947   35   54    0.02742    0.03579  30.5%  31.8 4675s
 10179868 695962    0.03157   35   40    0.02742    0.03578  30.5%  31.8 4680s
 10194079 696290    0.03458   35   60    0.02742    0.03577  30.4%  31.8 4685s
 10208241 696500 infeasible   39         0.02742    0.03576  30.4%  31.8 4690s
 10220639 696929     cutoff   33         0.02742    0.03575  30.4%  31.8 4695s
 10231841 697094     cutoff   42         0.02742    0.03575  30.4%  31.8 4700s
 10245525 697459    0.03035   34   51    0.02742    0.03574  30.3%  31.8 4705s
 10259528 697892    0.02855   38   53    0.02742    0.03573  30.3%  31.8 4710s
 10273042 698205    0.03462   34   59    0.02742    0.03572  30.3%  31.8 4715s
 10285716 698623     cutoff   48         0.02742    0.03571  30.2%  31.8 4720s
 10296358 698871     cutoff   42         0.02742    0.03570  30.2%  31.7 4725s
 10309108 699281    0.02995   53   46    0.02742    0.03570  30.2%  31.7 4730s
 10322466 699750    0.03026   37   57    0.02742    0.03569  30.1%  31.7 4735s
 10335614 700198     cutoff   37         0.02742    0.03568  30.1%  31.7 4740s
 10349420 700621 infeasible   37         0.02742    0.03567  30.1%  31.7 4745s
 10360879 700858     cutoff   38         0.02742    0.03566  30.1%  31.7 4750s
 10374583 701079    0.02995   40   56    0.02742    0.03566  30.0%  31.7 4755s
 10387742 701524     cutoff   42         0.02742    0.03565  30.0%  31.7 4760s
 10398975 701973     cutoff   39         0.02742    0.03564  30.0%  31.7 4765s
 10412009 702243     cutoff   44         0.02742    0.03563  29.9%  31.7 4770s
 10424786 702618     cutoff   34         0.02742    0.03563  29.9%  31.7 4775s
 10437144 702881    0.03014   47   51    0.02742    0.03562  29.9%  31.7 4780s
 10450397 703208     cutoff   37         0.02742    0.03561  29.8%  31.7 4785s
 10463444 703439     cutoff   43         0.02742    0.03560  29.8%  31.6 4790s
 10476779 703744     cutoff   45         0.02742    0.03559  29.8%  31.6 4795s
 10484701 704006     cutoff   50         0.02742    0.03559  29.8%  31.6 4800s
 10493552 704189     cutoff   41         0.02742    0.03558  29.7%  31.6 4805s
 10505548 704441    0.02890   40   50    0.02742    0.03557  29.7%  31.6 4810s
 10518101 704844    0.02889   34   54    0.02742    0.03557  29.7%  31.6 4815s
 10527588 705096     cutoff   47         0.02742    0.03556  29.7%  31.6 4820s
 10542613 705490     cutoff   49         0.02742    0.03555  29.6%  31.6 4825s
 10557338 705976     cutoff   47         0.02742    0.03554  29.6%  31.6 4830s
 10567014 706196     cutoff   42         0.02742    0.03554  29.6%  31.6 4835s
 10579468 706423     cutoff   43         0.02742    0.03553  29.6%  31.6 4840s
 10591513 706647     cutoff   53         0.02742    0.03552  29.5%  31.6 4845s
 10603581 706994    0.03339   38   63    0.02742    0.03551  29.5%  31.6 4850s
 10614701 707268    0.03108   47   57    0.02742    0.03550  29.5%  31.6 4855s
 10624728 707596    0.03456   44   59    0.02742    0.03550  29.4%  31.5 4860s
 10634214 707810     cutoff   45         0.02742    0.03549  29.4%  31.5 4865s
 10647621 708105    0.02987   50   48    0.02742    0.03548  29.4%  31.5 4870s
 10657838 708407     cutoff   43         0.02742    0.03548  29.4%  31.5 4875s
 10670869 708829     cutoff   42         0.02742    0.03547  29.3%  31.5 4880s
 10682202 709099    0.03546   46   59    0.02742    0.03546  29.3%  31.5 4885s
 10696157 709504    0.03182   53   60    0.02742    0.03546  29.3%  31.5 4890s
 10708529 709999     cutoff   47         0.02742    0.03545  29.3%  31.5 4895s
 10721005 710395    0.03295   53   51    0.02742    0.03544  29.2%  31.5 4900s
 10734049 710860     cutoff   44         0.02742    0.03544  29.2%  31.5 4905s
 10746300 711246    0.02800   46   56    0.02742    0.03543  29.2%  31.5 4910s
 10758886 711575    0.03262   38   55    0.02742    0.03542  29.2%  31.5 4915s
 10771793 711905    0.02932   40   43    0.02742    0.03541  29.1%  31.5 4920s
 10782366 712305    0.03069   50   57    0.02742    0.03541  29.1%  31.5 4925s
 10794495 712644    0.03464   47   47    0.02742    0.03540  29.1%  31.4 4930s
 10806828 712987     cutoff   51         0.02742    0.03539  29.1%  31.4 4935s
 10820085 713404    0.03538   39   59    0.02742    0.03538  29.0%  31.4 4940s
 10832015 713767     cutoff   39         0.02742    0.03538  29.0%  31.4 4945s
 10845198 714066    0.03371   39   57    0.02742    0.03537  29.0%  31.4 4950s
 10857382 714373 infeasible   43         0.02742    0.03536  28.9%  31.4 4955s
 10864879 714525 infeasible   35         0.02742    0.03536  28.9%  31.4 4960s
 10874307 714810    0.03115   39   52    0.02742    0.03535  28.9%  31.4 4965s
 10887183 715122     cutoff   35         0.02742    0.03534  28.9%  31.4 4970s
 10900938 715440     cutoff   43         0.02742    0.03534  28.9%  31.4 4975s
 10914048 715737     cutoff   47         0.02742    0.03533  28.8%  31.4 4980s
 10927521 716018     cutoff   41         0.02742    0.03532  28.8%  31.4 4985s
 10939616 716294     cutoff   43         0.02742    0.03531  28.8%  31.4 4990s
 10951783 716489     cutoff   43         0.02742    0.03530  28.7%  31.4 4995s
 10964933 716742 infeasible   49         0.02742    0.03530  28.7%  31.4 5000s
 10977480 717199    0.02946   43   59    0.02742    0.03529  28.7%  31.3 5006s
 10987584 717435    0.03119   41   55    0.02742    0.03528  28.7%  31.3 5010s
 10999876 717743    0.02757   34   60    0.02742    0.03528  28.6%  31.3 5015s
 11012284 717947     cutoff   48         0.02742    0.03527  28.6%  31.3 5020s
 11024325 718011     cutoff   41         0.02742    0.03526  28.6%  31.3 5025s
 11036671 718384     cutoff   42         0.02742    0.03525  28.6%  31.3 5030s
 11048725 718534    0.03217   36   58    0.02742    0.03525  28.5%  31.3 5035s
 11061760 718763    0.02925   62   38    0.02742    0.03524  28.5%  31.3 5040s
 11074367 719053    0.03421   34   54    0.02742    0.03523  28.5%  31.3 5045s
 11088053 719386    0.03514   34   50    0.02742    0.03522  28.4%  31.3 5050s
 11098647 719550    0.03160   45   53    0.02742    0.03522  28.4%  31.3 5055s
 11113638 719758    0.03510   34   62    0.02742    0.03521  28.4%  31.3 5060s
 11126329 720002    0.02968   36   54    0.02742    0.03520  28.4%  31.3 5065s
 11140174 720238     cutoff   41         0.02742    0.03519  28.3%  31.3 5070s
 11150814 720355    0.03053   34   61    0.02742    0.03519  28.3%  31.2 5075s
 11161739 720686    0.03257   43   55    0.02742    0.03518  28.3%  31.2 5080s
 11174701 720848    0.02744   37   66    0.02742    0.03517  28.3%  31.2 5085s
 11187414 721167     cutoff   36         0.02742    0.03516  28.2%  31.2 5090s
 11199869 721477    0.02752   48   42    0.02742    0.03516  28.2%  31.2 5095s
 11211971 721715     cutoff   45         0.02742    0.03515  28.2%  31.2 5100s
 11225736 722074    0.03122   33   53    0.02742    0.03514  28.1%  31.2 5105s
 11238370 722210    0.03493   33   54    0.02742    0.03513  28.1%  31.2 5110s
 11250371 722329    0.02880   53   58    0.02742    0.03513  28.1%  31.2 5115s
 11265479 722523     cutoff   54         0.02742    0.03512  28.1%  31.2 5120s
 11276625 722788     cutoff   43         0.02742    0.03511  28.0%  31.2 5125s
 11288730 723102    0.03017   42   53    0.02742    0.03510  28.0%  31.2 5130s
 11301429 723294    0.02832   45   52    0.02742    0.03510  28.0%  31.2 5135s
 11313542 723627     cutoff   35         0.02742    0.03509  28.0%  31.2 5140s
 11325119 723733     cutoff   42         0.02742    0.03508  27.9%  31.1 5145s
 11338140 723988     cutoff   37         0.02742    0.03508  27.9%  31.1 5150s
 11351418 724114     cutoff   44         0.02742    0.03507  27.9%  31.1 5155s
 11363486 724320     cutoff   44         0.02742    0.03506  27.8%  31.1 5160s
 11375870 724419     cutoff   48         0.02742    0.03505  27.8%  31.1 5165s
 11388966 724700     cutoff   40         0.02742    0.03504  27.8%  31.1 5170s
 11399511 725020     cutoff   42         0.02742    0.03504  27.8%  31.1 5175s
 11410263 725285    0.03047   41   64    0.02742    0.03503  27.7%  31.1 5180s
 11424600 725626     cutoff   55         0.02742    0.03502  27.7%  31.1 5185s
 11438034 725831    0.02996   30   62    0.02742    0.03502  27.7%  31.1 5190s
 11450757 726025    0.03488   33   58    0.02742    0.03501  27.7%  31.1 5195s
 11463371 726313     cutoff   38         0.02742    0.03500  27.6%  31.1 5200s
 11475562 726595     cutoff   44         0.02742    0.03500  27.6%  31.1 5205s
 11488434 726774    0.02810   40   44    0.02742    0.03499  27.6%  31.1 5210s
 11499473 726859    0.02890   43   55    0.02742    0.03498  27.6%  31.0 5215s
 11508523 726960    0.03263   42   55    0.02742    0.03498  27.5%  31.0 5220s
 11520449 727095    0.02818   43   47    0.02742    0.03497  27.5%  31.0 5225s
 11531145 727278 infeasible   66         0.02742    0.03496  27.5%  31.0 5230s
 11542597 727455     cutoff   48         0.02742    0.03496  27.5%  31.0 5235s
 11556570 727661     cutoff   49         0.02742    0.03495  27.4%  31.0 5240s
 11565562 727802     cutoff   47         0.02742    0.03494  27.4%  31.0 5245s
 11579007 728012    0.03460   41   51    0.02742    0.03494  27.4%  31.0 5250s
 11591782 728243    0.03476   35   59    0.02742    0.03493  27.4%  31.0 5255s
 11604803 728501 infeasible   41         0.02742    0.03492  27.3%  31.0 5260s
 11617967 728730    0.02851   42   55    0.02742    0.03491  27.3%  31.0 5265s
 11629007 728903    0.03455   43   56    0.02742    0.03491  27.3%  31.0 5270s
 11640850 729028    0.02954   50   48    0.02742    0.03490  27.3%  31.0 5275s
 11653405 729249     cutoff   47         0.02742    0.03489  27.2%  31.0 5280s
 11665574 729419    0.03464   39   55    0.02742    0.03489  27.2%  31.0 5285s
 11679154 729647    0.03042   50   49    0.02742    0.03488  27.2%  30.9 5290s
 11692130 729796     cutoff   46         0.02742    0.03487  27.2%  30.9 5295s
 11706477 730049     cutoff   44         0.02742    0.03486  27.1%  30.9 5300s
 11720107 730203    0.03089   37   54    0.02742    0.03485  27.1%  30.9 5305s
 11732849 730570    0.02769   44   53    0.02742    0.03485  27.1%  30.9 5310s
 11745680 730831    0.03484   37   56    0.02742    0.03484  27.0%  30.9 5315s
 11757630 730940     cutoff   47         0.02742    0.03483  27.0%  30.9 5320s
 11770596 731048     cutoff   50         0.02742    0.03483  27.0%  30.9 5325s
 11781340 731139    0.03287   36   52    0.02742    0.03482  27.0%  30.9 5330s
 11795379 731251    0.03073   49   22    0.02742    0.03481  26.9%  30.9 5335s
 11807764 731296    0.03480   41   58    0.02742    0.03480  26.9%  30.9 5340s
 11820090 731577    0.02868   37   52    0.02742    0.03480  26.9%  30.9 5345s
 11834473 731733     cutoff   50         0.02742    0.03479  26.9%  30.9 5350s
 11847924 731904     cutoff   49         0.02742    0.03478  26.8%  30.9 5355s
 11861003 732135     cutoff   45         0.02742    0.03477  26.8%  30.8 5360s
 11872213 732340    0.03477   38   51    0.02742    0.03477  26.8%  30.8 5365s
 11885449 732500     cutoff   48         0.02742    0.03476  26.8%  30.8 5370s
 11898535 732715    0.02747   33   58    0.02742    0.03475  26.7%  30.8 5375s
 11910425 732880     cutoff   52         0.02742    0.03475  26.7%  30.8 5380s
 11924028 733123     cutoff   46         0.02742    0.03474  26.7%  30.8 5385s
 11938773 733250    0.03353   38   56    0.02742    0.03473  26.6%  30.8 5390s
 11952102 733402    0.03193   48   51    0.02742    0.03472  26.6%  30.8 5395s
 11965589 733474    0.03348   37   39    0.02742    0.03471  26.6%  30.8 5400s
 11977817 733584    0.03128   39   56    0.02742    0.03471  26.6%  30.8 5405s
 11989752 733775    0.02854   40   56    0.02742    0.03470  26.5%  30.8 5410s
 12004253 733897    0.03098   41   58    0.02742    0.03469  26.5%  30.8 5415s
 12016304 734025    0.03075   43   49    0.02742    0.03469  26.5%  30.8 5420s
 12029472 734142    0.02743   44   33    0.02742    0.03468  26.5%  30.8 5425s
 12044024 734444     cutoff   36         0.02742    0.03467  26.4%  30.8 5430s
 12058289 734600     cutoff   58         0.02742    0.03466  26.4%  30.7 5435s
 12070492 734739    0.02903   45   52    0.02742    0.03466  26.4%  30.7 5442s
 12082766 734924    0.03239   44   53    0.02742    0.03465  26.3%  30.7 5445s
 12095219 735233    0.03011   55   56    0.02742    0.03464  26.3%  30.7 5450s
 12107951 735319     cutoff   42         0.02742    0.03464  26.3%  30.7 5455s
 12121018 735485     cutoff   44         0.02742    0.03463  26.3%  30.7 5460s
 12134119 735746     cutoff   51         0.02742    0.03462  26.3%  30.7 5465s
 12146529 735810    0.02886   44   55    0.02742    0.03462  26.2%  30.7 5470s
 12159564 735892     cutoff   43         0.02742    0.03461  26.2%  30.7 5475s
 12173447 736061     cutoff   50         0.02742    0.03460  26.2%  30.7 5480s
 12185487 736282    0.03262   45   58    0.02742    0.03459  26.1%  30.7 5485s
 12197283 736406    0.02985   43   54    0.02742    0.03459  26.1%  30.7 5490s
 12211244 736553    0.02810   40   54    0.02742    0.03458  26.1%  30.7 5495s
 12224602 736520     cutoff   35         0.02742    0.03457  26.1%  30.7 5500s
 12237777 736690    0.02753   36   56    0.02742    0.03456  26.0%  30.7 5505s
 12250241 736821     cutoff   47         0.02742    0.03456  26.0%  30.6 5510s
 12263308 736901    0.03207   44   58    0.02742    0.03455  26.0%  30.6 5515s
 12277843 737044    0.02818   55   51    0.02742    0.03454  26.0%  30.6 5520s
 12290530 737217    0.02762   47   58    0.02742    0.03453  25.9%  30.6 5525s
 12306265 737375     cutoff   40         0.02742    0.03453  25.9%  30.6 5530s
 12319831 737507    0.03130   40   53    0.02742    0.03452  25.9%  30.6 5535s
 12333386 737639    0.03407   36   58    0.02742    0.03451  25.8%  30.6 5540s
 12340751 737687    0.02974   42   57    0.02742    0.03451  25.8%  30.6 5545s
 12352871 737811    0.03201   40   42    0.02742    0.03450  25.8%  30.6 5550s
 12365316 737931    0.03107   40   58    0.02742    0.03449  25.8%  30.6 5555s
 12379467 738050     cutoff   52         0.02742    0.03449  25.8%  30.6 5560s
 12391673 738203    0.03176   50   57    0.02742    0.03448  25.7%  30.6 5565s
 12404375 738369     cutoff   38         0.02742    0.03447  25.7%  30.6 5570s
 12418525 738449     cutoff   37         0.02742    0.03446  25.7%  30.6 5575s
 12429888 738542     cutoff   35         0.02742    0.03446  25.7%  30.6 5580s
 12443108 738740     cutoff   41         0.02742    0.03445  25.6%  30.5 5585s
 12458467 738883    0.03072   34   63    0.02742    0.03444  25.6%  30.5 5590s
 12468707 738819    0.02957   49   54    0.02742    0.03444  25.6%  30.5 5595s
 12482677 738880    0.03382   40   54    0.02742    0.03443  25.5%  30.5 5600s
 12495872 738995     cutoff   47         0.02742    0.03442  25.5%  30.5 5605s
 12508780 739172    0.02781   45   50    0.02742    0.03442  25.5%  30.5 5610s
 12522980 739331     cutoff   39         0.02742    0.03441  25.5%  30.5 5615s
 12535544 739470     cutoff   46         0.02742    0.03440  25.4%  30.5 5620s
 12548211 739381    0.03248   42   50    0.02742    0.03439  25.4%  30.5 5625s
 12561332 739548    0.03384   44   48    0.02742    0.03439  25.4%  30.5 5630s
 12574815 739783     cutoff   46         0.02742    0.03438  25.4%  30.5 5635s
 12588021 739852     cutoff   41         0.02742    0.03437  25.3%  30.5 5640s
 12604292 740004     cutoff   42         0.02742    0.03436  25.3%  30.5 5645s
 12618755 740059     cutoff   62         0.02742    0.03436  25.3%  30.5 5650s
 12632389 740131 infeasible   56         0.02742    0.03435  25.2%  30.4 5656s
 12645021 740221    0.03158   47   55    0.02742    0.03434  25.2%  30.4 5660s
 12655965 740248     cutoff   56         0.02742    0.03433  25.2%  30.4 5665s
 12669592 740520    0.03433   31   53    0.02742    0.03433  25.2%  30.4 5670s
 12680963 740651    0.02865   35   47    0.02742    0.03432  25.2%  30.4 5675s
 12695487 740678    0.02890   44   58    0.02742    0.03431  25.1%  30.4 5680s
 12709959 740745     cutoff   44         0.02742    0.03431  25.1%  30.4 5685s
 12722291 740945    0.02928   47   54    0.02742    0.03430  25.1%  30.4 5690s
 12733683 740936     cutoff   40         0.02742    0.03429  25.0%  30.4 5695s
 12747651 740984    0.03084   40   57    0.02742    0.03428  25.0%  30.4 5700s
 12760777 740952     cutoff   51         0.02742    0.03428  25.0%  30.4 5705s
 12774192 741047     cutoff   41         0.02742    0.03427  25.0%  30.4 5710s
 12786831 741280    0.03158   37   58    0.02742    0.03426  24.9%  30.4 5715s
 12800773 741254    0.03425   35   47    0.02742    0.03426  24.9%  30.4 5720s
 12813787 741372    0.02947   54   42    0.02742    0.03425  24.9%  30.4 5725s
 12822360 741415     cutoff   56         0.02742    0.03424  24.9%  30.4 5730s
 12836037 741482     cutoff   46         0.02742    0.03424  24.8%  30.3 5735s
 12849644 741380     cutoff   36         0.02742    0.03423  24.8%  30.3 5740s
 12863499 741349    0.02885   39   57    0.02742    0.03422  24.8%  30.3 5745s
 12878024 741317    0.03280   36   50    0.02742    0.03421  24.8%  30.3 5750s
 12891502 741456    0.03274   38   54    0.02742    0.03421  24.7%  30.3 5755s
 12905991 741607    0.03002   41   57    0.02742    0.03420  24.7%  30.3 5760s
 12919195 741706    0.02951   40   58    0.02742    0.03419  24.7%  30.3 5765s
 12932422 741783    0.03067   45   49    0.02742    0.03418  24.7%  30.3 5770s
 12947363 741972    0.03289   43   57    0.02742    0.03418  24.6%  30.3 5775s
 12959858 742052     cutoff   49         0.02742    0.03417  24.6%  30.3 5780s
 12974270 742008 infeasible   51         0.02742    0.03416  24.6%  30.3 5785s
 12982640 741946     cutoff   39         0.02742    0.03416  24.6%  30.3 5790s
 12999741 741993    0.03128   35   57    0.02742    0.03415  24.5%  30.3 5795s
 13013124 742083     cutoff   41         0.02742    0.03414  24.5%  30.3 5800s
 13027334 742077     cutoff   42         0.02742    0.03413  24.5%  30.2 5805s
 13040265 742070    0.02910   44   60    0.02742    0.03413  24.4%  30.2 5810s
 13054426 742210    0.03114   54   51    0.02742    0.03412  24.4%  30.2 5815s
 13067450 742302     cutoff   42         0.02742    0.03411  24.4%  30.2 5820s
 13082201 742357    0.02861   44   58    0.02742    0.03410  24.4%  30.2 5825s
 13095765 742426     cutoff   42         0.02742    0.03410  24.3%  30.2 5830s
 13109686 742474     cutoff   44         0.02742    0.03409  24.3%  30.2 5835s
 13123095 742462     cutoff   39         0.02742    0.03408  24.3%  30.2 5840s
 13133127 742400     cutoff   58         0.02742    0.03408  24.3%  30.2 5845s
 13145854 742387    0.03357   46   43    0.02742    0.03407  24.2%  30.2 5850s
 13159103 742445     cutoff   37         0.02742    0.03406  24.2%  30.2 5855s
 13172551 742482     cutoff   46         0.02742    0.03406  24.2%  30.2 5860s
 13185427 742408    0.03240   52   27    0.02742    0.03405  24.2%  30.2 5865s
 13199801 742440    0.02963   44   58    0.02742    0.03404  24.1%  30.2 5870s
 13213458 742519    0.03172   43   53    0.02742    0.03403  24.1%  30.2 5875s
 13226679 742602    0.02932   42   56    0.02742    0.03403  24.1%  30.2 5880s
 13233239 742625     cutoff   37         0.02742    0.03402  24.1%  30.1 5885s
 13246724 742507     cutoff   53         0.02742    0.03402  24.0%  30.1 5890s
 13260369 742528     cutoff   43         0.02742    0.03401  24.0%  30.1 5895s
 13274000 742464    0.02760   43   51    0.02742    0.03400  24.0%  30.1 5900s
 13285984 742545    0.02904   40   44    0.02742    0.03400  24.0%  30.1 5906s
 13299281 742476     cutoff   46         0.02742    0.03399  23.9%  30.1 5910s
 13313879 742612     cutoff   46         0.02742    0.03398  23.9%  30.1 5915s
 13326971 742559     cutoff   43         0.02742    0.03397  23.9%  30.1 5920s
 13339224 742603     cutoff   55         0.02742    0.03397  23.9%  30.1 5925s
 13352758 742682     cutoff   35         0.02742    0.03396  23.8%  30.1 5930s
 13367373 742661    0.03197   40   57    0.02742    0.03395  23.8%  30.1 5935s
 13382509 742558    0.02762   48   60    0.02742    0.03394  23.8%  30.1 5940s
 13396457 742610     cutoff   44         0.02742    0.03394  23.8%  30.1 5945s
 13410000 742795    0.03389   35   75    0.02742    0.03393  23.7%  30.1 5950s
 13421948 742765    0.02744   39   39    0.02742    0.03392  23.7%  30.1 5955s
 13437331 742833    0.02922   46   47    0.02742    0.03392  23.7%  30.0 5960s
 13450332 742687    0.02916   44   55    0.02742    0.03391  23.7%  30.0 5966s
 13463099 742943     cutoff   40         0.02742    0.03390  23.6%  30.0 5970s
 13473161 742963    0.02770   41   59    0.02742    0.03390  23.6%  30.0 5975s
 13488086 742914    0.03247   39   62    0.02742    0.03389  23.6%  30.0 5980s
 13501691 742874     cutoff   48         0.02742    0.03388  23.5%  30.0 5985s
 13514991 742893    0.02813   45   55    0.02742    0.03387  23.5%  30.0 5990s
 13528056 742831    0.03042   41   52    0.02742    0.03387  23.5%  30.0 5995s
 13542585 742789    0.02950   42   48    0.02742    0.03386  23.5%  30.0 6000s
 13555044 742891     cutoff   44         0.02742    0.03385  23.4%  30.0 6006s
 13562988 742766     cutoff   46         0.02742    0.03385  23.4%  30.0 6010s
 13576772 742712     cutoff   57         0.02742    0.03384  23.4%  30.0 6015s
 13590147 742791     cutoff   49         0.02742    0.03383  23.4%  30.0 6020s
 13603489 742735    0.03376   46   59    0.02742    0.03383  23.4%  30.0 6025s
 13616986 742677     cutoff   43         0.02742    0.03382  23.3%  30.0 6030s
 13630721 742558     cutoff   47         0.02742    0.03381  23.3%  30.0 6035s
 13644446 742522     cutoff   43         0.02742    0.03380  23.3%  30.0 6040s
 13658978 742557    0.03040   53   32    0.02742    0.03380  23.2%  29.9 6045s
 13672590 742455     cutoff   51         0.02742    0.03379  23.2%  29.9 6050s
 13685674 742442    0.03233   38   59    0.02742    0.03378  23.2%  29.9 6055s
 13697927 742450     cutoff   44         0.02742    0.03378  23.2%  29.9 6060s
 13710845 742513     cutoff   33         0.02742    0.03377  23.1%  29.9 6065s
 13724040 742412     cutoff   49         0.02742    0.03376  23.1%  29.9 6070s
 13737892 742385    0.03297   40   53    0.02742    0.03376  23.1%  29.9 6075s
 13750358 742303    0.02990   40   54    0.02742    0.03375  23.1%  29.9 6080s
 13765345 742156     cutoff   45         0.02742    0.03374  23.0%  29.9 6085s
 13778741 742198     cutoff   46         0.02742    0.03373  23.0%  29.9 6090s
 13792397 742164     cutoff   47         0.02742    0.03373  23.0%  29.9 6095s
 13805256 742149     cutoff   36         0.02742    0.03372  23.0%  29.9 6100s
 13818090 742045    0.03106   42   59    0.02742    0.03371  22.9%  29.9 6105s
 13832269 741986    0.03038   72   15    0.02742    0.03371  22.9%  29.9 6110s
 13845375 741900    0.02908   43   54    0.02742    0.03370  22.9%  29.9 6115s
 13857297 741860     cutoff   43         0.02742    0.03370  22.9%  29.8 6120s
 13869645 741814     cutoff   42         0.02742    0.03369  22.8%  29.8 6125s
 13881452 741790    0.03331   38   53    0.02742    0.03368  22.8%  29.8 6130s
 13896553 741886 infeasible   55         0.02742    0.03367  22.8%  29.8 6135s
 13909884 741944    0.03362   42   44    0.02742    0.03367  22.8%  29.8 6140s
 13924172 741884    0.02832   47   32    0.02742    0.03366  22.7%  29.8 6145s
 13938358 741790    0.02965   37   48    0.02742    0.03365  22.7%  29.8 6150s
 13948728 741670     cutoff   51         0.02742    0.03365  22.7%  29.8 6155s
 13960336 741527     cutoff   37         0.02742    0.03364  22.7%  29.8 6160s
 13974262 741448    0.03355   43   61    0.02742    0.03364  22.7%  29.8 6165s
 13986046 741416    0.03113   37   54    0.02742    0.03363  22.6%  29.8 6170s
 13999942 741247    0.03163   46   59    0.02742    0.03362  22.6%  29.8 6175s
 14014179 741073    0.03059   40   55    0.02742    0.03361  22.6%  29.8 6180s
 14025889 741064     cutoff   46         0.02742    0.03361  22.6%  29.8 6185s
 14038874 741009    0.03357   39   51    0.02742    0.03360  22.5%  29.8 6191s
 14051090 741019    0.03323   41   54    0.02742    0.03360  22.5%  29.8 6195s
 14065420 740920     cutoff   50         0.02742    0.03359  22.5%  29.8 6200s
 14079639 740824    0.03358   36   52    0.02742    0.03358  22.5%  29.7 6205s
 14093913 740651     cutoff   45         0.02742    0.03357  22.4%  29.7 6210s
 14105682 740583     cutoff   50         0.02742    0.03357  22.4%  29.7 6215s
 14118759 740523    0.02941   59   43    0.02742    0.03356  22.4%  29.7 6220s
 14132636 740482    0.03207   38   61    0.02742    0.03355  22.4%  29.7 6225s
 14145944 740285    0.03353   38   53    0.02742    0.03355  22.3%  29.7 6230s
 14161291 740210     cutoff   40         0.02742    0.03354  22.3%  29.7 6235s
 14174876 740088     cutoff   45         0.02742    0.03353  22.3%  29.7 6240s
 14189406 739776    0.03340   39   63    0.02742    0.03352  22.2%  29.7 6245s
 14202085 739960    0.02828   46   57    0.02742    0.03352  22.2%  29.7 6250s
 14214966 739761    0.03023   40   62    0.02742    0.03351  22.2%  29.7 6255s
 14229266 739637     cutoff   36         0.02742    0.03350  22.2%  29.7 6260s
 14244671 739517    0.02854   33   59    0.02742    0.03350  22.1%  29.7 6265s
 14258066 739363     cutoff   58         0.02742    0.03349  22.1%  29.7 6270s
 14269741 739063    0.03004   42   56    0.02742    0.03348  22.1%  29.7 6275s
 14285195 738920    0.03169   44   57    0.02742    0.03347  22.1%  29.7 6280s
 14297327 739014    0.02872   47   54    0.02742    0.03347  22.0%  29.6 6285s
 14309717 738755    0.02744   58   44    0.02742    0.03346  22.0%  29.6 6290s
 14324251 738618     cutoff   44         0.02742    0.03345  22.0%  29.6 6296s
 14337802 738507    0.03085   38   56    0.02742    0.03345  22.0%  29.6 6300s
 14350294 738276 infeasible   53         0.02742    0.03344  21.9%  29.6 6305s
 14364589 738154     cutoff   41         0.02742    0.03343  21.9%  29.6 6310s
 14378416 738096    0.03230   46   57    0.02742    0.03342  21.9%  29.6 6315s
 14390841 738015     cutoff   50         0.02742    0.03342  21.9%  29.6 6320s
 14401963 737856    0.02962   37   56    0.02742    0.03341  21.8%  29.6 6325s
 14415353 737650     cutoff   37         0.02742    0.03341  21.8%  29.6 6330s
 14429275 737332     cutoff   46         0.02742    0.03340  21.8%  29.6 6335s
 14443546 737100     cutoff   43         0.02742    0.03339  21.8%  29.6 6340s
 14458510 736802    0.02870   41   56    0.02742    0.03338  21.7%  29.6 6345s
 14471908 736649    0.03286   52   44    0.02742    0.03337  21.7%  29.6 6350s
 14486174 736584     cutoff   45         0.02742    0.03337  21.7%  29.6 6355s
 14499168 736424     cutoff   35         0.02742    0.03336  21.6%  29.6 6360s
 14506099 736330     cutoff   57         0.02742    0.03336  21.6%  29.6 6365s
 14520614 736037     cutoff   45         0.02742    0.03335  21.6%  29.5 6370s
 14533751 735884     cutoff   48         0.02742    0.03334  21.6%  29.5 6375s
 14545869 735840    0.03133   41   59    0.02742    0.03334  21.6%  29.5 6380s
 14558708 735733     cutoff   46         0.02742    0.03333  21.5%  29.5 6385s
 14572746 735784     cutoff   40         0.02742    0.03332  21.5%  29.5 6390s
 14584867 735640    0.03078   42   64    0.02742    0.03332  21.5%  29.5 6395s
 14597923 735335     cutoff   50         0.02742    0.03331  21.5%  29.5 6400s
 14614218 735231    0.03145   49   51    0.02742    0.03330  21.4%  29.5 6405s
 14630090 734960     cutoff   50         0.02742    0.03329  21.4%  29.5 6410s
 14643870 734871     cutoff   49         0.02742    0.03329  21.4%  29.5 6415s
 14656654 734798     cutoff   38         0.02742    0.03328  21.4%  29.5 6420s
 14670622 734551    0.02744   41   59    0.02742    0.03327  21.3%  29.5 6425s
 14683652 734376    0.02816   39   54    0.02742    0.03327  21.3%  29.5 6430s
 14697494 734109     cutoff   49         0.02742    0.03326  21.3%  29.5 6435s
 14710640 734016     cutoff   49         0.02742    0.03325  21.3%  29.5 6441s
 14723564 733755    0.03087   43   53    0.02742    0.03324  21.2%  29.5 6445s
 14737386 733473     cutoff   46         0.02742    0.03324  21.2%  29.5 6450s
 14750401 733324    0.03313   35   54    0.02742    0.03323  21.2%  29.4 6455s
 14762685 733135     cutoff   39         0.02742    0.03322  21.1%  29.4 6460s
 14777206 732900     cutoff   55         0.02742    0.03322  21.1%  29.4 6465s
 14790000 732786     cutoff   38         0.02742    0.03321  21.1%  29.4 6470s
 14802975 732534    0.03181   40   65    0.02742    0.03320  21.1%  29.4 6475s
 14816567 732435    0.02809   41   51    0.02742    0.03320  21.0%  29.4 6480s
 14830298 732270    0.02902   45   57    0.02742    0.03319  21.0%  29.4 6485s
 14842243 732097     cutoff   42         0.02742    0.03318  21.0%  29.4 6490s
 14856966 731953    0.03057   43   54    0.02742    0.03317  21.0%  29.4 6495s
 14868796 731718    0.03204   45   58    0.02742    0.03317  20.9%  29.4 6500s
 14881266 731462    0.02837   43   52    0.02742    0.03316  20.9%  29.4 6505s
 14894856 731248    0.02766   47   59    0.02742    0.03315  20.9%  29.4 6510s
 14908785 731187    0.03024   45   29    0.02742    0.03315  20.9%  29.4 6515s
 14920714 731009    0.03225   39   54    0.02742    0.03314  20.9%  29.4 6520s
 14934064 730895    0.02799   49   47    0.02742    0.03314  20.8%  29.4 6525s
 14947142 730796     cutoff   44         0.02742    0.03313  20.8%  29.4 6530s
 14956152 730569 infeasible   40         0.02742    0.03313  20.8%  29.4 6535s
 14972831 730516    0.02925   54   35    0.02742    0.03312  20.8%  29.3 6540s
 14984519 730306 infeasible   70         0.02742    0.03311  20.7%  29.3 6545s
 14998194 730161     cutoff   44         0.02742    0.03310  20.7%  29.3 6550s
 15011781 729965     cutoff   50         0.02742    0.03310  20.7%  29.3 6555s
 15026337 729666     cutoff   46         0.02742    0.03309  20.7%  29.3 6560s
 15040235 729489     cutoff   49         0.02742    0.03308  20.6%  29.3 6565s
 15052447 729259     cutoff   44         0.02742    0.03308  20.6%  29.3 6570s
 15066784 728962     cutoff   44         0.02742    0.03307  20.6%  29.3 6575s
 15080246 728720    0.02778   33   60    0.02742    0.03306  20.6%  29.3 6580s
 15093437 728520     cutoff   39         0.02742    0.03305  20.5%  29.3 6585s
 15106058 728367    0.02999   46   59    0.02742    0.03305  20.5%  29.3 6590s
 15117377 728765    0.02759   41   43    0.02742    0.03304  20.5%  29.3 6595s
 15131347 728600    0.02815   42   55    0.02742    0.03304  20.5%  29.3 6600s
 15145378 728326     cutoff   44         0.02742    0.03303  20.4%  29.3 6605s
 15159212 728057     cutoff   61         0.02742    0.03302  20.4%  29.3 6610s
 15170466 727896     cutoff   51         0.02742    0.03302  20.4%  29.3 6615s
 15185862 727665     cutoff   47         0.02742    0.03301  20.4%  29.3 6620s
 15199328 727529    0.02816   52   52    0.02742    0.03300  20.4%  29.3 6625s
 15213986 727430    0.03013   44   58    0.02742    0.03300  20.3%  29.2 6630s
 15226548 727333    0.03141   40   59    0.02742    0.03299  20.3%  29.2 6635s
 15238958 727257    0.03088   47   58    0.02742    0.03299  20.3%  29.2 6640s
 15253239 727093    0.02793   64   18    0.02742    0.03298  20.3%  29.2 6645s
 15265848 726885    0.03043   43   40    0.02742    0.03297  20.2%  29.2 6650s
 15280167 726809    0.02827   41   47    0.02742    0.03297  20.2%  29.2 6655s
 15292557 726744     cutoff   47         0.02742    0.03296  20.2%  29.2 6660s
 15305425 726547     cutoff   45         0.02742    0.03295  20.2%  29.2 6665s
 15320077 726382     cutoff   49         0.02742    0.03295  20.1%  29.2 6670s
 15335224 726088    0.02754   54   36    0.02742    0.03294  20.1%  29.2 6675s
 15348929 725977    0.02937   38   53    0.02742    0.03293  20.1%  29.2 6680s
 15362414 725731    0.03188   46   45    0.02742    0.03293  20.1%  29.2 6685s
 15375686 725639    0.02988   50   53    0.02742    0.03292  20.1%  29.2 6690s
 15389882 725345    0.03126   45   51    0.02742    0.03292  20.0%  29.2 6695s
 15404334 725070    0.02781   43   56    0.02742    0.03291  20.0%  29.2 6700s
 15418275 724979     cutoff   66         0.02742    0.03290  20.0%  29.1 6705s
 15429878 724648    0.02761   47   48    0.02742    0.03290  20.0%  29.1 6710s
 15443579 724402     cutoff   42         0.02742    0.03289  19.9%  29.1 6715s
 15456500 724061    0.03018   35   56    0.02742    0.03288  19.9%  29.1 6720s
 15472530 724092     cutoff   69         0.02742    0.03288  19.9%  29.1 6725s
 15483789 723765    0.02934   48   41    0.02742    0.03287  19.9%  29.1 6730s
 15495938 723566    0.03287   38   55    0.02742    0.03287  19.9%  29.1 6735s
 15511082 723566    0.03286   67   14    0.02742    0.03286  19.8%  29.1 6740s
 15522180 723309    0.03101   45   47    0.02742    0.03286  19.8%  29.1 6745s
 15538183 723189     cutoff   71         0.02742    0.03286  19.8%  29.1 6750s
 15551864 723173     cutoff   70         0.02742    0.03285  19.8%  29.1 6755s
 15561960 723071 infeasible   69         0.02742    0.03285  19.8%  29.1 6760s
 15575191 722902    0.02987   49   50    0.02742    0.03285  19.8%  29.1 6765s
 15587852 722601 infeasible   80         0.02742    0.03284  19.7%  29.1 6770s
 15600909 722370     cutoff   39         0.02742    0.03283  19.7%  29.1 6775s
 15613591 722278     cutoff   48         0.02742    0.03283  19.7%  29.1 6780s
 15627508 722099     cutoff   70         0.02742    0.03282  19.7%  29.0 6785s
 15640210 722014    0.03038   47   54    0.02742    0.03282  19.7%  29.0 6790s
 15652459 721868     cutoff   37         0.02742    0.03282  19.7%  29.0 6795s
 15665611 721691    0.03169   53   53    0.02742    0.03281  19.7%  29.0 6800s
 15680718 721389    0.03249   33   56    0.02742    0.03281  19.6%  29.0 6805s
 15694535 721285    0.02830   42   48    0.02742    0.03280  19.6%  29.0 6810s
 15707850 723073    0.03211   44   57    0.02742    0.03280  19.6%  29.0 6815s
 15719599 723411    0.03272   46   56    0.02742    0.03280  19.6%  29.0 6820s
 15728838 723313     cutoff   41         0.02742    0.03279  19.6%  29.0 6825s
 15743376 723203     cutoff   49         0.02742    0.03278  19.6%  29.0 6830s
 15757366 723015     cutoff   52         0.02742    0.03278  19.5%  29.0 6835s
 15769863 722560     cutoff   75         0.02742    0.03278  19.5%  29.0 6840s
 15783215 721824     cutoff   49         0.02742    0.03277  19.5%  29.0 6845s
 15795121 721474    0.03168   36   61    0.02742    0.03277  19.5%  28.9 6850s
 15804174 721275     cutoff   76         0.02742    0.03276  19.5%  28.9 6855s
 15817460 720919    0.02819   51   46    0.02742    0.03276  19.5%  28.9 6860s
 15831194 720290    0.03056   36   55    0.02742    0.03275  19.4%  28.9 6865s
 15843643 720029     cutoff   48         0.02742    0.03275  19.4%  28.9 6870s
 15856801 719655    0.03261   42   62    0.02742    0.03274  19.4%  28.9 6875s
 15870451 719422     cutoff   55         0.02742    0.03273  19.4%  28.9 6880s
 15884974 719150    0.02970   44   62    0.02742    0.03273  19.3%  28.9 6885s
 15898676 718915     cutoff   42         0.02742    0.03272  19.3%  28.9 6890s
 15911382 718594    0.03183   43   58    0.02742    0.03271  19.3%  28.9 6895s
 15924930 718429    0.02751   36   54    0.02742    0.03271  19.3%  28.9 6900s
 15938916 718113    0.02806   40   61    0.02742    0.03270  19.2%  28.9 6905s
 15952114 717832    0.03184   38   53    0.02742    0.03269  19.2%  28.9 6910s
 15966320 717595     cutoff   49         0.02742    0.03269  19.2%  28.9 6915s
 15980508 717267    0.02755   40   54    0.02742    0.03268  19.2%  28.9 6920s
 15993602 716984     cutoff   51         0.02742    0.03267  19.1%  28.9 6925s
 16006452 716745    0.03267   39   56    0.02742    0.03267  19.1%  28.8 6930s
 16020294 716313    0.03176   41   55    0.02742    0.03266  19.1%  28.8 6935s
 16030631 716140     cutoff   51         0.02742    0.03265  19.1%  28.8 6940s
 16042498 715975     cutoff   38         0.02742    0.03265  19.1%  28.8 6945s
 16056397 715733     cutoff   56         0.02742    0.03264  19.0%  28.8 6950s
 16070246 715374     cutoff   45         0.02742    0.03263  19.0%  28.8 6955s
 16084414 715203    0.02930   48   55    0.02742    0.03263  19.0%  28.8 6960s
 16097168 714902     cutoff   57         0.02742    0.03262  19.0%  28.8 6965s
 16109809 714577    0.03227   45   50    0.02742    0.03262  18.9%  28.8 6970s
 16117896 714433     cutoff   42         0.02742    0.03261  18.9%  28.8 6975s
 16132643 713939    0.02804   50   49    0.02742    0.03260  18.9%  28.8 6980s
 16146471 713599     cutoff   39         0.02742    0.03260  18.9%  28.8 6985s
 16159512 713320     cutoff   48         0.02742    0.03259  18.8%  28.8 6990s
 16173110 713127     cutoff   44         0.02742    0.03259  18.8%  28.8 6995s
 16186999 712797    0.02765   45   61    0.02742    0.03258  18.8%  28.8 7000s
 16200969 712395    0.02838   44   42    0.02742    0.03257  18.8%  28.8 7005s
 16214700 712180     cutoff   39         0.02742    0.03256  18.7%  28.8 7010s
 16227837 711838     cutoff   40         0.02742    0.03256  18.7%  28.8 7015s
 16240355 711406     cutoff   46         0.02742    0.03255  18.7%  28.8 7020s
 16253861 710977    0.03115   41   58    0.02742    0.03254  18.7%  28.7 7025s
 16267228 710585    0.03046   43   56    0.02742    0.03254  18.6%  28.7 7030s
 16282016 710279     cutoff   43         0.02742    0.03253  18.6%  28.7 7035s
 16295743 709898    0.02854   43   59    0.02742    0.03252  18.6%  28.7 7040s
 16306008 709647    0.02791   51   35    0.02742    0.03252  18.6%  28.7 7045s
 16322514 709261     cutoff   51         0.02742    0.03251  18.5%  28.7 7050s
 16336411 708723     cutoff   53         0.02742    0.03250  18.5%  28.7 7055s
 16346988 708444     cutoff   53         0.02742    0.03250  18.5%  28.7 7060s
 16362942 707863     cutoff   39         0.02742    0.03249  18.5%  28.7 7065s
 16374244 707549     cutoff   46         0.02742    0.03248  18.5%  28.7 7070s
 16386700 707161    0.03187   33   54    0.02742    0.03248  18.4%  28.7 7075s
 16400741 706879     cutoff   37         0.02742    0.03247  18.4%  28.7 7080s
 16413318 706706     cutoff   44         0.02742    0.03246  18.4%  28.7 7085s
 16424089 706353     cutoff   45         0.02742    0.03246  18.4%  28.7 7090s
 16440011 705995    0.02992   45   58    0.02742    0.03245  18.3%  28.7 7095s
 16452010 705663    0.02870   45   56    0.02742    0.03245  18.3%  28.7 7100s
 16464050 705269    0.02826   39   48    0.02742    0.03244  18.3%  28.7 7105s
 16478090 705047     cutoff   40         0.02742    0.03243  18.3%  28.7 7110s
 16490564 704737     cutoff   44         0.02742    0.03243  18.2%  28.7 7115s
 16504277 704376     cutoff   53         0.02742    0.03242  18.2%  28.6 7120s
 16517990 704038     cutoff   50         0.02742    0.03241  18.2%  28.6 7125s
 16531152 703809     cutoff   47         0.02742    0.03241  18.2%  28.6 7130s
 16541245 703478    0.03240   37   48    0.02742    0.03240  18.2%  28.6 7135s
 16555591 703102    0.03020   43   54    0.02742    0.03240  18.1%  28.6 7140s
 16565974 702887     cutoff   44         0.02742    0.03239  18.1%  28.6 7145s
 16583198 702382    0.02773   45   50    0.02742    0.03238  18.1%  28.6 7150s
 16596513 702000    0.02758   41   53    0.02742    0.03238  18.1%  28.6 7155s
 16610931 701495    0.02949   40   50    0.02742    0.03237  18.0%  28.6 7160s
 16624658 701251     cutoff   46         0.02742    0.03236  18.0%  28.6 7165s
 16638963 700756    0.02785   60   26    0.02742    0.03236  18.0%  28.6 7170s
 16650771 700548     cutoff   50         0.02742    0.03235  18.0%  28.6 7175s
 16665980 700184    0.03234   44   57    0.02742    0.03234  17.9%  28.6 7180s
 16680031 699797    0.02830   38   58    0.02742    0.03234  17.9%  28.6 7185s
 16693120 699508     cutoff   50         0.02742    0.03233  17.9%  28.6 7190s
 16708628 699050    0.02990   58   42    0.02742    0.03232  17.9%  28.6 7196s
 16723067 698566     cutoff   51         0.02742    0.03232  17.8%  28.6 7200s
 16735301 698027    0.02907   48   53    0.02742    0.03231  17.8%  28.6 7205s
 16744308 697700     cutoff   49         0.02742    0.03231  17.8%  28.6 7210s
 16759568 697357    0.03027   37   46    0.02742    0.03230  17.8%  28.5 7215s
 16774820 697073    0.02953   49   59    0.02742    0.03229  17.7%  28.5 7220s
 16789230 696638     cutoff   48         0.02742    0.03228  17.7%  28.5 7225s
 16804075 696428     cutoff   51         0.02742    0.03228  17.7%  28.5 7230s
 16819300 696193    0.02797   41   53    0.02742    0.03227  17.7%  28.5 7235s
 16834368 696285    0.03089   35   63    0.02742    0.03227  17.7%  28.5 7240s
 16845488 696172     cutoff   48         0.02742    0.03227  17.7%  28.5 7245s
 16861095 695968     cutoff   41         0.02742    0.03226  17.6%  28.5 7250s
 16875585 695692     cutoff   43         0.02742    0.03225  17.6%  28.5 7255s
 16890061 695596     cutoff   39         0.02742    0.03225  17.6%  28.5 7260s
 16905417 695232    0.03203   43   55    0.02742    0.03224  17.6%  28.5 7265s
 16919309 695024    0.03189   46   57    0.02742    0.03224  17.6%  28.5 7270s
 16931968 694656     cutoff   47         0.02742    0.03223  17.5%  28.4 7275s
 16945902 694473 infeasible   38         0.02742    0.03223  17.5%  28.4 7280s
 16959335 694117     cutoff   37         0.02742    0.03222  17.5%  28.4 7285s
 16973651 693802    0.02947   44   56    0.02742    0.03221  17.5%  28.4 7290s
 16986830 693442     cutoff   43         0.02742    0.03221  17.5%  28.4 7295s
 16999701 693099    0.03220   39   47    0.02742    0.03220  17.4%  28.4 7300s
 17013928 692800    0.03217   39   56    0.02742    0.03220  17.4%  28.4 7305s
 17029363 692597     cutoff   41         0.02742    0.03219  17.4%  28.4 7310s
 17043781 692536    0.02798   42   57    0.02742    0.03218  17.4%  28.4 7315s
 17057768 692220    0.03117   39   63    0.02742    0.03218  17.3%  28.4 7320s
 17071865 691999 infeasible   36         0.02742    0.03217  17.3%  28.4 7325s
 17087486 691624     cutoff   39         0.02742    0.03217  17.3%  28.4 7330s
 17100670 691294     cutoff   46         0.02742    0.03216  17.3%  28.4 7335s
 17114498 690970    0.02887   44   58    0.02742    0.03216  17.3%  28.4 7340s
 17130140 690497     cutoff   46         0.02742    0.03215  17.2%  28.4 7345s
 17145846 690151    0.02843   38   63    0.02742    0.03214  17.2%  28.4 7350s
 17161680 689703     cutoff   46         0.02742    0.03213  17.2%  28.3 7355s
 17175658 689300    0.03212   42   50    0.02742    0.03213  17.1%  28.3 7360s
 17183481 689095    0.02934   43   61    0.02742    0.03212  17.1%  28.3 7365s
 17194286 688818    0.02864   37   55    0.02742    0.03212  17.1%  28.3 7370s
 17208452 688480     cutoff   47         0.02742    0.03211  17.1%  28.3 7375s
 17224309 688198     cutoff   56         0.02742    0.03210  17.1%  28.3 7380s
 17237434 687657    0.02787   38   44    0.02742    0.03210  17.0%  28.3 7385s
 17251697 687209    0.03022   39   54    0.02742    0.03209  17.0%  28.3 7390s
 17265501 686735    0.03000   42   54    0.02742    0.03209  17.0%  28.3 7395s
 17280691 686365 infeasible   42         0.02742    0.03208  17.0%  28.3 7400s
 17293950 686157     cutoff   46         0.02742    0.03207  17.0%  28.3 7405s
 17308666 685759     cutoff   45         0.02742    0.03207  16.9%  28.3 7410s
 17324623 685283    0.03086   35   56    0.02742    0.03206  16.9%  28.3 7415s
 17337708 684751    0.02776   37   51    0.02742    0.03205  16.9%  28.3 7420s
 17353458 684259     cutoff   40         0.02742    0.03205  16.9%  28.3 7425s
 17367961 683790     cutoff   50         0.02742    0.03204  16.8%  28.3 7430s
 17378438 683503     cutoff   41         0.02742    0.03203  16.8%  28.3 7435s
 17393593 683066     cutoff   43         0.02742    0.03203  16.8%  28.3 7440s
 17407898 682483     cutoff   50         0.02742    0.03202  16.8%  28.2 7445s
 17418392 682231     cutoff   54         0.02742    0.03202  16.7%  28.2 7450s
 17431119 681907    0.02936   51   59    0.02742    0.03201  16.7%  28.2 7455s
 17446115 681287    0.02831   42   56    0.02742    0.03200  16.7%  28.2 7460s
 17463253 680781    0.02809   42   61    0.02742    0.03200  16.7%  28.2 7465s
 17478084 680451     cutoff   83         0.02742    0.03199  16.6%  28.2 7470s
 17492731 679980    0.03032   35   57    0.02742    0.03198  16.6%  28.2 7475s
 17507379 679496    0.02959   48   56    0.02742    0.03198  16.6%  28.2 7480s
 17521538 679080     cutoff   42         0.02742    0.03197  16.6%  28.2 7485s
 17536871 678583    0.03196   43   59    0.02742    0.03196  16.5%  28.2 7490s
 17549865 678292     cutoff   45         0.02742    0.03196  16.5%  28.2 7495s
 17564030 677832     cutoff   46         0.02742    0.03195  16.5%  28.2 7500s
 17577750 677477     cutoff   52         0.02742    0.03194  16.5%  28.2 7505s
 17591886 677044     cutoff   41         0.02742    0.03194  16.5%  28.2 7510s
 17605471 676542     cutoff   45         0.02742    0.03193  16.4%  28.2 7515s
 17617748 676288 infeasible   43         0.02742    0.03193  16.4%  28.2 7520s
 17630769 675772    0.02744   41   56    0.02742    0.03192  16.4%  28.2 7525s
 17645170 675594     cutoff   43         0.02742    0.03191  16.4%  28.1 7530s
 17662557 674971    0.02787   46   60    0.02742    0.03191  16.3%  28.1 7535s
 17678168 674687    0.03141   40   61    0.02742    0.03190  16.3%  28.1 7540s
 17686522 674672     cutoff   43         0.02742    0.03190  16.3%  28.1 7545s
 17701808 674185    0.03053   43   50    0.02742    0.03189  16.3%  28.1 7550s
 17716202 673962     cutoff   45         0.02742    0.03189  16.3%  28.1 7555s
 17729380 673537    0.02752   39   56    0.02742    0.03188  16.2%  28.1 7560s
 17743549 673254    0.02836   44   49    0.02742    0.03187  16.2%  28.1 7565s
 17757572 673305     cutoff   57         0.02742    0.03187  16.2%  28.1 7570s
 17769354 672887     cutoff   36         0.02742    0.03186  16.2%  28.1 7575s
 17777071 672514    0.02985   48   52    0.02742    0.03186  16.2%  28.1 7580s
 17790605 671955    0.03031   50   47    0.02742    0.03185  16.2%  28.1 7585s
 17805115 671451 infeasible   68         0.02742    0.03185  16.1%  28.1 7590s
 17819880 670896    0.02986   51   53    0.02742    0.03184  16.1%  28.1 7595s
 17834223 670404    0.02980   42   51    0.02742    0.03184  16.1%  28.1 7600s
 17848871 669698    0.03078   42   52    0.02742    0.03183  16.1%  28.0 7605s
 17863455 669174    0.02835   44   57    0.02742    0.03182  16.0%  28.0 7610s
 17877721 668807     cutoff   40         0.02742    0.03182  16.0%  28.0 7615s
 17892119 668292     cutoff   43         0.02742    0.03181  16.0%  28.0 7620s
 17907244 667822     cutoff   40         0.02742    0.03180  16.0%  28.0 7625s
 17922147 667282     cutoff   44         0.02742    0.03180  15.9%  28.0 7630s
 17936121 666871    0.03155   39   58    0.02742    0.03179  15.9%  28.0 7635s
 17951577 666450    0.03032   39   54    0.02742    0.03178  15.9%  28.0 7640s
 17966058 665665     cutoff   43         0.02742    0.03177  15.9%  28.0 7645s
 17980225 665215     cutoff   34         0.02742    0.03177  15.8%  28.0 7650s
 17996051 664645    0.03093   38   50    0.02742    0.03176  15.8%  28.0 7655s
 18010340 664259     cutoff   47         0.02742    0.03175  15.8%  28.0 7660s
 18024458 663849    0.03024   39   52    0.02742    0.03175  15.8%  28.0 7665s
 18038140 663303    0.02873   43   52    0.02742    0.03174  15.7%  28.0 7670s
 18052923 662677    0.03162   56   47    0.02742    0.03173  15.7%  28.0 7675s
 18067693 662103     cutoff   44         0.02742    0.03173  15.7%  28.0 7680s
 18082772 661610     cutoff   40         0.02742    0.03172  15.7%  28.0 7685s
 18097324 661178     cutoff   55         0.02742    0.03171  15.6%  27.9 7690s
 18111217 660491     cutoff   44         0.02742    0.03171  15.6%  27.9 7695s
 18124746 659874     cutoff   48         0.02742    0.03170  15.6%  27.9 7700s
 18139144 659501    0.02788   55   35    0.02742    0.03169  15.6%  27.9 7705s
 18153926 659007     cutoff   51         0.02742    0.03169  15.6%  27.9 7710s
 18168051 658627     cutoff   43         0.02742    0.03168  15.5%  27.9 7715s
 18182202 658134     cutoff   54         0.02742    0.03168  15.5%  27.9 7720s
 18195612 657712    0.02970   44   60    0.02742    0.03167  15.5%  27.9 7725s
 18210108 657145    0.03022   42   63    0.02742    0.03167  15.5%  27.9 7730s
 18222046 656573    0.03122   39   58    0.02742    0.03166  15.5%  27.9 7735s
 18235192 656062    0.03032   39   56    0.02742    0.03165  15.4%  27.9 7740s
 18248441 655487     cutoff   53         0.02742    0.03165  15.4%  27.9 7745s
 18262937 654963    0.02873   41   53    0.02742    0.03164  15.4%  27.9 7750s
 18276866 654511     cutoff   42         0.02742    0.03164  15.4%  27.9 7755s
 18290992 654116     cutoff   40         0.02742    0.03163  15.3%  27.9 7760s
 18304555 653746     cutoff   44         0.02742    0.03162  15.3%  27.9 7765s
 18317216 653467     cutoff   41         0.02742    0.03162  15.3%  27.9 7770s
 18331698 652944    0.02910   38   65    0.02742    0.03161  15.3%  27.9 7775s
 18342912 652474    0.02844   50   47    0.02742    0.03161  15.3%  27.8 7780s
 18357839 651964     cutoff   57         0.02742    0.03160  15.2%  27.8 7785s
 18372323 651499    0.03156   42   59    0.02742    0.03159  15.2%  27.8 7790s
 18387378 650810     cutoff   42         0.02742    0.03159  15.2%  27.8 7795s
 18400586 650213     cutoff   44         0.02742    0.03158  15.2%  27.8 7800s
 18414070 649599     cutoff   50         0.02742    0.03157  15.1%  27.8 7805s
 18429182 648973    0.03157   36   50    0.02742    0.03157  15.1%  27.8 7810s
 18443285 648457    0.03066   43   51    0.02742    0.03156  15.1%  27.8 7815s
 18457109 647871     cutoff   47         0.02742    0.03155  15.1%  27.8 7820s
 18471639 647439     cutoff   46         0.02742    0.03155  15.0%  27.8 7825s
 18483649 647027    0.03136   53   31    0.02742    0.03154  15.0%  27.8 7830s
 18498190 646456     cutoff   40         0.02742    0.03153  15.0%  27.8 7835s
 18512976 646145    0.02876   36   57    0.02742    0.03153  15.0%  27.8 7840s
 18528072 645385    0.03151   46   36    0.02742    0.03152  15.0%  27.8 7845s
 18542500 644645     cutoff   46         0.02742    0.03152  14.9%  27.8 7850s
 18556359 644254     cutoff   45         0.02742    0.03151  14.9%  27.8 7855s
 18570783 643661    0.02908   48   44    0.02742    0.03151  14.9%  27.8 7860s
 18584058 642985    0.02895   36   62    0.02742    0.03150  14.9%  27.7 7865s
 18598488 642345     cutoff   37         0.02742    0.03149  14.8%  27.7 7870s
 18611664 641779     cutoff   41         0.02742    0.03149  14.8%  27.7 7875s
 18625874 641167    0.03113   39   58    0.02742    0.03148  14.8%  27.7 7880s
 18640807 640541     cutoff   50         0.02742    0.03147  14.8%  27.7 7885s
 18654621 640095     cutoff   46         0.02742    0.03147  14.7%  27.7 7890s
 18667464 639548     cutoff   39         0.02742    0.03146  14.7%  27.7 7895s
 18682645 638953    0.02813   48   49    0.02742    0.03145  14.7%  27.7 7900s
 18699441 638215    0.02933   56   39    0.02742    0.03145  14.7%  27.7 7905s
 18713378 637533    0.03032   48   53    0.02742    0.03144  14.6%  27.7 7910s
 18726456 636796    0.02930   49   55    0.02742    0.03143  14.6%  27.7 7915s
 18739379 636326     cutoff   35         0.02742    0.03143  14.6%  27.7 7920s
 18753049 635648    0.03011   42   53    0.02742    0.03142  14.6%  27.7 7925s
 18768109 634913    0.03141   44   53    0.02742    0.03141  14.5%  27.7 7930s
 18781509 634371    0.02747   51   48    0.02742    0.03141  14.5%  27.7 7935s
 18796459 633616    0.02936   44   62    0.02742    0.03140  14.5%  27.7 7940s
 18810980 633170     cutoff   41         0.02742    0.03139  14.5%  27.7 7945s
 18824689 632571     cutoff   57         0.02742    0.03139  14.5%  27.7 7950s
 18841153 631894     cutoff   60         0.02742    0.03138  14.4%  27.6 7955s
 18854681 631497     cutoff   46         0.02742    0.03137  14.4%  27.6 7960s
 18868202 630921    0.03111   81   28    0.02742    0.03137  14.4%  27.6 7965s
 18881868 630397    0.02774   47   52    0.02742    0.03136  14.4%  27.6 7970s
 18896749 629795    0.03010   34   58    0.02742    0.03135  14.3%  27.6 7975s
 18911002 629174    0.02788   41   52    0.02742    0.03135  14.3%  27.6 7980s
 18923244 628583    0.03008   38   52    0.02742    0.03134  14.3%  27.6 7985s
 18937589 627860    0.02761   40   37    0.02742    0.03134  14.3%  27.6 7990s
 18954459 627080    0.02888   46   57    0.02742    0.03133  14.2%  27.6 7995s
 18969548 626345    0.02893   57   22    0.02742    0.03132  14.2%  27.6 8000s
 18982689 625686    0.02949   36   55    0.02742    0.03132  14.2%  27.6 8005s
 18998133 624833     cutoff   54         0.02742    0.03131  14.2%  27.6 8010s
 19012268 624150     cutoff   46         0.02742    0.03130  14.1%  27.6 8015s
 19024065 623634    0.02789   49   54    0.02742    0.03130  14.1%  27.6 8020s
 19037838 623111    0.02931   42   56    0.02742    0.03129  14.1%  27.6 8025s
 19054908 622280    0.03058   57   31    0.02742    0.03128  14.1%  27.6 8030s
 19068485 621607     cutoff   41         0.02742    0.03128  14.0%  27.6 8035s
 19083790 620715    0.02854   44   40    0.02742    0.03127  14.0%  27.6 8040s
 19097903 619876    0.03027   48   58    0.02742    0.03126  14.0%  27.6 8045s
 19109556 619397     cutoff   44         0.02742    0.03126  14.0%  27.5 8050s
 19125121 618661 infeasible   45         0.02742    0.03125  14.0%  27.5 8055s
 19138805 617785    0.02745   38   53    0.02742    0.03124  13.9%  27.5 8060s
 19152008 617097     cutoff   47         0.02742    0.03124  13.9%  27.5 8065s
 19166902 616308     cutoff   39         0.02742    0.03123  13.9%  27.5 8070s
 19179649 616006    0.03087   41   57    0.02742    0.03122  13.9%  27.5 8075s
 19194757 615177     cutoff   42         0.02742    0.03122  13.8%  27.5 8080s
 19206706 614479     cutoff   46         0.02742    0.03121  13.8%  27.5 8085s
 19220077 613661    0.03120   28   57    0.02742    0.03121  13.8%  27.5 8090s
 19235403 613098     cutoff   50         0.02742    0.03120  13.8%  27.5 8095s
 19250243 612333    0.03110   37   56    0.02742    0.03119  13.7%  27.5 8100s
 19263186 611560    0.02763   56   25    0.02742    0.03118  13.7%  27.5 8105s
 19277597 610806     cutoff   47         0.02742    0.03118  13.7%  27.5 8110s
 19289707 610158    0.02759   51   55    0.02742    0.03117  13.7%  27.5 8115s
 19301818 609537     cutoff   50         0.02742    0.03117  13.6%  27.5 8120s
 19315785 608815     cutoff   37         0.02742    0.03116  13.6%  27.5 8125s
 19330516 608045    0.03021   52   49    0.02742    0.03115  13.6%  27.5 8130s
 19344292 607277    0.02827   50   47    0.02742    0.03115  13.6%  27.5 8135s
 19359523 606462     cutoff   39         0.02742    0.03114  13.5%  27.5 8140s
 19373982 605583    0.02809   42   58    0.02742    0.03113  13.5%  27.4 8145s
 19384191 605317    0.02966   41   52    0.02742    0.03113  13.5%  27.4 8150s
 19395013 604820    0.03046   38   50    0.02742    0.03112  13.5%  27.4 8155s
 19410671 604164     cutoff   52         0.02742    0.03112  13.5%  27.4 8160s
 19423821 603412 infeasible   46         0.02742    0.03111  13.4%  27.4 8165s
 19438585 602820    0.03110   34   61    0.02742    0.03110  13.4%  27.4 8170s
 19453602 602009    0.02780   41   52    0.02742    0.03110  13.4%  27.4 8175s
 19469101 601162    0.02880   53   46    0.02742    0.03109  13.4%  27.4 8180s
 19484399 600503    0.02771   54   52    0.02742    0.03108  13.3%  27.4 8185s
 19499839 599652     cutoff   73         0.02742    0.03107  13.3%  27.4 8190s
 19514562 598768     cutoff   42         0.02742    0.03107  13.3%  27.4 8195s
 19530320 598070    0.02916   53   50    0.02742    0.03106  13.3%  27.4 8201s
 19544496 597294    0.02794   51   54    0.02742    0.03105  13.2%  27.4 8205s
 19558936 596553     cutoff   40         0.02742    0.03104  13.2%  27.4 8210s
 19573900 595737     cutoff   42         0.02742    0.03104  13.2%  27.4 8215s
 19588021 595011    0.02822   43   53    0.02742    0.03103  13.2%  27.4 8220s
 19602331 594095    0.02872   39   42    0.02742    0.03102  13.1%  27.4 8225s
 19616410 593372     cutoff   45         0.02742    0.03102  13.1%  27.4 8230s
 19627072 592753     cutoff   48         0.02742    0.03101  13.1%  27.4 8235s
 19642194 591964     cutoff   40         0.02742    0.03100  13.1%  27.3 8240s
 19656142 591048     cutoff   44         0.02742    0.03100  13.0%  27.3 8245s
 19669891 590316     cutoff   42         0.02742    0.03099  13.0%  27.3 8250s
 19685029 589355     cutoff   43         0.02742    0.03098  13.0%  27.3 8255s
 19699353 588471    0.02992   44   53    0.02742    0.03098  13.0%  27.3 8260s
 19715736 587559    0.02773   56   21    0.02742    0.03097  12.9%  27.3 8265s
 19729821 586730 infeasible   79         0.02742    0.03096  12.9%  27.3 8271s
 19745244 585769     cutoff   31         0.02742    0.03096  12.9%  27.3 8275s
 19754820 585157    0.02929   43   56    0.02742    0.03095  12.9%  27.3 8280s
 19771312 584087    0.03077   40   56    0.02742    0.03094  12.8%  27.3 8285s
 19786515 583130     cutoff   47         0.02742    0.03094  12.8%  27.3 8290s
 19800866 582215     cutoff   48         0.02742    0.03093  12.8%  27.3 8295s
 19815356 581309    0.03034   41   59    0.02742    0.03092  12.8%  27.3 8300s
 19829632 580471    0.03022   42   56    0.02742    0.03091  12.7%  27.3 8305s
 19844152 579440     cutoff   44         0.02742    0.03091  12.7%  27.3 8310s
 19855308 578690    0.02962   42   58    0.02742    0.03090  12.7%  27.3 8315s
 19870914 577725     cutoff   46         0.02742    0.03089  12.7%  27.3 8320s
 19886480 576809    0.02906   31   56    0.02742    0.03088  12.6%  27.3 8325s
 19902272 575906     cutoff   48         0.02742    0.03088  12.6%  27.2 8330s
 19917282 574959     cutoff   51         0.02742    0.03087  12.6%  27.2 8335s
 19931551 574160     cutoff   39         0.02742    0.03086  12.5%  27.2 8340s
 19945897 573309     cutoff   41         0.02742    0.03086  12.5%  27.2 8345s
 19959869 572495     cutoff   52         0.02742    0.03085  12.5%  27.2 8350s
 19973652 571551     cutoff   42         0.02742    0.03084  12.5%  27.2 8355s
 19987608 570668    0.02749   48   56    0.02742    0.03083  12.4%  27.2 8360s
 20001876 569729     cutoff   44         0.02742    0.03083  12.4%  27.2 8365s
 20017243 568745    0.02817   44   53    0.02742    0.03082  12.4%  27.2 8370s
 20030792 567799     cutoff   44         0.02742    0.03081  12.4%  27.2 8375s
 20043808 566986     cutoff   46         0.02742    0.03081  12.3%  27.2 8380s
 20058086 566078    0.02888   54   45    0.02742    0.03080  12.3%  27.2 8385s
 20070569 565491     cutoff   48         0.02742    0.03079  12.3%  27.2 8390s
 20085621 564593     cutoff   41         0.02742    0.03079  12.3%  27.2 8395s
 20100057 563535    0.02781   35   59    0.02742    0.03078  12.2%  27.2 8400s
 20113412 562693    0.02829   47   48    0.02742    0.03077  12.2%  27.2 8405s
 20125768 562032    0.02888   40   52    0.02742    0.03077  12.2%  27.2 8410s
 20144080 560809     cutoff   41         0.02742    0.03076  12.2%  27.2 8415s
 20158635 560195    0.03075   39   55    0.02742    0.03075  12.1%  27.2 8420s
 20173565 559384    0.02782   38   52    0.02742    0.03074  12.1%  27.1 8425s
 20187038 558534     cutoff   43         0.02742    0.03074  12.1%  27.1 8430s
 20202370 557461     cutoff   46         0.02742    0.03073  12.1%  27.1 8435s
 20215179 556547     cutoff   39         0.02742    0.03072  12.0%  27.1 8440s
 20229023 555542     cutoff   43         0.02742    0.03072  12.0%  27.1 8445s
 20244009 554689     cutoff   42         0.02742    0.03071  12.0%  27.1 8450s
 20258983 553733    0.03002   45   44    0.02742    0.03070  11.9%  27.1 8455s
 20273876 553074    0.03068   34   57    0.02742    0.03069  11.9%  27.1 8460s
 20287299 552218     cutoff   41         0.02742    0.03069  11.9%  27.1 8465s
 20302608 551111    0.02766   59   33    0.02742    0.03068  11.9%  27.1 8470s
 20314514 550256     cutoff   41         0.02742    0.03067  11.8%  27.1 8475s
 20324964 549412     cutoff   40         0.02742    0.03067  11.8%  27.1 8480s
 20337207 548528     cutoff   38         0.02742    0.03066  11.8%  27.1 8485s
 20354150 547428    0.02762   42   51    0.02742    0.03065  11.8%  27.1 8490s
 20367213 546632    0.02758   45   51    0.02742    0.03064  11.7%  27.1 8495s
 20379455 545777     cutoff   45         0.02742    0.03064  11.7%  27.1 8500s
 20393666 544682 infeasible   50         0.02742    0.03063  11.7%  27.1 8505s
 20412468 543421    0.02773   48   50    0.02742    0.03062  11.7%  27.1 8510s
 20427813 542393    0.02972   50   55    0.02742    0.03061  11.6%  27.1 8515s
 20442070 541495     cutoff   48         0.02742    0.03061  11.6%  27.1 8520s
 20456469 540350    0.02794   49   57    0.02742    0.03060  11.6%  27.0 8525s
 20469378 539376    0.02770   48   53    0.02742    0.03059  11.6%  27.0 8530s
 20485194 538167     cutoff   44         0.02742    0.03058  11.5%  27.0 8535s
 20500627 537108    0.03013   44   53    0.02742    0.03058  11.5%  27.0 8540s
 20514307 536085    0.02913   36   58    0.02742    0.03057  11.5%  27.0 8545s
 20527040 535039    0.02836   50   51    0.02742    0.03056  11.4%  27.0 8550s
 20542563 534045    0.02964   52   51    0.02742    0.03056  11.4%  27.0 8555s
 20554402 533084    0.02987   32   59    0.02742    0.03055  11.4%  27.0 8560s
 20572241 531857     cutoff   36         0.02742    0.03054  11.4%  27.0 8565s
 20587943 530785    0.02805   46   54    0.02742    0.03053  11.3%  27.0 8570s
 20602622 529804    0.02811   37   59    0.02742    0.03052  11.3%  27.0 8575s
 20617101 528695    0.03049   40   55    0.02742    0.03052  11.3%  27.0 8580s
 20631364 528041    0.02798   54   40    0.02742    0.03051  11.3%  27.0 8585s
 20647134 526858    0.02767   44   51    0.02742    0.03050  11.2%  27.0 8590s
 20661531 525791    0.03049   50   54    0.02742    0.03049  11.2%  27.0 8595s
 20675764 524852     cutoff   43         0.02742    0.03049  11.2%  27.0 8600s
 20690919 524062    0.02882   40   56    0.02742    0.03048  11.1%  27.0 8605s
 20703639 523102     cutoff   39         0.02742    0.03047  11.1%  27.0 8610s
 20716068 522526    0.03047   33   50    0.02742    0.03047  11.1%  27.0 8615s
 20728936 522331     cutoff   41         0.02742    0.03047  11.1%  26.9 8620s
 20741182 521854    0.03013   46   56    0.02742    0.03046  11.1%  26.9 8625s
 20752755 520983    0.02779   46   54    0.02742    0.03046  11.1%  26.9 8630s
 20767867 520137    0.02994   40   53    0.02742    0.03045  11.0%  26.9 8635s
 20782998 519185     cutoff   44         0.02742    0.03044  11.0%  26.9 8640s
 20798043 518251     cutoff   42         0.02742    0.03043  11.0%  26.9 8645s
 20809907 517402     cutoff   50         0.02742    0.03043  11.0%  26.9 8650s
 20825697 516490    0.03028   37   46    0.02742    0.03042  10.9%  26.9 8655s
 20838333 515493     cutoff   35         0.02742    0.03041  10.9%  26.9 8660s
 20853541 514291    0.02891   48   57    0.02742    0.03040  10.9%  26.9 8665s
 20861157 513670     cutoff   56         0.02742    0.03040  10.9%  26.9 8670s
 20875342 512626     cutoff   37         0.02742    0.03039  10.8%  26.9 8675s
 20892163 511379    0.03037   42   37    0.02742    0.03038  10.8%  26.9 8680s
 20906605 510433    0.02771   37   51    0.02742    0.03038  10.8%  26.9 8685s
 20921578 509430    0.03016   42   56    0.02742    0.03037  10.7%  26.9 8690s
 20936595 508176     cutoff   45         0.02742    0.03036  10.7%  26.9 8695s
 20951970 507054     cutoff   45         0.02742    0.03035  10.7%  26.9 8700s
 20966881 505880    0.03034   44   44    0.02742    0.03034  10.7%  26.9 8705s
 20981289 504818     cutoff   46         0.02742    0.03034  10.6%  26.9 8710s
 20995758 503597     cutoff   50         0.02742    0.03033  10.6%  26.8 8715s
 21009952 502592    0.02981   41   50    0.02742    0.03032  10.6%  26.8 8720s
 21024870 501570     cutoff   42         0.02742    0.03031  10.5%  26.8 8725s
 21036926 500585 infeasible   45         0.02742    0.03031  10.5%  26.8 8730s
 21050572 499623 infeasible   46         0.02742    0.03030  10.5%  26.8 8735s
 21064780 498484     cutoff   59         0.02742    0.03029  10.5%  26.8 8740s
 21079699 497361    0.02758   41   56    0.02742    0.03028  10.4%  26.8 8745s
 21092841 496806    0.02989   44   60    0.02742    0.03028  10.4%  26.8 8750s
 21108024 496094    0.02834   39   54    0.02742    0.03027  10.4%  26.8 8755s
 21123165 495168     cutoff   41         0.02742    0.03026  10.4%  26.8 8760s
 21136821 494130    0.02930   53   30    0.02742    0.03026  10.3%  26.8 8765s
 21151412 493361 infeasible   41         0.02742    0.03025  10.3%  26.8 8770s
 21163749 493252    0.02751   51   53    0.02742    0.03024  10.3%  26.8 8775s
 21174586 493105     cutoff   58         0.02742    0.03024  10.3%  26.8 8780s
 21190426 492043     cutoff   37         0.02742    0.03023  10.3%  26.8 8785s
 21206603 491337    0.03023   43   59    0.02742    0.03023  10.2%  26.8 8790s
 21222347 490246     cutoff   49         0.02742    0.03022  10.2%  26.8 8795s
 21234199 489465    0.02963   51   50    0.02742    0.03022  10.2%  26.8 8800s
 21250650 488799    0.02848   88   16    0.02742    0.03021  10.2%  26.7 8805s
 21260563 488743    0.02984   53   18    0.02742    0.03020  10.1%  26.7 8810s
 21277230 487735 infeasible   88         0.02742    0.03020  10.1%  26.7 8815s
 21292943 487186     cutoff   36         0.02742    0.03019  10.1%  26.7 8820s
 21309674 486654     cutoff   40         0.02742    0.03018  10.1%  26.7 8825s
 21322208 485876     cutoff   37         0.02742    0.03018  10.0%  26.7 8830s
 21343128 485760    0.02837   40   50    0.02742    0.03017  10.0%  26.7 8835s
 21363197 485363     cutoff   41         0.02742    0.03017  10.0%  26.7 8840s
 21382446 485190    0.03017   95    8    0.02742    0.03017  10.0%  26.7 8845s
 21402222 485633     cutoff   38         0.02742    0.03017  10.0%  26.7 8850s
 21429393 485980     cutoff   98         0.02742    0.03017  10.0%  26.6 8855s
 21453124 486071     cutoff   93         0.02742    0.03017  10.0%  26.6 8860s
 21470930 485368     cutoff   56         0.02742    0.03017  10.0%  26.6 8865s
 21484847 485073    0.02965   42   54    0.02742    0.03016  10.0%  26.6 8870s
 21497904 484731    0.02905   45   53    0.02742    0.03016  10.0%  26.6 8875s
 21503521 484817    0.02992   44   55    0.02742    0.03016  10.0%  26.6 8880s
 21515067 484524     cutoff   38         0.02742    0.03016  10.0%  26.6 8886s
 21529264 484290    0.03016   94    6    0.02742    0.03016  10.0%  26.6 8890s
 21545816 484304 infeasible   97         0.02742    0.03015  10.0%  26.6 8895s
 21558896 484224     cutoff   41         0.02742    0.03015  9.95%  26.5 8900s
 21575973 483605    0.02769   86   19    0.02742    0.03015  9.93%  26.5 8905s
 21589824 482544    0.03009   34   55    0.02742    0.03014  9.91%  26.5 8910s
 21605107 481644     cutoff   46         0.02742    0.03013  9.88%  26.5 8915s
 21619900 480514    0.02815   42   56    0.02742    0.03012  9.85%  26.5 8920s
 21633051 479679     cutoff   45         0.02742    0.03012  9.82%  26.5 8925s
 21645212 478592    0.02840   51   45    0.02742    0.03011  9.80%  26.5 8930s
 21658757 477718     cutoff   42         0.02742    0.03010  9.77%  26.5 8935s
 21674831 476954     cutoff   62         0.02742    0.03009  9.74%  26.5 8940s
 21690493 475863    0.02933   48   55    0.02742    0.03009  9.71%  26.5 8945s
 21704137 474935    0.02793   42   55    0.02742    0.03008  9.68%  26.5 8950s
 21718344 473898     cutoff   47         0.02742    0.03007  9.65%  26.5 8955s
 21733237 472953     cutoff   35         0.02742    0.03006  9.62%  26.5 8960s
 21747279 472556     cutoff   42         0.02742    0.03006  9.60%  26.5 8965s
 21755444 472400    0.02752   94    3    0.02742    0.03005  9.58%  26.5 8970s
 21770200 471413    0.02882   41   53    0.02742    0.03004  9.55%  26.5 8975s
 21784738 470767     cutoff   45         0.02742    0.03004  9.53%  26.5 8980s
 21800072 471301     cutoff   49         0.02742    0.03003  9.51%  26.4 8985s
 21814865 472217 infeasible  110         0.02742    0.03003  9.49%  26.4 8990s
 21830952 473773 infeasible  110         0.02742    0.03002  9.48%  26.4 8995s
 21847310 473921 infeasible  101         0.02742    0.03002  9.48%  26.4 9000s
 21860110 472902     cutoff  115         0.02742    0.03002  9.47%  26.4 9005s
 21874204 471696 infeasible  105         0.02742    0.03002  9.45%  26.4 9010s
 21889012 470650    0.02819   86   27    0.02742    0.03001  9.43%  26.4 9015s
 21902777 469367     cutoff   46         0.02742    0.03000  9.40%  26.4 9020s
 21918067 468500     cutoff   43         0.02742    0.03000  9.38%  26.4 9025s
 21932242 467381     cutoff   42         0.02742    0.02999  9.36%  26.4 9030s
 21944728 466347    0.02772   51   57    0.02742    0.02998  9.33%  26.4 9035s
 21959101 465522    0.02997  101   16    0.02742    0.02998  9.31%  26.4 9040s
 21973486 464945    0.02758   43   58    0.02742    0.02997  9.28%  26.3 9045s
 21988206 464130     cutoff   72         0.02742    0.02996  9.26%  26.3 9050s
 22002125 464026    0.02899   66   23    0.02742    0.02996  9.25%  26.3 9055s
 22018313 463569 infeasible   80         0.02742    0.02995  9.23%  26.3 9060s
 22033963 463266    0.02749   52   50    0.02742    0.02995  9.21%  26.3 9065s
 22048487 462982     cutoff   81         0.02742    0.02994  9.19%  26.3 9070s
 22063311 462797    0.02894   82   20    0.02742    0.02994  9.18%  26.3 9075s
 22076487 462481    0.02766   38   46    0.02742    0.02994  9.17%  26.3 9080s
 22089035 462264     cutoff   51         0.02742    0.02993  9.15%  26.3 9085s
 22106221 462021 infeasible   62         0.02742    0.02993  9.14%  26.3 9090s
 22121448 462112     cutoff   83         0.02742    0.02993  9.12%  26.3 9095s
 22135712 462062     cutoff   42         0.02742    0.02992  9.11%  26.3 9100s
 22148987 462202    0.02992   80    5    0.02742    0.02992  9.10%  26.2 9105s
 22165392 462638    0.02978   49   56    0.02742    0.02992  9.09%  26.2 9110s
 22182280 462650 infeasible   80         0.02742    0.02991  9.08%  26.2 9115s
 22197170 462893 infeasible   55         0.02742    0.02991  9.06%  26.2 9120s
 22210709 463236    0.02991   70    4    0.02742    0.02991  9.05%  26.2 9125s
 22226753 463320     cutoff   36         0.02742    0.02990  9.04%  26.2 9130s
 22242682 463667    0.02914   56   53    0.02742    0.02990  9.03%  26.2 9135s
 22257060 464029    0.02807   81   23    0.02742    0.02990  9.02%  26.2 9140s
 22272464 464849     cutoff   80         0.02742    0.02990  9.02%  26.2 9145s
 22286589 465603    0.02988   95    6    0.02742    0.02989  9.01%  26.2 9150s
 22300633 465893    0.02989   87   17    0.02742    0.02989  9.00%  26.1 9155s
 22314383 466375    0.02989   39   52    0.02742    0.02989  8.99%  26.1 9160s
 22332414 466883    0.02989  107    5    0.02742    0.02989  8.99%  26.1 9165s
 22347886 467322    0.02848   98    7    0.02742    0.02989  8.98%  26.1 9170s
 22360213 467347     cutoff   40         0.02742    0.02989  8.98%  26.1 9175s
 22371391 467876    0.02983   43   50    0.02742    0.02988  8.97%  26.1 9180s
 22386870 468477 infeasible   93         0.02742    0.02988  8.96%  26.1 9185s
 22401709 469545 infeasible   97         0.02742    0.02988  8.96%  26.1 9190s
 22421911 472409 infeasible  106         0.02742    0.02988  8.95%  26.1 9195s
 22441368 473594     cutoff   51         0.02742    0.02988  8.95%  26.0 9200s
 22457877 474265    0.02988  100    3    0.02742    0.02988  8.95%  26.0 9205s
 22474801 474832 infeasible   81         0.02742    0.02987  8.94%  26.0 9210s
 22484511 474953     cutoff   36         0.02742    0.02987  8.94%  26.0 9215s
 22502494 475931    0.02892   81   20    0.02742    0.02987  8.93%  26.0 9220s
 22517284 476330     cutoff   81         0.02742    0.02987  8.92%  26.0 9226s
 22521776 476471 infeasible  100         0.02742    0.02987  8.92%  26.0 9230s
 22536257 476959     cutoff   40         0.02742    0.02987  8.91%  26.0 9235s
 22552676 477424 infeasible   87         0.02742    0.02986  8.90%  26.0 9240s
 22568221 477981    0.02850   99    2    0.02742    0.02986  8.90%  25.9 9245s
 22583276 478797     cutoff  101         0.02742    0.02986  8.89%  25.9 9250s
 22598666 479551     cutoff   41         0.02742    0.02986  8.89%  25.9 9255s
 22615837 480201    0.02986   80    7    0.02742    0.02986  8.88%  25.9 9260s
 22629266 480583 infeasible   84         0.02742    0.02986  8.88%  25.9 9265s
 22642215 481034    0.02986   76    4    0.02742    0.02986  8.87%  25.9 9270s
 22661654 481966 infeasible   93         0.02742    0.02985  8.87%  25.9 9275s
 22676392 482363     cutoff   53         0.02742    0.02985  8.86%  25.9 9280s
 22691057 483166    0.02866   84   14    0.02742    0.02985  8.85%  25.9 9285s
 22705022 484203     cutoff   83         0.02742    0.02985  8.85%  25.8 9290s
 22722279 485295 infeasible   42         0.02742    0.02985  8.84%  25.8 9295s
 22739152 486082    0.02984   81    4    0.02742    0.02985  8.84%  25.8 9300s
 22755219 486611     cutoff   39         0.02742    0.02984  8.83%  25.8 9305s
 22769254 486861    0.02950   36   56    0.02742    0.02984  8.82%  25.8 9310s
 22782219 487136 infeasible   89         0.02742    0.02984  8.82%  25.8 9315s
 22799186 487855    0.02884   80   20    0.02742    0.02984  8.81%  25.8 9320s
 22810643 488636    0.02749   46   53    0.02742    0.02984  8.80%  25.8 9325s
 22825319 489394    0.02983   78    6    0.02742    0.02983  8.79%  25.8 9330s
 22840815 489598 infeasible   79         0.02742    0.02983  8.78%  25.7 9335s
 22856326 489380    0.02964   88    3    0.02742    0.02983  8.77%  25.7 9340s
 22872224 490314    0.02868   39   56    0.02742    0.02983  8.76%  25.7 9345s
 22885652 490397    0.02842   53   37    0.02742    0.02982  8.74%  25.7 9350s
 22898964 491157    0.02749   58   46    0.02742    0.02982  8.73%  25.7 9355s
 22914307 491945     cutoff   45         0.02742    0.02982  8.72%  25.7 9360s
 22929327 492754 infeasible   96         0.02742    0.02981  8.71%  25.7 9365s
 22946688 494101    0.02981  101    6    0.02742    0.02981  8.70%  25.7 9370s
 22966376 494830 infeasible  100         0.02742    0.02981  8.70%  25.7 9375s
 22982864 494977     cutoff   48         0.02742    0.02981  8.70%  25.6 9380s
 22996282 495113    0.02981   42   56    0.02742    0.02981  8.69%  25.6 9385s
 23012437 496056 infeasible  105         0.02742    0.02981  8.69%  25.6 9390s
 23026139 497135    0.02962   88   20    0.02742    0.02981  8.69%  25.6 9395s
 23036202 497365    0.02980   93   18    0.02742    0.02980  8.68%  25.6 9400s
 23045781 497551    0.02980  109    5    0.02742    0.02980  8.68%  25.6 9405s
 23061020 497638     cutoff   94         0.02742    0.02980  8.68%  25.6 9410s
 23072705 497340     cutoff   83         0.02742    0.02980  8.67%  25.6 9415s
 23088601 496955    0.02978   94   17    0.02742    0.02980  8.66%  25.6 9420s
 23099863 496457    0.02911   62   34    0.02742    0.02980  8.65%  25.6 9425s
 23111920 495914    0.02765   55   51    0.02742    0.02979  8.65%  25.5 9430s
 23127172 494907    0.02769   46   51    0.02742    0.02979  8.63%  25.5 9435s
 23140715 493708 infeasible   41         0.02742    0.02979  8.62%  25.5 9441s
 23154286 492497     cutoff   50         0.02742    0.02978  8.60%  25.5 9445s
 23169356 491572 infeasible   92         0.02742    0.02978  8.59%  25.5 9450s
 23184236 490780 infeasible   91         0.02742    0.02977  8.57%  25.5 9455s
 23199551 489604     cutoff   59         0.02742    0.02977  8.55%  25.5 9460s
 23211466 488866    0.02974   88    5    0.02742    0.02976  8.53%  25.5 9465s
 23227353 487879    0.02973   33   66    0.02742    0.02976  8.51%  25.5 9470s
 23242945 486925     cutoff   43         0.02742    0.02975  8.49%  25.5 9475s
 23255935 486140    0.02911   37   54    0.02742    0.02975  8.47%  25.5 9480s
 23270064 485017    0.02867   52   48    0.02742    0.02974  8.45%  25.5 9485s
 23282436 484161    0.02935   38   54    0.02742    0.02974  8.43%  25.5 9490s
 23297688 482997    0.02749   79   35    0.02742    0.02973  8.41%  25.4 9495s
 23307502 482430    0.02944   43   55    0.02742    0.02972  8.39%  25.4 9500s
 23321382 481310     cutoff   66         0.02742    0.02972  8.37%  25.4 9505s
 23336728 480164    0.02971   39   59    0.02742    0.02971  8.34%  25.4 9510s
 23352449 479328    0.02948   39   55    0.02742    0.02970  8.31%  25.4 9515s
 23366817 478452     cutoff   46         0.02742    0.02970  8.29%  25.4 9520s
 23380858 477433     cutoff   66         0.02742    0.02969  8.27%  25.4 9525s
 23395285 476691     cutoff   71         0.02742    0.02968  8.24%  25.4 9530s
 23407843 475523     cutoff   39         0.02742    0.02968  8.22%  25.4 9535s
 23422810 474295 infeasible   43         0.02742    0.02967  8.19%  25.4 9540s
 23436810 473449 infeasible   59         0.02742    0.02966  8.17%  25.4 9545s
 23446128 472865    0.02746   43   54    0.02742    0.02966  8.16%  25.4 9550s
 23463461 471760    0.02812   45   50    0.02742    0.02965  8.13%  25.4 9555s
 23475403 471047    0.02916   71   15    0.02742    0.02965  8.11%  25.4 9560s
 23489464 470565    0.02956   44   53    0.02742    0.02964  8.09%  25.4 9565s
 23504174 470822    0.02745   85   26    0.02742    0.02964  8.08%  25.4 9570s
 23518769 471224     cutoff   50         0.02742    0.02963  8.06%  25.3 9575s
 23535716 470751    0.02773   60   28    0.02742    0.02963  8.04%  25.3 9580s
 23551662 470103    0.02893   41   51    0.02742    0.02962  8.02%  25.3 9585s
 23563461 469476     cutoff   39         0.02742    0.02962  8.00%  25.3 9590s
 23579743 468720     cutoff   43         0.02742    0.02961  7.98%  25.3 9595s
 23593570 467909    0.02861   46   52    0.02742    0.02960  7.95%  25.3 9600s
 23607110 467575     cutoff   47         0.02742    0.02960  7.94%  25.3 9605s
 23623748 467259    0.02960   90    7    0.02742    0.02960  7.92%  25.3 9610s
 23638406 467341    0.02902   38   55    0.02742    0.02960  7.92%  25.3 9615s
 23655047 467522 infeasible   92         0.02742    0.02959  7.91%  25.3 9620s
 23670427 466002    0.02947   33   51    0.02742    0.02959  7.89%  25.3 9625s
 23680072 465266     cutoff   43         0.02742    0.02958  7.88%  25.3 9630s
 23695001 464347     cutoff   42         0.02742    0.02958  7.86%  25.3 9635s
 23709604 463194     cutoff   43         0.02742    0.02957  7.83%  25.3 9640s
 23724085 461594     cutoff   53         0.02742    0.02956  7.80%  25.2 9645s
 23738560 460635     cutoff   39         0.02742    0.02956  7.78%  25.2 9650s
 23752670 459899 infeasible   98         0.02742    0.02955  7.76%  25.2 9655s
 23767807 458719     cutoff   54         0.02742    0.02954  7.73%  25.2 9660s
 23773151 458331    0.02954   32   66    0.02742    0.02954  7.72%  25.2 9665s
 23787195 457462     cutoff   69         0.02742    0.02953  7.70%  25.2 9670s
 23800977 456644    0.02774   40   54    0.02742    0.02953  7.67%  25.2 9675s
 23815774 455747    0.02900   44   56    0.02742    0.02952  7.65%  25.2 9680s
 23831244 454768    0.02909   45   54    0.02742    0.02952  7.63%  25.2 9685s
 23846575 453512     cutoff   89         0.02742    0.02951  7.60%  25.2 9690s
 23861275 452358     cutoff   57         0.02742    0.02950  7.57%  25.2 9695s
 23876752 451040    0.02901   55   39    0.02742    0.02949  7.54%  25.2 9700s
 23893300 451555    0.02880   55   46    0.02742    0.02949  7.52%  25.2 9705s
 23907211 451495    0.02948   91   11    0.02742    0.02948  7.51%  25.2 9711s
 23922632 451972     cutoff   57         0.02742    0.02948  7.50%  25.2 9715s
 23937051 452995    0.02748   47   59    0.02742    0.02948  7.48%  25.2 9720s
 23950045 453473     cutoff   55         0.02742    0.02947  7.47%  25.1 9725s
 23963914 455235 infeasible  102         0.02742    0.02947  7.46%  25.1 9730s
 23980941 456706    0.02947  104    4    0.02742    0.02947  7.45%  25.1 9735s
 23995516 457500    0.02813   66   42    0.02742    0.02946  7.44%  25.1 9740s
 24008504 458784    0.02868  108   14    0.02742    0.02946  7.43%  25.1 9745s
 24023027 460151    0.02859  108   14    0.02742    0.02946  7.42%  25.1 9750s
 24038298 461561    0.02922   41   53    0.02742    0.02946  7.42%  25.1 9755s
 24050774 462631    0.02838   45   59    0.02742    0.02946  7.41%  25.1 9760s
 24068676 464107    0.02775   42   58    0.02742    0.02945  7.40%  25.1 9765s
 24082392 465434    0.02861  115   16    0.02742    0.02945  7.39%  25.1 9770s
 24099477 466293    0.02945  107    3    0.02742    0.02945  7.38%  25.0 9775s
 24115883 466866    0.02855   98   25    0.02742    0.02944  7.37%  25.0 9780s
 24128161 467304 infeasible  107         0.02742    0.02944  7.36%  25.0 9785s
 24145369 467478    0.02853  106   13    0.02742    0.02944  7.34%  25.0 9790s
 24160664 467269    0.02943  107    3    0.02742    0.02943  7.33%  25.0 9795s
 24174620 466563    0.02832   46   57    0.02742    0.02943  7.31%  25.0 9800s
 24189397 465817    0.02897   46   50    0.02742    0.02942  7.29%  25.0 9805s
 24203530 465582     cutoff   40         0.02742    0.02942  7.28%  25.0 9810s
 24219147 465101     cutoff   65         0.02742    0.02941  7.26%  25.0 9815s
 24234072 464082    0.02893   39   58    0.02742    0.02941  7.24%  25.0 9820s
 24248872 462885     cutoff   34         0.02742    0.02940  7.21%  25.0 9825s
 24260051 462025     cutoff   40         0.02742    0.02940  7.19%  25.0 9830s
 24275501 460700    0.02746   58   51    0.02742    0.02939  7.17%  25.0 9835s
 24290151 459375     cutoff   43         0.02742    0.02938  7.14%  25.0 9840s
 24304673 458242     cutoff   43         0.02742    0.02937  7.11%  24.9 9845s
 24320603 459576    0.02776   99    8    0.02742    0.02937  7.10%  24.9 9850s
 24348697 467152 infeasible  115         0.02742    0.02937  7.10%  24.9 9855s
 24376757 475271    0.02775  107    5    0.02742    0.02937  7.10%  24.9 9860s
 24402567 483418    0.02773   98    8    0.02742    0.02937  7.10%  24.9 9865s
 24430088 492171    0.02937   96    5    0.02742    0.02937  7.10%  24.8 9870s
 24456865 501221 infeasible  109         0.02742    0.02937  7.10%  24.8 9875s
 24477402 505812    0.02768  111    3    0.02742    0.02937  7.09%  24.8 9880s
 24490446 507953    0.02771   98    9    0.02742    0.02937  7.08%  24.8 9885s
 24497877 507450    0.02852   96   24    0.02742    0.02936  7.07%  24.8 9890s
 24503280 507304    0.02858   43   52    0.02742    0.02936  7.06%  24.8 9895s
 24511263 507357     cutoff   36         0.02742    0.02936  7.05%  24.8 9900s
 24515530 507046 infeasible   40         0.02742    0.02936  7.04%  24.8 9905s
 24525778 506382    0.02743   48   57    0.02742    0.02935  7.03%  24.8 9910s
 24541970 508124 infeasible  111         0.02742    0.02935  7.01%  24.8 9915s
 24555856 508005    0.02934   41   55    0.02742    0.02934  6.99%  24.8 9920s
 24569955 506603     cutoff   44         0.02742    0.02933  6.96%  24.7 9925s
 24587025 508138    0.02911   52   46    0.02742    0.02933  6.95%  24.7 9930s
 24600344 506890    0.02845   43   58    0.02742    0.02932  6.92%  24.7 9935s
 24615258 505805    0.02895   42   55    0.02742    0.02931  6.89%  24.7 9940s
 24628995 504685     cutoff   34         0.02742    0.02931  6.87%  24.7 9945s
 24643848 503341 infeasible   93         0.02742    0.02930  6.84%  24.7 9950s
 24658003 502969    0.02929   36   53    0.02742    0.02929  6.81%  24.7 9955s
 24671470 501925    0.02926   41   57    0.02742    0.02928  6.79%  24.7 9960s
 24686009 500896 infeasible   66         0.02742    0.02928  6.76%  24.7 9965s
 24700550 499620    0.02921   45   51    0.02742    0.02927  6.73%  24.7 9970s
 24714277 498664 infeasible   44         0.02742    0.02926  6.70%  24.7 9975s
 24728711 498217 infeasible  101         0.02742    0.02926  6.68%  24.7 9980s
 24747487 497438     cutoff   37         0.02742    0.02925  6.66%  24.7 9985s
 24763793 496905     cutoff   38         0.02742    0.02925  6.65%  24.7 9990s
 24779496 496387     cutoff   52         0.02742    0.02924  6.63%  24.7 9995s
 24796918 495790    0.02894   38   50    0.02742    0.02924  6.61%  24.6 10000s
 24815853 495347 infeasible   94         0.02742    0.02923  6.59%  24.6 10005s
 24833537 494676     cutoff  115         0.02742    0.02923  6.57%  24.6 10010s
 24852519 495885 infeasible  103         0.02742    0.02922  6.57%  24.6 10015s
 24870534 496996    0.02921   98    3    0.02742    0.02922  6.56%  24.6 10020s
 24885706 497647    0.02922   96    3    0.02742    0.02922  6.56%  24.6 10025s
 24899785 498244     cutoff  102         0.02742    0.02922  6.56%  24.6 10030s
 24906122 498510     cutoff  106         0.02742    0.02922  6.56%  24.6 10035s
 24924557 499476    0.02922   84   12    0.02742    0.02922  6.55%  24.6 10040s
 24943661 500529 infeasible  103         0.02742    0.02922  6.55%  24.5 10045s
 24958966 500352     cutoff   96         0.02742    0.02922  6.55%  24.5 10050s
 24977649 500002 infeasible   89         0.02742    0.02922  6.54%  24.5 10055s
 24990980 499659    0.02921   95    4    0.02742    0.02922  6.53%  24.5 10060s
 25004120 499159    0.02921  100    6    0.02742    0.02921  6.53%  24.5 10065s
 25017745 498578     cutoff   50         0.02742    0.02921  6.52%  24.5 10070s
 25031591 497986    0.02757   37   57    0.02742    0.02921  6.51%  24.5 10075s
 25041921 497282    0.02773   41   59    0.02742    0.02921  6.50%  24.5 10080s
 25054136 496534    0.02803  103   24    0.02742    0.02920  6.49%  24.5 10085s
 25071037 495943    0.02919   34   63    0.02742    0.02920  6.48%  24.5 10090s
 25081284 495199 infeasible  101         0.02742    0.02920  6.47%  24.5 10095s
 25096879 493949 infeasible   94         0.02742    0.02919  6.46%  24.4 10100s
 25112684 492534     cutoff   37         0.02742    0.02919  6.44%  24.4 10105s
 25126733 491556 infeasible   46         0.02742    0.02919  6.43%  24.4 10110s
 25142241 490702     cutoff   59         0.02742    0.02918  6.41%  24.4 10115s
 25158694 490309     cutoff   44         0.02742    0.02918  6.39%  24.4 10120s
 25174942 489956 infeasible  106         0.02742    0.02917  6.37%  24.4 10125s
 25189894 489852     cutoff   48         0.02742    0.02917  6.36%  24.4 10130s
 25207888 489317    0.02864   42   58    0.02742    0.02916  6.34%  24.4 10135s
 25224456 488504    0.02853   48   36    0.02742    0.02916  6.32%  24.4 10140s
 25240890 488510    0.02905   42   56    0.02742    0.02915  6.31%  24.4 10145s
 25255495 487761    0.02790   41   56    0.02742    0.02915  6.30%  24.4 10150s
 25269929 487592    0.02795   49   41    0.02742    0.02915  6.28%  24.4 10155s
 25286010 487152     cutoff   39         0.02742    0.02914  6.27%  24.3 10160s
 25305479 486883    0.02914   92    9    0.02742    0.02914  6.26%  24.3 10165s
 25320601 486542    0.02914   98    6    0.02742    0.02914  6.25%  24.3 10170s
 25333095 485746     cutoff   76         0.02742    0.02913  6.23%  24.3 10176s
 25348888 484918    0.02809   41   58    0.02742    0.02913  6.21%  24.3 10180s
 25364449 484218    0.02912   61   13    0.02742    0.02912  6.19%  24.3 10185s
 25377261 483381    0.02743   75   14    0.02742    0.02912  6.18%  24.3 10190s
 25395828 482562 infeasible   82         0.02742    0.02911  6.15%  24.3 10195s
 25410447 481786    0.02822   37   53    0.02742    0.02910  6.13%  24.3 10200s
 25423205 480909    0.02819   43   58    0.02742    0.02910  6.11%  24.3 10205s
 25437167 480320     cutoff   41         0.02742    0.02909  6.09%  24.3 10210s
 25453013 479366     cutoff   46         0.02742    0.02909  6.07%  24.3 10215s
 25468518 478161     cutoff   52         0.02742    0.02908  6.04%  24.3 10220s
 25484259 477095    0.02837   76   36    0.02742    0.02907  6.01%  24.2 10225s
 25498063 476258    0.02761   39   64    0.02742    0.02907  5.99%  24.2 10232s
 25507655 475588 infeasible   97         0.02742    0.02906  5.97%  24.2 10235s
 25522181 474551     cutoff   49         0.02742    0.02905  5.95%  24.2 10240s
 25534755 474044     cutoff   77         0.02742    0.02905  5.93%  24.2 10245s
 25551029 473243    0.02796   43   52    0.02742    0.02904  5.90%  24.2 10250s
 25565155 472420     cutoff   45         0.02742    0.02903  5.88%  24.2 10256s
 25577769 471449     cutoff   58         0.02742    0.02903  5.85%  24.2 10260s
 25592862 471033     cutoff   67         0.02742    0.02902  5.83%  24.2 10265s
 25607407 470273     cutoff   44         0.02742    0.02902  5.81%  24.2 10270s
 25622156 469673    0.02834   37   55    0.02742    0.02901  5.78%  24.2 10275s
 25637389 469163 infeasible   68         0.02742    0.02900  5.76%  24.2 10280s
 25650510 468751     cutoff   49         0.02742    0.02900  5.74%  24.2 10285s
 25663079 468179    0.02776   47   45    0.02742    0.02899  5.72%  24.2 10290s
 25680305 467333     cutoff   53         0.02742    0.02898  5.69%  24.2 10295s
 25694873 467911    0.02821   28   53    0.02742    0.02898  5.68%  24.2 10300s
 25708709 467985     cutoff   57         0.02742    0.02898  5.67%  24.1 10305s
 25729466 468760     cutoff   90         0.02742    0.02897  5.66%  24.1 10310s
 25741342 469156     cutoff   43         0.02742    0.02897  5.65%  24.1 10315s
 25762040 470452 infeasible   92         0.02742    0.02897  5.64%  24.1 10320s
 25784293 471029     cutoff   70         0.02742    0.02897  5.64%  24.1 10325s
 25806888 471389     cutoff   86         0.02742    0.02897  5.64%  24.1 10330s
 25834771 471726    0.02897   87    4    0.02742    0.02897  5.64%  24.1 10335s
 25858314 471488     cutoff   52         0.02742    0.02897  5.64%  24.0 10340s
 25882178 470893     cutoff   48         0.02742    0.02897  5.63%  24.0 10345s
 25905534 470798    0.02897   92    3    0.02742    0.02897  5.63%  24.0 10350s
 25927833 470295    0.02896   34   43    0.02742    0.02897  5.62%  24.0 10355s
 25948334 470286    0.02896   94    5    0.02742    0.02896  5.62%  24.0 10360s
 25965268 470433    0.02896   86    7    0.02742    0.02896  5.61%  24.0 10365s
 25977936 470361     cutoff   52         0.02742    0.02896  5.61%  24.0 10370s
 25987782 469993    0.02807   46   52    0.02742    0.02896  5.61%  23.9 10375s
 25995128 470081    0.02893   45   54    0.02742    0.02896  5.60%  23.9 10380s
 26007035 469754     cutoff   45         0.02742    0.02896  5.59%  23.9 10385s
 26028201 469404    0.02895   93    4    0.02742    0.02895  5.58%  23.9 10390s
 26043078 469849    0.02895   91    4    0.02742    0.02895  5.57%  23.9 10395s
 26055849 469772 infeasible   84         0.02742    0.02895  5.56%  23.9 10400s
 26073772 469205     cutoff   97         0.02742    0.02894  5.55%  23.9 10405s
 26091404 468887 infeasible   80         0.02742    0.02894  5.53%  23.9 10410s
 26106474 468775     cutoff   88         0.02742    0.02894  5.52%  23.9 10415s
 26122017 468854     cutoff   75         0.02742    0.02893  5.50%  23.9 10420s
 26133431 469783 infeasible   95         0.02742    0.02893  5.49%  23.9 10425s
 26151560 471110    0.02825   47   53    0.02742    0.02893  5.48%  23.8 10431s
 26168711 471723    0.02891   83   13    0.02742    0.02892  5.47%  23.8 10435s
 26183416 472086     cutoff   52         0.02742    0.02892  5.45%  23.8 10440s
 26199415 471982     cutoff   52         0.02742    0.02892  5.44%  23.8 10445s
 26218297 472614     cutoff  101         0.02742    0.02891  5.43%  23.8 10450s
 26235377 474234     cutoff   94         0.02742    0.02891  5.42%  23.8 10455s
 26250187 474246    0.02891   92    6    0.02742    0.02891  5.41%  23.8 10460s
 26263949 474095    0.02890   92    7    0.02742    0.02891  5.41%  23.8 10465s
 26280618 474287    0.02879   49   57    0.02742    0.02890  5.40%  23.8 10470s
 26300869 474700 infeasible   98         0.02742    0.02890  5.39%  23.8 10475s
 26318283 474767    0.02890   94    3    0.02742    0.02890  5.38%  23.7 10480s
 26337392 474707    0.02890  109    6    0.02742    0.02890  5.37%  23.7 10485s
 26354114 474694 infeasible  114         0.02742    0.02889  5.36%  23.7 10490s
 26373560 474570     cutoff   39         0.02742    0.02889  5.35%  23.7 10495s
 26391575 474482     cutoff  115         0.02742    0.02889  5.33%  23.7 10500s
 26402572 474204    0.02756   62   29    0.02742    0.02888  5.32%  23.7 10505s
 26422055 475183    0.02888  101   11    0.02742    0.02888  5.31%  23.7 10510s
 26440625 475283 infeasible   41         0.02742    0.02888  5.29%  23.7 10515s
 26454736 475175     cutoff   50         0.02742    0.02887  5.28%  23.7 10520s
 26472239 475929 infeasible   86         0.02742    0.02887  5.27%  23.7 10526s
 26485028 476190     cutoff   46         0.02742    0.02887  5.26%  23.6 10530s
 26505320 476898    0.02886  113    4    0.02742    0.02886  5.25%  23.6 10535s
 26522898 477165    0.02886   45   51    0.02742    0.02886  5.24%  23.6 10540s
 26538840 477386    0.02786   91    5    0.02742    0.02886  5.23%  23.6 10545s
 26556952 478067    0.02777   48   56    0.02742    0.02886  5.22%  23.6 10550s
 26575244 478445 infeasible   59         0.02742    0.02885  5.21%  23.6 10555s
 26590417 478406    0.02747   73   12    0.02742    0.02885  5.20%  23.6 10560s
 26606293 478328     cutoff   38         0.02742    0.02884  5.18%  23.6 10565s
 26621681 478016     cutoff   47         0.02742    0.02884  5.17%  23.6 10570s
 26638086 478041    0.02884   39   63    0.02742    0.02884  5.15%  23.6 10575s
 26655247 478191    0.02883  105    4    0.02742    0.02883  5.13%  23.5 10580s
 26671233 478055    0.02820   47   64    0.02742    0.02883  5.12%  23.5 10585s
 26679968 478327    0.02882  107    4    0.02742    0.02883  5.11%  23.5 10590s
 26701727 478280    0.02882  108    4    0.02742    0.02882  5.10%  23.5 10595s
 26716836 478655    0.02829  125    1    0.02742    0.02882  5.08%  23.5 10600s
 26731492 479034     cutoff   58         0.02742    0.02881  5.07%  23.5 10605s
 26744314 479293    0.02879   61   30    0.02742    0.02881  5.06%  23.5 10610s
 26762548 479163    0.02872   41   61    0.02742    0.02881  5.04%  23.5 10615s
 26777688 479516    0.02880   84    4    0.02742    0.02880  5.03%  23.5 10620s
 26788412 480021    0.02880   41   50    0.02742    0.02880  5.03%  23.5 10625s
 26800510 480448    0.02820   91   12    0.02742    0.02880  5.02%  23.5 10630s
 26811821 480666     cutoff   50         0.02742    0.02880  5.01%  23.5 10635s
 26826262 480900    0.02858   99    9    0.02742    0.02879  5.00%  23.5 10640s
 26844177 482279    0.02878   88    3    0.02742    0.02879  4.99%  23.4 10645s
 26862475 483705    0.02864   86   27    0.02742    0.02879  4.98%  23.4 10650s
 26879619 484798     cutoff   44         0.02742    0.02879  4.97%  23.4 10655s
 26895928 485378 infeasible   98         0.02742    0.02878  4.96%  23.4 10660s
 26912636 486353    0.02878   99    4    0.02742    0.02878  4.96%  23.4 10665s
 26930048 487306    0.02763   37   53    0.02742    0.02878  4.95%  23.4 10670s
 26946608 488317    0.02823   46   52    0.02742    0.02878  4.94%  23.4 10675s
 26964454 490221    0.02796   85   10    0.02742    0.02878  4.93%  23.4 10680s
 26980077 491115     cutoff   43         0.02742    0.02877  4.93%  23.4 10685s
 26993963 491583 infeasible   99         0.02742    0.02877  4.92%  23.4 10690s
 27007190 492196     cutoff   94         0.02742    0.02877  4.92%  23.3 10695s
 27027469 493948    0.02877   39   54    0.02742    0.02877  4.91%  23.3 10700s
 27046156 495605 infeasible  124         0.02742    0.02877  4.90%  23.3 10705s
 27067655 497266     cutoff   39         0.02742    0.02877  4.90%  23.3 10710s
 27078217 497593     cutoff   42         0.02742    0.02877  4.89%  23.3 10715s
 27092270 498381    0.02855   94    5    0.02742    0.02876  4.89%  23.3 10720s
 27112107 499879     cutoff   97         0.02742    0.02876  4.89%  23.3 10725s
 27129314 501170     cutoff  100         0.02742    0.02876  4.88%  23.3 10730s
 27144776 502067    0.02867   40   52    0.02742    0.02876  4.88%  23.3 10735s
 27157272 502715    0.02780   97    8    0.02742    0.02876  4.88%  23.3 10740s
 27172007 503882     cutoff   99         0.02742    0.02876  4.87%  23.2 10745s
 27186649 504432    0.02827  113    1    0.02742    0.02876  4.87%  23.2 10750s
 27201570 504954    0.02876   90   10    0.02742    0.02876  4.86%  23.2 10755s
 27215275 505622 infeasible   94         0.02742    0.02876  4.86%  23.2 10760s
 27233164 506354    0.02806  111    1    0.02742    0.02876  4.86%  23.2 10765s
 27248499 506868 infeasible   98         0.02742    0.02875  4.85%  23.2 10770s
 27266128 508320 infeasible   98         0.02742    0.02875  4.85%  23.2 10775s
 27279442 509253 infeasible   99         0.02742    0.02875  4.84%  23.2 10780s
 27297917 510254    0.02875   89    5    0.02742    0.02875  4.84%  23.2 10785s
 27313907 511330    0.02767   48   58    0.02742    0.02875  4.83%  23.2 10790s
 27332839 512444     cutoff   96         0.02742    0.02875  4.83%  23.1 10795s
 27347697 514023     cutoff   46         0.02742    0.02875  4.83%  23.1 10800s
 27360058 515226    0.02814   98    4    0.02742    0.02875  4.82%  23.1 10805s
 27376592 516421    0.02850   43   53    0.02742    0.02875  4.82%  23.1 10810s
 27396195 518283    0.02874   97   13    0.02742    0.02875  4.82%  23.1 10815s
 27409246 519558    0.02874   85    3    0.02742    0.02874  4.82%  23.1 10820s
 27430601 521501    0.02853   88    2    0.02742    0.02874  4.82%  23.1 10825s
 27455738 523050    0.02874   92    5    0.02742    0.02874  4.81%  23.1 10830s
 27480034 525203     cutoff  109         0.02742    0.02874  4.81%  23.1 10835s
 27505872 527150     cutoff   91         0.02742    0.02874  4.81%  23.0 10840s
 27520138 528124    0.02861  106    5    0.02742    0.02874  4.81%  23.0 10845s
 27539533 529382    0.02874   85    3    0.02742    0.02874  4.81%  23.0 10850s
 27559390 530608    0.02874   85    4    0.02742    0.02874  4.81%  23.0 10855s
 27584277 531747    0.02873   90    3    0.02742    0.02874  4.80%  23.0 10860s
 27610979 533433    0.02870   85    5    0.02742    0.02874  4.80%  23.0 10865s
 27620525 533835    0.02826   75   25    0.02742    0.02874  4.80%  23.0 10870s
 27648665 535491    0.02874   92    3    0.02742    0.02874  4.80%  22.9 10875s
 27675445 537442    0.02874   87    4    0.02742    0.02874  4.80%  22.9 10880s
 27699111 539315     cutoff   98         0.02742    0.02874  4.80%  22.9 10885s
 27723264 540695    0.02874   88    5    0.02742    0.02874  4.80%  22.9 10890s
 27747956 542396 infeasible  107         0.02742    0.02874  4.80%  22.9 10895s
 27769738 544241     cutoff   89         0.02742    0.02874  4.80%  22.9 10900s
 27793977 546067    0.02854  110    6    0.02742    0.02874  4.79%  22.8 10905s
 27815083 547499     cutoff   88         0.02742    0.02874  4.79%  22.8 10910s
 27837637 549617     cutoff  111         0.02742    0.02874  4.79%  22.8 10915s
 27856815 550968    0.02874  111    4    0.02742    0.02874  4.79%  22.8 10920s
 27878672 552728     cutoff   95         0.02742    0.02874  4.79%  22.8 10925s
 27901836 554914     cutoff  116         0.02742    0.02874  4.79%  22.8 10930s
 27925495 556853     cutoff   90         0.02742    0.02874  4.79%  22.8 10935s
 27949397 558922    0.02874   85    4    0.02742    0.02874  4.79%  22.7 10940s
 27963831 560116    0.02859  116    1    0.02742    0.02874  4.79%  22.7 10945s
 27988186 561996    0.02837  108    7    0.02742    0.02874  4.79%  22.7 10950s
 28012564 563941 infeasible   95         0.02742    0.02874  4.79%  22.7 10955s
 28036067 565470    0.02873  103    6    0.02742    0.02874  4.78%  22.7 10960s
 28057990 566771    0.02780   48   56    0.02742    0.02874  4.78%  22.7 10965s
 28081285 567939 infeasible   90         0.02742    0.02874  4.78%  22.7 10970s
 28103109 569173    0.02873   83    5    0.02742    0.02873  4.78%  22.6 10975s
 28128229 570762     cutoff  115         0.02742    0.02873  4.78%  22.6 10980s
 28150173 571985    0.02845  113    1    0.02742    0.02873  4.78%  22.6 10985s
 28174023 573320    0.02861  117    3    0.02742    0.02873  4.78%  22.6 10990s
 28200175 575224    0.02873   89    4    0.02742    0.02873  4.78%  22.6 10995s
 28223976 576477     cutoff   37         0.02742    0.02873  4.78%  22.6 11000s
 28247739 578329    0.02873   86    3    0.02742    0.02873  4.78%  22.5 11005s
 28256471 578907    0.02873   92    5    0.02742    0.02873  4.78%  22.5 11010s
 28281844 580455    0.02860  117    2    0.02742    0.02873  4.78%  22.5 11015s
 28307858 581831 infeasible  120         0.02742    0.02873  4.78%  22.5 11020s
 28332824 583286    0.02780  104    6    0.02742    0.02873  4.77%  22.5 11025s
 28356993 584719 infeasible  114         0.02742    0.02873  4.77%  22.5 11030s
 28382943 586323    0.02862   87    2    0.02742    0.02873  4.77%  22.5 11035s
 28409155 588044    0.02828  114   14    0.02742    0.02873  4.77%  22.4 11040s
 28434716 589814     cutoff  116         0.02742    0.02873  4.77%  22.4 11045s
 28459766 591264 infeasible  113         0.02742    0.02873  4.77%  22.4 11050s
 28484641 593206     cutoff  113         0.02742    0.02873  4.77%  22.4 11055s
 28509558 595146    0.02860  112    4    0.02742    0.02873  4.77%  22.4 11060s
 28536706 596591    0.02873  104    6    0.02742    0.02873  4.77%  22.4 11065s
 28563984 598399    0.02859  113    1    0.02742    0.02873  4.77%  22.3 11070s
 28587291 599911    0.02864  115    1    0.02742    0.02873  4.77%  22.3 11075s
 28612176 601325    0.02873   90    3    0.02742    0.02873  4.77%  22.3 11080s
 28637600 603085 infeasible   91         0.02742    0.02873  4.77%  22.3 11085s
 28660507 604295    0.02873   90    4    0.02742    0.02873  4.77%  22.3 11090s
 28686731 605738     cutoff   90         0.02742    0.02873  4.77%  22.3 11095s
 28710459 607057    0.02873   88    5    0.02742    0.02873  4.76%  22.3 11100s
 28733472 608636     cutoff  120         0.02742    0.02873  4.76%  22.2 11105s
 28757798 610107     cutoff  111         0.02742    0.02873  4.76%  22.2 11110s
 28782456 611554 infeasible  110         0.02742    0.02873  4.76%  22.2 11115s
 28805310 613267 infeasible  100         0.02742    0.02873  4.76%  22.2 11120s
 28830963 614840    0.02858  110    2    0.02742    0.02873  4.76%  22.2 11125s
 28855614 616412 infeasible   99         0.02742    0.02873  4.76%  22.2 11130s
 28879601 617777    0.02873   78   15    0.02742    0.02873  4.76%  22.2 11135s
 28904220 619612    0.02870   89    2    0.02742    0.02873  4.76%  22.1 11140s
 28929370 621430    0.02873   87    3    0.02742    0.02873  4.76%  22.1 11145s
 28954722 622662    0.02817   87   15    0.02742    0.02873  4.76%  22.1 11150s
 28980615 624061    0.02873   86    5    0.02742    0.02873  4.76%  22.1 11155s
 29004521 625233 infeasible  114         0.02742    0.02873  4.76%  22.1 11160s
 29029870 626602    0.02873   84    7    0.02742    0.02873  4.76%  22.1 11165s
 29048665 627788     cutoff   89         0.02742    0.02873  4.76%  22.0 11170s
 29072896 629313 infeasible  113         0.02742    0.02873  4.76%  22.0 11175s
 29098388 630556     cutoff   96         0.02742    0.02873  4.75%  22.0 11180s
 29120324 631897     cutoff  119         0.02742    0.02873  4.75%  22.0 11185s
 29145044 633318    0.02855  106    8    0.02742    0.02873  4.75%  22.0 11190s
 29165534 634701    0.02873   92    3    0.02742    0.02873  4.75%  22.0 11195s
 29188785 636095     cutoff   91         0.02742    0.02873  4.75%  22.0 11200s
 29212013 637645 infeasible  114         0.02742    0.02873  4.75%  21.9 11205s
 29236190 638968     cutoff  110         0.02742    0.02873  4.75%  21.9 11210s
 29260970 640538    0.02861  108   14    0.02742    0.02873  4.75%  21.9 11215s
 29283264 641869     cutoff   91         0.02742    0.02873  4.75%  21.9 11220s
 29308997 643466    0.02826  112    1    0.02742    0.02873  4.75%  21.9 11225s
 29334330 644886    0.02872   90    3    0.02742    0.02873  4.75%  21.9 11230s
 29358862 646265    0.02873  112    2    0.02742    0.02873  4.75%  21.9 11235s
 29382895 647458    0.02873  103    1    0.02742    0.02873  4.75%  21.8 11240s
 29403215 648377    0.02779  104    8    0.02742    0.02873  4.75%  21.8 11245s
 29425520 649930 infeasible  111         0.02742    0.02872  4.75%  21.8 11250s
 29448969 651326 infeasible  109         0.02742    0.02872  4.75%  21.8 11255s
 29472593 652919 infeasible   90         0.02742    0.02872  4.74%  21.8 11260s
 29494975 654439    0.02784  105    8    0.02742    0.02872  4.74%  21.8 11265s
 29506658 654968    0.02826  114    1    0.02742    0.02872  4.74%  21.8 11270s
 29527498 656108    0.02856  108    1    0.02742    0.02872  4.74%  21.8 11275s
 29546516 657024    0.02872   88    5    0.02742    0.02872  4.74%  21.8 11280s
 29569890 658282    0.02826  112    2    0.02742    0.02872  4.74%  21.7 11285s
 29590306 659450    0.02872  107    3    0.02742    0.02872  4.74%  21.7 11290s
 29613106 661368    0.02858  118    1    0.02742    0.02872  4.74%  21.7 11295s
 29635145 663116    0.02826  112    1    0.02742    0.02872  4.74%  21.7 11300s
 29657491 664776    0.02872   91    4    0.02742    0.02872  4.74%  21.7 11305s
 29676800 665966    0.02872  108    3    0.02742    0.02872  4.74%  21.7 11310s
 29697496 667602    0.02827  114    1    0.02742    0.02872  4.74%  21.7 11315s
 29719144 669370    0.02872  109    2    0.02742    0.02872  4.74%  21.7 11320s
 29740571 671025    0.02826  115    1    0.02742    0.02872  4.74%  21.6 11325s
 29757797 672096    0.02825  113    1    0.02742    0.02872  4.74%  21.6 11330s
 29778898 673940 infeasible  113         0.02742    0.02872  4.74%  21.6 11335s
 29800655 675700    0.02872  109    2    0.02742    0.02872  4.74%  21.6 11340s
 29822327 677707 infeasible  109         0.02742    0.02872  4.74%  21.6 11345s
 29843534 679338     cutoff  119         0.02742    0.02872  4.74%  21.6 11350s
 29864067 680915 infeasible  111         0.02742    0.02872  4.74%  21.6 11355s
 29884904 682354 infeasible  109         0.02742    0.02872  4.74%  21.6 11360s
 29906501 683952    0.02826  115    1    0.02742    0.02872  4.74%  21.5 11365s
 29925986 685623    0.02870  107    6    0.02742    0.02872  4.74%  21.5 11370s
 29946876 687140    0.02852  102    8    0.02742    0.02872  4.73%  21.5 11375s
 29968364 689209    0.02872  109    2    0.02742    0.02872  4.73%  21.5 11380s
 29987859 690701    0.02820  112    1    0.02742    0.02872  4.73%  21.5 11385s
 30006903 692181    0.02826  109    6    0.02742    0.02872  4.73%  21.5 11390s
 30026668 693718 infeasible  107         0.02742    0.02872  4.73%  21.5 11395s
 30047280 695281     cutoff  113         0.02742    0.02872  4.73%  21.5 11400s
 30067496 696943    0.02856  115    1    0.02742    0.02872  4.73%  21.4 11405s
 30087415 698622    0.02858  120    1    0.02742    0.02872  4.73%  21.4 11410s
 30106353 700095     cutoff  122         0.02742    0.02872  4.73%  21.4 11415s
 30125886 702021     cutoff  117         0.02742    0.02872  4.73%  21.4 11420s
 30146343 703966    0.02820  112    1    0.02742    0.02872  4.73%  21.4 11425s
 30166560 705844     cutoff  116         0.02742    0.02872  4.73%  21.4 11430s
 30186448 707454     cutoff  108         0.02742    0.02872  4.73%  21.4 11435s
 30204632 709017 infeasible  116         0.02742    0.02872  4.73%  21.4 11440s
 30223792 710782    0.02825  109    2    0.02742    0.02872  4.73%  21.4 11445s
 30243268 712227    0.02825  111    2    0.02742    0.02872  4.73%  21.3 11450s
 30263431 713774    0.02860  114    7    0.02742    0.02872  4.73%  21.3 11455s
 30278287 715042    0.02824  104    2    0.02742    0.02872  4.73%  21.3 11460s
 30298173 716804    0.02825  115    2    0.02742    0.02872  4.73%  21.3 11465s
 30317082 718295    0.02826  111    3    0.02742    0.02872  4.73%  21.3 11470s
 30336119 719703    0.02820  108    1    0.02742    0.02872  4.73%  21.3 11475s
 30355953 721515 infeasible  115         0.02742    0.02872  4.73%  21.3 11480s
 30374860 723207    0.02825  115    1    0.02742    0.02872  4.73%  21.3 11485s
 30391711 724534     cutoff  117         0.02742    0.02872  4.73%  21.3 11490s
 30411307 726059 infeasible  118         0.02742    0.02872  4.73%  21.3 11495s
 30431248 727707    0.02857  112    6    0.02742    0.02872  4.73%  21.2 11500s
 30451620 729419    0.02833  105    8    0.02742    0.02872  4.73%  21.2 11505s
 30471535 731222    0.02826  102    6    0.02742    0.02872  4.73%  21.2 11510s
 30489879 732737     cutoff  112         0.02742    0.02872  4.73%  21.2 11515s
 30509401 734108    0.02826  106    8    0.02742    0.02872  4.73%  21.2 11520s
 30529354 735722 infeasible  113         0.02742    0.02872  4.73%  21.2 11525s
 30548164 737133     cutoff  115         0.02742    0.02872  4.73%  21.2 11530s
 30568062 738922 infeasible  117         0.02742    0.02872  4.73%  21.2 11535s
 30588052 740687    0.02825  110    2    0.02742    0.02872  4.73%  21.2 11540s
 30608070 742739    0.02872  108    3    0.02742    0.02872  4.73%  21.1 11545s
 30627166 744084    0.02820  109    1    0.02742    0.02872  4.73%  21.1 11550s
 30645763 745527 infeasible  107         0.02742    0.02872  4.73%  21.1 11555s
 30660683 746932    0.02780   68   37    0.02742    0.02872  4.73%  21.1 11560s
 30673676 748056    0.02858  113   11    0.02742    0.02872  4.73%  21.1 11565s
 30693794 749990    0.02872  101    2    0.02742    0.02872  4.73%  21.1 11570s
 30713010 751698    0.02820  110    1    0.02742    0.02872  4.73%  21.1 11575s
 30731400 753469     cutoff  110         0.02742    0.02872  4.73%  21.1 11580s
 30749657 754987    0.02826  110    5    0.02742    0.02872  4.73%  21.1 11585s
 30769420 756563    0.02833  103    7    0.02742    0.02872  4.73%  21.0 11590s
 30786633 758221 infeasible  113         0.02742    0.02872  4.73%  21.0 11595s
 30797955 759235    0.02825  115    1    0.02742    0.02872  4.73%  21.0 11600s
 30816235 760922    0.02872  107    2    0.02742    0.02872  4.73%  21.0 11605s
 30836287 762817    0.02820  110    5    0.02742    0.02872  4.73%  21.0 11610s
 30855487 764507     cutoff  111         0.02742    0.02872  4.73%  21.0 11615s
 30876167 766200    0.02836  111    6    0.02742    0.02872  4.72%  21.0 11620s
 30896921 768119     cutoff  117         0.02742    0.02872  4.72%  21.0 11625s
 30915490 769855    0.02872   84    7    0.02742    0.02872  4.72%  21.0 11630s
 30936775 772241    0.02825  107    6    0.02742    0.02872  4.72%  21.0 11635s
 30956250 773821     cutoff  117         0.02742    0.02872  4.72%  20.9 11640s
 30972551 775196     cutoff  118         0.02742    0.02872  4.72%  20.9 11645s
 30992947 776657    0.02770  107    5    0.02742    0.02872  4.72%  20.9 11650s
 31012555 778809    0.02855  118    1    0.02742    0.02872  4.72%  20.9 11655s
 31033284 780752    0.02859  117    1    0.02742    0.02872  4.72%  20.9 11660s
 31053048 782579    0.02825  111    1    0.02742    0.02872  4.72%  20.9 11665s
 31073529 784693     cutoff   89         0.02742    0.02872  4.72%  20.9 11670s
 31092968 786601     cutoff  122         0.02742    0.02872  4.72%  20.9 11675s
 31113680 788561 infeasible  110         0.02742    0.02872  4.72%  20.9 11680s
 31134839 791137    0.02860  114    2    0.02742    0.02872  4.72%  20.8 11685s
 31155841 793488 infeasible  116         0.02742    0.02872  4.72%  20.8 11690s
 31177169 795945     cutoff  117         0.02742    0.02872  4.72%  20.8 11695s
 31194641 797740    0.02847  110    2    0.02742    0.02872  4.72%  20.8 11700s
 31216192 800278     cutoff  112         0.02742    0.02872  4.72%  20.8 11705s
 31237627 802417     cutoff  113         0.02742    0.02872  4.72%  20.8 11710s
 31259021 804651     cutoff  101         0.02742    0.02872  4.72%  20.8 11715s
 31280811 807033     cutoff  117         0.02742    0.02872  4.72%  20.8 11720s
 31300042 809222    0.02872   98    3    0.02742    0.02872  4.72%  20.8 11725s
 31321736 811424    0.02872  108    2    0.02742    0.02872  4.71%  20.7 11730s
 31341216 813297    0.02858  114    3    0.02742    0.02872  4.71%  20.7 11735s
 31362207 815687    0.02845  110    3    0.02742    0.02872  4.71%  20.7 11740s
 31381455 817779    0.02856  118    3    0.02742    0.02872  4.71%  20.7 11745s
 31402110 820476    0.02859  118    2    0.02742    0.02872  4.71%  20.7 11750s
 31422155 822833    0.02871  107    7    0.02742    0.02872  4.71%  20.7 11755s
 31443117 825048    0.02872  109    2    0.02742    0.02872  4.71%  20.7 11760s
 31462691 827205    0.02859  113    1    0.02742    0.02872  4.71%  20.7 11765s
 31479964 829037    0.02871  106    4    0.02742    0.02872  4.71%  20.7 11770s
 31497493 830627    0.02832  108    8    0.02742    0.02872  4.71%  20.7 11775s
 31517592 832224    0.02817  106    4    0.02742    0.02871  4.71%  20.6 11780s
 31538114 834038 infeasible  113         0.02742    0.02871  4.71%  20.6 11785s
 31558175 835556    0.02862   78    9    0.02742    0.02871  4.71%  20.6 11790s
 31576482 837374     cutoff  114         0.02742    0.02871  4.71%  20.6 11795s
 31595744 839183    0.02871  107    2    0.02742    0.02871  4.71%  20.6 11800s
 31617565 841521    0.02822  118    1    0.02742    0.02871  4.71%  20.6 11805s
 31637634 844032    0.02871  110    3    0.02742    0.02871  4.71%  20.6 11810s
 31659432 846301    0.02859  109    2    0.02742    0.02871  4.71%  20.6 11815s
 31679325 848426     cutoff  118         0.02742    0.02871  4.71%  20.6 11820s
 31699845 850943 infeasible  104         0.02742    0.02871  4.70%  20.6 11825s
 31720081 853484    0.02818  114    3    0.02742    0.02871  4.70%  20.5 11830s
 31739884 855344    0.02859  111    5    0.02742    0.02871  4.70%  20.5 11835s
 31759046 857405    0.02871  104    4    0.02742    0.02871  4.70%  20.5 11840s
 31779146 859693    0.02858  118    3    0.02742    0.02871  4.70%  20.5 11845s
 31800587 861888    0.02833  115    1    0.02742    0.02871  4.70%  20.5 11850s
 31820354 864289 infeasible  116         0.02742    0.02871  4.70%  20.5 11855s
 31835849 866159     cutoff  119         0.02742    0.02871  4.70%  20.5 11860s
 31856489 868227    0.02853  115    2    0.02742    0.02871  4.70%  20.5 11865s
 31877525 870631 infeasible   36         0.02742    0.02871  4.70%  20.5 11870s
 31898868 873014 infeasible  118         0.02742    0.02871  4.70%  20.5 11875s
 31917271 874948     cutoff  121         0.02742    0.02871  4.70%  20.5 11880s
 31937166 876970     cutoff  110         0.02742    0.02871  4.70%  20.4 11885s
 31958334 879655    0.02871  109    3    0.02742    0.02871  4.70%  20.4 11890s
 31978925 881941 infeasible  115         0.02742    0.02871  4.70%  20.4 11895s
 32000218 884471     cutoff  114         0.02742    0.02871  4.70%  20.4 11900s
 32020241 886779     cutoff  109         0.02742    0.02871  4.70%  20.4 11905s
 32040715 889589    0.02852  114    2    0.02742    0.02871  4.70%  20.4 11910s
 32061126 891902     cutoff  116         0.02742    0.02871  4.69%  20.4 11915s
 32082232 894524    0.02855  117    2    0.02742    0.02871  4.69%  20.4 11920s
 32102418 897231     cutoff  109         0.02742    0.02871  4.69%  20.4 11925s
 32122202 899408    0.02853  112    9    0.02742    0.02871  4.69%  20.3 11930s
 32139880 901336     cutoff  122         0.02742    0.02871  4.69%  20.3 11935s
 32159885 903410 infeasible  122         0.02742    0.02871  4.69%  20.3 11940s
 32178988 905476    0.02751  108    5    0.02742    0.02871  4.69%  20.3 11945s
 32199753 908152    0.02871  109    3    0.02742    0.02871  4.69%  20.3 11950s
 32220228 910343    0.02852  115    1    0.02742    0.02871  4.69%  20.3 11955s
 32241840 912668    0.02764  104    5    0.02742    0.02871  4.69%  20.3 11960s
 32258893 914858    0.02871  103    5    0.02742    0.02871  4.69%  20.3 11965s
 32278017 917069     cutoff  115         0.02742    0.02871  4.69%  20.3 11970s
 32299190 919571     cutoff  118         0.02742    0.02871  4.69%  20.3 11975s
 32317281 921321    0.02853  113    1    0.02742    0.02871  4.69%  20.2 11980s
 32336531 923640    0.02856  114    2    0.02742    0.02871  4.69%  20.2 11985s
 32357273 926101    0.02834  111    1    0.02742    0.02871  4.69%  20.2 11990s
 32374297 927817 infeasible  108         0.02742    0.02871  4.69%  20.2 11995s
 32396342 930343    0.02871  111    2    0.02742    0.02871  4.69%  20.2 12000s
 32417105 933039 infeasible  104         0.02742    0.02871  4.68%  20.2 12005s
 32438953 935523    0.02852  113    7    0.02742    0.02871  4.68%  20.2 12010s
 32460322 937868     cutoff  119         0.02742    0.02871  4.68%  20.2 12015s
 32479375 939984    0.02856  115    1    0.02742    0.02871  4.68%  20.2 12020s
 32498752 942064 infeasible  111         0.02742    0.02871  4.68%  20.2 12025s
 32520031 944476     cutoff  121         0.02742    0.02871  4.68%  20.1 12030s
 32541593 947321    0.02859  113    1    0.02742    0.02871  4.68%  20.1 12035s
 32562075 949967    0.02853  113    9    0.02742    0.02871  4.68%  20.1 12040s
 32580137 952347    0.02870  101    5    0.02742    0.02871  4.68%  20.1 12045s
 32600231 954543    0.02870  106    5    0.02742    0.02871  4.68%  20.1 12050s
 32622282 956931    0.02854  112    9    0.02742    0.02871  4.68%  20.1 12055s
 32643788 959808    0.02823  119    2    0.02742    0.02871  4.68%  20.1 12060s
 32664668 962029 infeasible  117         0.02742    0.02871  4.68%  20.1 12065s
 32683467 964276    0.02871  107    2    0.02742    0.02871  4.68%  20.1 12070s
 32705218 967036 infeasible  107         0.02742    0.02871  4.68%  20.1 12075s
 32727736 969675     cutoff   45         0.02742    0.02871  4.68%  20.0 12080s
 32746778 972080    0.02853  107   15    0.02742    0.02871  4.68%  20.0 12085s
 32764193 974133 infeasible  119         0.02742    0.02871  4.68%  20.0 12090s
 32781627 976067    0.02852  109   10    0.02742    0.02871  4.68%  20.0 12095s
 32801699 978600     cutoff  123         0.02742    0.02871  4.67%  20.0 12100s
 32823717 981176     cutoff  122         0.02742    0.02871  4.67%  20.0 12105s
 32844333 983571     cutoff  119         0.02742    0.02871  4.67%  20.0 12110s
 32866438 986347     cutoff  118         0.02742    0.02870  4.67%  20.0 12115s
 32884763 988893 infeasible  114         0.02742    0.02870  4.67%  20.0 12120s
 32905266 991596 infeasible  106         0.02742    0.02870  4.67%  20.0 12125s
 32926591 994041     cutoff  117         0.02742    0.02870  4.67%  20.0 12130s
 32948220 996359     cutoff  128         0.02742    0.02870  4.67%  19.9 12135s
 32969158 999048 infeasible  119         0.02742    0.02870  4.67%  19.9 12140s
 32990956 1001675    0.02870  111    2    0.02742    0.02870  4.67%  19.9 12145s
 33010826 1003979    0.02851  121    1    0.02742    0.02870  4.67%  19.9 12150s
 33028533 1005928 infeasible  116         0.02742    0.02870  4.67%  19.9 12155s
 33050149 1008661    0.02855  113    6    0.02742    0.02870  4.67%  19.9 12160s
 33071147 1011134    0.02855  107   14    0.02742    0.02870  4.67%  19.9 12165s
 33085754 1012762    0.02858  112    6    0.02742    0.02870  4.67%  19.9 12171s
 33102118 1014570 infeasible  116         0.02742    0.02870  4.67%  19.9 12175s
 33124317 1017092     cutoff  112         0.02742    0.02870  4.67%  19.9 12180s
 33144182 1019392    0.02851  117    7    0.02742    0.02870  4.67%  19.8 12185s
 33165066 1021746    0.02854  109   14    0.02742    0.02870  4.67%  19.8 12190s
 33186168 1024254    0.02854  120    1    0.02742    0.02870  4.67%  19.8 12195s
 33207892 1026456     cutoff  114         0.02742    0.02870  4.67%  19.8 12200s
 33229858 1029192     cutoff  108         0.02742    0.02870  4.66%  19.8 12205s
 33248764 1031244 infeasible  119         0.02742    0.02870  4.66%  19.8 12210s
 33268656 1033518    0.02870  109    4    0.02742    0.02870  4.66%  19.8 12215s
 33285421 1035375     cutoff  114         0.02742    0.02870  4.66%  19.8 12220s
 33302738 1037745 infeasible  122         0.02742    0.02870  4.66%  19.8 12225s
 33324309 1040330    0.02870  110    3    0.02742    0.02870  4.66%  19.8 12230s
 33346135 1042934    0.02854  114    2    0.02742    0.02870  4.66%  19.8 12235s
 33366561 1045491    0.02857  113    1    0.02742    0.02870  4.66%  19.7 12240s
 33385815 1047710     cutoff  117         0.02742    0.02870  4.66%  19.7 12245s
 33407623 1050466    0.02856  105   12    0.02742    0.02870  4.66%  19.7 12250s
 33429098 1052995 infeasible  120         0.02742    0.02870  4.66%  19.7 12255s
 33451016 1055671    0.02854  114    6    0.02742    0.02870  4.66%  19.7 12260s
 33466267 1057507     cutoff  122         0.02742    0.02870  4.66%  19.7 12265s
 33488022 1059948    0.02855  117    1    0.02742    0.02870  4.66%  19.7 12270s
 33510174 1062565     cutoff  116         0.02742    0.02870  4.66%  19.7 12275s
 33531072 1065178 infeasible  120         0.02742    0.02870  4.66%  19.7 12280s
 33551124 1067478    0.02870  104    5    0.02742    0.02870  4.66%  19.7 12285s
 33572902 1070253 infeasible  119         0.02742    0.02870  4.66%  19.6 12290s
 33595264 1072921     cutoff  116         0.02742    0.02870  4.66%  19.6 12295s
 33617069 1075344     cutoff  115         0.02742    0.02870  4.66%  19.6 12300s
 33638326 1078018    0.02870  109    6    0.02742    0.02870  4.66%  19.6 12305s
 33658376 1080235    0.02779  113    2    0.02742    0.02870  4.65%  19.6 12310s
 33681085 1082923    0.02870   98    4    0.02742    0.02870  4.65%  19.6 12315s
 33700911 1085127    0.02853  116   11    0.02742    0.02870  4.65%  19.6 12320s
 33722393 1087830     cutoff  109         0.02742    0.02870  4.65%  19.6 12325s
 33743806 1090338    0.02832  114    3    0.02742    0.02870  4.65%  19.6 12330s
 33766304 1092982 infeasible  119         0.02742    0.02870  4.65%  19.6 12335s
 33786323 1095432    0.02856  119    2    0.02742    0.02870  4.65%  19.5 12340s
 33807513 1097923 infeasible  114         0.02742    0.02870  4.65%  19.5 12345s
 33820142 1099413     cutoff   45         0.02742    0.02870  4.65%  19.5 12350s
 33823917 1099647     cutoff   47         0.02742    0.02870  4.65%  19.5 12355s
 33845535 1102265    0.02857  117    6    0.02742    0.02870  4.65%  19.5 12360s
 33866421 1104863    0.02852  110   12    0.02742    0.02870  4.65%  19.5 12365s
 33888089 1107509 infeasible  108         0.02742    0.02870  4.65%  19.5 12370s
 33907155 1109714 infeasible  104         0.02742    0.02870  4.65%  19.5 12375s
 33928806 1112090     cutoff  119         0.02742    0.02870  4.65%  19.5 12380s
 33951868 1114746 infeasible  109         0.02742    0.02870  4.65%  19.5 12385s
 33973664 1117140     cutoff  115         0.02742    0.02870  4.65%  19.5 12390s
 33994828 1119414    0.02854  114    2    0.02742    0.02870  4.65%  19.5 12395s
 34014615 1121728 infeasible  119         0.02742    0.02870  4.65%  19.4 12400s
 34024240 1122787    0.02856  116    1    0.02742    0.02870  4.65%  19.4 12405s
 34044830 1125130     cutoff   45         0.02742    0.02870  4.64%  19.4 12410s
 34063575 1127073    0.02869  119    2    0.02742    0.02870  4.64%  19.4 12415s
 34085467 1129465    0.02854  115    1    0.02742    0.02870  4.64%  19.4 12420s
 34108408 1132053    0.02840  118    1    0.02742    0.02870  4.64%  19.4 12425s
 34128540 1134287     cutoff  113         0.02742    0.02870  4.64%  19.4 12430s
 34149468 1136469    0.02852  115    2    0.02742    0.02870  4.64%  19.4 12435s
 34168429 1138163    0.02869  105    5    0.02742    0.02870  4.64%  19.4 12440s
 34191528 1140599    0.02850  120    5    0.02742    0.02870  4.64%  19.4 12445s
 34209551 1142673    0.02855  113    2    0.02742    0.02870  4.64%  19.4 12450s
 34228014 1144557 infeasible  116         0.02742    0.02870  4.64%  19.3 12455s
 34244828 1145976 infeasible  108         0.02742    0.02870  4.64%  19.3 12460s
 34267856 1148436     cutoff  118         0.02742    0.02870  4.64%  19.3 12465s
 34289890 1150806     cutoff  111         0.02742    0.02870  4.64%  19.3 12470s
 34312120 1152718    0.02869  105    6    0.02742    0.02870  4.64%  19.3 12475s
 34334027 1155028    0.02852  112    6    0.02742    0.02869  4.64%  19.3 12480s
 34350685 1156398    0.02869  104    6    0.02742    0.02869  4.64%  19.3 12485s
 34371468 1158367    0.02853  111   11    0.02742    0.02869  4.64%  19.3 12490s
 34393040 1160698    0.02831  115    7    0.02742    0.02869  4.63%  19.3 12495s
 34415328 1163442     cutoff  109         0.02742    0.02869  4.63%  19.3 12500s
 34437772 1165840 infeasible  111         0.02742    0.02869  4.63%  19.2 12505s
 34456500 1168085 infeasible  111         0.02742    0.02869  4.63%  19.2 12510s
 34477553 1169962 infeasible  116         0.02742    0.02869  4.63%  19.2 12515s
 34502108 1172283    0.02869  105    2    0.02742    0.02869  4.63%  19.2 12520s
 34522614 1174133     cutoff   43         0.02742    0.02869  4.63%  19.2 12525s
 34533915 1175261    0.02839  109   12    0.02742    0.02869  4.63%  19.2 12530s
 34535289 1175423    0.02855  108    8    0.02742    0.02869  4.63%  19.2 12535s
 34557100 1177737    0.02869  112    3    0.02742    0.02869  4.63%  19.2 12540s
 34580589 1180045    0.02853  114    3    0.02742    0.02869  4.63%  19.2 12545s
 34603280 1182620 infeasible  115         0.02742    0.02869  4.63%  19.2 12550s
 34625814 1185165    0.02855  112    9    0.02742    0.02869  4.63%  19.2 12555s
 34650094 1187875    0.02849  110    2    0.02742    0.02869  4.63%  19.2 12560s
 34669556 1189795 infeasible  112         0.02742    0.02869  4.63%  19.1 12565s
 34684164 1191231     cutoff  111         0.02742    0.02869  4.63%  19.1 12570s
 34701974 1193316     cutoff  111         0.02742    0.02869  4.63%  19.1 12576s
 34710906 1194251     cutoff  110         0.02742    0.02869  4.63%  19.1 12580s
 34735418 1197171     cutoff  120         0.02742    0.02869  4.63%  19.1 12585s
 34759080 1199564    0.02839  103    9    0.02742    0.02869  4.62%  19.1 12590s
 34783751 1201915     cutoff  112         0.02742    0.02869  4.62%  19.1 12595s
 34805735 1203766    0.02851  116    8    0.02742    0.02869  4.62%  19.1 12600s
 34827838 1205875    0.02839  110   12    0.02742    0.02869  4.62%  19.1 12605s
 34854254 1208641     cutoff  115         0.02742    0.02869  4.62%  19.1 12610s
 34878211 1211056 infeasible  120         0.02742    0.02869  4.62%  19.0 12615s
 34902667 1213329    0.02869  107    3    0.02742    0.02869  4.62%  19.0 12620s
 34924451 1215562 infeasible  102         0.02742    0.02869  4.62%  19.0 12625s
 34950778 1218554    0.02850  119    1    0.02742    0.02869  4.62%  19.0 12630s
 34973449 1221007 infeasible  109         0.02742    0.02869  4.62%  19.0 12635s
 34994343 1222863 infeasible  108         0.02742    0.02869  4.62%  19.0 12640s
 35019771 1225221    0.02857  109    7    0.02742    0.02869  4.62%  19.0 12645s
 35042700 1227592 infeasible  124         0.02742    0.02869  4.62%  19.0 12650s
 35066585 1230000    0.02869  108    4    0.02742    0.02869  4.62%  19.0 12655s
 35084242 1231883    0.02869  110    4    0.02742    0.02869  4.62%  19.0 12660s
 35108364 1234496 infeasible  117         0.02742    0.02869  4.62%  18.9 12665s
 35118449 1235681 infeasible  115         0.02742    0.02869  4.62%  18.9 12670s
 35141762 1238158 infeasible  113         0.02742    0.02869  4.62%  18.9 12675s
 35161330 1239962    0.02869  109    2    0.02742    0.02869  4.61%  18.9 12680s
 35168304 1240594    0.02848  117    1    0.02742    0.02869  4.61%  18.9 12685s
 35190386 1242876     cutoff  114         0.02742    0.02869  4.61%  18.9 12690s
 35214059 1245036    0.02849  110    8    0.02742    0.02869  4.61%  18.9 12695s
 35239250 1247407    0.02856  109    5    0.02742    0.02869  4.61%  18.9 12700s
 35265572 1249824 infeasible  110         0.02742    0.02869  4.61%  18.9 12705s
 35291832 1252184    0.02801  106    5    0.02742    0.02869  4.61%  18.9 12710s
 35316091 1254451 infeasible  113         0.02742    0.02869  4.61%  18.9 12715s
 35340885 1256839    0.02869  110    3    0.02742    0.02869  4.61%  18.8 12720s
 35366976 1259671     cutoff  109         0.02742    0.02869  4.61%  18.8 12725s
 35391904 1262348    0.02869  106    4    0.02742    0.02869  4.61%  18.8 12730s
 35415982 1264502    0.02852  121    1    0.02742    0.02869  4.61%  18.8 12735s
 35443066 1266943 infeasible  115         0.02742    0.02869  4.61%  18.8 12740s
 35467562 1269276    0.02869  114    1    0.02742    0.02869  4.61%  18.8 12745s
 35494889 1271938    0.02848  111    1    0.02742    0.02869  4.61%  18.8 12750s
 35522894 1274843     cutoff  110         0.02742    0.02869  4.61%  18.8 12755s
 35544949 1276945     cutoff   44         0.02742    0.02869  4.61%  18.7 12760s
 35568425 1279416    0.02851  117    1    0.02742    0.02869  4.60%  18.7 12765s
 35594142 1282052    0.02848  112    1    0.02742    0.02869  4.60%  18.7 12770s
 35608273 1283612     cutoff  121         0.02742    0.02869  4.60%  18.7 12775s
 35630872 1285891 infeasible  109         0.02742    0.02869  4.60%  18.7 12780s
 35655124 1288462    0.02851  121    1    0.02742    0.02869  4.60%  18.7 12785s
 35662581 1289357     cutoff  118         0.02742    0.02869  4.60%  18.7 12790s
 35682651 1291415    0.02852  114    9    0.02742    0.02869  4.60%  18.7 12795s
 35707327 1294052     cutoff  111         0.02742    0.02869  4.60%  18.7 12800s
 35732666 1296580    0.02856  114    1    0.02742    0.02869  4.60%  18.7 12805s
 35758015 1298925    0.02868  109    4    0.02742    0.02868  4.60%  18.7 12810s
 35784155 1301451 infeasible  120         0.02742    0.02868  4.60%  18.6 12815s
 35809666 1303325    0.02868  113    1    0.02742    0.02868  4.60%  18.6 12820s
 35836538 1305640 infeasible  116         0.02742    0.02868  4.60%  18.6 12825s
 35860388 1307387    0.02855  118    1    0.02742    0.02868  4.60%  18.6 12830s
 35886004 1309373    0.02850  114    1    0.02742    0.02868  4.60%  18.6 12835s
 35893804 1309944    0.02868  115    2    0.02742    0.02868  4.60%  18.6 12840s
 35920529 1312105    0.02868  115    3    0.02742    0.02868  4.60%  18.6 12845s
 35944536 1314191    0.02868  108    2    0.02742    0.02868  4.60%  18.6 12850s
 35962061 1315724 infeasible  118         0.02742    0.02868  4.60%  18.6 12855s
 35983963 1317717    0.02868   99   13    0.02742    0.02868  4.59%  18.6 12860s
 36009504 1319912    0.02851  108   10    0.02742    0.02868  4.59%  18.5 12865s
 36029756 1321278    0.02847  110    1    0.02742    0.02868  4.59%  18.5 12870s
 36053435 1323272    0.02868  104    3    0.02742    0.02868  4.59%  18.5 12875s
 36081674 1325000    0.02868  115    2    0.02742    0.02868  4.59%  18.5 12880s
 36109378 1326305    0.02868  110    1    0.02742    0.02868  4.59%  18.5 12885s
 36134935 1326536    0.02868  115    3    0.02742    0.02868  4.59%  18.5 12890s
 36160861 1326996 infeasible  106         0.02742    0.02868  4.59%  18.5 12895s
 36181971 1326922    0.02852  104   14    0.02742    0.02868  4.59%  18.5 12900s
 36207715 1326859    0.02855  114    1    0.02742    0.02868  4.59%  18.5 12905s
 36232883 1326569    0.02868  108    2    0.02742    0.02868  4.59%  18.4 12910s
 36257526 1326555    0.02868  113    1    0.02742    0.02868  4.59%  18.4 12916s
 36277162 1326469    0.02868  107    4    0.02742    0.02868  4.59%  18.4 12920s
 36301525 1326428    0.02868  111    2    0.02742    0.02868  4.58%  18.4 12925s
 36323113 1326478 infeasible  116         0.02742    0.02868  4.58%  18.4 12930s
 36346824 1326604    0.02842  102   10    0.02742    0.02868  4.58%  18.4 12935s
 36371636 1326601    0.02868  114    3    0.02742    0.02868  4.58%  18.4 12940s
 36396192 1326736     cutoff  113         0.02742    0.02868  4.58%  18.4 12945s
 36415086 1326825     cutoff   99         0.02742    0.02868  4.58%  18.4 12950s
 36439001 1326708    0.02867  107    4    0.02742    0.02868  4.58%  18.4 12955s
 36461504 1326680 infeasible  110         0.02742    0.02868  4.58%  18.3 12960s
 36484556 1326815    0.02827   37   60    0.02742    0.02868  4.58%  18.3 12965s
 36508386 1326892     cutoff  113         0.02742    0.02868  4.58%  18.3 12970s
 36532795 1326755    0.02868  104    7    0.02742    0.02868  4.57%  18.3 12975s
 36556994 1326758    0.02852  109    8    0.02742    0.02868  4.57%  18.3 12980s
 36581491 1326984 infeasible  112         0.02742    0.02868  4.57%  18.3 12985s
 36606254 1327081 infeasible  115         0.02742    0.02868  4.57%  18.3 12990s
 36629410 1327013    0.02867  109    3    0.02742    0.02868  4.57%  18.3 12995s
 36652971 1326887 infeasible  115         0.02742    0.02868  4.57%  18.3 13000s
 36670363 1327063    0.02837  110   14    0.02742    0.02868  4.57%  18.3 13005s
 36693195 1327195    0.02867  110    2    0.02742    0.02868  4.57%  18.3 13010s
 36715333 1327366     cutoff  110         0.02742    0.02868  4.57%  18.2 13015s
 36740608 1327427 infeasible  113         0.02742    0.02868  4.57%  18.2 13020s
 36764541 1327500    0.02867  108    1    0.02742    0.02868  4.56%  18.2 13025s
 36788989 1327684 infeasible  111         0.02742    0.02867  4.56%  18.2 13030s
 36811568 1327816    0.02866  117    2    0.02742    0.02867  4.56%  18.2 13035s
 36832954 1327965    0.02867  107    5    0.02742    0.02867  4.56%  18.2 13040s
 36854341 1327952    0.02851  110   15    0.02742    0.02867  4.56%  18.2 13045s
 36880429 1327895    0.02867  111    2    0.02742    0.02867  4.56%  18.2 13050s
 36902002 1327471    0.02811   45   55    0.02742    0.02867  4.56%  18.2 13055s
 36922283 1326925    0.02867  112    2    0.02742    0.02867  4.56%  18.2 13060s
 36941916 1326505 infeasible  122         0.02742    0.02867  4.55%  18.1 13065s
 36962843 1325944    0.02867  107    1    0.02742    0.02867  4.55%  18.1 13070s
 36981303 1325796    0.02867  118    2    0.02742    0.02867  4.55%  18.1 13075s
 37003146 1325108    0.02852  104   12    0.02742    0.02867  4.55%  18.1 13080s
 37021111 1324648    0.02867  103    2    0.02742    0.02867  4.55%  18.1 13085s
 37044953 1323923 infeasible  123         0.02742    0.02867  4.55%  18.1 13090s
 37066673 1323183    0.02867  108    4    0.02742    0.02867  4.55%  18.1 13095s
 37088578 1322460 infeasible  112         0.02742    0.02867  4.54%  18.1 13100s
 37093880 1322259    0.02780  110    5    0.02742    0.02867  4.54%  18.1 13105s
 37113608 1321923 infeasible  101         0.02742    0.02867  4.54%  18.1 13110s
 37132642 1321507 infeasible  105         0.02742    0.02867  4.54%  18.1 13115s
 37153087 1320987 infeasible  105         0.02742    0.02867  4.54%  18.1 13120s
 37172065 1320724     cutoff  115         0.02742    0.02867  4.54%  18.1 13125s
 37173619 1320703    0.02804   97    7    0.02742    0.02867  4.54%  18.1 13130s
 37191291 1320452    0.02867  116    2    0.02742    0.02867  4.54%  18.1 13135s
 37212454 1320012    0.02866  105    2    0.02742    0.02867  4.54%  18.0 13140s
 37225208 1319782 infeasible  123         0.02742    0.02867  4.53%  18.0 13145s
 37236577 1319472     cutoff  111         0.02742    0.02867  4.53%  18.0 13150s
 37259537 1318977    0.02867  108    4    0.02742    0.02867  4.53%  18.0 13155s
 37283168 1318532    0.02867  102    2    0.02742    0.02867  4.53%  18.0 13160s
 37306469 1318148    0.02867  112    4    0.02742    0.02867  4.53%  18.0 13165s
 37329601 1317614    0.02866  112    2    0.02742    0.02866  4.53%  18.0 13170s
 37350604 1317033     cutoff  112         0.02742    0.02866  4.53%  18.0 13175s
 37370425 1315715     cutoff   40         0.02742    0.02866  4.52%  18.0 13180s
 37389501 1314671    0.02866  110    1    0.02742    0.02866  4.52%  18.0 13185s
 37409494 1313482 infeasible  105         0.02742    0.02866  4.52%  18.0 13190s
 37419817 1313255     cutoff   38         0.02742    0.02866  4.52%  18.0 13195s
 37424544 1313768    0.02866  111    1    0.02742    0.02866  4.52%  18.0 13200s
 37440607 1313045    0.02866  106    3    0.02742    0.02866  4.51%  18.0 13205s
 37458735 1311695    0.02763   54   52    0.02742    0.02866  4.51%  18.0 13210s
 37475304 1310571    0.02862   86   10    0.02742    0.02866  4.51%  17.9 13215s
 37493534 1309258    0.02866   89    7    0.02742    0.02866  4.51%  17.9 13220s
 37510851 1308220    0.02865  108    5    0.02742    0.02866  4.50%  17.9 13225s
 37529519 1306936     cutoff   98         0.02742    0.02866  4.50%  17.9 13230s
 37547584 1306192 infeasible   45         0.02742    0.02866  4.50%  17.9 13235s
 37562779 1305279     cutoff   42         0.02742    0.02866  4.49%  17.9 13240s
 37577147 1304261 infeasible  113         0.02742    0.02865  4.49%  17.9 13245s
 37585331 1303569    0.02865  106    2    0.02742    0.02865  4.49%  17.9 13250s
 37600007 1302390    0.02854   89    5    0.02742    0.02865  4.49%  17.9 13255s
 37616373 1301083    0.02850  103    2    0.02742    0.02865  4.48%  17.9 13260s
 37632897 1299849    0.02865  107    1    0.02742    0.02865  4.48%  17.9 13265s
 37647846 1298973     cutoff   48         0.02742    0.02865  4.48%  17.9 13270s
 37663578 1298765 infeasible  106         0.02742    0.02865  4.47%  17.9 13275s
 37682063 1298819    0.02787  101    8    0.02742    0.02865  4.47%  17.9 13280s
 37696091 1298496     cutoff   42         0.02742    0.02865  4.47%  17.9 13285s
 37714940 1298690    0.02858  107    6    0.02742    0.02865  4.47%  17.9 13290s
 37734697 1298714 infeasible   96         0.02742    0.02865  4.47%  17.9 13295s
 37746394 1297836 infeasible  109         0.02742    0.02865  4.47%  17.9 13300s
 37754254 1297135     cutoff  113         0.02742    0.02865  4.46%  17.9 13305s
 37767808 1296032     cutoff   97         0.02742    0.02865  4.46%  17.9 13310s
 37774031 1295430     cutoff   43         0.02742    0.02865  4.46%  17.9 13315s
 37784293 1294520 infeasible  106         0.02742    0.02864  4.45%  17.9 13320s
 37789393 1294136    0.02863   91    4    0.02742    0.02864  4.45%  17.9 13325s
 37801364 1293481    0.02864  111    2    0.02742    0.02864  4.45%  17.9 13330s
 37814195 1292539 infeasible  101         0.02742    0.02864  4.44%  17.9 13335s
 37824698 1291786     cutoff   51         0.02742    0.02864  4.44%  17.8 13340s
 37833064 1291406 infeasible  103         0.02742    0.02864  4.43%  17.8 13345s
 37841431 1290576 infeasible  112         0.02742    0.02864  4.43%  17.8 13350s
 37855822 1289083    0.02759   49   55    0.02742    0.02864  4.43%  17.8 13355s
 37864945 1288479 infeasible  109         0.02742    0.02864  4.42%  17.8 13360s
 37870721 1288073 infeasible  127         0.02742    0.02864  4.42%  17.8 13365s
 37879376 1287188 infeasible  111         0.02742    0.02863  4.42%  17.8 13370s
 37890330 1285977    0.02851  113    7    0.02742    0.02863  4.41%  17.8 13375s
 37902748 1285236     cutoff   46         0.02742    0.02863  4.41%  17.8 13380s
 37918753 1283877     cutoff   37         0.02742    0.02863  4.40%  17.8 13385s
 37932995 1282469     cutoff   93         0.02742    0.02863  4.40%  17.8 13390s
 37943866 1281620 infeasible   58         0.02742    0.02863  4.40%  17.8 13395s
 37956247 1280073    0.02863  111    1    0.02742    0.02863  4.39%  17.8 13400s
 37965781 1279058     cutoff   41         0.02742    0.02863  4.39%  17.8 13405s
 37975928 1277993 infeasible   91         0.02742    0.02863  4.38%  17.8 13410s
 37987911 1276611 infeasible  106         0.02742    0.02862  4.38%  17.8 13415s
 37999078 1275358    0.02862  107    3    0.02742    0.02862  4.38%  17.8 13420s
 38008397 1274655    0.02750   59   50    0.02742    0.02862  4.37%  17.8 13425s
 38018876 1273235     cutoff  106         0.02742    0.02862  4.37%  17.8 13430s
 38025283 1272373    0.02862   92    5    0.02742    0.02862  4.37%  17.8 13436s
 38030278 1271762 infeasible  108         0.02742    0.02862  4.37%  17.8 13440s
 38040191 1270676    0.02755   41   51    0.02742    0.02862  4.36%  17.8 13445s
 38047426 1269802 infeasible  101         0.02742    0.02862  4.36%  17.8 13450s
 38060450 1268152     cutoff   44         0.02742    0.02862  4.36%  17.8 13455s
 38073360 1266407    0.02860   86    4    0.02742    0.02862  4.35%  17.8 13460s
 38082827 1265015 infeasible   44         0.02742    0.02862  4.35%  17.8 13465s
 38090043 1264050     cutoff   44         0.02742    0.02862  4.35%  17.8 13470s
 38102962 1262235     cutoff  112         0.02742    0.02862  4.35%  17.8 13475s
 38113111 1261006    0.02861  112    7    0.02742    0.02861  4.34%  17.8 13480s
 38126156 1259233    0.02861  110    2    0.02742    0.02861  4.34%  17.8 13485s
 38133271 1258333 infeasible   91         0.02742    0.02861  4.34%  17.8 13490s
 38143741 1257268     cutoff   42         0.02742    0.02861  4.34%  17.8 13495s
 38156276 1255285     cutoff  113         0.02742    0.02861  4.33%  17.7 13500s
 38170160 1253616     cutoff  116         0.02742    0.02861  4.33%  17.7 13505s
 38182187 1252244     cutoff   53         0.02742    0.02861  4.33%  17.7 13510s
 38191545 1250802    0.02858  102   11    0.02742    0.02861  4.32%  17.7 13515s
 38202268 1249622    0.02857   90    4    0.02742    0.02861  4.32%  17.7 13520s
 38215111 1247886    0.02824   54   39    0.02742    0.02861  4.32%  17.7 13525s
 38226803 1246427     cutoff  108         0.02742    0.02861  4.32%  17.7 13530s
 38238661 1244856 infeasible  108         0.02742    0.02861  4.31%  17.7 13536s
 38240002 1244651 infeasible  117         0.02742    0.02861  4.31%  17.7 13540s
 38251134 1243258    0.02861  114    1    0.02742    0.02861  4.31%  17.7 13545s
 38262781 1241963     cutoff  111         0.02742    0.02861  4.31%  17.7 13550s
 38275997 1240229    0.02860  111    2    0.02742    0.02860  4.31%  17.7 13555s
 38290729 1238554 infeasible  109         0.02742    0.02860  4.31%  17.7 13560s
 38305985 1236887     cutoff  108         0.02742    0.02860  4.30%  17.7 13565s
 38313687 1236039    0.02837  115    6    0.02742    0.02860  4.30%  17.7 13570s
 38322371 1235281    0.02860  103    3    0.02742    0.02860  4.30%  17.7 13575s
 38335422 1233706    0.02859  110   11    0.02742    0.02860  4.30%  17.7 13580s
 38350147 1231733    0.02858   88    6    0.02742    0.02860  4.30%  17.7 13585s
 38364075 1229764    0.02857   45   51    0.02742    0.02860  4.29%  17.7 13590s
 38374507 1228414    0.02859  111   11    0.02742    0.02860  4.29%  17.7 13595s
 38387774 1226751    0.02799   54   44    0.02742    0.02860  4.29%  17.7 13600s
 38404275 1224622     cutoff  114         0.02742    0.02860  4.29%  17.7 13605s
 38419526 1222798    0.02860   94    5    0.02742    0.02860  4.29%  17.7 13610s
 38431220 1221545     cutoff   96         0.02742    0.02860  4.28%  17.7 13615s
 38447387 1219955     cutoff   98         0.02742    0.02860  4.28%  17.7 13620s
 38460841 1218862     cutoff  114         0.02742    0.02860  4.28%  17.6 13625s
 38465185 1218423     cutoff   37         0.02742    0.02860  4.28%  17.6 13630s
 38474016 1217807    0.02854   93    8    0.02742    0.02860  4.28%  17.6 13635s
 38488557 1216534     cutoff  107         0.02742    0.02860  4.28%  17.6 13640s
 38501076 1215304    0.02860  104    7    0.02742    0.02860  4.28%  17.6 13645s
 38514520 1213905     cutoff  114         0.02742    0.02860  4.27%  17.6 13650s
 38528780 1212425    0.02826  101   13    0.02742    0.02860  4.27%  17.6 13655s
 38544548 1211068 infeasible  116         0.02742    0.02859  4.27%  17.6 13660s
 38559930 1209860    0.02834  111    1    0.02742    0.02859  4.27%  17.6 13665s
 38574855 1208602     cutoff   91         0.02742    0.02859  4.27%  17.6 13670s
 38589106 1207268 infeasible   96         0.02742    0.02859  4.27%  17.6 13675s
 38604785 1205868     cutoff  115         0.02742    0.02859  4.26%  17.6 13680s
 38621293 1204453     cutoff   93         0.02742    0.02859  4.26%  17.6 13685s
 38638310 1203048     cutoff   39         0.02742    0.02859  4.26%  17.6 13690s
 38653247 1201730    0.02859  113    2    0.02742    0.02859  4.26%  17.6 13695s
 38668492 1200018 infeasible  112         0.02742    0.02859  4.26%  17.6 13700s
 38682007 1198673    0.02850   36   50    0.02742    0.02859  4.26%  17.6 13705s
 38696862 1197751     cutoff  114         0.02742    0.02859  4.26%  17.6 13710s
 38712221 1196242    0.02854  110    1    0.02742    0.02859  4.25%  17.6 13715s
 38726651 1194868 infeasible  107         0.02742    0.02859  4.25%  17.6 13720s
 38736834 1193626 infeasible  117         0.02742    0.02859  4.25%  17.6 13725s
 38752973 1192082 infeasible   92         0.02742    0.02859  4.25%  17.6 13730s
 38766626 1190539    0.02835  112    1    0.02742    0.02859  4.25%  17.6 13735s
 38783596 1188927    0.02836   44   50    0.02742    0.02859  4.25%  17.5 13740s
 38799051 1187543    0.02854  110    3    0.02742    0.02859  4.25%  17.5 13745s
 38814293 1186224     cutoff   39         0.02742    0.02859  4.24%  17.5 13750s
 38827854 1184840 infeasible  116         0.02742    0.02859  4.24%  17.5 13755s
 38843366 1183425    0.02859   93    3    0.02742    0.02859  4.24%  17.5 13760s
 38858095 1182144    0.02858  116    1    0.02742    0.02859  4.24%  17.5 13765s
 38871133 1180875    0.02858  114    2    0.02742    0.02859  4.24%  17.5 13770s
 38886595 1179598    0.02858  112    6    0.02742    0.02859  4.24%  17.5 13775s
 38904166 1178236 infeasible  109         0.02742    0.02858  4.24%  17.5 13780s
 38919485 1176971    0.02764   96    5    0.02742    0.02858  4.23%  17.5 13785s
 38935371 1175513     cutoff  113         0.02742    0.02858  4.23%  17.5 13790s
 38951189 1174172     cutoff  110         0.02742    0.02858  4.23%  17.5 13795s
 38965890 1173181     cutoff  114         0.02742    0.02858  4.23%  17.5 13800s
 38978901 1172455    0.02858  102    3    0.02742    0.02858  4.23%  17.5 13805s
 38996391 1171478 infeasible   95         0.02742    0.02858  4.23%  17.5 13810s
 39006099 1170826     cutoff  108         0.02742    0.02858  4.23%  17.5 13815s
 39023037 1169297    0.02858  114    2    0.02742    0.02858  4.23%  17.5 13820s
 39040556 1168217    0.02858  114    3    0.02742    0.02858  4.22%  17.5 13825s
 39057317 1167344     cutoff  120         0.02742    0.02858  4.22%  17.5 13830s
 39073110 1166121    0.02858   95    4    0.02742    0.02858  4.22%  17.5 13835s
 39089223 1164978 infeasible   94         0.02742    0.02858  4.22%  17.5 13840s
 39096802 1164378     cutoff  104         0.02742    0.02858  4.22%  17.5 13845s
 39116890 1163479     cutoff  112         0.02742    0.02858  4.22%  17.4 13850s
 39134274 1162312    0.02758  100    3    0.02742    0.02858  4.22%  17.4 13855s
 39152151 1161140     cutoff  113         0.02742    0.02858  4.22%  17.4 13860s
 39169417 1159969    0.02778   88    9    0.02742    0.02858  4.22%  17.4 13865s
 39184849 1158990 infeasible  118         0.02742    0.02858  4.22%  17.4 13870s
 39200377 1157254     cutoff  113         0.02742    0.02858  4.21%  17.4 13875s
 39215906 1156137 infeasible  100         0.02742    0.02858  4.21%  17.4 13880s
 39229750 1154944    0.02763   92    8    0.02742    0.02858  4.21%  17.4 13885s
 39246159 1153693 infeasible  117         0.02742    0.02858  4.21%  17.4 13890s
 39263978 1152258    0.02858  117    7    0.02742    0.02858  4.21%  17.4 13895s
 39278497 1150709    0.02858  112    2    0.02742    0.02858  4.21%  17.4 13900s
 39295840 1149043    0.02852  105    2    0.02742    0.02858  4.21%  17.4 13905s
 39313763 1147317    0.02769   95    8    0.02742    0.02858  4.21%  17.4 13910s
 39329187 1145776 infeasible   99         0.02742    0.02858  4.20%  17.4 13915s
 39346022 1144033     cutoff  119         0.02742    0.02858  4.20%  17.4 13920s
 39362013 1142493    0.02857  107    4    0.02742    0.02858  4.20%  17.4 13925s
 39376369 1140867 infeasible  118         0.02742    0.02858  4.20%  17.4 13930s
 39402016 1139943 infeasible  101         0.02742    0.02857  4.20%  17.4 13935s
 39419469 1138180     cutoff  111         0.02742    0.02857  4.20%  17.4 13940s
 39431698 1136937    0.02857   87   14    0.02742    0.02857  4.20%  17.4 13945s
 39447327 1135403    0.02772   93    9    0.02742    0.02857  4.20%  17.3 13950s
 39461026 1133992     cutoff   43         0.02742    0.02857  4.19%  17.3 13955s
 39477816 1132370 infeasible  114         0.02742    0.02857  4.19%  17.3 13960s
 39494107 1130922     cutoff  116         0.02742    0.02857  4.19%  17.3 13965s
 39510002 1129497 infeasible  113         0.02742    0.02857  4.19%  17.3 13970s
 39525126 1128113 infeasible  117         0.02742    0.02857  4.19%  17.3 13975s
 39542065 1126849    0.02765   95    8    0.02742    0.02857  4.19%  17.3 13980s
 39558354 1125339    0.02856  105   14    0.02742    0.02857  4.19%  17.3 13985s
 39573712 1123856    0.02857   94    5    0.02742    0.02857  4.19%  17.3 13990s
 39590086 1122407    0.02856   90    4    0.02742    0.02857  4.19%  17.3 13995s
 39608265 1120772 infeasible  112         0.02742    0.02857  4.18%  17.3 14000s
 39624673 1119647 infeasible  113         0.02742    0.02857  4.18%  17.3 14005s
 39639765 1118306 infeasible  111         0.02742    0.02857  4.18%  17.3 14010s
 39657254 1116758    0.02857  106    1    0.02742    0.02857  4.18%  17.3 14015s
 39675242 1115156 infeasible  114         0.02742    0.02857  4.18%  17.3 14020s
 39689485 1113578 infeasible  114         0.02742    0.02857  4.18%  17.3 14025s
 39705106 1112271    0.02786   41   55    0.02742    0.02857  4.18%  17.3 14030s
 39720739 1110875    0.02834  111    1    0.02742    0.02857  4.18%  17.3 14035s
 39738358 1109228     cutoff  116         0.02742    0.02857  4.18%  17.3 14040s
 39754616 1107608 infeasible  120         0.02742    0.02857  4.17%  17.3 14045s
 39770330 1106148    0.02857  115    1    0.02742    0.02857  4.17%  17.3 14050s
 39789697 1104255 infeasible   95         0.02742    0.02857  4.17%  17.2 14055s
 39806572 1102741 infeasible  116         0.02742    0.02857  4.17%  17.2 14060s
 39824350 1100975 infeasible  104         0.02742    0.02857  4.17%  17.2 14065s
 39841419 1099418    0.02857  111    7    0.02742    0.02857  4.17%  17.2 14070s
 39845121 1099193     cutoff   92         0.02742    0.02857  4.17%  17.2 14075s
 39861804 1097380     cutoff  114         0.02742    0.02857  4.17%  17.2 14080s
 39874888 1096069    0.02857  107    2    0.02742    0.02857  4.17%  17.2 14085s
 39890343 1094294 infeasible  112         0.02742    0.02857  4.16%  17.2 14090s
 39905605 1092568    0.02856   84    4    0.02742    0.02857  4.16%  17.2 14095s
 39921067 1090820 infeasible   81         0.02742    0.02856  4.16%  17.2 14100s
 39936790 1089150    0.02856   40   52    0.02742    0.02856  4.16%  17.2 14105s
 39952212 1087459 infeasible  115         0.02742    0.02856  4.16%  17.2 14110s
 39963530 1086317     cutoff   47         0.02742    0.02856  4.16%  17.2 14115s
 39981646 1084542    0.02856  112    2    0.02742    0.02856  4.16%  17.2 14120s
 39996655 1082895 infeasible  114         0.02742    0.02856  4.16%  17.2 14125s
 40015142 1081993 infeasible  106         0.02742    0.02856  4.15%  17.2 14130s
 40036047 1082883    0.02804  101    8    0.02742    0.02856  4.15%  17.2 14135s
 40057482 1083024    0.02856  100    1    0.02742    0.02856  4.15%  17.2 14140s
 40080461 1083205 infeasible  100         0.02742    0.02856  4.15%  17.2 14145s
 40103330 1083325    0.02856   97    2    0.02742    0.02856  4.15%  17.2 14150s
 40125942 1083254     cutoff  113         0.02742    0.02856  4.15%  17.2 14155s
 40140703 1081610 infeasible  115         0.02742    0.02856  4.15%  17.2 14160s
 40154825 1080005 infeasible  109         0.02742    0.02856  4.15%  17.2 14165s
 40164082 1078901    0.02855  104    7    0.02742    0.02856  4.15%  17.2 14170s
 40179763 1077306 infeasible   97         0.02742    0.02856  4.15%  17.2 14175s
 40195581 1075381    0.02856  117    1    0.02742    0.02856  4.15%  17.2 14180s
 40211891 1073613    0.02856  108    3    0.02742    0.02856  4.15%  17.1 14185s
 40225905 1071844 infeasible  110         0.02742    0.02856  4.15%  17.1 14190s
 40239326 1070420    0.02835  110    2    0.02742    0.02856  4.15%  17.1 14195s
 40252528 1068571 infeasible  115         0.02742    0.02856  4.14%  17.1 14200s
 40262355 1067225 infeasible  100         0.02742    0.02856  4.14%  17.1 14205s
 40275734 1065132    0.02855   96    4    0.02742    0.02856  4.14%  17.1 14210s
 40288953 1063042    0.02855   93    4    0.02742    0.02856  4.14%  17.1 14215s
 40302954 1061000    0.02854   91    3    0.02742    0.02856  4.14%  17.1 14220s
 40316462 1059138     cutoff   46         0.02742    0.02856  4.14%  17.1 14225s
 40328766 1057674    0.02780   62   38    0.02742    0.02856  4.14%  17.1 14230s
 40340575 1056215    0.02855   95   20    0.02742    0.02856  4.14%  17.1 14236s
 40350801 1054871    0.02856  113    1    0.02742    0.02856  4.13%  17.1 14240s
 40366060 1052721    0.02768   91    9    0.02742    0.02856  4.13%  17.1 14245s
 40379821 1050891    0.02856  100    2    0.02742    0.02856  4.13%  17.1 14250s
 40392674 1049481 infeasible  112         0.02742    0.02856  4.13%  17.1 14255s
 40409239 1047165 infeasible  108         0.02742    0.02856  4.13%  17.1 14260s
 40422683 1045298    0.02832   95   10    0.02742    0.02856  4.13%  17.1 14265s
 40436907 1043440    0.02856  117    1    0.02742    0.02856  4.13%  17.1 14270s
 40451324 1041663    0.02855  103    1    0.02742    0.02855  4.13%  17.1 14275s
 40465721 1039842     cutoff  115         0.02742    0.02855  4.12%  17.1 14280s
 40480834 1037970    0.02855  117    1    0.02742    0.02855  4.12%  17.1 14285s
 40495904 1035904    0.02855  106    2    0.02742    0.02855  4.12%  17.1 14290s
 40512395 1033830 infeasible  111         0.02742    0.02855  4.12%  17.1 14295s
 40529410 1031924    0.02855  113    4    0.02742    0.02855  4.12%  17.1 14300s
 40544099 1030102 infeasible  113         0.02742    0.02855  4.12%  17.0 14305s
 40558254 1028369    0.02846  110    2    0.02742    0.02855  4.12%  17.0 14310s
 40570592 1026773    0.02831  114    1    0.02742    0.02855  4.12%  17.0 14315s
 40585774 1025258     cutoff  105         0.02742    0.02855  4.11%  17.0 14320s
 40594201 1024274 infeasible  115         0.02742    0.02855  4.11%  17.0 14325s
 40610280 1022510     cutoff  117         0.02742    0.02855  4.11%  17.0 14330s
 40626541 1020765 infeasible  109         0.02742    0.02855  4.11%  17.0 14335s
 40641474 1019065 infeasible  115         0.02742    0.02855  4.11%  17.0 14340s
 40653986 1017758    0.02854  104    2    0.02742    0.02855  4.11%  17.0 14345s
 40670462 1016131     cutoff  115         0.02742    0.02855  4.11%  17.0 14350s
 40686675 1014247    0.02850  105    8    0.02742    0.02855  4.11%  17.0 14355s
 40700731 1012827     cutoff   52         0.02742    0.02855  4.11%  17.0 14360s
 40715696 1011343 infeasible  106         0.02742    0.02855  4.10%  17.0 14365s
 40729245 1010110 infeasible  115         0.02742    0.02855  4.10%  17.0 14370s
 40743424 1008505     cutoff   41         0.02742    0.02855  4.10%  17.0 14375s
 40760099 1007066    0.02855   96    1    0.02742    0.02855  4.10%  17.0 14380s
 40777901 1005826     cutoff   43         0.02742    0.02855  4.10%  17.0 14385s
 40794577 1003720    0.02854   80    4    0.02742    0.02855  4.10%  17.0 14390s
 40807186 1002515    0.02855   99    5    0.02742    0.02855  4.10%  17.0 14395s
 40825565 1001013     cutoff  112         0.02742    0.02855  4.10%  17.0 14401s
 40834166 1000096     cutoff  112         0.02742    0.02855  4.10%  17.0 14405s
 40850929 998784 infeasible  114         0.02742    0.02855  4.09%  17.0 14411s
 40859293 997882    0.02855  108    1    0.02742    0.02855  4.09%  16.9 14415s
 40870095 996652    0.02833  110    2    0.02742    0.02855  4.09%  16.9 14420s
 40883298 995100    0.02854  106    2    0.02742    0.02855  4.09%  16.9 14425s
 40899206 993249    0.02854  117    1    0.02742    0.02855  4.09%  16.9 14430s
 40916210 991361    0.02807   92    3    0.02742    0.02854  4.09%  16.9 14435s
 40929536 989949     cutoff  107         0.02742    0.02854  4.09%  16.9 14440s
 40944527 988234    0.02854  117    1    0.02742    0.02854  4.09%  16.9 14445s
 40961731 986572    0.02854  108    3    0.02742    0.02854  4.08%  16.9 14450s
 40977339 984655    0.02854  103    3    0.02742    0.02854  4.08%  16.9 14455s
 40989652 983382    0.02854  105    3    0.02742    0.02854  4.08%  16.9 14460s
 41002864 981978 infeasible  104         0.02742    0.02854  4.08%  16.9 14465s
 41018002 980628 infeasible   43         0.02742    0.02854  4.08%  16.9 14470s
 41032748 979284    0.02832  114    1    0.02742    0.02854  4.08%  16.9 14475s
 41049032 977600 infeasible   98         0.02742    0.02854  4.08%  16.9 14480s
 41068810 976539    0.02755   96    8    0.02742    0.02854  4.08%  16.9 14485s
 41083801 975040    0.02854  120    1    0.02742    0.02854  4.08%  16.9 14490s
 41100782 973167    0.02854  106    2    0.02742    0.02854  4.08%  16.9 14495s
 41114255 971845    0.02854   96    3    0.02742    0.02854  4.07%  16.9 14500s
 41128912 970233 infeasible   99         0.02742    0.02854  4.07%  16.9 14505s
 41145811 968666     cutoff  116         0.02742    0.02854  4.07%  16.9 14510s
 41160622 966940    0.02853  115    2    0.02742    0.02854  4.07%  16.9 14515s
 41174849 965300    0.02801  112    2    0.02742    0.02854  4.07%  16.9 14520s
 41190625 963673     cutoff  113         0.02742    0.02854  4.07%  16.9 14525s
 41201821 962420 infeasible   88         0.02742    0.02854  4.07%  16.8 14530s
 41215938 960856 infeasible   71         0.02742    0.02854  4.07%  16.8 14535s
 41227072 959674    0.02835  113    1    0.02742    0.02854  4.06%  16.8 14540s
 41242331 958208    0.02853  113    4    0.02742    0.02854  4.06%  16.8 14545s
 41255602 956823    0.02853  115    3    0.02742    0.02854  4.06%  16.8 14550s
 41268921 955545    0.02850  104    5    0.02742    0.02854  4.06%  16.8 14555s
 41282109 954070     cutoff  117         0.02742    0.02854  4.06%  16.8 14560s
 41295034 952699     cutoff   45         0.02742    0.02854  4.06%  16.8 14566s
 41306971 951660    0.02854  104    2    0.02742    0.02854  4.06%  16.8 14570s
 41319462 950288 infeasible  103         0.02742    0.02854  4.06%  16.8 14575s
 41333653 948863 infeasible  110         0.02742    0.02854  4.06%  16.8 14580s
 41350419 946898     cutoff  117         0.02742    0.02854  4.05%  16.8 14585s
 41366899 945156     cutoff  115         0.02742    0.02854  4.05%  16.8 14590s
 41382963 943680    0.02853  117    1    0.02742    0.02853  4.05%  16.8 14595s
 41386939 943250    0.02754   67   32    0.02742    0.02853  4.05%  16.8 14600s
 41396681 942065    0.02853  111   11    0.02742    0.02853  4.05%  16.8 14605s
 41411632 940583    0.02853  113    1    0.02742    0.02853  4.05%  16.8 14610s
 41422612 939501     cutoff  114         0.02742    0.02853  4.05%  16.8 14615s
 41436780 938057 infeasible  114         0.02742    0.02853  4.05%  16.8 14620s
 41454897 936439    0.02852  116    2    0.02742    0.02853  4.05%  16.8 14625s
 41471136 935016     cutoff  116         0.02742    0.02853  4.05%  16.8 14630s
 41486325 933583    0.02853  116    2    0.02742    0.02853  4.04%  16.8 14635s
 41499888 932298    0.02853  111    1    0.02742    0.02853  4.04%  16.8 14640s
 41515457 930861    0.02853  102    1    0.02742    0.02853  4.04%  16.8 14645s
 41531703 929625 infeasible  117         0.02742    0.02853  4.04%  16.8 14650s
 41548160 928410 infeasible  117         0.02742    0.02853  4.04%  16.7 14655s
 41561983 927180 infeasible  104         0.02742    0.02853  4.04%  16.7 14660s
 41573652 926062    0.02853  105    1    0.02742    0.02853  4.04%  16.7 14665s
 41586830 924751    0.02853  100    1    0.02742    0.02853  4.04%  16.7 14670s
 41602782 922995    0.02853  106    1    0.02742    0.02853  4.04%  16.7 14675s
 41617664 921587 infeasible  115         0.02742    0.02853  4.03%  16.7 14680s
 41632047 920036    0.02830  113    2    0.02742    0.02853  4.03%  16.7 14685s
 41647008 918323 infeasible  116         0.02742    0.02853  4.03%  16.7 14690s
 41661323 916915    0.02853  108    2    0.02742    0.02853  4.03%  16.7 14695s
 41674119 916014 infeasible  118         0.02742    0.02853  4.03%  16.7 14700s
 41692254 914206 infeasible  115         0.02742    0.02853  4.03%  16.7 14705s
 41708085 912935    0.02853  104    2    0.02742    0.02853  4.03%  16.7 14710s
 41723592 911602    0.02853  113    2    0.02742    0.02853  4.03%  16.7 14715s
 41739171 910138     cutoff   51         0.02742    0.02853  4.03%  16.7 14720s
 41749353 908957     cutoff  115         0.02742    0.02853  4.02%  16.7 14725s
 41765971 907393    0.02851  117    1    0.02742    0.02853  4.02%  16.7 14730s
 41781365 906082 infeasible  107         0.02742    0.02853  4.02%  16.7 14735s
 41796697 904574     cutoff  113         0.02742    0.02853  4.02%  16.7 14740s
 41811335 903634    0.02853  120    1    0.02742    0.02853  4.02%  16.7 14745s
 41827216 902440 infeasible   92         0.02742    0.02853  4.02%  16.7 14750s
 41837447 901491     cutoff   64         0.02742    0.02853  4.02%  16.7 14755s
 41851523 900146    0.02849   86   10    0.02742    0.02853  4.02%  16.7 14760s
 41861768 899446    0.02852  111    5    0.02742    0.02853  4.02%  16.7 14765s
 41880070 897907    0.02852   96    1    0.02742    0.02852  4.02%  16.7 14770s
 41895630 896386    0.02828  113    1    0.02742    0.02852  4.01%  16.7 14775s
 41912283 894467    0.02852  113    3    0.02742    0.02852  4.01%  16.7 14780s
 41925672 892968 infeasible  120         0.02742    0.02852  4.01%  16.6 14785s
 41939990 891440 infeasible  115         0.02742    0.02852  4.01%  16.6 14790s
 41957478 889693    0.02850  117    1    0.02742    0.02852  4.01%  16.6 14795s
 41971025 888340    0.02852  114    4    0.02742    0.02852  4.01%  16.6 14800s
 41986685 886877     cutoff  111         0.02742    0.02852  4.01%  16.6 14805s
 41999578 886079 infeasible   94         0.02742    0.02852  4.01%  16.6 14810s
 42016624 884934 infeasible  114         0.02742    0.02852  4.01%  16.6 14815s
 42032704 883560     cutoff  117         0.02742    0.02852  4.01%  16.6 14820s
 42050891 881851 infeasible  103         0.02742    0.02852  4.00%  16.6 14825s
 42066330 880382     cutoff   52         0.02742    0.02852  4.00%  16.6 14830s
 42084119 879363 infeasible  105         0.02742    0.02852  4.00%  16.6 14835s
 42104691 878417 infeasible  103         0.02742    0.02852  4.00%  16.6 14840s
 42122917 876744    0.02852  111    3    0.02742    0.02852  4.00%  16.6 14845s
 42137365 875419     cutoff   40         0.02742    0.02852  4.00%  16.6 14850s
 42151378 874340    0.02851  115    3    0.02742    0.02852  4.00%  16.6 14855s
 42167489 872879    0.02778  102    5    0.02742    0.02852  4.00%  16.6 14860s
 42181921 871402    0.02852  113    2    0.02742    0.02852  4.00%  16.6 14865s
 42200304 869598 infeasible  111         0.02742    0.02852  3.99%  16.6 14870s
 42216914 868138    0.02852  111    3    0.02742    0.02852  3.99%  16.6 14875s
 42232668 866435    0.02852  105    3    0.02742    0.02852  3.99%  16.6 14880s
 42247136 864886     cutoff   39         0.02742    0.02852  3.99%  16.6 14885s
 42255340 864014    0.02851  113    3    0.02742    0.02852  3.99%  16.6 14890s
 42270561 862381     cutoff  117         0.02742    0.02852  3.99%  16.6 14895s
 42286511 860659    0.02852  113    2    0.02742    0.02852  3.99%  16.6 14900s
 42302960 858783    0.02833  115    1    0.02742    0.02852  3.99%  16.5 14905s
 42320601 856704    0.02828  114    1    0.02742    0.02852  3.99%  16.5 14910s
 42335505 855269 infeasible  109         0.02742    0.02852  3.99%  16.5 14915s
 42348175 853907 infeasible  119         0.02742    0.02852  3.98%  16.5 14920s
 42363862 852273 infeasible  116         0.02742    0.02852  3.98%  16.5 14925s
 42379881 850349 infeasible  119         0.02742    0.02852  3.98%  16.5 14930s
 42391457 849162    0.02851  103    4    0.02742    0.02852  3.98%  16.5 14935s
 42404303 847791    0.02852  106    2    0.02742    0.02852  3.98%  16.5 14940s
 42419900 846231    0.02851   96    4    0.02742    0.02852  3.98%  16.5 14945s
 42433290 844798     cutoff  121         0.02742    0.02851  3.98%  16.5 14950s
 42450279 843305    0.02826  115    3    0.02742    0.02851  3.98%  16.5 14955s
 42466414 841608 infeasible  123         0.02742    0.02851  3.98%  16.5 14960s
 42479289 840351     cutoff  110         0.02742    0.02851  3.98%  16.5 14965s
 42495922 838769    0.02851   94    4    0.02742    0.02851  3.98%  16.5 14970s
 42502689 838076     cutoff  118         0.02742    0.02851  3.98%  16.5 14975s
 42512638 837135     cutoff  115         0.02742    0.02851  3.97%  16.5 14980s
 42528485 835577     cutoff  114         0.02742    0.02851  3.97%  16.5 14985s
 42547266 834168     cutoff  118         0.02742    0.02851  3.97%  16.5 14990s
 42572334 834453    0.02851  104    4    0.02742    0.02851  3.97%  16.5 14995s
 42596428 833893     cutoff  118         0.02742    0.02851  3.97%  16.5 15000s
 42607151 832161     cutoff  116         0.02742    0.02851  3.97%  16.5 15005s
 42612439 831345     cutoff   67         0.02742    0.02851  3.97%  16.5 15010s
 42626616 829451    0.02851  106    3    0.02742    0.02851  3.97%  16.5 15015s
 42642307 827270    0.02849  103   10    0.02742    0.02851  3.97%  16.5 15020s
 42656009 825297     cutoff  106         0.02742    0.02851  3.97%  16.5 15025s
 42672245 823263    0.02851  107    1    0.02742    0.02851  3.97%  16.4 15030s
 42687992 821239 infeasible   94         0.02742    0.02851  3.96%  16.4 15035s
 42705177 819168 infeasible  102         0.02742    0.02851  3.96%  16.4 15040s
 42720696 817372    0.02850   96    6    0.02742    0.02851  3.96%  16.4 15045s
 42735070 815780 infeasible  122         0.02742    0.02851  3.96%  16.4 15050s
 42742680 814915    0.02850  114    2    0.02742    0.02851  3.96%  16.4 15055s
 42759270 813327     cutoff   46         0.02742    0.02851  3.96%  16.4 15060s
 42767083 812491    0.02850   88    3    0.02742    0.02851  3.96%  16.4 15065s
 42775246 812178     cutoff  123         0.02742    0.02851  3.96%  16.4 15070s
 42789586 810598    0.02849   90    3    0.02742    0.02851  3.96%  16.4 15075s
 42798187 809778     cutoff   65         0.02742    0.02851  3.95%  16.4 15080s
 42809284 808530    0.02787   98    5    0.02742    0.02851  3.95%  16.4 15085s
 42825617 806650 infeasible   98         0.02742    0.02851  3.95%  16.4 15090s
 42839265 804981    0.02756   42   48    0.02742    0.02851  3.95%  16.4 15095s
 42856570 803201    0.02850  110    5    0.02742    0.02851  3.95%  16.4 15100s
 42870560 801726    0.02851  119    2    0.02742    0.02851  3.95%  16.4 15105s
 42884559 800212 infeasible  102         0.02742    0.02851  3.95%  16.4 15110s
 42893713 799181     cutoff   53         0.02742    0.02851  3.95%  16.4 15115s
 42907574 797395    0.02850  115    4    0.02742    0.02850  3.94%  16.4 15120s
 42919537 796107 infeasible  105         0.02742    0.02850  3.94%  16.4 15125s
 42931442 794866     cutoff   49         0.02742    0.02850  3.94%  16.4 15130s
 42938774 794184     cutoff  109         0.02742    0.02850  3.94%  16.4 15135s
 42951258 793077    0.02849   95    4    0.02742    0.02850  3.94%  16.4 15140s
 42966224 792069    0.02850  111   12    0.02742    0.02850  3.94%  16.4 15145s
 42980728 790890    0.02850  105    3    0.02742    0.02850  3.94%  16.4 15150s
 42992998 789763    0.02850  101   19    0.02742    0.02850  3.94%  16.4 15155s
 43009442 788305 infeasible  113         0.02742    0.02850  3.93%  16.4 15160s
 43022614 787252     cutoff  107         0.02742    0.02850  3.93%  16.4 15165s
 43035746 785979    0.02849  103    3    0.02742    0.02850  3.93%  16.4 15170s
 43046438 784813    0.02743   38   66    0.02742    0.02850  3.93%  16.4 15175s
 43058406 783906 infeasible  120         0.02742    0.02850  3.93%  16.4 15180s
 43071192 782735    0.02846  109    3    0.02742    0.02850  3.93%  16.4 15185s
 43082959 781547 infeasible  103         0.02742    0.02850  3.93%  16.4 15190s
 43099057 780204     cutoff  106         0.02742    0.02850  3.92%  16.4 15195s
 43106049 779506    0.02850  106    7    0.02742    0.02850  3.92%  16.4 15200s
 43120087 778428    0.02850  108    2    0.02742    0.02850  3.92%  16.3 15205s
 43133817 777425 infeasible  115         0.02742    0.02850  3.92%  16.3 15210s
 43145238 776617    0.02848   96    2    0.02742    0.02850  3.92%  16.3 15215s
 43160418 775459    0.02850  105    2    0.02742    0.02850  3.92%  16.3 15220s
 43170538 774851    0.02792   42   59    0.02742    0.02850  3.92%  16.3 15225s
 43182774 774044    0.02826  112    1    0.02742    0.02850  3.91%  16.3 15230s
 43199484 772854    0.02849  117    2    0.02742    0.02850  3.91%  16.3 15235s
 43209609 772265    0.02849   98    2    0.02742    0.02850  3.91%  16.3 15240s
 43225591 770860    0.02849   87   10    0.02742    0.02850  3.91%  16.3 15245s
 43242316 769436    0.02849  103    2    0.02742    0.02849  3.91%  16.3 15250s
 43254665 768282    0.02785   50   52    0.02742    0.02849  3.91%  16.3 15255s
 43268356 767198    0.02772   97    5    0.02742    0.02849  3.90%  16.3 15260s
 43280842 766221    0.02849  101    3    0.02742    0.02849  3.90%  16.3 15265s
 43292691 765313    0.02849   97    1    0.02742    0.02849  3.90%  16.3 15270s
 43305233 764398    0.02849  109    1    0.02742    0.02849  3.90%  16.3 15275s
 43318097 763322    0.02849  115    4    0.02742    0.02849  3.90%  16.3 15280s
 43328934 762280    0.02849  111    5    0.02742    0.02849  3.90%  16.3 15285s
 43341893 761315    0.02849  115    1    0.02742    0.02849  3.89%  16.3 15290s
 43355859 759898     cutoff  111         0.02742    0.02849  3.89%  16.3 15295s
 43370307 759042     cutoff  102         0.02742    0.02849  3.89%  16.3 15300s
 43382134 758147 infeasible  110         0.02742    0.02849  3.89%  16.3 15305s
 43389758 757680     cutoff  114         0.02742    0.02849  3.89%  16.3 15310s
 43400048 757042     cutoff   46         0.02742    0.02849  3.89%  16.3 15315s
 43406674 756645     cutoff  102         0.02742    0.02849  3.89%  16.3 15320s
 43408424 756562 infeasible  102         0.02742    0.02849  3.89%  16.3 15325s
 43419830 755910 infeasible   89         0.02742    0.02849  3.88%  16.3 15330s
 43433336 754869 infeasible  103         0.02742    0.02849  3.88%  16.3 15335s
 43441690 754272 infeasible  100         0.02742    0.02849  3.88%  16.3 15340s
 43452783 753651    0.02849  100    2    0.02742    0.02849  3.88%  16.3 15345s
 43469210 752775 infeasible  108         0.02742    0.02849  3.88%  16.3 15350s
 43484527 752166 infeasible  105         0.02742    0.02849  3.88%  16.3 15355s
 43498326 751771 infeasible  103         0.02742    0.02849  3.87%  16.3 15360s
 43512950 751251    0.02848   93   10    0.02742    0.02849  3.87%  16.3 15365s
 43528305 750786 infeasible  104         0.02742    0.02848  3.87%  16.3 15370s
 43541212 750538    0.02848   36   55    0.02742    0.02848  3.87%  16.3 15375s
 43544158 750388 infeasible  103         0.02742    0.02848  3.87%  16.3 15380s
 43552846 749946     cutoff  111         0.02742    0.02848  3.87%  16.3 15385s
 43564578 749571 infeasible  111         0.02742    0.02848  3.87%  16.3 15390s
 43573589 749550     cutoff   41         0.02742    0.02848  3.87%  16.3 15395s
 43581822 749440 infeasible   40         0.02742    0.02848  3.87%  16.3 15400s
 43597982 749001 infeasible   95         0.02742    0.02848  3.86%  16.3 15405s
 43610823 748777 infeasible   97         0.02742    0.02848  3.86%  16.3 15410s
 43612635 748696     cutoff   79         0.02742    0.02848  3.86%  16.3 15415s
 43622621 748443    0.02848   97    2    0.02742    0.02848  3.86%  16.3 15420s
 43636985 747886     cutoff   42         0.02742    0.02848  3.86%  16.2 15425s
 43653780 747454    0.02848   95    5    0.02742    0.02848  3.86%  16.2 15430s
 43671353 746895 infeasible  103         0.02742    0.02848  3.86%  16.2 15435s
 43684881 746423    0.02754   41   54    0.02742    0.02848  3.85%  16.2 15440s
 43693679 746127 infeasible  101         0.02742    0.02848  3.85%  16.2 15445s
 43711184 745758 infeasible  102         0.02742    0.02848  3.85%  16.2 15450s
 43726108 745564 infeasible  102         0.02742    0.02848  3.85%  16.2 15455s
 43740170 745469 infeasible  119         0.02742    0.02848  3.85%  16.2 15460s
 43756667 745185     cutoff  105         0.02742    0.02848  3.85%  16.2 15465s
 43769193 745020    0.02848   97    3    0.02742    0.02848  3.85%  16.2 15470s
 43780441 744672     cutoff  100         0.02742    0.02848  3.84%  16.2 15475s
 43795388 744616     cutoff  102         0.02742    0.02848  3.84%  16.2 15480s
 43813341 744504    0.02769  103   12    0.02742    0.02848  3.84%  16.2 15485s
 43830233 744199 infeasible   97         0.02742    0.02848  3.84%  16.2 15490s
 43847289 744036    0.02788   33   61    0.02742    0.02848  3.84%  16.2 15495s
 43867005 743668     cutoff   99         0.02742    0.02848  3.84%  16.2 15500s
 43886194 743329    0.02847   99    3    0.02742    0.02848  3.83%  16.2 15505s
 43906812 743123    0.02808   96    2    0.02742    0.02847  3.83%  16.2 15510s
 43924092 743066    0.02847  101    3    0.02742    0.02847  3.83%  16.2 15515s
 43936670 742948     cutoff   43         0.02742    0.02847  3.83%  16.2 15520s
 43953392 742654    0.02847  102    1    0.02742    0.02847  3.83%  16.2 15525s
 43973039 742448    0.02847   94    8    0.02742    0.02847  3.83%  16.2 15530s
 43993869 742394    0.02847  100    2    0.02742    0.02847  3.83%  16.2 15535s
 44013593 742474 infeasible  101         0.02742    0.02847  3.83%  16.2 15540s
 44030924 742259    0.02847   93    4    0.02742    0.02847  3.82%  16.2 15545s
 44048001 741949 infeasible   98         0.02742    0.02847  3.82%  16.2 15550s
 44062533 742010     cutoff  116         0.02742    0.02847  3.82%  16.2 15555s
 44080596 741799    0.02847   98    4    0.02742    0.02847  3.82%  16.2 15561s
 44082026 741836 infeasible   98         0.02742    0.02847  3.82%  16.2 15565s
 44090453 741871 infeasible   99         0.02742    0.02847  3.82%  16.2 15570s
 44108658 741839     cutoff   43         0.02742    0.02847  3.82%  16.2 15575s
 44128163 741899 infeasible  103         0.02742    0.02847  3.82%  16.2 15580s
 44148469 741867 infeasible  100         0.02742    0.02847  3.82%  16.1 15585s
 44161730 741795 infeasible   98         0.02742    0.02847  3.82%  16.1 15590s
 44182299 741688    0.02847  112    2    0.02742    0.02847  3.82%  16.1 15595s
 44197437 741652     cutoff   99         0.02742    0.02847  3.81%  16.1 15600s
 44213350 741747 infeasible  101         0.02742    0.02847  3.81%  16.1 15605s
 44231858 741740     cutoff   99         0.02742    0.02847  3.81%  16.1 15610s
 44250709 741895    0.02800  102   11    0.02742    0.02847  3.81%  16.1 15615s
 44264122 741987     cutoff   42         0.02742    0.02847  3.81%  16.1 15620s
 44282614 741966    0.02810   98    3    0.02742    0.02847  3.81%  16.1 15625s
 44298008 741757    0.02847   98    1    0.02742    0.02847  3.81%  16.1 15630s
 44316729 741706     cutoff   46         0.02742    0.02847  3.81%  16.1 15635s
 44335678 741784    0.02847  116    1    0.02742    0.02847  3.81%  16.1 15640s
 44355221 741607 infeasible  104         0.02742    0.02847  3.81%  16.1 15645s
 44371965 741546     cutoff  105         0.02742    0.02847  3.81%  16.1 15650s
 44390287 741464    0.02749   45   48    0.02742    0.02847  3.81%  16.1 15655s
 44411436 741364 infeasible  109         0.02742    0.02847  3.81%  16.1 15660s
 44429301 741178 infeasible  104         0.02742    0.02847  3.80%  16.1 15665s
 44446987 741343 infeasible  102         0.02742    0.02847  3.80%  16.1 15670s
 44464536 740832     cutoff  101         0.02742    0.02847  3.80%  16.1 15675s
 44480420 740377    0.02847   42   54    0.02742    0.02847  3.80%  16.1 15680s
 44497696 739732    0.02842   97    7    0.02742    0.02847  3.80%  16.1 15685s
 44510765 739420 infeasible   96         0.02742    0.02847  3.80%  16.1 15690s
 44519998 739192 infeasible  108         0.02742    0.02847  3.80%  16.1 15695s
 44531649 738828     cutoff  104         0.02742    0.02846  3.80%  16.1 15700s
 44548696 738514     cutoff  102         0.02742    0.02846  3.80%  16.1 15705s
 44566126 737806    0.02841   98    7    0.02742    0.02846  3.79%  16.1 15710s
 44582476 737431 infeasible  102         0.02742    0.02846  3.79%  16.1 15715s
 44601093 736647     cutoff   96         0.02742    0.02846  3.79%  16.1 15720s
 44611733 736291     cutoff   55         0.02742    0.02846  3.79%  16.1 15725s
 44630525 735823    0.02817   97   10    0.02742    0.02846  3.79%  16.1 15730s
 44641619 735570    0.02846  103    8    0.02742    0.02846  3.79%  16.1 15735s
 44646938 735363    0.02841  103    7    0.02742    0.02846  3.79%  16.1 15740s
 44655915 735201    0.02846   91    7    0.02742    0.02846  3.79%  16.0 15745s
 44671656 734860    0.02830   97    5    0.02742    0.02846  3.79%  16.0 15750s
 44690984 734353     cutoff   94         0.02742    0.02846  3.78%  16.0 15755s
 44707729 733721 infeasible  102         0.02742    0.02846  3.78%  16.0 15760s
 44721660 733302    0.02846   97    7    0.02742    0.02846  3.78%  16.0 15765s
 44739994 732945    0.02800   57   52    0.02742    0.02846  3.78%  16.0 15770s
 44757326 732601 infeasible  103         0.02742    0.02846  3.78%  16.0 15775s
 44776977 732086     cutoff   36         0.02742    0.02846  3.78%  16.0 15780s
 44790108 731657    0.02846   90    3    0.02742    0.02846  3.77%  16.0 15785s
 44802766 731360 infeasible  103         0.02742    0.02846  3.77%  16.0 15790s
 44820643 730921    0.02846   96    4    0.02742    0.02846  3.77%  16.0 15795s
 44832619 730711     cutoff   46         0.02742    0.02846  3.77%  16.0 15800s
 44845094 730426    0.02833   58   48    0.02742    0.02846  3.77%  16.0 15805s
 44861666 730058    0.02846  112    3    0.02742    0.02846  3.77%  16.0 15810s
 44881830 729336    0.02845   40   48    0.02742    0.02846  3.77%  16.0 15815s
 44896973 728744    0.02846   90    1    0.02742    0.02846  3.76%  16.0 15820s
 44911772 728032    0.02845   99   10    0.02742    0.02846  3.76%  16.0 15825s
 44928123 727357     cutoff  100         0.02742    0.02845  3.76%  16.0 15830s
 44942775 726734    0.02830   51   49    0.02742    0.02845  3.76%  16.0 15835s
 44958596 726090    0.02845  102    7    0.02742    0.02845  3.76%  16.0 15840s
 44974846 725418    0.02845   97    1    0.02742    0.02845  3.76%  16.0 15845s
 44989858 725127     cutoff  105         0.02742    0.02845  3.76%  16.0 15850s
 45009097 724327     cutoff   96         0.02742    0.02845  3.75%  16.0 15855s
 45023746 723999    0.02817  105   23    0.02742    0.02845  3.75%  16.0 15860s
 45041573 723834    0.02845  113    7    0.02742    0.02845  3.75%  16.0 15865s
 45057933 723433    0.02841   97   10    0.02742    0.02845  3.75%  16.0 15870s
 45076722 723158     cutoff   98         0.02742    0.02845  3.75%  16.0 15875s
 45082905 723115    0.02845   93    6    0.02742    0.02845  3.75%  16.0 15880s
 45100407 722856    0.02845  104    7    0.02742    0.02845  3.75%  16.0 15885s
 45111611 722566     cutoff   48         0.02742    0.02845  3.74%  16.0 15890s
 45126000 722190     cutoff  103         0.02742    0.02845  3.74%  16.0 15895s
 45141077 721887     cutoff   47         0.02742    0.02845  3.74%  16.0 15900s
 45154049 721603 infeasible  102         0.02742    0.02845  3.74%  16.0 15905s
 45166389 721501    0.02817   40   50    0.02742    0.02845  3.74%  15.9 15910s
 45168577 721676    0.02845   42   53    0.02742    0.02845  3.74%  15.9 15915s
 45171390 721827    0.02770   46   50    0.02742    0.02845  3.74%  15.9 15920s
 45181140 721774    0.02845  116    7    0.02742    0.02845  3.74%  15.9 15925s
 45197028 721410    0.02845  124    2    0.02742    0.02845  3.74%  15.9 15930s
 45208829 721079    0.02845   97    2    0.02742    0.02845  3.74%  15.9 15935s
 45220894 720758    0.02844  101    2    0.02742    0.02845  3.73%  15.9 15940s
 45235167 720429 infeasible   99         0.02742    0.02845  3.73%  15.9 15945s
 45248115 720152    0.02836   42   51    0.02742    0.02845  3.73%  15.9 15950s
 45264528 719685    0.02836  112    5    0.02742    0.02845  3.73%  15.9 15955s
 45279808 719444    0.02845  102    3    0.02742    0.02845  3.73%  15.9 15960s
 45296349 719118    0.02844   91    3    0.02742    0.02845  3.73%  15.9 15965s
 45305718 718889     cutoff   48         0.02742    0.02845  3.73%  15.9 15970s
 45316111 718573    0.02845  108    7    0.02742    0.02845  3.73%  15.9 15975s
 45331935 718214 infeasible  104         0.02742    0.02844  3.72%  15.9 15980s
 45349667 718103    0.02844   95    2    0.02742    0.02844  3.72%  15.9 15985s
 45367088 717839    0.02844  104    2    0.02742    0.02844  3.72%  15.9 15990s
 45383419 717668 infeasible   96         0.02742    0.02844  3.72%  15.9 15995s
 45396241 717577 infeasible  100         0.02742    0.02844  3.72%  15.9 16000s
 45413092 717342    0.02844   99    2    0.02742    0.02844  3.72%  15.9 16005s
 45430346 716975    0.02844  118    2    0.02742    0.02844  3.72%  15.9 16010s
 45445815 716807    0.02844  102    2    0.02742    0.02844  3.72%  15.9 16015s
 45459896 716852    0.02844   96    4    0.02742    0.02844  3.71%  15.9 16020s
 45474047 716737    0.02844   96    2    0.02742    0.02844  3.71%  15.9 16025s
 45494079 716622    0.02844   99    4    0.02742    0.02844  3.71%  15.9 16030s
 45511870 716602     cutoff  107         0.02742    0.02844  3.71%  15.9 16035s
 45534291 716505 infeasible   99         0.02742    0.02844  3.71%  15.9 16040s
 45549519 716552    0.02844  103    3    0.02742    0.02844  3.71%  15.9 16045s
 45566113 716331    0.02844  114    5    0.02742    0.02844  3.71%  15.9 16050s
 45586085 716032     cutoff  106         0.02742    0.02844  3.71%  15.9 16055s
 45605590 715884 infeasible   97         0.02742    0.02844  3.70%  15.9 16060s
 45624758 715712    0.02776  101    7    0.02742    0.02844  3.70%  15.9 16065s
 45641028 715702     cutoff   90         0.02742    0.02844  3.70%  15.9 16070s
 45661762 715668    0.02844   91    4    0.02742    0.02844  3.70%  15.9 16075s
 45682963 715482    0.02844  101    2    0.02742    0.02844  3.70%  15.9 16080s
 45698667 715521    0.02844  102    2    0.02742    0.02844  3.70%  15.8 16085s
 45718139 715656    0.02843   97    3    0.02742    0.02844  3.70%  15.8 16090s
 45735294 715605     cutoff   48         0.02742    0.02844  3.70%  15.8 16095s
 45752063 715621    0.02844  100    8    0.02742    0.02844  3.70%  15.8 16100s
 45772047 715667    0.02844  101    5    0.02742    0.02844  3.69%  15.8 16105s
 45787765 715512 infeasible  110         0.02742    0.02844  3.69%  15.8 16110s
 45801270 715399    0.02844   99    2    0.02742    0.02844  3.69%  15.8 16115s
 45823027 715316     cutoff  109         0.02742    0.02844  3.69%  15.8 16120s
 45834534 715363     cutoff  101         0.02742    0.02844  3.69%  15.8 16125s
 45854360 715304    0.02844  104    4    0.02742    0.02844  3.69%  15.8 16130s
 45876729 715333     cutoff  101         0.02742    0.02844  3.69%  15.8 16135s
 45894311 715137    0.02843   97    2    0.02742    0.02843  3.69%  15.8 16140s
 45910061 715264     cutoff  102         0.02742    0.02843  3.69%  15.8 16145s
 45926158 715181     cutoff   46         0.02742    0.02843  3.69%  15.8 16150s
 45940562 715121    0.02839  106   10    0.02742    0.02843  3.69%  15.8 16155s
 45954551 715312    0.02843   97    2    0.02742    0.02843  3.69%  15.8 16160s
 45975841 715413    0.02843   99    8    0.02742    0.02843  3.68%  15.8 16165s
 45995254 715333     cutoff  103         0.02742    0.02843  3.68%  15.8 16170s
 46016057 715159     cutoff   44         0.02742    0.02843  3.68%  15.8 16175s
 46038369 715226 infeasible  118         0.02742    0.02843  3.68%  15.8 16180s
 46058185 715228     cutoff  105         0.02742    0.02843  3.68%  15.8 16185s
 46075899 715119    0.02843  102    2    0.02742    0.02843  3.68%  15.8 16190s
 46092276 715104    0.02843  104    2    0.02742    0.02843  3.68%  15.8 16195s
 46112503 715285     cutoff  104         0.02742    0.02843  3.68%  15.8 16200s
 46131358 715513 infeasible  106         0.02742    0.02843  3.68%  15.8 16205s
 46149299 715627    0.02842   99    2    0.02742    0.02843  3.68%  15.8 16210s
 46168776 715887 infeasible  103         0.02742    0.02843  3.68%  15.8 16215s
 46183424 715933    0.02843  116    4    0.02742    0.02843  3.68%  15.8 16220s
 46200486 716221    0.02843   99    2    0.02742    0.02843  3.68%  15.8 16225s
 46222226 716325    0.02843  113    4    0.02742    0.02843  3.68%  15.8 16230s
 46243637 716759     cutoff  104         0.02742    0.02843  3.67%  15.8 16235s
 46263687 717034 infeasible  104         0.02742    0.02843  3.67%  15.8 16240s
 46281617 717192    0.02843  102    3    0.02742    0.02843  3.67%  15.8 16245s
 46303179 717347 infeasible   98         0.02742    0.02843  3.67%  15.7 16250s
 46322888 717688     cutoff   95         0.02742    0.02843  3.67%  15.7 16255s
 46342410 717801 infeasible  105         0.02742    0.02843  3.67%  15.7 16260s
 46364076 717989 infeasible   98         0.02742    0.02843  3.67%  15.7 16265s
 46376233 718019 infeasible   99         0.02742    0.02843  3.67%  15.7 16270s
 46394739 718008 infeasible  107         0.02742    0.02843  3.67%  15.7 16275s
 46415173 718197 infeasible  103         0.02742    0.02843  3.67%  15.7 16280s
 46434092 718440 infeasible  105         0.02742    0.02843  3.67%  15.7 16285s
 46456062 718476    0.02839   94   10    0.02742    0.02843  3.67%  15.7 16290s
 46475726 718679 infeasible  102         0.02742    0.02843  3.67%  15.7 16295s
 46498007 719011 infeasible  104         0.02742    0.02843  3.67%  15.7 16300s
 46518777 719423     cutoff  101         0.02742    0.02843  3.67%  15.7 16305s
 46540207 719669    0.02843  118    1    0.02742    0.02843  3.67%  15.7 16310s
 46562018 719787 infeasible  103         0.02742    0.02843  3.67%  15.7 16315s
 46577909 719964    0.02843  100    2    0.02742    0.02843  3.67%  15.7 16320s
 46599983 720193     cutoff  104         0.02742    0.02843  3.66%  15.7 16325s
 46622730 720488 infeasible  103         0.02742    0.02843  3.66%  15.7 16330s
 46644195 720683    0.02843  101    3    0.02742    0.02843  3.66%  15.7 16335s
 46664873 721010 infeasible  103         0.02742    0.02843  3.66%  15.7 16340s
 46685468 721219    0.02843  101    4    0.02742    0.02843  3.66%  15.7 16345s
 46703481 721293    0.02842   35   55    0.02742    0.02843  3.66%  15.7 16350s
 46724845 721617     cutoff   51         0.02742    0.02843  3.66%  15.7 16355s
 46747040 721758 infeasible  105         0.02742    0.02843  3.66%  15.7 16360s
 46766019 722031 infeasible  101         0.02742    0.02843  3.66%  15.7 16365s
 46786560 722243 infeasible  110         0.02742    0.02843  3.66%  15.7 16370s
 46807461 722396     cutoff  108         0.02742    0.02843  3.66%  15.7 16375s
 46826800 722446     cutoff  103         0.02742    0.02843  3.66%  15.7 16380s
 46846673 722470     cutoff  103         0.02742    0.02843  3.66%  15.7 16385s
 46866879 722514 infeasible  104         0.02742    0.02843  3.66%  15.6 16390s
 46886878 722497    0.02843   99    3    0.02742    0.02843  3.66%  15.6 16395s
 46903492 722653    0.02843  103    3    0.02742    0.02843  3.66%  15.6 16400s
 46923181 722806     cutoff   34         0.02742    0.02843  3.66%  15.6 16405s
 46941691 722926 infeasible  101         0.02742    0.02843  3.66%  15.6 16410s
 46960339 723058 infeasible   46         0.02742    0.02843  3.66%  15.6 16415s
 46981961 723065 infeasible   98         0.02742    0.02843  3.66%  15.6 16420s
 47002861 723219    0.02842  100    2    0.02742    0.02843  3.65%  15.6 16425s
 47025749 723558    0.02843   97    2    0.02742    0.02843  3.65%  15.6 16430s
 47046875 723665    0.02842   93    5    0.02742    0.02843  3.65%  15.6 16435s
 47066643 723858 infeasible  107         0.02742    0.02843  3.65%  15.6 16440s
 47086813 724010    0.02842   48   51    0.02742    0.02843  3.65%  15.6 16445s
 47105617 724233     cutoff  104         0.02742    0.02843  3.65%  15.6 16450s
 47124718 724287    0.02842   93    6    0.02742    0.02842  3.65%  15.6 16455s
 47146213 724587 infeasible  110         0.02742    0.02842  3.65%  15.6 16460s
 47166158 724627 infeasible  109         0.02742    0.02842  3.65%  15.6 16465s
 47184824 724716    0.02842   98    3    0.02742    0.02842  3.65%  15.6 16470s
 47205887 724751    0.02842   97    4    0.02742    0.02842  3.65%  15.6 16475s
 47225837 724849    0.02842  100    5    0.02742    0.02842  3.65%  15.6 16480s
 47246470 724964    0.02842  101    4    0.02742    0.02842  3.65%  15.6 16485s
 47264212 724949    0.02842  102    2    0.02742    0.02842  3.65%  15.6 16490s
 47280639 725160     cutoff   37         0.02742    0.02842  3.65%  15.6 16495s
 47301454 725359 infeasible  100         0.02742    0.02842  3.65%  15.6 16500s
 47313450 725371    0.02842  106    2    0.02742    0.02842  3.65%  15.6 16505s
 47323529 725394    0.02842   98    2    0.02742    0.02842  3.65%  15.6 16510s
 47341628 725337     cutoff  106         0.02742    0.02842  3.65%  15.6 16515s
 47361597 725448 infeasible   99         0.02742    0.02842  3.65%  15.6 16520s
 47375867 725649    0.02842  103    2    0.02742    0.02842  3.65%  15.6 16525s
 47391888 725754    0.02842   98    3    0.02742    0.02842  3.65%  15.6 16530s
 47410588 725965    0.02842  115    1    0.02742    0.02842  3.64%  15.6 16535s
 47430429 726175     cutoff  102         0.02742    0.02842  3.64%  15.5 16540s
 47450185 726368    0.02842  101    2    0.02742    0.02842  3.64%  15.5 16545s
 47465789 726683    0.02832  107    3    0.02742    0.02842  3.64%  15.5 16550s
 47484000 726997     cutoff  103         0.02742    0.02842  3.64%  15.5 16555s
 47504683 727182     cutoff  104         0.02742    0.02842  3.64%  15.5 16560s
 47519396 727286    0.02836  118    1    0.02742    0.02842  3.64%  15.5 16565s
 47537328 727388    0.02768  101   10    0.02742    0.02842  3.64%  15.5 16570s
 47556527 727553    0.02842  103    2    0.02742    0.02842  3.64%  15.5 16575s
 47574099 727722    0.02819   99    3    0.02742    0.02842  3.64%  15.5 16580s
 47581584 727721 infeasible   78         0.02742    0.02842  3.64%  15.5 16585s
 47598209 727639    0.02835   99   10    0.02742    0.02842  3.64%  15.5 16590s
 47615071 727376     cutoff   77         0.02742    0.02842  3.64%  15.5 16595s
 47630803 727379    0.02842  101    4    0.02742    0.02842  3.64%  15.5 16600s
 47650057 727435    0.02842  110    2    0.02742    0.02842  3.64%  15.5 16605s
 47666384 727364     cutoff  100         0.02742    0.02842  3.64%  15.5 16610s
 47683858 727224    0.02842  117    4    0.02742    0.02842  3.63%  15.5 16615s
 47700887 726979    0.02842  105    3    0.02742    0.02842  3.63%  15.5 16620s
 47720235 726924 infeasible  117         0.02742    0.02842  3.63%  15.5 16625s
 47735694 726977     cutoff   37         0.02742    0.02842  3.63%  15.5 16630s
 47753954 726921 infeasible  107         0.02742    0.02842  3.63%  15.5 16635s
 47772379 726963     cutoff  100         0.02742    0.02842  3.63%  15.5 16640s
 47792653 727257    0.02842  112    4    0.02742    0.02842  3.63%  15.5 16645s
 47814781 727231    0.02842  114    1    0.02742    0.02842  3.63%  15.5 16650s
 47832743 727129 infeasible  101         0.02742    0.02842  3.63%  15.5 16655s
 47847343 727280 infeasible  103         0.02742    0.02842  3.63%  15.5 16660s
 47867143 727414     cutoff  116         0.02742    0.02842  3.62%  15.5 16665s
 47886416 727422    0.02842  100    6    0.02742    0.02842  3.62%  15.5 16670s
 47900389 727410    0.02743  112    2    0.02742    0.02842  3.62%  15.5 16675s
 47919148 727276    0.02841   74   13    0.02742    0.02842  3.62%  15.4 16680s
 47940552 727287    0.02744  105    4    0.02742    0.02842  3.62%  15.4 16685s
 47957622 727141     cutoff  102         0.02742    0.02842  3.62%  15.4 16690s
 47977646 727433    0.02842  104    2    0.02742    0.02842  3.62%  15.4 16695s
 47993259 727673    0.02841  102    5    0.02742    0.02842  3.62%  15.4 16700s
 48009725 727854    0.02841   96    4    0.02742    0.02842  3.62%  15.4 16705s
 48028880 727941 infeasible  106         0.02742    0.02842  3.62%  15.4 16710s
 48048312 728067    0.02841  103    3    0.02742    0.02841  3.61%  15.4 16715s
 48067322 728192    0.02744  115    2    0.02742    0.02841  3.61%  15.4 16720s
 48084870 728349    0.02841  117    7    0.02742    0.02841  3.61%  15.4 16725s
 48101709 728511 infeasible  104         0.02742    0.02841  3.61%  15.4 16730s
 48123757 729528     cutoff   46         0.02742    0.02841  3.61%  15.4 16735s
 48143987 729534     cutoff  107         0.02742    0.02841  3.61%  15.4 16740s
 48161045 729723    0.02841  104    2    0.02742    0.02841  3.61%  15.4 16745s
 48180863 729757    0.02841  103    8    0.02742    0.02841  3.61%  15.4 16750s
 48200495 729811     cutoff  101         0.02742    0.02841  3.61%  15.4 16755s
 48222977 730083 infeasible  113         0.02742    0.02841  3.61%  15.4 16760s
 48242353 730020     cutoff   50         0.02742    0.02841  3.61%  15.4 16765s
 48260105 729781    0.02755   46   54    0.02742    0.02841  3.60%  15.4 16770s
 48278526 729564 infeasible  106         0.02742    0.02841  3.60%  15.4 16775s
 48300350 729520 infeasible  104         0.02742    0.02841  3.60%  15.4 16780s
 48321739 729428    0.02743  114    1    0.02742    0.02841  3.60%  15.4 16785s
 48344789 729662 infeasible   50         0.02742    0.02841  3.60%  15.3 16790s
 48362963 729495    0.02840  113    3    0.02742    0.02841  3.60%  15.3 16795s
 48384171 729436 infeasible  114         0.02742    0.02841  3.60%  15.3 16800s
 48401661 729143    0.02841  115    1    0.02742    0.02841  3.60%  15.3 16805s
 48417781 728972    0.02743  116    1    0.02742    0.02841  3.60%  15.3 16810s
 48437697 728728    0.02839  107    8    0.02742    0.02841  3.59%  15.3 16815s
 48457568 728714 infeasible  109         0.02742    0.02841  3.59%  15.3 16820s
 48478135 728668    0.02841  113    2    0.02742    0.02841  3.59%  15.3 16825s
 48496756 728634     cutoff   46         0.02742    0.02841  3.59%  15.3 16830s
 48514242 728439     cutoff  113         0.02742    0.02841  3.59%  15.3 16835s
 48534305 728397     cutoff  103         0.02742    0.02841  3.59%  15.3 16840s
 48552658 728269 infeasible  107         0.02742    0.02841  3.59%  15.3 16845s
 48575385 728022 infeasible  111         0.02742    0.02841  3.59%  15.3 16850s
 48597233 727869     cutoff  103         0.02742    0.02841  3.59%  15.3 16855s
 48615502 727739    0.02840  103    5    0.02742    0.02841  3.58%  15.3 16860s
 48626781 727790    0.02841  111    1    0.02742    0.02841  3.58%  15.3 16865s
 48647540 727514     cutoff   44         0.02742    0.02841  3.58%  15.3 16870s
 48667044 727330 infeasible  110         0.02742    0.02841  3.58%  15.3 16875s
 48686032 727264    0.02841  110    1    0.02742    0.02841  3.58%  15.3 16880s
 48695324 727325     cutoff   45         0.02742    0.02841  3.58%  15.3 16885s
 48714255 727523    0.02840  114    1    0.02742    0.02840  3.58%  15.3 16890s
 48733539 727382    0.02840  112    3    0.02742    0.02840  3.58%  15.3 16895s
 48751010 727266    0.02840  114    3    0.02742    0.02840  3.58%  15.3 16900s
 48775216 727401 infeasible  114         0.02742    0.02840  3.58%  15.2 16905s
 48800047 727475 infeasible  107         0.02742    0.02840  3.57%  15.2 16910s
 48820222 727188 infeasible  104         0.02742    0.02840  3.57%  15.2 16915s
 48845261 727034 infeasible  114         0.02742    0.02840  3.57%  15.2 16920s
 48865897 727277    0.02808  103    2    0.02742    0.02840  3.57%  15.2 16925s
 48882702 727372    0.02827  113    1    0.02742    0.02840  3.57%  15.2 16930s
 48901955 727773    0.02840  111    2    0.02742    0.02840  3.57%  15.2 16935s
 48921478 727833 infeasible  113         0.02742    0.02840  3.57%  15.2 16940s
 48941275 727925    0.02840  109    3    0.02742    0.02840  3.57%  15.2 16945s
 48964906 728113     cutoff   45         0.02742    0.02840  3.57%  15.2 16950s
 48986332 728016    0.02840  104    3    0.02742    0.02840  3.56%  15.2 16955s
 49005895 727677 infeasible   94         0.02742    0.02840  3.56%  15.2 16960s
 49029025 727240    0.02825  109    2    0.02742    0.02840  3.56%  15.2 16965s
 49050566 727108     cutoff   64         0.02742    0.02840  3.56%  15.2 16970s
 49071234 727093    0.02839  106    1    0.02742    0.02840  3.56%  15.2 16975s
 49086807 726958 infeasible  102         0.02742    0.02840  3.56%  15.2 16980s
 49102343 726626 infeasible  102         0.02742    0.02840  3.56%  15.2 16985s
 49120767 726381    0.02743  112    3    0.02742    0.02840  3.56%  15.2 16990s
 49137928 726087     cutoff   45         0.02742    0.02840  3.55%  15.2 16995s
 49150474 725868    0.02840  115    2    0.02742    0.02840  3.55%  15.2 17000s
 49167737 725607    0.02743  109    4    0.02742    0.02840  3.55%  15.2 17005s
 49184491 725282    0.02810  109    1    0.02742    0.02840  3.55%  15.1 17010s
 49198863 725044 infeasible  104         0.02742    0.02840  3.55%  15.1 17015s
 49216150 724767     cutoff   92         0.02742    0.02840  3.55%  15.1 17020s
 49230893 724575    0.02806  103    2    0.02742    0.02840  3.55%  15.1 17025s
 49247098 724245    0.02840  104    2    0.02742    0.02840  3.55%  15.1 17030s
 49264015 723487 infeasible  108         0.02742    0.02840  3.54%  15.1 17035s
 49275405 723133    0.02839  100    3    0.02742    0.02839  3.54%  15.1 17040s
 49288977 722707 infeasible  108         0.02742    0.02839  3.54%  15.1 17045s
 49303356 722163    0.02808  106    2    0.02742    0.02839  3.54%  15.1 17050s
 49318319 721624    0.02807  102    3    0.02742    0.02839  3.54%  15.1 17055s
 49325865 721451    0.02818  102    2    0.02742    0.02839  3.54%  15.1 17060s
 49327221 721372    0.02829  105    8    0.02742    0.02839  3.54%  15.1 17065s
 49337297 721112 infeasible  105         0.02742    0.02839  3.54%  15.1 17070s
 49350587 720767    0.02839  101    3    0.02742    0.02839  3.53%  15.1 17075s
 49353779 720656    0.02839   39   51    0.02742    0.02839  3.53%  15.1 17080s
 49362209 720450     cutoff   97         0.02742    0.02839  3.53%  15.1 17085s
 49373237 719957 infeasible  103         0.02742    0.02839  3.53%  15.1 17090s
 49388080 719276 infeasible  110         0.02742    0.02839  3.53%  15.1 17095s
 49399517 718837 infeasible  106         0.02742    0.02839  3.53%  15.1 17100s
 49410695 718495    0.02786   60   24    0.02742    0.02839  3.53%  15.1 17105s
 49423824 718013 infeasible  104         0.02742    0.02839  3.53%  15.1 17110s
 49436699 717549    0.02839  103    3    0.02742    0.02839  3.53%  15.1 17115s
 49444634 717231    0.02839  108    3    0.02742    0.02839  3.52%  15.1 17120s
 49453335 716861     cutoff  104         0.02742    0.02839  3.52%  15.1 17125s
 49466580 716426 infeasible  106         0.02742    0.02839  3.52%  15.1 17130s
 49481179 715929    0.02805  103    2    0.02742    0.02839  3.52%  15.1 17135s
 49494521 715711 infeasible  102         0.02742    0.02839  3.52%  15.1 17140s
 49508697 715239    0.02839  108    6    0.02742    0.02839  3.52%  15.1 17145s
 49522250 714772 infeasible  100         0.02742    0.02839  3.52%  15.1 17150s
 49538550 714347     cutoff  103         0.02742    0.02839  3.51%  15.1 17155s
 49554002 713681    0.02835  109    1    0.02742    0.02839  3.51%  15.1 17160s
 49569266 712993 infeasible  106         0.02742    0.02839  3.51%  15.1 17165s
 49580221 712500    0.02839  100    3    0.02742    0.02839  3.51%  15.1 17170s
 49595837 711877     cutoff  107         0.02742    0.02839  3.51%  15.1 17175s
 49610536 711111     cutoff   45         0.02742    0.02839  3.51%  15.1 17180s
 49624640 710344     cutoff  103         0.02742    0.02838  3.50%  15.1 17185s
 49638864 709728 infeasible  106         0.02742    0.02838  3.50%  15.1 17190s
 49650871 709132 infeasible  111         0.02742    0.02838  3.50%  15.1 17195s
 49658211 708693     cutoff  107         0.02742    0.02838  3.50%  15.1 17200s
 49672199 707908    0.02838  104    3    0.02742    0.02838  3.50%  15.1 17205s
 49684150 707357 infeasible  104         0.02742    0.02838  3.50%  15.1 17210s
 49695845 706669 infeasible  101         0.02742    0.02838  3.50%  15.1 17215s
 49712270 705834     cutoff  105         0.02742    0.02838  3.49%  15.1 17220s
 49723292 705310    0.02838   98    2    0.02742    0.02838  3.49%  15.0 17225s
 49737679 704586    0.02838  115    1    0.02742    0.02838  3.49%  15.0 17230s
 49749024 704076 infeasible  115         0.02742    0.02838  3.49%  15.0 17235s
 49761620 703172 infeasible  106         0.02742    0.02838  3.49%  15.0 17240s
 49771880 702499     cutoff   38         0.02742    0.02838  3.48%  15.0 17245s
 49783967 701684 infeasible  104         0.02742    0.02838  3.48%  15.0 17250s
 49797776 700913    0.02838  104    2    0.02742    0.02838  3.48%  15.0 17255s
 49810347 700294 infeasible  103         0.02742    0.02838  3.48%  15.0 17260s
 49824484 699437    0.02827  118    3    0.02742    0.02838  3.48%  15.0 17265s
 49832060 699138    0.02838  107    1    0.02742    0.02838  3.47%  15.0 17270s
 49840359 698729     cutoff  102         0.02742    0.02838  3.47%  15.0 17275s
 49849098 698149    0.02837  101    1    0.02742    0.02838  3.47%  15.0 17280s
 49858283 697617     cutoff   42         0.02742    0.02837  3.47%  15.0 17285s
 49865631 697186    0.02837  106    7    0.02742    0.02837  3.47%  15.0 17290s
 49880089 696318 infeasible   99         0.02742    0.02837  3.47%  15.0 17295s
 49893467 695603 infeasible  104         0.02742    0.02837  3.46%  15.0 17300s
 49905574 694756    0.02837   95    3    0.02742    0.02837  3.46%  15.0 17305s
 49914902 694125 infeasible  110         0.02742    0.02837  3.46%  15.0 17310s
 49926402 693516     cutoff   49         0.02742    0.02837  3.46%  15.0 17315s
 49936297 692706    0.02837  100    5    0.02742    0.02837  3.45%  15.0 17320s
 49949358 691750    0.02837   98    6    0.02742    0.02837  3.45%  15.0 17325s
 49957292 691141    0.02798  100    2    0.02742    0.02837  3.45%  15.0 17330s
 49969753 690219    0.02835  112    1    0.02742    0.02837  3.45%  15.0 17335s
 49976425 689824     cutoff  105         0.02742    0.02837  3.44%  15.0 17340s
 49986459 689175 infeasible  105         0.02742    0.02837  3.44%  15.0 17345s
 49998610 687994     cutoff  102         0.02742    0.02837  3.44%  15.0 17350s
 50009156 687189     cutoff   46         0.02742    0.02837  3.44%  15.0 17355s
 50019452 686567    0.02837  106    3    0.02742    0.02837  3.43%  15.0 17360s
 50032396 685528 infeasible  109         0.02742    0.02836  3.43%  15.0 17365s
 50038893 685077 infeasible  114         0.02742    0.02836  3.43%  15.0 17370s
 50045912 684567    0.02789   40   54    0.02742    0.02836  3.43%  15.0 17375s
 50055092 683705     cutoff   47         0.02742    0.02836  3.42%  15.0 17380s
 50066575 683100    0.02828  109   12    0.02742    0.02836  3.42%  15.0 17385s
 50073548 682598    0.02806   43   57    0.02742    0.02836  3.42%  15.0 17390s
 50083606 681958     cutoff  102         0.02742    0.02836  3.42%  15.0 17395s
 50093146 681116 infeasible  105         0.02742    0.02836  3.41%  15.0 17400s
 50101113 680475 infeasible  116         0.02742    0.02836  3.41%  15.0 17405s
 50108722 679848    0.02836  103    3    0.02742    0.02836  3.41%  15.0 17410s
 50118290 678825     cutoff   42         0.02742    0.02836  3.40%  15.0 17415s
 50128014 678000     cutoff   99         0.02742    0.02836  3.40%  15.0 17420s
 50139515 677093     cutoff  112         0.02742    0.02836  3.40%  15.0 17425s
 50150459 676412 infeasible  107         0.02742    0.02835  3.40%  15.0 17430s
 50158684 675764    0.02801  105    2    0.02742    0.02835  3.39%  15.0 17435s
 50163734 675388 infeasible  114         0.02742    0.02835  3.39%  15.0 17440s
 50171089 674890     cutoff   46         0.02742    0.02835  3.39%  15.0 17445s
 50184714 673675    0.02835  101    1    0.02742    0.02835  3.39%  15.0 17450s
 50194770 673044     cutoff  108         0.02742    0.02835  3.38%  15.0 17455s
 50204688 672315    0.02835   43   50    0.02742    0.02835  3.38%  15.0 17460s
 50208911 671873    0.02834  102    3    0.02742    0.02835  3.38%  15.0 17465s
 50216568 671175    0.02770   52   53    0.02742    0.02835  3.38%  15.0 17470s
 50224019 670547     cutoff   43         0.02742    0.02835  3.38%  15.0 17475s
 50232351 669619     cutoff  115         0.02742    0.02835  3.37%  15.0 17480s
 50242990 668710     cutoff   40         0.02742    0.02835  3.37%  15.0 17485s
 50252996 667692 infeasible  109         0.02742    0.02835  3.36%  15.0 17490s
 50262799 666997     cutoff   46         0.02742    0.02835  3.36%  15.0 17495s
 50270006 666414    0.02834  105    2    0.02742    0.02834  3.36%  15.0 17500s
 50280560 665437    0.02834  100    3    0.02742    0.02834  3.36%  15.0 17505s
 50287073 664929    0.02834  113    7    0.02742    0.02834  3.36%  15.0 17510s
 50295191 664164    0.02834  111    2    0.02742    0.02834  3.35%  15.0 17515s
 50304617 663191     cutoff  103         0.02742    0.02834  3.35%  14.9 17520s
 50311540 662670 infeasible  106         0.02742    0.02834  3.35%  14.9 17525s
 50320180 661888 infeasible  104         0.02742    0.02834  3.35%  14.9 17530s
 50329082 661230 infeasible  101         0.02742    0.02834  3.34%  14.9 17535s
 50341063 660238    0.02828  110    5    0.02742    0.02834  3.34%  14.9 17540s
 50350433 659425 infeasible  105         0.02742    0.02834  3.34%  14.9 17545s
 50358106 658753     cutoff   45         0.02742    0.02834  3.34%  14.9 17550s
 50369321 657626     cutoff  115         0.02742    0.02834  3.33%  14.9 17555s
 50378245 656701     cutoff  114         0.02742    0.02834  3.33%  14.9 17560s
 50388171 655584 infeasible  108         0.02742    0.02834  3.33%  14.9 17565s
 50398335 654376     cutoff  108         0.02742    0.02834  3.33%  14.9 17570s
 50410158 653022 infeasible  101         0.02742    0.02834  3.33%  14.9 17575s
 50420507 651719    0.02824  112    3    0.02742    0.02833  3.32%  14.9 17580s
 50430156 650819    0.02824  111    8    0.02742    0.02833  3.32%  14.9 17585s
 50439227 649611     cutoff  104         0.02742    0.02833  3.32%  14.9 17590s
 50448206 648445     cutoff  103         0.02742    0.02833  3.32%  14.9 17595s
 50458046 647006    0.02832  117    1    0.02742    0.02833  3.32%  14.9 17600s
 50470973 645518    0.02833  103    2    0.02742    0.02833  3.31%  14.9 17605s
 50477635 644750     cutoff  109         0.02742    0.02833  3.31%  14.9 17610s
 50484323 643925 infeasible  112         0.02742    0.02833  3.31%  14.9 17615s
 50493008 642875     cutoff  112         0.02742    0.02833  3.31%  14.9 17620s
 50501976 641715 infeasible  119         0.02742    0.02833  3.31%  14.9 17625s
 50511580 640284     cutoff  113         0.02742    0.02833  3.31%  14.9 17630s
 50521121 638776 infeasible  107         0.02742    0.02833  3.30%  14.9 17635s
 50531704 637247     cutoff  108         0.02742    0.02833  3.30%  14.9 17640s
 50542332 635661    0.02831  109    3    0.02742    0.02833  3.30%  14.9 17645s
 50551366 634473     cutoff  118         0.02742    0.02833  3.30%  14.9 17650s
 50559852 633391    0.02833  110    8    0.02742    0.02833  3.30%  14.9 17655s
 50570730 632063     cutoff  113         0.02742    0.02833  3.29%  14.9 17660s
 50578033 631298 infeasible   97         0.02742    0.02833  3.29%  14.9 17665s
 50586142 630548 infeasible  111         0.02742    0.02833  3.29%  14.9 17670s
 50596120 629435     cutoff   51         0.02742    0.02833  3.29%  14.9 17675s
 50606849 628468     cutoff  110         0.02742    0.02832  3.29%  14.9 17680s
 50616696 627701    0.02832  102   10    0.02742    0.02832  3.28%  14.9 17685s
 50629849 626719 infeasible  111         0.02742    0.02832  3.28%  14.9 17690s
 50639607 626210     cutoff   96         0.02742    0.02832  3.28%  14.9 17695s
 50653435 625509    0.02832   99    4    0.02742    0.02832  3.28%  14.9 17700s
 50666188 624823 infeasible   86         0.02742    0.02832  3.27%  14.9 17705s
 50677785 624119 infeasible  100         0.02742    0.02832  3.27%  14.9 17710s
 50691123 623427 infeasible  114         0.02742    0.02832  3.27%  14.9 17715s
 50702833 622968    0.02814  106    2    0.02742    0.02832  3.27%  14.9 17720s
 50714520 622134    0.02832   99    4    0.02742    0.02832  3.26%  14.9 17725s
 50725676 621438 infeasible  102         0.02742    0.02832  3.26%  14.9 17730s
 50735542 620970    0.02832   98    3    0.02742    0.02832  3.26%  14.9 17735s
 50746474 620555 infeasible  109         0.02742    0.02832  3.26%  14.9 17740s
 50756463 620120     cutoff   40         0.02742    0.02832  3.26%  14.9 17745s
 50767163 619565     cutoff   38         0.02742    0.02832  3.25%  14.9 17750s
 50777575 619095    0.02816  112    1    0.02742    0.02832  3.25%  14.9 17755s
 50788520 618824    0.02831   92   15    0.02742    0.02831  3.25%  14.9 17760s
 50800681 618354 infeasible   98         0.02742    0.02831  3.25%  14.9 17765s
 50813772 617992 infeasible   94         0.02742    0.02831  3.24%  14.9 17770s
 50825643 617912    0.02831   94   10    0.02742    0.02831  3.24%  14.9 17775s
 50839833 617882 infeasible  110         0.02742    0.02831  3.24%  14.9 17780s
 50852144 617579    0.02830  106    7    0.02742    0.02831  3.24%  14.9 17785s
 50863074 617318 infeasible   98         0.02742    0.02831  3.23%  14.9 17790s
 50872262 617129     cutoff   44         0.02742    0.02831  3.23%  14.9 17795s
 50885475 617018    0.02813  100    7    0.02742    0.02831  3.23%  14.8 17800s
 50898891 617073    0.02813  101    6    0.02742    0.02831  3.23%  14.8 17805s
 50909583 617027     cutoff   45         0.02742    0.02831  3.23%  14.8 17810s
 50920449 617172    0.02831   98    2    0.02742    0.02831  3.23%  14.8 17815s
 50933042 617146    0.02830  119    2    0.02742    0.02831  3.22%  14.8 17820s
 50940840 617300 infeasible  106         0.02742    0.02831  3.22%  14.8 17825s
 50954420 617310     cutoff   41         0.02742    0.02831  3.22%  14.8 17830s
 50967247 617324    0.02830  106    3    0.02742    0.02831  3.22%  14.8 17835s
 50981168 617272    0.02813   99    8    0.02742    0.02831  3.21%  14.8 17840s
 50992294 617385    0.02830  100    3    0.02742    0.02830  3.21%  14.8 17845s
 51005612 617452    0.02812  108    2    0.02742    0.02830  3.21%  14.8 17850s
 51016865 617535 infeasible  106         0.02742    0.02830  3.21%  14.8 17855s
 51021522 617556     cutoff  109         0.02742    0.02830  3.21%  14.8 17860s
 51024507 617597 infeasible  104         0.02742    0.02830  3.21%  14.8 17865s
 51039915 617494    0.02829  102    3    0.02742    0.02830  3.21%  14.8 17870s
 51050437 617503    0.02816   34   59    0.02742    0.02830  3.20%  14.8 17875s
 51060076 617239    0.02830  104    3    0.02742    0.02830  3.20%  14.8 17880s
 51072618 617348 infeasible  109         0.02742    0.02830  3.20%  14.8 17885s
 51086296 617252    0.02830   99    2    0.02742    0.02830  3.20%  14.8 17890s
 51096478 617201     cutoff   42         0.02742    0.02830  3.20%  14.8 17895s
 51108520 617154     cutoff  103         0.02742    0.02830  3.19%  14.8 17900s
 51121594 617198    0.02829  104    1    0.02742    0.02830  3.19%  14.8 17905s
 51130308 617120    0.02787   67   43    0.02742    0.02830  3.19%  14.8 17910s
 51140537 617073 infeasible  117         0.02742    0.02830  3.19%  14.8 17915s
 51153392 617132 infeasible  107         0.02742    0.02830  3.18%  14.8 17920s
 51163058 617154 infeasible  101         0.02742    0.02830  3.18%  14.8 17925s
 51168865 617137     cutoff   50         0.02742    0.02830  3.18%  14.8 17930s
 51182515 616986    0.02830   98    1    0.02742    0.02830  3.18%  14.8 17935s
 51192641 616819 infeasible  105         0.02742    0.02829  3.18%  14.8 17940s
 51202015 616706 infeasible   82         0.02742    0.02829  3.18%  14.8 17945s
 51213092 616758 infeasible  107         0.02742    0.02829  3.17%  14.8 17950s
 51224153 616844    0.02829  115    4    0.02742    0.02829  3.17%  14.8 17955s
 51234764 616690     cutoff  102         0.02742    0.02829  3.17%  14.8 17960s
 51247024 616618     cutoff   45         0.02742    0.02829  3.17%  14.8 17965s
 51258082 616536    0.02770   52   53    0.02742    0.02829  3.17%  14.8 17970s
 51270833 616481     cutoff  103         0.02742    0.02829  3.16%  14.8 17975s
 51284423 616459    0.02811   40   51    0.02742    0.02829  3.16%  14.8 17980s
 51296766 616253    0.02809  101    2    0.02742    0.02829  3.16%  14.8 17985s
 51303366 616218    0.02829  104    2    0.02742    0.02829  3.16%  14.8 17990s
 51318045 615756     cutoff  102         0.02742    0.02829  3.16%  14.8 17995s
 51330378 615300    0.02829   99    3    0.02742    0.02829  3.16%  14.8 18000s
 51344085 614938    0.02795  108    9    0.02742    0.02829  3.15%  14.8 18005s
 51356235 614667    0.02809  101    7    0.02742    0.02829  3.15%  14.8 18010s
 51358480 614613    0.02809  105    2    0.02742    0.02829  3.15%  14.8 18015s
 51361399 614614    0.02814  101    3    0.02742    0.02829  3.15%  14.8 18020s
 51370027 614451     cutoff  108         0.02742    0.02829  3.15%  14.8 18025s
 51380853 614202    0.02829   91   14    0.02742    0.02829  3.15%  14.8 18030s
 51393496 614086    0.02828  105    3    0.02742    0.02829  3.14%  14.8 18035s
 51407805 613936 infeasible  119         0.02742    0.02828  3.14%  14.8 18040s
 51419111 613774     cutoff   46         0.02742    0.02828  3.14%  14.8 18045s
 51431311 613655 infeasible  102         0.02742    0.02828  3.14%  14.8 18050s
 51444785 613326    0.02827   44   62    0.02742    0.02828  3.13%  14.8 18055s
 51454931 612891     cutoff   43         0.02742    0.02828  3.13%  14.8 18060s
 51466740 612525    0.02809  101    7    0.02742    0.02828  3.13%  14.7 18065s
 51475198 612170 infeasible  119         0.02742    0.02828  3.13%  14.7 18070s
 51487131 611844    0.02828   42   58    0.02742    0.02828  3.13%  14.7 18075s
 51504124 611455    0.02828   97    8    0.02742    0.02828  3.12%  14.7 18080s
 51516529 611087 infeasible  106         0.02742    0.02828  3.12%  14.7 18085s
 51528965 610636     cutoff   55         0.02742    0.02828  3.12%  14.7 18090s
 51535943 610277    0.02828  106    3    0.02742    0.02828  3.12%  14.7 18095s
 51546147 609894     cutoff  108         0.02742    0.02828  3.12%  14.7 18100s
 51557868 609293 infeasible  109         0.02742    0.02828  3.11%  14.7 18105s
 51571734 608594 infeasible  108         0.02742    0.02828  3.11%  14.7 18110s
 51585223 607679 infeasible   99         0.02742    0.02828  3.11%  14.7 18115s
 51595048 607077     cutoff   36         0.02742    0.02828  3.11%  14.7 18120s
 51605998 606413    0.02784   53   58    0.02742    0.02828  3.11%  14.7 18125s
 51616305 605800    0.02827  101   11    0.02742    0.02827  3.10%  14.7 18130s
 51627129 605552     cutoff  111         0.02742    0.02827  3.10%  14.7 18135s
 51637903 605108 infeasible  114         0.02742    0.02827  3.10%  14.7 18140s
 51649992 604291     cutoff  105         0.02742    0.02827  3.10%  14.7 18145s
 51660023 603604     cutoff   53         0.02742    0.02827  3.10%  14.7 18150s
 51671880 602686    0.02827   39   53    0.02742    0.02827  3.09%  14.7 18155s
 51683290 601502 infeasible  104         0.02742    0.02827  3.09%  14.7 18160s
 51692541 600925     cutoff   47         0.02742    0.02827  3.09%  14.7 18165s
 51704729 600266 infeasible  103         0.02742    0.02827  3.09%  14.7 18170s
 51720192 599810     cutoff   47         0.02742    0.02827  3.08%  14.7 18175s
 51735882 598904     cutoff  107         0.02742    0.02827  3.08%  14.7 18180s
 51747575 598191     cutoff   44         0.02742    0.02827  3.08%  14.7 18185s
 51759090 597339 infeasible  117         0.02742    0.02827  3.08%  14.7 18190s
 51766914 596882     cutoff  106         0.02742    0.02827  3.07%  14.7 18195s
 51783763 595770 infeasible   93         0.02742    0.02827  3.07%  14.7 18200s
 51795574 594968    0.02827  104    1    0.02742    0.02827  3.07%  14.7 18205s
 51812100 593793     cutoff   47         0.02742    0.02826  3.07%  14.7 18210s
 51826519 592842    0.02826  100    4    0.02742    0.02826  3.06%  14.7 18215s
 51838780 591959    0.02817  105    6    0.02742    0.02826  3.06%  14.7 18220s
 51842329 592140    0.02817   95    2    0.02742    0.02826  3.06%  14.7 18225s
 51849274 592109     cutoff   48         0.02742    0.02826  3.06%  14.7 18230s
 51861937 591220    0.02826  109    3    0.02742    0.02826  3.06%  14.7 18235s
 51875546 589888 infeasible  102         0.02742    0.02826  3.06%  14.7 18240s
 51885814 588878    0.02768   46   55    0.02742    0.02826  3.06%  14.7 18245s
 51897341 587562    0.02826  108    3    0.02742    0.02826  3.05%  14.7 18250s
 51908661 586364 infeasible  107         0.02742    0.02826  3.05%  14.7 18255s
 51920237 585028     cutoff  105         0.02742    0.02826  3.05%  14.7 18260s
 51931053 583514 infeasible   69         0.02742    0.02826  3.05%  14.7 18265s
 51941037 582273     cutoff  111         0.02742    0.02826  3.05%  14.7 18270s
 51950246 581234     cutoff  113         0.02742    0.02826  3.05%  14.7 18275s
 51964265 579613     cutoff  110         0.02742    0.02826  3.04%  14.7 18280s
 51974308 578018    0.02826  107    3    0.02742    0.02826  3.04%  14.7 18285s
 51985057 576425     cutoff  104         0.02742    0.02826  3.04%  14.7 18290s
 51987414 576198    0.02826   44   56    0.02742    0.02826  3.04%  14.7 18295s
 51996601 574835    0.02826  106    3    0.02742    0.02826  3.04%  14.7 18300s
 52004906 573524    0.02825   95    8    0.02742    0.02826  3.04%  14.7 18305s
 52015727 572020     cutoff   93         0.02742    0.02826  3.04%  14.7 18310s
 52026815 570536 infeasible  114         0.02742    0.02826  3.03%  14.7 18315s
 52032310 569781     cutoff  107         0.02742    0.02825  3.03%  14.7 18320s
 52044925 568175    0.02825   43   64    0.02742    0.02825  3.03%  14.7 18325s
 52053564 567003    0.02825  103    5    0.02742    0.02825  3.03%  14.7 18330s
 52061084 566131    0.02825  106    2    0.02742    0.02825  3.03%  14.7 18335s
 52074280 564449    0.02817  107    9    0.02742    0.02825  3.03%  14.6 18340s
 52087434 562738    0.02825   98    4    0.02742    0.02825  3.02%  14.6 18345s
 52101826 560743    0.02825   94    4    0.02742    0.02825  3.02%  14.6 18350s
 52111602 559522    0.02820  112    1    0.02742    0.02825  3.02%  14.6 18355s
 52120680 558290 infeasible  114         0.02742    0.02825  3.02%  14.6 18360s
 52133478 556325 infeasible  121         0.02742    0.02825  3.02%  14.6 18365s
 52147383 554646     cutoff  114         0.02742    0.02825  3.02%  14.6 18370s
 52153334 553923     cutoff  110         0.02742    0.02825  3.01%  14.6 18375s
 52165494 552238    0.02825  105    4    0.02742    0.02825  3.01%  14.6 18380s
 52176289 550833     cutoff  106         0.02742    0.02825  3.01%  14.6 18385s
 52186203 549579    0.02825  106    4    0.02742    0.02825  3.01%  14.6 18390s
 52198897 548121    0.02825   97    4    0.02742    0.02825  3.01%  14.6 18395s
 52208725 546973 infeasible   42         0.02742    0.02825  3.01%  14.6 18400s
 52219055 545635    0.02824  108    4    0.02742    0.02825  3.00%  14.6 18405s
 52231982 543961     cutoff  102         0.02742    0.02825  3.00%  14.6 18410s
 52242662 542663     cutoff   34         0.02742    0.02825  3.00%  14.6 18415s
 52253361 541355     cutoff   81         0.02742    0.02825  3.00%  14.6 18420s
 52262322 539905     cutoff  104         0.02742    0.02825  3.00%  14.6 18425s
 52272226 538473 infeasible  108         0.02742    0.02824  2.99%  14.6 18430s
 52284026 537016     cutoff  109         0.02742    0.02824  2.99%  14.6 18435s
 52295854 535526 infeasible  104         0.02742    0.02824  2.99%  14.6 18440s
 52306500 534166     cutoff   37         0.02742    0.02824  2.99%  14.6 18445s
 52316674 532771     cutoff   46         0.02742    0.02824  2.99%  14.6 18450s
 52329812 530912     cutoff  116         0.02742    0.02824  2.99%  14.6 18455s
 52340353 529437 infeasible  108         0.02742    0.02824  2.98%  14.6 18460s
 52351165 527992 infeasible  110         0.02742    0.02824  2.98%  14.6 18465s
 52363368 526843    0.02823  104    4    0.02742    0.02824  2.98%  14.6 18470s
 52377126 525124    0.02824  115    2    0.02742    0.02824  2.98%  14.6 18475s
 52386917 523782    0.02824  112    1    0.02742    0.02824  2.98%  14.6 18480s
 52393235 523036     cutoff  102         0.02742    0.02824  2.98%  14.6 18485s
 52401656 521890    0.02824  108    1    0.02742    0.02824  2.97%  14.6 18490s
 52410959 520641     cutoff   45         0.02742    0.02824  2.97%  14.6 18495s
 52420518 519531    0.02815  102   17    0.02742    0.02824  2.97%  14.6 18500s
 52429279 518721 infeasible  108         0.02742    0.02824  2.97%  14.6 18505s
 52439110 517802 infeasible   61         0.02742    0.02824  2.97%  14.6 18510s
 52448975 517095     cutoff  107         0.02742    0.02824  2.97%  14.6 18515s
 52462380 515957    0.02799   44   50    0.02742    0.02824  2.96%  14.6 18520s
 52475069 514593 infeasible  107         0.02742    0.02824  2.96%  14.6 18525s
 52483346 513905     cutoff   45         0.02742    0.02823  2.96%  14.6 18530s
 52495077 513081    0.02760   41   54    0.02742    0.02823  2.96%  14.6 18535s
 52508436 511950    0.02822  103    4    0.02742    0.02823  2.95%  14.6 18540s
 52520519 511317    0.02823  109    9    0.02742    0.02823  2.95%  14.6 18545s
 52535231 510934     cutoff  105         0.02742    0.02823  2.95%  14.6 18550s
 52543248 510251    0.02823  112    5    0.02742    0.02823  2.95%  14.6 18555s
 52555607 509206 infeasible  112         0.02742    0.02823  2.95%  14.6 18560s
 52568528 508161 infeasible  101         0.02742    0.02823  2.94%  14.6 18565s
 52575845 507577    0.02798   33   59    0.02742    0.02823  2.94%  14.6 18570s
 52585584 506860    0.02769   44   50    0.02742    0.02823  2.94%  14.6 18575s
 52595957 506138    0.02805   99    2    0.02742    0.02823  2.94%  14.6 18580s
 52606867 505366     cutoff  111         0.02742    0.02823  2.93%  14.6 18585s
 52615801 504950     cutoff   46         0.02742    0.02823  2.93%  14.6 18590s
 52624517 504460    0.02821  117    2    0.02742    0.02823  2.93%  14.6 18595s
 52637166 503815     cutoff   46         0.02742    0.02823  2.93%  14.6 18600s
 52646151 503323    0.02823  108    3    0.02742    0.02823  2.93%  14.6 18605s
 52655506 502896    0.02823  103    4    0.02742    0.02823  2.93%  14.5 18610s
 52667176 502329 infeasible  110         0.02742    0.02823  2.92%  14.5 18615s
 52675761 501738    0.02822  111    3    0.02742    0.02822  2.92%  14.5 18620s
 52687284 501205 infeasible  112         0.02742    0.02822  2.92%  14.5 18625s
 52697340 500699    0.02822   49   54    0.02742    0.02822  2.92%  14.5 18630s
 52713086 499879     cutoff  111         0.02742    0.02822  2.91%  14.5 18635s
 52725705 499191    0.02822   99    2    0.02742    0.02822  2.91%  14.5 18640s
 52737106 498575    0.02749   41   57    0.02742    0.02822  2.91%  14.5 18645s
 52747917 498043 infeasible  105         0.02742    0.02822  2.91%  14.5 18650s
 52757965 497579 infeasible   87         0.02742    0.02822  2.90%  14.5 18655s
 52768694 497115 infeasible  113         0.02742    0.02822  2.90%  14.5 18660s
 52779784 496701     cutoff   49         0.02742    0.02822  2.90%  14.5 18665s
 52792250 496109    0.02821  119    1    0.02742    0.02822  2.90%  14.5 18670s
 52802925 495387     cutoff   47         0.02742    0.02822  2.89%  14.5 18675s
 52813940 494805     cutoff   43         0.02742    0.02822  2.89%  14.5 18680s
 52823837 494229 infeasible  114         0.02742    0.02822  2.89%  14.5 18685s
 52835243 493735 infeasible  103         0.02742    0.02822  2.89%  14.5 18690s
 52847579 492998     cutoff   45         0.02742    0.02821  2.88%  14.5 18695s
 52857955 492484    0.02821  105    5    0.02742    0.02821  2.88%  14.5 18700s
 52867039 492132     cutoff   43         0.02742    0.02821  2.88%  14.5 18705s
 52878340 491400     cutoff   54         0.02742    0.02821  2.88%  14.5 18710s
 52887282 491061     cutoff  107         0.02742    0.02821  2.87%  14.5 18715s
 52891814 490832    0.02807  104    3    0.02742    0.02821  2.87%  14.5 18720s
 52900991 490323     cutoff  108         0.02742    0.02821  2.87%  14.5 18725s
 52910625 489977 infeasible  104         0.02742    0.02821  2.87%  14.5 18730s
 52921389 489510    0.02821  108    3    0.02742    0.02821  2.86%  14.5 18735s
 52927248 489256     cutoff  113         0.02742    0.02821  2.86%  14.5 18740s
 52937858 488704    0.02821   97    5    0.02742    0.02821  2.86%  14.5 18745s
 52950483 487889 infeasible  111         0.02742    0.02821  2.86%  14.5 18750s
 52963240 486909     cutoff  104         0.02742    0.02821  2.85%  14.5 18755s
 52976080 485924 infeasible  113         0.02742    0.02821  2.85%  14.5 18760s
 52984958 485299    0.02820  105    9    0.02742    0.02820  2.85%  14.5 18765s
 52995511 484318 infeasible  109         0.02742    0.02820  2.85%  14.5 18770s
 53005782 483094    0.02820  100    5    0.02742    0.02820  2.84%  14.5 18775s
 53016372 482142     cutoff   45         0.02742    0.02820  2.84%  14.5 18780s
 53026535 481109 infeasible  100         0.02742    0.02820  2.84%  14.5 18785s
 53036229 480254    0.02820  113    4    0.02742    0.02820  2.84%  14.5 18790s
 53041345 479610 infeasible   43         0.02742    0.02820  2.84%  14.5 18795s
 53049806 478742     cutoff   44         0.02742    0.02820  2.83%  14.5 18800s
 53062420 477805    0.02754   43   50    0.02742    0.02820  2.83%  14.5 18805s
 53070772 477086 infeasible  108         0.02742    0.02820  2.83%  14.5 18810s
 53079524 476405    0.02820  111    2    0.02742    0.02820  2.83%  14.5 18815s
 53089617 475472    0.02820  112    2    0.02742    0.02820  2.83%  14.5 18820s
 53100011 474504    0.02747   35   56    0.02742    0.02820  2.82%  14.5 18825s
 53105731 474323 infeasible  101         0.02742    0.02820  2.82%  14.5 18830s
 53118203 473210    0.02820  106    3    0.02742    0.02820  2.82%  14.5 18835s
 53129225 472026    0.02818  110    3    0.02742    0.02820  2.82%  14.5 18840s
 53140483 470864    0.02820  106    2    0.02742    0.02820  2.82%  14.5 18845s
 53151798 469699     cutoff  113         0.02742    0.02820  2.81%  14.5 18850s
 53161516 468371     cutoff  108         0.02742    0.02819  2.81%  14.5 18855s
 53173248 466945    0.02819  105    5    0.02742    0.02819  2.81%  14.5 18860s
 53183714 465652     cutoff   42         0.02742    0.02819  2.81%  14.5 18865s
 53192728 464568     cutoff   46         0.02742    0.02819  2.80%  14.5 18870s
 53201046 463880 infeasible  109         0.02742    0.02819  2.80%  14.5 18875s
 53211446 462846    0.02754   40   56    0.02742    0.02819  2.80%  14.5 18880s
 53224158 461880     cutoff   46         0.02742    0.02819  2.80%  14.5 18885s
 53232514 461239 infeasible  112         0.02742    0.02819  2.79%  14.5 18890s
 53243515 460554     cutoff   51         0.02742    0.02819  2.79%  14.5 18895s
 53256228 459945    0.02818  108    4    0.02742    0.02819  2.79%  14.5 18900s
 53266671 459306     cutoff  104         0.02742    0.02819  2.78%  14.5 18905s
 53275950 458646    0.02819  109    3    0.02742    0.02819  2.78%  14.5 18910s
 53288398 457743 infeasible  110         0.02742    0.02819  2.78%  14.5 18915s
 53298680 457028 infeasible   93         0.02742    0.02818  2.78%  14.5 18920s
 53302713 456786 infeasible   49         0.02742    0.02818  2.78%  14.5 18925s
 53312889 456233    0.02818  113    4    0.02742    0.02818  2.77%  14.4 18930s
 53324113 455771    0.02818  106    2    0.02742    0.02818  2.77%  14.4 18935s
 53328685 455539     cutoff  111         0.02742    0.02818  2.77%  14.4 18940s
 53331636 455338    0.02818  104    2    0.02742    0.02818  2.77%  14.4 18945s
 53339858 455001 infeasible  110         0.02742    0.02818  2.76%  14.4 18950s
 53345078 454815     cutoff   51         0.02742    0.02818  2.76%  14.4 18956s
 53349703 454618 infeasible  113         0.02742    0.02818  2.76%  14.4 18960s
 53359607 454157    0.02807   41   52    0.02742    0.02818  2.76%  14.4 18965s
 53363887 453983     cutoff  113         0.02742    0.02818  2.76%  14.4 18970s
 53367770 453870    0.02817  108    1    0.02742    0.02818  2.76%  14.4 18975s
 53380940 453431 infeasible   96         0.02742    0.02818  2.75%  14.4 18980s
 53392545 452987    0.02818   38   50    0.02742    0.02818  2.75%  14.4 18985s
 53400433 452710    0.02818  102    7    0.02742    0.02818  2.75%  14.4 18990s
 53411020 452084    0.02810   42   59    0.02742    0.02818  2.74%  14.4 18995s
 53423343 451609    0.02817   53   52    0.02742    0.02818  2.74%  14.4 19000s
 53430863 451176    0.02803  102    2    0.02742    0.02817  2.74%  14.4 19005s
 53439406 450805    0.02758   38   52    0.02742    0.02817  2.74%  14.4 19010s
 53447726 450316    0.02817  116    2    0.02742    0.02817  2.73%  14.4 19015s
 53452367 450146     cutoff   46         0.02742    0.02817  2.73%  14.4 19020s
 53457323 449960    0.02803  101    2    0.02742    0.02817  2.73%  14.4 19025s
 53466190 449637    0.02817  100   15    0.02742    0.02817  2.73%  14.4 19030s
 53476070 449354 infeasible  114         0.02742    0.02817  2.73%  14.4 19035s
 53486184 448924 infeasible  108         0.02742    0.02817  2.72%  14.4 19040s
 53489069 448823     cutoff   46         0.02742    0.02817  2.72%  14.4 19045s
 53497967 448492    0.02788   43   50    0.02742    0.02817  2.72%  14.4 19050s
 53505947 448065    0.02816  107    3    0.02742    0.02817  2.72%  14.4 19055s
 53512766 447698    0.02817  104    1    0.02742    0.02817  2.71%  14.4 19060s
 53522769 447361    0.02816  103    8    0.02742    0.02817  2.71%  14.4 19065s
 53532823 447071    0.02816  106    5    0.02742    0.02817  2.71%  14.4 19070s
 53535195 446982     cutoff   42         0.02742    0.02817  2.71%  14.4 19075s
 53541684 446308     cutoff   49         0.02742    0.02817  2.70%  14.4 19080s
 53549837 445560 infeasible  111         0.02742    0.02816  2.70%  14.4 19085s
 53557937 444858     cutoff   37         0.02742    0.02816  2.70%  14.4 19090s
 53566512 444194    0.02786  103    2    0.02742    0.02816  2.69%  14.4 19095s
 53572476 443790     cutoff   43         0.02742    0.02816  2.69%  14.4 19100s
 53580557 443103    0.02816   36   64    0.02742    0.02816  2.69%  14.4 19105s
 53586359 442459    0.02799   42   54    0.02742    0.02816  2.69%  14.4 19110s
 53595784 441815 infeasible  108         0.02742    0.02816  2.68%  14.4 19115s
 53599341 441580     cutoff   48         0.02742    0.02816  2.68%  14.4 19120s
 53606857 440986 infeasible   98         0.02742    0.02816  2.68%  14.4 19125s
 53615882 440313     cutoff   46         0.02742    0.02816  2.67%  14.4 19130s
 53620908 439973    0.02816  105    4    0.02742    0.02816  2.67%  14.4 19135s
 53625515 439620    0.02749   69   44    0.02742    0.02816  2.67%  14.4 19140s
 53629836 439185     cutoff  104         0.02742    0.02815  2.67%  14.4 19145s
 53634423 438861     cutoff   49         0.02742    0.02815  2.66%  14.4 19150s
 53643820 438100 infeasible  100         0.02742    0.02815  2.66%  14.4 19155s
 53651233 437575    0.02815  103    5    0.02742    0.02815  2.66%  14.4 19160s
 53661371 436884 infeasible  103         0.02742    0.02815  2.65%  14.4 19165s
 53664986 436565    0.02815  101    3    0.02742    0.02815  2.65%  14.4 19170s
 53671307 436125    0.02814  103    3    0.02742    0.02815  2.65%  14.4 19175s
 53688645 434892    0.02764   42   57    0.02742    0.02815  2.64%  14.4 19180s
 53700461 434173    0.02784   80   15    0.02742    0.02815  2.64%  14.4 19185s
 53718259 432324 infeasible  100         0.02742    0.02814  2.63%  14.4 19190s
 53735491 430238 infeasible  108         0.02742    0.02814  2.62%  14.4 19195s
 53748545 428694     cutoff  109         0.02742    0.02814  2.61%  14.4 19200s
 53763576 427212    0.02814  104    5    0.02742    0.02814  2.60%  14.4 19205s
 53780917 425372    0.02813  110    2    0.02742    0.02813  2.59%  14.4 19210s
 53796583 423656    0.02813   45   59    0.02742    0.02813  2.58%  14.4 19215s
 53812713 421923     cutoff   49         0.02742    0.02813  2.58%  14.4 19220s
 53827838 420005    0.02812  113    3    0.02742    0.02813  2.57%  14.4 19225s
 53842818 418217 infeasible   76         0.02742    0.02813  2.56%  14.4 19230s
 53858091 416453 infeasible  103         0.02742    0.02812  2.56%  14.4 19235s
 53871877 414614    0.02799  106    6    0.02742    0.02812  2.55%  14.4 19240s
 53886152 412655 infeasible   97         0.02742    0.02812  2.54%  14.4 19245s
 53901285 410721 infeasible  117         0.02742    0.02812  2.54%  14.4 19250s
 53916706 408614    0.02811  102    3    0.02742    0.02812  2.53%  14.4 19255s
 53931476 406477 infeasible  109         0.02742    0.02811  2.52%  14.4 19260s
 53947158 404070     cutoff   53         0.02742    0.02811  2.51%  14.4 19265s
 53960638 401811    0.02811  114    1    0.02742    0.02811  2.50%  14.4 19270s
 53974848 399590    0.02809   75   17    0.02742    0.02811  2.49%  14.4 19275s
 53987059 397391 infeasible  109         0.02742    0.02811  2.49%  14.4 19280s
 54001367 394440    0.02810  102    3    0.02742    0.02810  2.48%  14.4 19285s
 54015949 391863    0.02810   84    3    0.02742    0.02810  2.47%  14.4 19290s
 54031218 388771     cutoff   45         0.02742    0.02810  2.46%  14.4 19295s
 54044106 386083 infeasible  124         0.02742    0.02809  2.45%  14.4 19300s
 54058025 383023    0.02801  109    2    0.02742    0.02809  2.44%  14.4 19305s
 54072867 380898 infeasible  106         0.02742    0.02809  2.43%  14.3 19310s
 54088209 378579    0.02808  101    3    0.02742    0.02809  2.42%  14.3 19315s
 54103298 375520    0.02808  102    6    0.02742    0.02808  2.40%  14.3 19320s
 54119388 372630    0.02808  112    8    0.02742    0.02808  2.39%  14.3 19325s
 54131877 370316    0.02800   42   55    0.02742    0.02808  2.38%  14.3 19330s
 54146735 367698     cutoff   51         0.02742    0.02807  2.37%  14.3 19335s
 54162338 364913     cutoff   43         0.02742    0.02807  2.36%  14.3 19340s
 54177985 362392 infeasible  103         0.02742    0.02807  2.35%  14.3 19345s
 54192412 359730     cutoff  102         0.02742    0.02806  2.33%  14.3 19350s
 54208007 357338 infeasible  102         0.02742    0.02806  2.32%  14.3 19355s
 54222224 354808     cutoff   45         0.02742    0.02806  2.31%  14.3 19360s
 54238399 352049 infeasible  109         0.02742    0.02805  2.29%  14.3 19365s
 54253343 349174     cutoff   70         0.02742    0.02805  2.28%  14.3 19370s
 54268294 346710 infeasible  102         0.02742    0.02805  2.27%  14.3 19375s
 54283348 344018     cutoff   51         0.02742    0.02804  2.25%  14.3 19380s
 54295287 341982    0.02804   43   54    0.02742    0.02804  2.24%  14.3 19385s
 54310583 339162    0.02786   42   60    0.02742    0.02803  2.23%  14.3 19390s
 54325861 336528    0.02792   45   33    0.02742    0.02803  2.21%  14.3 19395s
 54339574 334418 infeasible  113         0.02742    0.02803  2.20%  14.3 19400s
 54355016 331377     cutoff  112         0.02742    0.02802  2.19%  14.3 19405s
 54369511 328619     cutoff   44         0.02742    0.02802  2.17%  14.3 19410s
 54384569 326223 infeasible  113         0.02742    0.02801  2.16%  14.3 19415s
 54400783 323444     cutoff   78         0.02742    0.02801  2.14%  14.3 19420s
 54415208 321383    0.02801  107    5    0.02742    0.02801  2.12%  14.3 19425s
 54430294 319931     cutoff   86         0.02742    0.02800  2.11%  14.3 19430s
 54445623 318502     cutoff   45         0.02742    0.02800  2.10%  14.3 19435s
 54459946 317277     cutoff   48         0.02742    0.02800  2.09%  14.3 19440s
 54474073 316915     cutoff   45         0.02742    0.02800  2.09%  14.3 19445s
 54488764 316050 infeasible   80         0.02742    0.02800  2.08%  14.3 19450s
 54504012 314630    0.02799   96    2    0.02742    0.02799  2.07%  14.3 19455s
 54518392 312607 infeasible  114         0.02742    0.02799  2.06%  14.3 19460s
 54534565 311175    0.02798  101   13    0.02742    0.02798  2.05%  14.3 19465s
 54550619 310203    0.02798   46   53    0.02742    0.02798  2.04%  14.3 19470s
 54565798 309460 infeasible  102         0.02742    0.02798  2.03%  14.3 19475s
 54580036 308492 infeasible  104         0.02742    0.02798  2.02%  14.3 19480s
 54592587 307258 infeasible   92         0.02742    0.02798  2.02%  14.3 19485s
 54609930 305118    0.02797  104    3    0.02742    0.02797  2.00%  14.3 19490s
 54623473 303573    0.02772   48   51    0.02742    0.02797  1.98%  14.3 19495s
 54640058 301760    0.02796   45   54    0.02742    0.02796  1.97%  14.3 19500s
 54656019 299925    0.02796  108    1    0.02742    0.02796  1.95%  14.3 19505s
 54672064 298581     cutoff   54         0.02742    0.02795  1.93%  14.3 19510s
 54688582 296973     cutoff   58         0.02742    0.02795  1.92%  14.3 19515s
 54705172 295726 infeasible  102         0.02742    0.02795  1.90%  14.3 19520s
 54719915 294468    0.02793   36   57    0.02742    0.02794  1.89%  14.3 19525s
 54736239 293075     cutoff   42         0.02742    0.02794  1.88%  14.3 19530s
 54752240 291323     cutoff  112         0.02742    0.02793  1.86%  14.3 19535s
 54767863 290039     cutoff   44         0.02742    0.02793  1.85%  14.3 19540s
 54782209 288386     cutoff   45         0.02742    0.02793  1.83%  14.3 19545s
 54794670 287300 infeasible  110         0.02742    0.02792  1.82%  14.3 19550s
 54811310 285371    0.02775   39   54    0.02742    0.02792  1.81%  14.3 19555s
 54828689 283446 infeasible   91         0.02742    0.02791  1.79%  14.3 19560s
 54845145 282302    0.02779   46   53    0.02742    0.02791  1.78%  14.3 19565s
 54858673 280723    0.02791   47   52    0.02742    0.02791  1.77%  14.3 19570s
 54867806 280104    0.02790  108    2    0.02742    0.02791  1.76%  14.3 19575s
 54883082 278193     cutoff  113         0.02742    0.02790  1.74%  14.3 19580s
 54899250 276210     cutoff  110         0.02742    0.02790  1.73%  14.3 19585s
 54915070 274565    0.02789  111    4    0.02742    0.02789  1.71%  14.3 19590s
 54930363 273002     cutoff   44         0.02742    0.02789  1.70%  14.3 19595s
 54946206 271392    0.02768   49   53    0.02742    0.02789  1.69%  14.3 19600s
 54961542 269660     cutoff   44         0.02742    0.02788  1.67%  14.3 19605s
 54977767 267831    0.02761   39   44    0.02742    0.02788  1.66%  14.3 19610s
 54992308 266003 infeasible  104         0.02742    0.02787  1.64%  14.3 19615s
 55008070 263740 infeasible  102         0.02742    0.02787  1.63%  14.3 19620s
 55025601 261764    0.02786  108    3    0.02742    0.02786  1.61%  14.2 19625s
 55042018 259297    0.02775   45   49    0.02742    0.02786  1.59%  14.2 19630s
 55054457 257023    0.02765   51   54    0.02742    0.02786  1.58%  14.2 19635s
 55071659 254392     cutoff   96         0.02742    0.02785  1.56%  14.2 19640s
 55087304 251789     cutoff  114         0.02742    0.02785  1.54%  14.2 19645s
 55103103 249476     cutoff   42         0.02742    0.02784  1.53%  14.2 19650s
 55119131 246963     cutoff   42         0.02742    0.02784  1.51%  14.2 19655s
 55134761 245349    0.02768   44   45    0.02742    0.02783  1.50%  14.2 19660s
 55151530 243446     cutoff   40         0.02742    0.02783  1.48%  14.2 19665s
 55167749 241450    0.02777   63   24    0.02742    0.02782  1.46%  14.2 19670s
 55180288 240292 infeasible   93         0.02742    0.02782  1.45%  14.2 19675s
 55198061 238448    0.02782   98    2    0.02742    0.02782  1.44%  14.2 19680s
 55211723 237039    0.02765   44   52    0.02742    0.02782  1.43%  14.2 19685s
 55227731 235479     cutoff  109         0.02742    0.02781  1.42%  14.2 19690s
 55240376 234098    0.02760   43   62    0.02742    0.02781  1.41%  14.2 19695s
 55254062 232583     cutoff   48         0.02742    0.02781  1.39%  14.2 19700s
 55269310 231493 infeasible  100         0.02742    0.02780  1.38%  14.2 19705s
 55284240 230140     cutoff   96         0.02742    0.02780  1.37%  14.2 19710s
 55300130 228528 infeasible  106         0.02742    0.02780  1.36%  14.2 19715s
 55314780 227111 infeasible  109         0.02742    0.02779  1.35%  14.2 19720s
 55329060 225949    0.02774  106    1    0.02742    0.02779  1.34%  14.2 19725s
 55346150 224728 infeasible  103         0.02742    0.02779  1.33%  14.2 19730s
 55362029 224281    0.02779  107    6    0.02742    0.02779  1.32%  14.2 19735s
 55376621 223191    0.02777  107    6    0.02742    0.02778  1.32%  14.2 19740s
 55391010 222689    0.02778  101    5    0.02742    0.02778  1.31%  14.2 19745s
 55406453 221984 infeasible  100         0.02742    0.02778  1.30%  14.2 19750s
 55419835 222057     cutoff  113         0.02742    0.02778  1.30%  14.2 19755s
 55435180 222170    0.02778  105   12    0.02742    0.02778  1.29%  14.2 19760s
 55450938 222318    0.02772  106   18    0.02742    0.02778  1.29%  14.2 19765s
 55467574 222525    0.02775  113    2    0.02742    0.02778  1.28%  14.2 19770s
 55482961 222928    0.02772   99    3    0.02742    0.02777  1.28%  14.2 19775s
 55497534 223100    0.02777  116    3    0.02742    0.02777  1.27%  14.2 19780s
 55512462 223237     cutoff   51         0.02742    0.02777  1.27%  14.2 19785s
 55528450 223270    0.02776   97    7    0.02742    0.02777  1.26%  14.2 19790s
 55541983 223414 infeasible  107         0.02742    0.02777  1.26%  14.2 19795s
 55557717 223638 infeasible  114         0.02742    0.02777  1.26%  14.2 19800s

Cutting planes:
  Gomory: 27
  Implied bound: 44
  MIR: 51
  Mixing: 2
  Flow cover: 233
  Inf proof: 2
  RLT: 196
  Relax-and-lift: 19
  BQP: 64

Explored 55558045 nodes (787400788 simplex iterations) in 19800.00 seconds (15141.90 work units)
Thread count was 4 (of 4 available processors)

Solution count 10: 0.0274235 0.0273445 0.0243775 ... 5.96648e-08

Time limit reached
Best objective 2.742345411558e-02, best bound 2.776773340947e-02, gap 1.2554%
{"verdict": "UNRESOLVED", "status": "TIME_LIMIT", "runtime": 19800.005493164062, "objval": 0.02742345411558178, "objbound": 0.027767733409468625, "binaries": 70}
