Set parameter NodefileStart to value 6
Read parameters from file gurobi.env
Restricted license - for non-production use only - expires 2027-11-29
Set parameter OutputFlag to value 1
Set parameter Threads to value 4
Set parameter TimeLimit to value 19800
Set parameter MIPGap to value 5e-05
Set parameter MIPFocus to value 2
Set parameter NonConvex to value 2
Set parameter BestBdStop to value 2.7426211734693878e-02
Gurobi Optimizer version 13.0.3 build v13.0.3rc0 (linux64 - "Ubuntu 24.04.5 LTS")

CPU model: AMD EPYC 9V45 96-Core Processor, instruction set [SSE2|AVX|AVX2|AVX512]
Thread count: 2 physical cores, 4 logical processors, using up to 4 threads

Non-default parameters:
TimeLimit  19800
BestBdStop  2.7426211734693878e-02
MIPGap  5e-05
MIPFocus  2
NodefileStart  6
NonConvex  2
Threads  4

Optimize a model with 165 rows, 135 columns and 976 nonzeros (Max)
Model fingerprint: 0x1070a89e
Model has 1 linear objective coefficients
Model has 50 quadratic constraints
Variable types: 65 continuous, 70 integer (70 binary)
Coefficient statistics:
  Matrix range     [5e-01, 1e+00]
  QMatrix range    [1e+00, 1e+00]
  QLMatrix range   [1e+00, 1e+00]
  Objective range  [1e+00, 1e+00]
  Bounds range     [5e-01, 1e+00]
  RHS range        [1e+00, 1e+00]

Found heuristic solution: objective -0.0000000
Presolve time: 0.00s
Presolved: 365 rows, 136 columns, 1376 nonzeros
Presolved model has 50 bilinear constraint(s)

Solving non-convex MIQCP to global optimality

Variable types: 66 continuous, 70 integer (70 binary)
Root relaxation presolve removed 50 rows and 1 columns
Root relaxation presolved: 315 rows, 135 columns, 1326 nonzeros


Root relaxation: objective 2.500000e-01, 115 iterations, 0.00 seconds (0.00 work units)

    Nodes    |    Current Node    |     Objective Bounds      |     Work
 Expl Unexpl |  Obj  Depth IntInf | Incumbent    BestBd   Gap | It/Node Time

     0     0    0.25000    0   43   -0.00000    0.25000      -     -    0s
H    0     0                       0.0156306    0.25000  1499%     -    0s
     0     0    0.24022    0  100    0.01563    0.24022  1437%     -    0s
     0     0    0.15973    0  102    0.01563    0.15973   922%     -    0s
     0     0    0.14272    0  101    0.01563    0.14272   813%     -    0s
     0     0    0.12961    0   86    0.01563    0.12961   729%     -    0s
     0     0    0.12961    0   88    0.01563    0.12961   729%     -    0s
     0     0    0.12590    0   86    0.01563    0.12590   705%     -    0s
     0     0    0.12500    0   84    0.01563    0.12500   700%     -    0s
     0     0    0.12500    0   88    0.01563    0.12500   700%     -    0s
     0     0    0.12500    0   87    0.01563    0.12500   700%     -    0s
     0     0    0.12500    0   91    0.01563    0.12500   700%     -    0s
     0     0    0.12500    0   88    0.01563    0.12500   700%     -    0s
     0     0    0.12500    0   88    0.01563    0.12500   700%     -    0s
     0     2    0.12500    0   75    0.01563    0.12500   700%     -    0s
H  642   560                       0.0159230    0.12127   662%  43.5    0s
H 1150   910                       0.0159230    0.12087   659%  43.5    0s
H 9894  4572                       0.0159230    0.09378   489%  45.0    4s
H10131  4733                       0.0159230    0.09308   485%  45.2    4s
 11896  5578    0.06008   26   60    0.01592    0.09126   473%  45.8    5s
H13307  6163                       0.0159230    0.08940   461%  45.9    5s
H15188  6917                       0.0159230    0.08761   450%  45.5    5s
H15493  6664                       0.0176018    0.08760   398%  45.5    6s
H16509  7080                       0.0177534    0.08641   387%  44.9    6s
H20094  8434                       0.0185069    0.08349   351%  44.5    7s
 27612 11651    0.02922   38   56    0.01851    0.08031   334%  44.8   10s
 43686 18019    0.01955   38   58    0.01851    0.07722   317%  44.4   15s
H48321 19453                       0.0191506    0.07679   301%  44.5   16s
H48771 19611                       0.0191506    0.07672   301%  44.5   16s
 61042 24462    0.03520   32   53    0.01915    0.07519   293%  44.9   20s
H74911 27601                       0.0211572    0.07320   246%  44.9   23s
H75003 27603                       0.0211572    0.07316   246%  44.9   23s
H75629 27776                       0.0211572    0.07315   246%  44.9   24s
 76713 28414 infeasible   33         0.02116    0.07294   245%  45.0   25s
 94223 33863     cutoff   33         0.02116    0.07065   234%  45.1   30s
 112470 39225    0.02434   35   50    0.02116    0.06929   227%  45.0   35s
 130206 44835    0.03647   30   52    0.02116    0.06795   221%  45.0   40s
 148503 50491    0.02747   36   63    0.02116    0.06674   215%  45.1   45s
 165103 55307    0.04608   29   66    0.02116    0.06580   211%  45.2   50s
 183756 60444 infeasible   30         0.02116    0.06494   207%  45.1   55s
 197147 65347    0.06290   28   64    0.02116    0.06445   205%  45.1   60s
 216704 69438    0.02617   35   64    0.02116    0.06366   201%  45.2   65s
H216752 66468                       0.0225948    0.06366   182%  45.2   65s
H217933 66421                       0.0227907    0.06363   179%  45.1   65s
H221936 67211                       0.0228880    0.06348   177%  45.1   66s
H223088 66136                       0.0235390    0.06341   169%  45.1   66s
H227066 66709                       0.0237306    0.06324   166%  45.1   69s
H228297 67891                       0.0237490    0.06317   166%  45.1   70s
H232297 67673                       0.0238775    0.06298   164%  45.1   71s
 243553 70631    0.05624   27   61    0.02388    0.06249   162%  45.2   75s
 259669 74164    0.06068   32   65    0.02388    0.06184   159%  45.2   80s
 277259 78125    0.02460   36   48    0.02388    0.06127   157%  45.2   85s
 294916 82127     cutoff   35         0.02388    0.06073   154%  45.2   90s
 312745 86184    0.03402   31   59    0.02388    0.06022   152%  45.2   95s
 330211 90256     cutoff   38         0.02388    0.05977   150%  45.3  100s
 344285 93256    0.05886   30   68    0.02388    0.05941   149%  45.3  105s
 361642 96828    0.03021   28   42    0.02388    0.05902   147%  45.3  110s
 378474 100367    0.03228   35   56    0.02388    0.05864   146%  45.2  115s
 395378 103675    0.02602   35   41    0.02388    0.05827   144%  45.2  120s
 413750 107178     cutoff   31         0.02388    0.05793   143%  45.2  125s
 432433 110448     cutoff   47         0.02388    0.05758   141%  45.2  130s
 448709 113407     cutoff   42         0.02388    0.05732   140%  45.1  135s
 466944 116741    0.04804   29   54    0.02388    0.05700   139%  45.1  140s
 485056 119718    0.03023   38   60    0.02388    0.05670   137%  45.1  145s
 503133 122638     cutoff   36         0.02388    0.05641   136%  45.1  150s
 521167 125449    0.03708   30   60    0.02388    0.05611   135%  45.0  155s
 539513 128522    0.04006   32   62    0.02388    0.05583   134%  45.0  160s
 557723 131756     cutoff   45         0.02388    0.05557   133%  45.0  165s
 573312 134549    0.05382   38   61    0.02388    0.05533   132%  45.0  170s
 589841 137705    0.03393   32   60    0.02388    0.05513   131%  44.9  175s
 607854 140792     cutoff   40         0.02388    0.05489   130%  44.9  180s
 625071 143781     cutoff   39         0.02388    0.05465   129%  44.9  185s
 642156 146706    0.03535   35   59    0.02388    0.05441   128%  44.9  190s
 661019 149995     cutoff   40         0.02388    0.05417   127%  44.9  195s
 674853 152092     cutoff   39         0.02388    0.05400   126%  44.9  200s
 692742 154705    0.02732   35   66    0.02388    0.05375   125%  44.8  205s
 711960 157601    0.02389   40   53    0.02388    0.05348   124%  44.8  210s
 730424 160444    0.04824   29   66    0.02388    0.05324   123%  44.8  215s
 747873 162826    0.03166   33   56    0.02388    0.05303   122%  44.8  220s
 764247 165572     cutoff   34         0.02388    0.05285   121%  44.7  225s
 781973 168538     cutoff   38         0.02388    0.05262   120%  44.7  230s
 800281 171245     cutoff   46         0.02388    0.05241   119%  44.7  235s
 818473 173842     cutoff   43         0.02388    0.05221   119%  44.7  240s
 837009 176269     cutoff   41         0.02388    0.05200   118%  44.6  245s
 856076 178900    0.03985   36   48    0.02388    0.05180   117%  44.6  250s
 873493 181439    0.02432   38   59    0.02388    0.05161   116%  44.6  255s
 891699 184201    0.04164   36   53    0.02388    0.05142   115%  44.6  260s
 910341 186865    0.02503   38   55    0.02388    0.05124   115%  44.5  265s
 927419 189542    0.02575   32   53    0.02388    0.05107   114%  44.5  270s
 946726 192328    0.02404   41   52    0.02388    0.05089   113%  44.5  275s
 963432 194693    0.02610   37   64    0.02388    0.05074   112%  44.4  280s
 981329 197004    0.03214   34   56    0.02388    0.05056   112%  44.4  285s
 1000785 199719    0.03119   36   48    0.02388    0.05038   111%  44.3  290s
 1019809 202133    0.03411   30   47    0.02388    0.05019   110%  44.3  295s
 1039894 204923    0.04825   33   56    0.02388    0.04999   109%  44.3  300s
 1057856 207365     cutoff   41         0.02388    0.04983   109%  44.2  305s
 1077737 210211    0.02392   40   61    0.02388    0.04966   108%  44.1  310s
 1096961 212658    0.03229   35   50    0.02388    0.04950   107%  44.1  315s
 1115789 215367    0.03588   37   56    0.02388    0.04936   107%  44.1  320s
 1127770 217014    0.02419   34   59    0.02388    0.04926   106%  44.0  325s
 1145298 219059    0.02850   40   46    0.02388    0.04912   106%  44.0  330s
 1161974 221430    0.03671   31   62    0.02388    0.04900   105%  44.0  335s
 1181027 224028     cutoff   35         0.02388    0.04885   105%  44.0  340s
 1197490 226307    0.03036   36   43    0.02388    0.04874   104%  43.9  345s
 1215384 228675     cutoff   44         0.02388    0.04860   104%  43.9  350s
 1233992 231057    0.03188   32   58    0.02388    0.04846   103%  43.8  355s
 1252232 233657    0.03523   41   61    0.02388    0.04833   102%  43.8  360s
 1267968 235805    0.02618   36   60    0.02388    0.04823   102%  43.8  365s
 1284426 237868 infeasible   36         0.02388    0.04811   102%  43.8  370s
 1302736 240079    0.02452   43   47    0.02388    0.04798   101%  43.7  375s
 1320522 242304     cutoff   33         0.02388    0.04785   100%  43.7  380s
 1337314 244586     cutoff   39         0.02388    0.04773   100%  43.7  385s
 1353674 246646    0.03764   25   53    0.02388    0.04761  99.4%  43.6  390s
 1372557 249501    0.03259   33   54    0.02388    0.04749  98.9%  43.6  395s
H1374416 239838                       0.0247936    0.04748  91.5%  43.6  395s
H1374735 239838                       0.0247936    0.04748  91.5%  43.6  395s
 1388777 241215    0.03321   26   60    0.02479    0.04737  91.1%  43.6  400s
H1398089 242392                       0.0247936    0.04730  90.8%  43.5  402s
 1403920 243097     cutoff   37         0.02479    0.04726  90.6%  43.5  405s
 1421516 245365    0.03308   35   59    0.02479    0.04714  90.1%  43.5  410s
 1439332 247125    0.02981   37   50    0.02479    0.04702  89.7%  43.5  415s
 1456536 248848     cutoff   42         0.02479    0.04691  89.2%  43.4  420s
 1475174 250647    0.03136   43   67    0.02479    0.04678  88.7%  43.4  425s
 1487222 251839    0.03054   36   57    0.02479    0.04670  88.3%  43.4  430s
 1504542 253691    0.03419   27   59    0.02479    0.04657  87.8%  43.4  435s
 1523403 255829 infeasible   27         0.02479    0.04645  87.3%  43.3  440s
 1538642 257164     cutoff   29         0.02479    0.04635  86.9%  43.3  445s
 1557115 258919     cutoff   38         0.02479    0.04622  86.4%  43.3  450s
 1577439 261457    0.02738   99    8    0.02479    0.04609  85.9%  43.2  455s
 1596387 263039    0.03917   24   66    0.02479    0.04597  85.4%  43.2  460s
 1613329 265060    0.02678   42   38    0.02479    0.04587  85.0%  43.2  465s
 1632448 267205     cutoff   41         0.02479    0.04575  84.5%  43.1  470s
 1650712 268817    0.03040   32   62    0.02479    0.04564  84.1%  43.1  475s
 1669455 270488     cutoff   35         0.02479    0.04553  83.6%  43.1  480s
 1688040 272024    0.03764   34   65    0.02479    0.04541  83.1%  43.0  485s
 1706686 273737    0.02568   38   54    0.02479    0.04530  82.7%  43.0  490s
 1724479 275353    0.02987   30   62    0.02479    0.04520  82.3%  43.0  495s
 1742406 276834    0.04261   24   67    0.02479    0.04510  81.9%  43.0  500s
 1761062 278444    0.02914   35   64    0.02479    0.04499  81.5%  42.9  505s
 1779976 280233    0.02715   33   57    0.02479    0.04488  81.0%  42.9  510s
 1797100 281632 infeasible   37         0.02479    0.04478  80.6%  42.9  515s
 1815259 283334     cutoff   37         0.02479    0.04469  80.2%  42.8  520s
 1834145 285331     cutoff   35         0.02479    0.04459  79.8%  42.8  525s
 1852464 286840     cutoff   47         0.02479    0.04448  79.4%  42.8  530s
 1870777 288440    0.04245   25   58    0.02479    0.04438  79.0%  42.7  535s
 1889892 290274    0.02998   36   60    0.02479    0.04429  78.6%  42.7  540s
 1909502 292251    0.02654   36   69    0.02479    0.04418  78.2%  42.7  545s
 1928027 294114     cutoff   37         0.02479    0.04409  77.8%  42.6  550s
 1946606 295884    0.03722   36   49    0.02479    0.04399  77.4%  42.6  555s
 1965076 297399    0.03153   29   65    0.02479    0.04390  77.1%  42.6  560s
 1984239 299347    0.02660   38   62    0.02479    0.04381  76.7%  42.5  565s
 1999122 301037    0.02912   39   34    0.02479    0.04374  76.4%  42.5  570s
 2018030 303425    0.03483   34   53    0.02479    0.04366  76.1%  42.4  575s
 2036688 305238     cutoff   35         0.02479    0.04357  75.7%  42.4  580s
 2053418 306718     cutoff   40         0.02479    0.04350  75.4%  42.4  585s
 2071927 308564    0.03009   33   54    0.02479    0.04341  75.1%  42.3  590s
 2090517 310170     cutoff   45         0.02479    0.04332  74.7%  42.3  595s
 2109141 311573     cutoff   36         0.02479    0.04324  74.4%  42.3  600s
 2128340 313068     cutoff   37         0.02479    0.04314  74.0%  42.2  605s
 2145375 314484    0.03993   34   54    0.02479    0.04307  73.7%  42.2  610s
 2163918 316066    0.03743   35   56    0.02479    0.04299  73.4%  42.2  615s
 2180871 317343    0.03249   36   50    0.02479    0.04291  73.1%  42.2  620s
 2200422 319203    0.03124   36   55    0.02479    0.04283  72.7%  42.1  625s
 2219489 321280    0.02859   41   59    0.02479    0.04274  72.4%  42.1  630s
 2239313 323016    0.02491   37   57    0.02479    0.04266  72.1%  42.0  635s
 2258864 324575    0.03075   29   47    0.02479    0.04257  71.7%  42.0  640s
 2277925 326067    0.02960   38   55    0.02479    0.04249  71.4%  42.0  645s
 2297423 327873    0.02543   40   54    0.02479    0.04242  71.1%  41.9  650s
 2317150 329657     cutoff   41         0.02479    0.04234  70.8%  41.9  655s
 2334612 331418    0.03093   34   47    0.02479    0.04226  70.5%  41.9  660s
 2353450 332839    0.03186   36   52    0.02479    0.04219  70.1%  41.8  665s
 2372766 334631     cutoff   39         0.02479    0.04211  69.9%  41.8  670s
 2392176 336416    0.02704   41   54    0.02479    0.04204  69.6%  41.8  675s
 2410737 338204    0.03347   43   61    0.02479    0.04197  69.3%  41.7  680s
 2431303 340301    0.02685   31   54    0.02479    0.04189  68.9%  41.7  685s
 2451052 342315    0.03073   38   49    0.02479    0.04182  68.7%  41.6  690s
 2466195 343505    0.03495   37   54    0.02479    0.04176  68.4%  41.6  695s
 2485224 345178    0.03304   38   31    0.02479    0.04169  68.1%  41.6  700s
 2504675 346568     cutoff   34         0.02479    0.04161  67.8%  41.6  705s
 2523231 348011    0.03844   36   58    0.02479    0.04154  67.5%  41.5  710s
 2542263 349677     cutoff   37         0.02479    0.04147  67.3%  41.5  715s
 2562350 351525     cutoff   39         0.02479    0.04139  67.0%  41.5  720s
 2581757 353140     cutoff   31         0.02479    0.04132  66.7%  41.4  725s
 2602409 354981    0.03559   39   49    0.02479    0.04125  66.4%  41.4  730s
 2619315 356401    0.02704   31   61    0.02479    0.04119  66.1%  41.4  735s
 2637478 357756     cutoff   38         0.02479    0.04112  65.9%  41.3  740s
 2656032 359820    0.03359   32   45    0.02479    0.04106  65.6%  41.3  745s
 2677009 361578    0.02701   37   55    0.02479    0.04099  65.3%  41.3  750s
 2697883 364137    0.03665   39   66    0.02479    0.04091  65.0%  41.2  755s
 2718054 365861    0.03324   36   59    0.02479    0.04085  64.7%  41.2  760s
 2733173 367556     cutoff   42         0.02479    0.04080  64.5%  41.1  765s
 2753378 369501     cutoff   39         0.02479    0.04073  64.3%  41.1  770s
 2774298 371636    0.03171   37   58    0.02479    0.04066  64.0%  41.0  775s
 2794293 373872     cutoff   37         0.02479    0.04060  63.7%  41.0  780s
 2814587 376692    0.03263   41   50    0.02479    0.04053  63.5%  41.0  785s
 2834459 378247     cutoff   37         0.02479    0.04047  63.2%  40.9  790s
 2854201 380667    0.02689   42   58    0.02479    0.04041  63.0%  40.9  795s
 2874731 382632    0.02844   37   41    0.02479    0.04035  62.7%  40.8  800s
 2896850 384733     cutoff   39         0.02479    0.04028  62.5%  40.8  805s
 2917515 387274     cutoff   46         0.02479    0.04022  62.2%  40.7  810s
 2937140 389166    0.02854   37   54    0.02479    0.04016  62.0%  40.7  815s
 2957460 391534     cutoff   37         0.02479    0.04010  61.7%  40.6  820s
 2977983 393250    0.02625   35   59    0.02479    0.04004  61.5%  40.6  825s
 3000133 395599    0.02594   47   47    0.02479    0.03998  61.2%  40.6  830s
 3020943 397678    0.03102   39   53    0.02479    0.03992  61.0%  40.5  835s
 3041451 400109     cutoff   36         0.02479    0.03987  60.8%  40.4  840s
 3061760 402736    0.02647   47   58    0.02479    0.03982  60.6%  40.4  845s
 3081982 404695     cutoff   32         0.02479    0.03977  60.4%  40.4  850s
 3101242 406204    0.02579   37   48    0.02479    0.03971  60.2%  40.3  855s
 3122945 408161     cutoff   38         0.02479    0.03965  59.9%  40.3  860s
 3143863 410051    0.02890   34   56    0.02479    0.03960  59.7%  40.3  865s
 3164500 411893    0.02590   36   55    0.02479    0.03954  59.5%  40.2  870s
 3185422 413938    0.02921   41   53    0.02479    0.03949  59.3%  40.2  875s
 3206650 415767     cutoff   30         0.02479    0.03944  59.1%  40.1  880s
 3226383 417915    0.02910   32   44    0.02479    0.03939  58.9%  40.1  885s
 3247802 421245    0.02594   37   56    0.02479    0.03934  58.7%  40.0  890s
 3269399 424576     cutoff   42         0.02479    0.03930  58.5%  40.0  895s
 3284787 425995     cutoff   45         0.02479    0.03926  58.4%  39.9  900s
 3305587 428076    0.02708   39   68    0.02479    0.03921  58.2%  39.9  905s
 3325582 429826 infeasible   36         0.02479    0.03916  58.0%  39.9  910s
 3346026 431492     cutoff   34         0.02479    0.03911  57.8%  39.8  915s
 3366748 433232    0.03463   36   59    0.02479    0.03906  57.5%  39.8  920s
 3387834 435211     cutoff   41         0.02479    0.03901  57.3%  39.7  925s
 3408179 437302    0.03248   41   60    0.02479    0.03896  57.1%  39.7  930s
 3431304 439684    0.03575   34   47    0.02479    0.03891  56.9%  39.7  935s
 3452452 441973    0.02527   64   20    0.02479    0.03886  56.7%  39.6  940s
 3474598 444183    0.03471   34   33    0.02479    0.03881  56.5%  39.6  945s
 3496165 446154    0.02758   42   46    0.02479    0.03876  56.3%  39.5  950s
 3517456 448081     cutoff   56         0.02479    0.03871  56.1%  39.5  955s
 3539145 450176    0.03369   37   51    0.02479    0.03866  55.9%  39.5  960s
 3560833 452481    0.02586   48   60    0.02479    0.03861  55.7%  39.4  965s
 3577436 454289     cutoff   45         0.02479    0.03858  55.6%  39.4  970s
 3598466 456302     cutoff   43         0.02479    0.03853  55.4%  39.3  975s
 3618870 458198    0.02750   39   62    0.02479    0.03849  55.3%  39.3  980s
 3640442 460099    0.03464   32   58    0.02479    0.03845  55.1%  39.3  985s
 3660384 461749    0.02822   34   62    0.02479    0.03841  54.9%  39.2  990s
 3681486 463966    0.03125   35   45    0.02479    0.03836  54.7%  39.2  995s
 3701873 465642    0.03828   30   58    0.02479    0.03832  54.5%  39.2 1000s
 3725051 468171    0.03082   32   55    0.02479    0.03827  54.4%  39.1 1005s
H3726162 443801                       0.0254528    0.03827  50.4%  39.1 1005s
H3726573 443820                       0.0254528    0.03827  50.4%  39.1 1005s
 3743677 444978     cutoff   42         0.02545    0.03823  50.2%  39.1 1010s
 3764469 446441     cutoff   37         0.02545    0.03818  50.0%  39.0 1015s
 3783242 447906    0.03370   37   54    0.02545    0.03814  49.9%  39.0 1020s
 3804864 449457    0.03076   42   56    0.02545    0.03810  49.7%  39.0 1025s
 3825906 451025 infeasible   53         0.02545    0.03806  49.5%  38.9 1030s
 3844396 452174     cutoff   48         0.02545    0.03802  49.4%  38.9 1035s
 3865519 454126    0.02922   46   44    0.02545    0.03798  49.2%  38.9 1040s
 3886571 455697     cutoff   44         0.02545    0.03794  49.0%  38.8 1045s
 3908035 457235     cutoff   57         0.02545    0.03789  48.9%  38.8 1050s
 3928547 458700     cutoff   39         0.02545    0.03785  48.7%  38.7 1055s
 3949442 460263    0.02966   46   32    0.02545    0.03780  48.5%  38.7 1060s
 3971125 461824     cutoff   39         0.02545    0.03776  48.4%  38.7 1065s
 3993067 463817     cutoff   42         0.02545    0.03773  48.3%  38.6 1070s
 4014243 464262     cutoff   48         0.02545    0.03770  48.1%  38.6 1075s
 4035040 465701    0.02892   35   59    0.02545    0.03766  48.0%  38.5 1080s
 4055518 466878    0.03111   30   66    0.02545    0.03762  47.8%  38.5 1085s
 4075058 468107     cutoff   42         0.02545    0.03758  47.7%  38.5 1090s
 4096110 469523     cutoff   37         0.02545    0.03755  47.5%  38.4 1095s
 4115354 470949    0.03708   40   59    0.02545    0.03751  47.4%  38.4 1100s
 4132188 472380    0.02679   39   53    0.02545    0.03748  47.2%  38.4 1105s
 4152300 473903    0.02821   38   56    0.02545    0.03744  47.1%  38.3 1110s
 4171052 475306    0.02969   42   28    0.02545    0.03741  47.0%  38.3 1115s
H4185598 433713                       0.0264389    0.03739  41.4%  38.3 1118s
H4185874 433718                       0.0264389    0.03738  41.4%  38.3 1118s
H4186585 433743                       0.0264389    0.03738  41.4%  38.3 1118s
 4191518 433996    0.03714   34   55    0.02644    0.03737  41.4%  38.3 1120s
 4212435 434937     cutoff   32         0.02644    0.03733  41.2%  38.2 1125s
 4234058 436024     cutoff   41         0.02644    0.03728  41.0%  38.2 1130s
 4254516 436863    0.02705   36   52    0.02644    0.03724  40.9%  38.2 1135s
 4275328 437864    0.03720   32   58    0.02644    0.03720  40.7%  38.1 1140s
 4295333 438828    0.03267   35   57    0.02644    0.03716  40.6%  38.1 1145s
 4315116 439677    0.02941   32   53    0.02644    0.03712  40.4%  38.1 1150s
 4337203 440626     cutoff   41         0.02644    0.03708  40.2%  38.0 1155s
 4358918 441666     cutoff   45         0.02644    0.03704  40.1%  38.0 1160s
 4381978 442713    0.03137   28   60    0.02644    0.03699  39.9%  38.0 1165s
 4402827 443438    0.02811   41   45    0.02644    0.03695  39.8%  37.9 1170s
 4424517 444319     cutoff   40         0.02644    0.03691  39.6%  37.9 1175s
 4446206 445268    0.02853   39   56    0.02644    0.03687  39.4%  37.9 1180s
 4466391 446181    0.03644   32   57    0.02644    0.03683  39.3%  37.8 1185s
 4487647 447067     cutoff   42         0.02644    0.03679  39.1%  37.8 1190s
 4508848 447902     cutoff   37         0.02644    0.03675  39.0%  37.8 1195s
 4530154 449499    0.03639   32   54    0.02644    0.03672  38.9%  37.7 1200s
 4548504 450483     cutoff   48         0.02644    0.03669  38.8%  37.7 1205s
 4567315 451224     cutoff   35         0.02644    0.03665  38.6%  37.7 1210s
 4587372 451935     cutoff   37         0.02644    0.03662  38.5%  37.7 1215s
 4606671 452603     cutoff   40         0.02644    0.03658  38.4%  37.6 1220s
 4624502 453440    0.02649   50   40    0.02644    0.03655  38.3%  37.6 1225s
 4643352 454155     cutoff   44         0.02644    0.03652  38.1%  37.6 1230s
 4663374 454994     cutoff   45         0.02644    0.03648  38.0%  37.5 1235s
 4683872 455961     cutoff   44         0.02644    0.03645  37.9%  37.5 1240s
 4703529 456796    0.02940   36   63    0.02644    0.03642  37.7%  37.5 1245s
 4723401 457573     cutoff   43         0.02644    0.03638  37.6%  37.4 1250s
 4743767 458197     cutoff   38         0.02644    0.03635  37.5%  37.4 1255s
 4764453 458983    0.02955   44   42    0.02644    0.03631  37.3%  37.4 1260s
 4785793 459803     cutoff   40         0.02644    0.03628  37.2%  37.4 1265s
 4807623 460573     cutoff   36         0.02644    0.03624  37.1%  37.3 1270s
 4827949 461590    0.03099   39   56    0.02644    0.03621  36.9%  37.3 1275s
 4850216 462527    0.03468   40   46    0.02644    0.03617  36.8%  37.3 1280s
 4873725 463464     cutoff   40         0.02644    0.03614  36.7%  37.2 1285s
 4895952 463916    0.02740   47   39    0.02644    0.03611  36.6%  37.2 1290s
 4917403 464619     cutoff   35         0.02644    0.03608  36.5%  37.1 1295s
 4940764 465791     cutoff   41         0.02644    0.03604  36.3%  37.1 1300s
 4961101 466477    0.02868   43   57    0.02644    0.03601  36.2%  37.1 1305s
 4984324 467209    0.03595   59   21    0.02644    0.03597  36.0%  37.0 1310s
 5006845 468045     cutoff   35         0.02644    0.03593  35.9%  37.0 1315s
 5029077 468917    0.03459   39   54    0.02644    0.03590  35.8%  37.0 1320s
 5049866 469707    0.03372   33   67    0.02644    0.03587  35.7%  36.9 1325s
 5071760 470453    0.02885   41   56    0.02644    0.03584  35.5%  36.9 1330s
 5091035 471347     cutoff   37         0.02644    0.03581  35.4%  36.9 1335s
 5114171 472351     cutoff   41         0.02644    0.03577  35.3%  36.8 1340s
 5136587 473356    0.02706   41   53    0.02644    0.03574  35.2%  36.8 1345s
 5159156 474228 infeasible   42         0.02644    0.03571  35.1%  36.8 1350s
 5180793 475004    0.03131   31   56    0.02644    0.03568  35.0%  36.7 1355s
 5202654 475960     cutoff   54         0.02644    0.03565  34.8%  36.7 1360s
 5221131 476704     cutoff   36         0.02644    0.03562  34.7%  36.7 1365s
 5243890 478017     cutoff   45         0.02644    0.03559  34.6%  36.7 1370s
 5259239 478744    0.02983   41   53    0.02644    0.03557  34.5%  36.6 1375s
 5279532 479664     cutoff   40         0.02644    0.03554  34.4%  36.6 1380s
 5302383 480659    0.02859   41   56    0.02644    0.03551  34.3%  36.6 1385s
 5323567 481191     cutoff   43         0.02644    0.03548  34.2%  36.6 1390s
 5346230 481887     cutoff   44         0.02644    0.03545  34.1%  36.5 1395s
 5367610 482689     cutoff   37         0.02644    0.03542  34.0%  36.5 1400s
 5388266 483232    0.02734   40   57    0.02644    0.03539  33.9%  36.5 1405s
 5411689 484121     cutoff   38         0.02644    0.03536  33.7%  36.4 1410s
 5433426 484922     cutoff   42         0.02644    0.03533  33.6%  36.4 1415s
 5455759 485525    0.03007   40   36    0.02644    0.03530  33.5%  36.4 1420s
 5477143 486142    0.02943   41   53    0.02644    0.03527  33.4%  36.4 1425s
 5499733 487111     cutoff   45         0.02644    0.03524  33.3%  36.3 1430s
 5520967 487764    0.03423   34   54    0.02644    0.03521  33.2%  36.3 1435s
 5539243 488258    0.03210   41   45    0.02644    0.03518  33.1%  36.3 1440s
 5558721 488822    0.02693   48   38    0.02644    0.03516  33.0%  36.3 1445s
 5581847 489453    0.02859   37   54    0.02644    0.03513  32.9%  36.2 1450s
 5604823 490302    0.02758   38   52    0.02644    0.03509  32.7%  36.2 1455s
 5626412 490689     cutoff   39         0.02644    0.03506  32.6%  36.2 1460s
 5648329 491251     cutoff   41         0.02644    0.03503  32.5%  36.1 1465s
 5669034 491557 infeasible   42         0.02644    0.03501  32.4%  36.1 1470s
 5690850 492113    0.02770   46   39    0.02644    0.03497  32.3%  36.1 1475s
 5714156 492882    0.03244   46   48    0.02644    0.03494  32.2%  36.1 1480s
 5737630 493618     cutoff   41         0.02644    0.03491  32.1%  36.0 1485s
 5758403 493932     cutoff   41         0.02644    0.03488  31.9%  36.0 1490s
 5781264 494582     cutoff   38         0.02644    0.03485  31.8%  36.0 1495s
 5803914 495382     cutoff   41         0.02644    0.03483  31.7%  35.9 1500s
 5823358 495746    0.02853   46   58    0.02644    0.03480  31.6%  35.9 1505s
 5842943 496633     cutoff   36         0.02644    0.03478  31.5%  35.9 1510s
 5863977 496836     cutoff   42         0.02644    0.03475  31.4%  35.9 1515s
 5887123 497406     cutoff   47         0.02644    0.03471  31.3%  35.8 1520s
 5909251 497887     cutoff   38         0.02644    0.03469  31.2%  35.8 1525s
 5931286 498217    0.02933   43   61    0.02644    0.03466  31.1%  35.8 1530s
 5954206 498877     cutoff   46         0.02644    0.03463  31.0%  35.8 1535s
 5976861 499403     cutoff   37         0.02644    0.03460  30.9%  35.7 1540s
 5994609 499768     cutoff   41         0.02644    0.03458  30.8%  35.7 1545s
 6015412 500233     cutoff   35         0.02644    0.03455  30.7%  35.7 1550s
 6038278 500830     cutoff   38         0.02644    0.03452  30.6%  35.7 1555s
 6058564 501237     cutoff   42         0.02644    0.03450  30.5%  35.6 1560s
 6079014 501574    0.02770   39   54    0.02644    0.03448  30.4%  35.6 1565s
 6101298 502103     cutoff   39         0.02644    0.03445  30.3%  35.6 1570s
 6123385 502751     cutoff   37         0.02644    0.03442  30.2%  35.6 1575s
 6145373 503233    0.02818   45   39    0.02644    0.03439  30.1%  35.5 1580s
 6165421 503619    0.02792   51   35    0.02644    0.03437  30.0%  35.5 1585s
 6188362 504253     cutoff   40         0.02644    0.03434  29.9%  35.5 1590s
 6209286 505103    0.03095   50   40    0.02644    0.03431  29.8%  35.5 1595s
 6232899 505377     cutoff   43         0.02644    0.03428  29.7%  35.4 1600s
 6254390 505695    0.02924   46   36    0.02644    0.03426  29.6%  35.4 1605s
 6276967 506127     cutoff   41         0.02644    0.03423  29.5%  35.4 1610s
 6297731 506620    0.03046   39   58    0.02644    0.03420  29.4%  35.3 1615s
 6319933 506982    0.03239   38   57    0.02644    0.03418  29.3%  35.3 1620s
 6340922 507214     cutoff   34         0.02644    0.03415  29.2%  35.3 1625s
 6361209 507471     cutoff   36         0.02644    0.03413  29.1%  35.3 1630s
 6383137 507630     cutoff   42         0.02644    0.03410  29.0%  35.3 1635s
 6403751 507891    0.03166   31   61    0.02644    0.03407  28.9%  35.2 1640s
 6427636 507966 infeasible   36         0.02644    0.03405  28.8%  35.2 1645s
 6449046 508226    0.03263   41   48    0.02644    0.03402  28.7%  35.2 1650s
 6472437 508771     cutoff   35         0.02644    0.03399  28.6%  35.2 1655s
 6496265 509489 infeasible   58         0.02644    0.03397  28.5%  35.1 1660s
 6519083 509993     cutoff   37         0.02644    0.03394  28.4%  35.1 1665s
 6542309 510373     cutoff   45         0.02644    0.03391  28.3%  35.1 1670s
 6563130 510657     cutoff   40         0.02644    0.03389  28.2%  35.0 1675s
 6584891 511151    0.02812   73   13    0.02644    0.03386  28.1%  35.0 1680s
 6607284 511459     cutoff   42         0.02644    0.03383  28.0%  35.0 1685s
 6631307 511923     cutoff   37         0.02644    0.03380  27.9%  35.0 1690s
 6652067 512102    0.02906   35   41    0.02644    0.03378  27.8%  34.9 1695s
 6676567 512371     cutoff   54         0.02644    0.03375  27.7%  34.9 1700s
 6698895 512684    0.02886   38   52    0.02644    0.03373  27.6%  34.9 1705s
 6722010 512976    0.02780   56   26    0.02644    0.03370  27.5%  34.9 1710s
 6744356 513342     cutoff   37         0.02644    0.03368  27.4%  34.8 1715s
 6767835 513777 infeasible   38         0.02644    0.03365  27.3%  34.8 1720s
 6790837 514133 infeasible   51         0.02644    0.03362  27.2%  34.8 1725s
 6810401 514398     cutoff   46         0.02644    0.03360  27.1%  34.8 1730s
 6834455 514550    0.03146   36   50    0.02644    0.03357  27.0%  34.7 1735s
 6855250 514716    0.02952   36   56    0.02644    0.03355  26.9%  34.7 1740s
 6871755 514644    0.02782   46   53    0.02644    0.03353  26.8%  34.7 1745s
 6895401 515088    0.03112   40   54    0.02644    0.03351  26.7%  34.7 1750s
 6920576 515176     cutoff   43         0.02644    0.03348  26.6%  34.6 1755s
 6943293 515198     cutoff   41         0.02644    0.03345  26.5%  34.6 1760s
 6964209 515578    0.02728   39   48    0.02644    0.03343  26.4%  34.6 1765s
 6989297 515669     cutoff   49         0.02644    0.03340  26.3%  34.6 1770s
 7012174 516138    0.02847   39   50    0.02644    0.03338  26.3%  34.5 1775s
 7035885 516166    0.02676   42   48    0.02644    0.03335  26.2%  34.5 1780s
 7059674 516641    0.02957   45   63    0.02644    0.03333  26.1%  34.5 1785s
 7082613 516601    0.03180   41   50    0.02644    0.03330  25.9%  34.4 1790s
 7104602 516623     cutoff   37         0.02644    0.03327  25.9%  34.4 1795s
 7128196 517028     cutoff   36         0.02644    0.03325  25.8%  34.4 1800s
 7150467 516941     cutoff   46         0.02644    0.03322  25.7%  34.4 1805s
 7171960 517209     cutoff   43         0.02644    0.03320  25.6%  34.3 1810s
 7194518 517251     cutoff   41         0.02644    0.03317  25.5%  34.3 1815s
 7216893 517164     cutoff   45         0.02644    0.03315  25.4%  34.3 1820s
 7240072 516925     cutoff   43         0.02644    0.03312  25.3%  34.3 1825s
 7264109 517262    0.03310   77   10    0.02644    0.03310  25.2%  34.2 1830s
 7285688 517422    0.03033   40   53    0.02644    0.03307  25.1%  34.2 1835s
 7308961 517551    0.02653   46   61    0.02644    0.03305  25.0%  34.2 1840s
 7331610 517438    0.02724   42   57    0.02644    0.03302  24.9%  34.2 1845s
 7354504 517531     cutoff   47         0.02644    0.03300  24.8%  34.1 1850s
 7374868 517343     cutoff   46         0.02644    0.03297  24.7%  34.1 1855s
 7397434 517638     cutoff   44         0.02644    0.03295  24.6%  34.1 1860s
 7420362 518357    0.03211   37   41    0.02644    0.03293  24.5%  34.1 1865s
 7441176 518523     cutoff   34         0.02644    0.03290  24.5%  34.1 1870s
 7463298 518399     cutoff   41         0.02644    0.03288  24.4%  34.0 1875s
 7486643 518401     cutoff   42         0.02644    0.03285  24.3%  34.0 1880s
 7504228 518493     cutoff   40         0.02644    0.03284  24.2%  34.0 1885s
 7525930 519129    0.02649   41   55    0.02644    0.03282  24.1%  34.0 1890s
 7549203 519127     cutoff   39         0.02644    0.03279  24.0%  33.9 1895s
 7572252 519414     cutoff   32         0.02644    0.03277  23.9%  33.9 1900s
 7594884 520044    0.02736   40   56    0.02644    0.03275  23.9%  33.9 1905s
 7617128 520023    0.02814   47   55    0.02644    0.03272  23.8%  33.9 1910s
 7641053 519704     cutoff   47         0.02644    0.03270  23.7%  33.8 1915s
 7664332 519700     cutoff   38         0.02644    0.03267  23.6%  33.8 1920s
 7687105 520200    0.02645   44   55    0.02644    0.03265  23.5%  33.8 1925s
 7710808 520963    0.02875   42   56    0.02644    0.03263  23.4%  33.8 1930s
 7730659 521599     cutoff   42         0.02644    0.03261  23.4%  33.8 1935s
 7753666 521743 infeasible   46         0.02644    0.03259  23.3%  33.7 1940s
 7775521 521618    0.03073   56   25    0.02644    0.03257  23.2%  33.7 1945s
 7796481 521746     cutoff   33         0.02644    0.03255  23.1%  33.7 1950s
 7817782 521748     cutoff   40         0.02644    0.03253  23.0%  33.7 1955s
 7840901 521859     cutoff   43         0.02644    0.03250  22.9%  33.7 1960s
 7864367 521956     cutoff   57         0.02644    0.03248  22.9%  33.6 1965s
 7882470 522247    0.03237   38   55    0.02644    0.03246  22.8%  33.6 1970s
 7905769 522507    0.03207   39   50    0.02644    0.03244  22.7%  33.6 1975s
 7928277 522572     cutoff   42         0.02644    0.03242  22.6%  33.6 1980s
 7950806 522943     cutoff   45         0.02644    0.03240  22.6%  33.6 1985s
 7973288 523159 infeasible   36         0.02644    0.03238  22.5%  33.5 1990s
 7997605 523443     cutoff   43         0.02644    0.03236  22.4%  33.5 1995s
 8020342 523647 infeasible   43         0.02644    0.03234  22.3%  33.5 2000s
 8041928 523284 infeasible   53         0.02644    0.03231  22.2%  33.5 2005s
 8064802 523000     cutoff   51         0.02644    0.03229  22.1%  33.4 2010s
 8088652 522926     cutoff   40         0.02644    0.03227  22.0%  33.4 2015s
 8111765 523147    0.02668   47   42    0.02644    0.03224  22.0%  33.4 2020s
 8134462 524325    0.03180   79   30    0.02644    0.03223  21.9%  33.4 2025s
 8158817 525437    0.02743   41   55    0.02644    0.03222  21.9%  33.3 2030s
 8185285 525786     cutoff   53         0.02644    0.03219  21.8%  33.3 2035s
 8207994 526136    0.03043   54   30    0.02644    0.03217  21.7%  33.3 2040s
 8230932 526280    0.03111   39   56    0.02644    0.03215  21.6%  33.2 2045s
 8254300 526509     cutoff   38         0.02644    0.03213  21.5%  33.2 2050s
 8275854 526744 infeasible   71         0.02644    0.03211  21.5%  33.2 2055s
 8297737 526782     cutoff   74         0.02644    0.03209  21.4%  33.2 2060s
 8319565 526885    0.03027   50   38    0.02644    0.03207  21.3%  33.1 2065s
 8341257 527012     cutoff   42         0.02644    0.03205  21.2%  33.1 2070s
 8362330 527236    0.02994   59   17    0.02644    0.03204  21.2%  33.1 2075s
 8387489 527738     cutoff   42         0.02644    0.03201  21.1%  33.1 2080s
 8410703 527899     cutoff   43         0.02644    0.03199  21.0%  33.0 2085s
 8432359 527960    0.02794   74    5    0.02644    0.03197  20.9%  33.0 2090s
 8457840 528187    0.02694   47   54    0.02644    0.03195  20.8%  33.0 2095s
 8478045 528610    0.02865   38   54    0.02644    0.03193  20.8%  33.0 2100s
 8500696 529719     cutoff   49         0.02644    0.03191  20.7%  32.9 2105s
 8525143 530058    0.02801   43   54    0.02644    0.03189  20.6%  32.9 2110s
 8550067 530244     cutoff   48         0.02644    0.03186  20.5%  32.9 2115s
 8575079 530203 infeasible   49         0.02644    0.03184  20.4%  32.9 2120s
 8595428 530141    0.03099   38   56    0.02644    0.03182  20.4%  32.8 2125s
 8620576 530128    0.02649   42   60    0.02644    0.03180  20.3%  32.8 2130s
 8644800 530848     cutoff   41         0.02644    0.03178  20.2%  32.8 2135s
 8666446 531200     cutoff   40         0.02644    0.03176  20.1%  32.8 2140s
 8689705 531788    0.03115   39   60    0.02644    0.03174  20.1%  32.7 2145s
 8713890 532302     cutoff   40         0.02644    0.03172  20.0%  32.7 2150s
 8733402 532549    0.02786   55   41    0.02644    0.03170  19.9%  32.7 2155s
 8757217 532387     cutoff   34         0.02644    0.03168  19.8%  32.7 2160s
 8780516 532679    0.02920   66   16    0.02644    0.03166  19.7%  32.7 2165s
 8804105 532620     cutoff   43         0.02644    0.03164  19.7%  32.6 2170s
 8827144 532518    0.02984   37   38    0.02644    0.03162  19.6%  32.6 2175s
 8851817 532863    0.02752   39   66    0.02644    0.03160  19.5%  32.6 2180s
 8873344 532792     cutoff   39         0.02644    0.03158  19.4%  32.6 2185s
 8895513 533189    0.03156   45   59    0.02644    0.03156  19.4%  32.5 2190s
 8918337 533406     cutoff   55         0.02644    0.03154  19.3%  32.5 2195s
 8937861 533949     cutoff   43         0.02644    0.03152  19.2%  32.5 2200s
 8960563 534831     cutoff   47         0.02644    0.03150  19.2%  32.5 2205s
 8984031 535036    0.03038   45   56    0.02644    0.03148  19.1%  32.4 2210s
 9008585 535465     cutoff   34         0.02644    0.03146  19.0%  32.4 2215s
 9033078 535748     cutoff   42         0.02644    0.03144  18.9%  32.4 2220s
 9058473 536287    0.03130   25   56    0.02644    0.03142  18.8%  32.4 2225s
 9083128 536657    0.02914   42   60    0.02644    0.03140  18.8%  32.3 2230s
 9107412 536760    0.02927   40   55    0.02644    0.03138  18.7%  32.3 2235s
 9130557 537447    0.03007   43   60    0.02644    0.03136  18.6%  32.3 2240s
 9152532 538037     cutoff   40         0.02644    0.03134  18.5%  32.3 2245s
 9176260 539095     cutoff   40         0.02644    0.03132  18.5%  32.2 2250s
 9201514 540448    0.02710   43   52    0.02644    0.03130  18.4%  32.2 2255s
 9222398 541410     cutoff   46         0.02644    0.03128  18.3%  32.2 2260s
 9247753 542279     cutoff   48         0.02644    0.03126  18.2%  32.2 2265s
 9271019 541984    0.03069   53   35    0.02644    0.03124  18.2%  32.1 2270s
 9295149 541853    0.02735   44   54    0.02644    0.03122  18.1%  32.1 2275s
 9319887 541282     cutoff   54         0.02644    0.03120  18.0%  32.1 2280s
 9345431 541165     cutoff   47         0.02644    0.03118  17.9%  32.1 2285s
 9369585 540797     cutoff   39         0.02644    0.03116  17.9%  32.0 2290s
 9396249 540769     cutoff   47         0.02644    0.03114  17.8%  32.0 2295s
 9421445 541248    0.02829   48   47    0.02644    0.03113  17.7%  32.0 2300s
 9444035 541355     cutoff   46         0.02644    0.03112  17.7%  32.0 2305s
 9469138 541450 infeasible   68         0.02644    0.03110  17.6%  31.9 2310s
 9487197 541789     cutoff   41         0.02644    0.03109  17.6%  31.9 2315s
 9511358 541798    0.02961   40   49    0.02644    0.03107  17.5%  31.9 2320s
 9538083 541485     cutoff   43         0.02644    0.03105  17.4%  31.9 2325s
 9560669 541153    0.02818   44   67    0.02644    0.03103  17.4%  31.8 2330s
 9584922 541279    0.03090   40   59    0.02644    0.03101  17.3%  31.8 2335s
 9610649 541655     cutoff   45         0.02644    0.03099  17.2%  31.8 2340s
 9635211 541341    0.02906   39   37    0.02644    0.03097  17.1%  31.8 2345s
 9659206 541213    0.02963   40   52    0.02644    0.03095  17.1%  31.7 2350s
 9685536 541561     cutoff   42         0.02644    0.03093  17.0%  31.7 2355s
 9711688 541610    0.03005   48   60    0.02644    0.03091  16.9%  31.7 2360s
 9736233 541534    0.03050   47   55    0.02644    0.03090  16.9%  31.7 2365s
 9759718 541460    0.02796   46   55    0.02644    0.03088  16.8%  31.6 2370s
 9784242 541455     cutoff   40         0.02644    0.03086  16.7%  31.6 2375s
 9809776 541405    0.02694   41   56    0.02644    0.03084  16.6%  31.6 2380s
 9833453 541645    0.02717   50   53    0.02644    0.03082  16.6%  31.6 2385s
 9859197 541830    0.02878   46   57    0.02644    0.03080  16.5%  31.5 2390s
 9884447 542084     cutoff   84         0.02644    0.03078  16.4%  31.5 2395s
 9908535 542074    0.02885   42   59    0.02644    0.03077  16.4%  31.5 2400s
 9933963 542358     cutoff   46         0.02644    0.03075  16.3%  31.5 2405s
 9959583 542608    0.02760   49   53    0.02644    0.03073  16.2%  31.4 2410s
 9983186 543183    0.02715   40   52    0.02644    0.03072  16.2%  31.4 2415s
 10008517 543872     cutoff   39         0.02644    0.03070  16.1%  31.4 2420s
 10034104 544105    0.02842   74   27    0.02644    0.03068  16.1%  31.4 2425s
 10055057 544122 infeasible   82         0.02644    0.03067  16.0%  31.3 2430s
 10077427 544068    0.02989   44   59    0.02644    0.03065  15.9%  31.3 2435s
 10101542 544461    0.02744   46   50    0.02644    0.03064  15.9%  31.3 2440s
 10124415 544580    0.02954   64    5    0.02644    0.03062  15.8%  31.3 2445s
 10147451 547004    0.02752   40   58    0.02644    0.03062  15.8%  31.2 2450s
 10176226 550677    0.02982   39   52    0.02644    0.03062  15.8%  31.2 2455s
 10202152 550670     cutoff   41         0.02644    0.03060  15.7%  31.2 2460s
 10226501 552901    0.03060   38   55    0.02644    0.03060  15.7%  31.1 2465s
 10249351 554250    0.03060   36   67    0.02644    0.03060  15.7%  31.1 2470s
 10273990 555659     cutoff   36         0.02644    0.03060  15.7%  31.1 2475s
 10299877 555755     cutoff   39         0.02644    0.03058  15.7%  31.1 2480s
 10322268 555674    0.03036   41   61    0.02644    0.03056  15.6%  31.1 2485s
 10348607 556958     cutoff   43         0.02644    0.03055  15.6%  31.0 2490s
 10372957 556745    0.02953   45   46    0.02644    0.03054  15.5%  31.0 2495s
 10398520 556662     cutoff   38         0.02644    0.03052  15.4%  31.0 2500s
 10421032 559295     cutoff   76         0.02644    0.03051  15.4%  31.0 2505s
 10447034 561506    0.02673   68   18    0.02644    0.03050  15.4%  30.9 2510s
 10473047 562134    0.02776   39   54    0.02644    0.03049  15.3%  30.9 2515s
 10498673 562502    0.02673   46   54    0.02644    0.03047  15.3%  30.9 2520s
 10520229 562924    0.02739   46   46    0.02644    0.03046  15.2%  30.9 2525s
 10546643 562982    0.02696   33   53    0.02644    0.03044  15.1%  30.8 2530s
 10572097 563585    0.02754   44   54    0.02644    0.03043  15.1%  30.8 2535s
 10599062 564153     cutoff   47         0.02644    0.03041  15.0%  30.8 2540s
 10625314 564598 infeasible   56         0.02644    0.03040  15.0%  30.8 2545s
 10650831 565090    0.02736   47   49    0.02644    0.03039  14.9%  30.7 2550s
 10676939 565822     cutoff   44         0.02644    0.03038  14.9%  30.7 2555s
 10702937 566818 infeasible   88         0.02644    0.03036  14.8%  30.7 2560s
 10729644 568198     cutoff   88         0.02644    0.03035  14.8%  30.6 2565s
 10756052 569958 infeasible   80         0.02644    0.03034  14.8%  30.6 2570s
 10783881 571761    0.02899   45   56    0.02644    0.03033  14.7%  30.6 2575s
 10811797 573906 infeasible   86         0.02644    0.03032  14.7%  30.5 2580s
 10838226 575488     cutoff   40         0.02644    0.03031  14.6%  30.5 2585s
 10865270 576645    0.02711   50   54    0.02644    0.03030  14.6%  30.5 2590s
 10893940 578567     cutoff   48         0.02644    0.03028  14.5%  30.4 2595s
 10921464 580934    0.02752   35   58    0.02644    0.03027  14.5%  30.4 2600s
 10949363 582912    0.02662   48   41    0.02644    0.03026  14.5%  30.3 2605s
 10976119 583882    0.02694   41   52    0.02644    0.03025  14.4%  30.3 2610s
 11000476 584616     cutoff   51         0.02644    0.03023  14.4%  30.3 2615s
 11027600 585501 infeasible   68         0.02644    0.03022  14.3%  30.2 2620s
 11054133 586374    0.02707   38   54    0.02644    0.03021  14.3%  30.2 2625s
 11075053 587884    0.02794   46   54    0.02644    0.03020  14.2%  30.2 2630s
 11101926 589178     cutoff   57         0.02644    0.03019  14.2%  30.1 2635s
 11129161 590472    0.02986   40   57    0.02644    0.03018  14.2%  30.1 2640s
 11155716 594125     cutoff   51         0.02644    0.03017  14.1%  30.1 2645s
 11184630 597544     cutoff   52         0.02644    0.03016  14.1%  30.0 2650s
 11213052 601212    0.02733   90    5    0.02644    0.03015  14.0%  30.0 2655s
 11239988 605058    0.03010   46   30    0.02644    0.03014  14.0%  30.0 2660s
 11267081 609375    0.02802   38   33    0.02644    0.03013  13.9%  29.9 2665s
 11292409 614195     cutoff   36         0.02644    0.03012  13.9%  29.9 2670s
 11322186 617837 infeasible  101         0.02644    0.03011  13.9%  29.8 2675s
 11349831 621338    0.02648   91   10    0.02644    0.03009  13.8%  29.8 2680s
 11376826 624126    0.02871   43   53    0.02644    0.03008  13.8%  29.8 2685s
 11403868 624955    0.02691   38   59    0.02644    0.03007  13.7%  29.7 2690s
 11428411 624759    0.02716   44   51    0.02644    0.03005  13.7%  29.7 2695s
 11451981 625562    0.02659   42   54    0.02644    0.03004  13.6%  29.7 2700s
 11479484 628545     cutoff   52         0.02644    0.03003  13.6%  29.7 2705s
 11506287 630812    0.02680   40   56    0.02644    0.03002  13.5%  29.6 2710s
 11530978 633258    0.02988   59   46    0.02644    0.03000  13.5%  29.6 2715s
 11558878 636478     cutoff   41         0.02644    0.02999  13.4%  29.6 2720s
 11584513 638023    0.02686   72   25    0.02644    0.02998  13.4%  29.5 2725s
 11607686 640027     cutoff   39         0.02644    0.02997  13.4%  29.5 2730s
 11633054 641635    0.02675   44   51    0.02644    0.02996  13.3%  29.5 2735s
 11660664 643066     cutoff   37         0.02644    0.02995  13.3%  29.4 2740s
 11688695 645862    0.02657   87    9    0.02644    0.02993  13.2%  29.4 2745s
 11712376 649821    0.02867   37   54    0.02644    0.02993  13.2%  29.4 2750s
 11738849 653015    0.02664   86   13    0.02644    0.02992  13.2%  29.3 2755s
 11764413 655280    0.02657   87   12    0.02644    0.02991  13.1%  29.3 2760s
 11789250 656902     cutoff  101         0.02644    0.02989  13.1%  29.3 2765s
 11813161 657491     cutoff   50         0.02644    0.02988  13.0%  29.3 2770s
 11838222 657926    0.02708   42   55    0.02644    0.02987  13.0%  29.2 2775s
 11859459 657515     cutoff   50         0.02644    0.02986  12.9%  29.2 2780s
 11882810 657528    0.02978   69    8    0.02644    0.02984  12.9%  29.2 2785s
 11908493 657623    0.02659   85   16    0.02644    0.02983  12.8%  29.2 2790s
 11934292 663794    0.02717   87   12    0.02644    0.02982  12.8%  29.1 2795s
 11959907 668731     cutoff   53         0.02644    0.02981  12.8%  29.1 2800s
 11984807 669145     cutoff   45         0.02644    0.02980  12.7%  29.1 2805s
 12011271 670973    0.02773   69   32    0.02644    0.02979  12.7%  29.0 2810s
 12036782 671982    0.02682   71   25    0.02644    0.02977  12.6%  29.0 2815s
 12063076 673001     cutoff   41         0.02644    0.02976  12.6%  29.0 2820s
 12089185 673624     cutoff   46         0.02644    0.02975  12.5%  29.0 2825s
 12121369 674022    0.02666   39   53    0.02644    0.02974  12.5%  28.9 2830s
 12145363 675249    0.02884   53   32    0.02644    0.02973  12.4%  28.9 2835s
 12172014 678371    0.02953   60   25    0.02644    0.02972  12.4%  28.9 2840s
 12198956 681408 infeasible   89         0.02644    0.02972  12.4%  28.8 2845s
 12225605 683600    0.02647   95    5    0.02644    0.02971  12.4%  28.8 2850s
 12248632 685394    0.02782   34   45    0.02644    0.02970  12.3%  28.8 2855s
 12277301 688952    0.02890   42   51    0.02644    0.02970  12.3%  28.7 2860s
 12303674 689977    0.02748   94   11    0.02644    0.02968  12.3%  28.7 2865s
 12331250 694761     cutoff   93         0.02644    0.02968  12.3%  28.7 2870s
 12357184 700121    0.02679   97   20    0.02644    0.02968  12.2%  28.6 2875s
 12386031 703126    0.02689   93   14    0.02644    0.02967  12.2%  28.6 2880s
 12408708 704607 infeasible   93         0.02644    0.02967  12.2%  28.5 2885s
 12433016 705776     cutoff   92         0.02644    0.02967  12.2%  28.5 2890s
 12460017 706064    0.02725   90   12    0.02644    0.02967  12.2%  28.5 2895s
 12482468 706167    0.02822   65   34    0.02644    0.02966  12.2%  28.4 2900s
 12502132 706310 infeasible   79         0.02644    0.02965  12.2%  28.4 2905s
 12525252 706902     cutoff   62         0.02644    0.02965  12.1%  28.4 2910s
 12551459 706941     cutoff   67         0.02644    0.02964  12.1%  28.4 2915s
 12576584 706559    0.02961   39   58    0.02644    0.02963  12.1%  28.3 2920s
 12602608 705746     cutoff   41         0.02644    0.02961  12.0%  28.3 2925s
 12626724 705372     cutoff   65         0.02644    0.02960  12.0%  28.3 2930s
 12653554 705392    0.02795   38   59    0.02644    0.02958  11.9%  28.3 2935s
 12679156 704540     cutoff   48         0.02644    0.02957  11.8%  28.3 2940s
 12703740 703908     cutoff   43         0.02644    0.02956  11.8%  28.2 2945s
 12728889 703167    0.02662   42   46    0.02644    0.02954  11.7%  28.2 2950s
 12754269 701987    0.02932   67   44    0.02644    0.02953  11.7%  28.2 2955s
 12779795 701415 infeasible   59         0.02644    0.02951  11.6%  28.2 2960s
 12802825 700511    0.02777   72   19    0.02644    0.02950  11.6%  28.2 2965s
 12827914 699787     cutoff   47         0.02644    0.02948  11.5%  28.2 2970s
 12852199 699043    0.02687   34   57    0.02644    0.02947  11.5%  28.1 2975s
 12878303 700417     cutoff   52         0.02644    0.02946  11.4%  28.1 2980s
 12903279 703666     cutoff   46         0.02644    0.02945  11.4%  28.1 2985s
 12930126 705807     cutoff   40         0.02644    0.02944  11.3%  28.1 2990s
 12956474 706933 infeasible   42         0.02644    0.02943  11.3%  28.0 2995s
 12981252 709395 infeasible   43         0.02644    0.02942  11.3%  28.0 3000s
 13006956 710154     cutoff   40         0.02644    0.02941  11.2%  28.0 3005s
 13030987 710686     cutoff   47         0.02644    0.02940  11.2%  28.0 3010s
 13056304 711216     cutoff   41         0.02644    0.02939  11.2%  27.9 3015s
 13082935 713171    0.02658   59   20    0.02644    0.02938  11.1%  27.9 3020s
 13107753 714695    0.02743   42   55    0.02644    0.02937  11.1%  27.9 3025s
 13131743 716181     cutoff   43         0.02644    0.02936  11.1%  27.9 3030s
 13152315 717686    0.02819   44   54    0.02644    0.02936  11.0%  27.8 3035s
 13176001 719095    0.02936   37   60    0.02644    0.02936  11.0%  27.8 3040s
 13203640 720855     cutoff   78         0.02644    0.02934  11.0%  27.8 3045s
 13229417 722036     cutoff   29         0.02644    0.02933  10.9%  27.8 3050s
 13254124 722484     cutoff   34         0.02644    0.02932  10.9%  27.8 3055s
 13277941 723695    0.02804   69   29    0.02644    0.02931  10.9%  27.8 3060s
 13303109 724997    0.02649   49   54    0.02644    0.02930  10.8%  27.7 3065s
 13328789 725408     cutoff   40         0.02644    0.02929  10.8%  27.7 3070s
 13354174 726752     cutoff   49         0.02644    0.02928  10.7%  27.7 3075s
 13379728 728114    0.02865   46   57    0.02644    0.02927  10.7%  27.7 3080s
 13407332 729075    0.02668   74   11    0.02644    0.02926  10.7%  27.6 3085s
 13429011 729270     cutoff   47         0.02644    0.02925  10.6%  27.6 3090s
 13454093 729354     cutoff   39         0.02644    0.02923  10.6%  27.6 3095s
 13480030 729817     cutoff   41         0.02644    0.02922  10.5%  27.6 3100s
 13501541 731058     cutoff   44         0.02644    0.02921  10.5%  27.6 3105s
 13526172 731844     cutoff   47         0.02644    0.02920  10.4%  27.6 3110s
 13551710 731981     cutoff   44         0.02644    0.02918  10.4%  27.5 3115s
 13576249 731416     cutoff   42         0.02644    0.02917  10.3%  27.5 3120s
 13599830 731215     cutoff   38         0.02644    0.02916  10.3%  27.5 3125s
 13624692 731129    0.02844   44   57    0.02644    0.02915  10.3%  27.5 3130s
 13650163 731433    0.02912   38   51    0.02644    0.02914  10.2%  27.4 3135s
 13676070 731045     cutoff   61         0.02644    0.02913  10.2%  27.4 3140s
 13700616 731509    0.02812   33   55    0.02644    0.02912  10.1%  27.4 3145s
 13723857 730941 infeasible   78         0.02644    0.02910  10.1%  27.4 3150s
 13749522 730348    0.02685   48   38    0.02644    0.02909  10.0%  27.4 3155s
 13774557 729392    0.02657   85   18    0.02644    0.02908  10.0%  27.4 3160s
 13800436 729385    0.02689   42   45    0.02644    0.02906  9.92%  27.3 3165s
 13825787 728788     cutoff   39         0.02644    0.02905  9.87%  27.3 3170s
 13851430 727852     cutoff   44         0.02644    0.02903  9.82%  27.3 3175s
 13877241 727612     cutoff   39         0.02644    0.02902  9.77%  27.3 3180s
 13900843 727445     cutoff   57         0.02644    0.02901  9.73%  27.3 3185s
 13926964 727590    0.02669   46   52    0.02644    0.02900  9.69%  27.2 3190s
 13951520 728769 infeasible   83         0.02644    0.02899  9.66%  27.2 3195s
 13976725 729581     cutoff   35         0.02644    0.02899  9.63%  27.2 3200s
 14002360 730038    0.02845   50   54    0.02644    0.02898  9.61%  27.2 3205s
 14028312 730149    0.02897   77   13    0.02644    0.02897  9.59%  27.1 3210s
 14052222 730711     cutoff   48         0.02644    0.02897  9.57%  27.1 3215s
 14076880 730994    0.02760   39   58    0.02644    0.02896  9.54%  27.1 3220s
 14101114 731078    0.02895   82   13    0.02644    0.02896  9.52%  27.1 3225s
 14129079 732316    0.02773   84   21    0.02644    0.02895  9.50%  27.0 3230s
 14160675 736906     cutoff   77         0.02644    0.02895  9.49%  27.0 3235s
 14186532 735561    0.02760   41   49    0.02644    0.02894  9.47%  27.0 3240s
 14210698 735705     cutoff   76         0.02644    0.02894  9.45%  27.0 3245s
 14232966 735470     cutoff   83         0.02644    0.02893  9.42%  26.9 3250s
 14250123 735580    0.02698   36   50    0.02644    0.02893  9.41%  26.9 3255s
 14277392 735813    0.02892   43   57    0.02644    0.02892  9.38%  26.9 3260s
 14304659 736252     cutoff   50         0.02644    0.02891  9.34%  26.9 3265s
 14331286 736831 infeasible   72         0.02644    0.02890  9.31%  26.8 3270s
 14357491 737210    0.02699   82   24    0.02644    0.02889  9.27%  26.8 3275s
 14383675 737813    0.02802   44   55    0.02644    0.02888  9.24%  26.8 3280s
 14408350 737977    0.02701   43   50    0.02644    0.02887  9.20%  26.8 3285s
 14432306 738180    0.02778   80   20    0.02644    0.02886  9.17%  26.7 3290s
 14459270 739038     cutoff   49         0.02644    0.02885  9.14%  26.7 3295s
 14485976 739116    0.02706   44   52    0.02644    0.02885  9.11%  26.7 3300s
 14512140 739658    0.02652   87   15    0.02644    0.02884  9.08%  26.7 3305s
 14539208 739883    0.02833   75   15    0.02644    0.02883  9.05%  26.6 3310s
 14566315 740209    0.02796   84   12    0.02644    0.02883  9.03%  26.6 3315s
 14591656 739914 infeasible   41         0.02644    0.02882  8.99%  26.6 3320s
 14619351 739630    0.02686   46   57    0.02644    0.02881  8.95%  26.6 3325s
 14646382 738790     cutoff   38         0.02644    0.02879  8.91%  26.6 3330s
 14670374 738319    0.02872   43   59    0.02644    0.02878  8.87%  26.5 3335s
 14697749 737499    0.02668  105   11    0.02644    0.02877  8.82%  26.5 3340s
 14722980 736951     cutoff   39         0.02644    0.02876  8.79%  26.5 3345s
 14748583 736459     cutoff   86         0.02644    0.02875  8.75%  26.5 3350s
 14770616 736037    0.02750   68   16    0.02644    0.02874  8.71%  26.5 3355s
 14796686 735312    0.02873   76   14    0.02644    0.02873  8.67%  26.4 3360s
 14822598 734573    0.02872   40   51    0.02644    0.02872  8.63%  26.4 3365s
 14847842 734758    0.02871   94    5    0.02644    0.02872  8.61%  26.4 3370s
 14876196 735058    0.02871   93    5    0.02644    0.02871  8.59%  26.4 3375s
 14906056 736291    0.02871   90    8    0.02644    0.02871  8.58%  26.3 3380s
 14934053 736682     cutoff   98         0.02644    0.02871  8.58%  26.3 3385s
 14963446 737240    0.02871   95    4    0.02644    0.02871  8.57%  26.3 3390s
 14992309 738759     cutoff   99         0.02644    0.02870  8.57%  26.2 3395s
 15019402 739529    0.02870   94    3    0.02644    0.02870  8.56%  26.2 3400s
 15047921 739465    0.02825   95   13    0.02644    0.02870  8.56%  26.2 3405s
 15075642 740714    0.02870   93    4    0.02644    0.02870  8.56%  26.1 3410s
 15106058 741915 infeasible   98         0.02644    0.02870  8.55%  26.1 3415s
 15136143 742400 infeasible   94         0.02644    0.02870  8.55%  26.1 3420s
 15166052 743801     cutoff   96         0.02644    0.02870  8.55%  26.0 3425s
 15193724 744763     cutoff   46         0.02644    0.02870  8.55%  26.0 3430s
 15223479 745529     cutoff   97         0.02644    0.02870  8.54%  26.0 3435s
 15254287 746848    0.02673   96   10    0.02644    0.02870  8.54%  25.9 3440s
 15285818 748461    0.02699   95    3    0.02644    0.02870  8.54%  25.9 3445s
 15315782 749443     cutoff  101         0.02644    0.02870  8.54%  25.8 3450s
 15341215 749727     cutoff   98         0.02644    0.02870  8.54%  25.8 3455s
 15368884 750543     cutoff   93         0.02644    0.02870  8.54%  25.8 3460s
 15393679 751228    0.02870   94    8    0.02644    0.02870  8.54%  25.8 3465s
 15420524 752371     cutoff   43         0.02644    0.02870  8.53%  25.7 3470s
 15450376 753252    0.02869   97    4    0.02644    0.02869  8.53%  25.7 3475s
 15481210 753753    0.02821  100   13    0.02644    0.02869  8.53%  25.6 3480s
 15511634 754184    0.02699   99    4    0.02644    0.02869  8.53%  25.6 3485s
 15542897 755582     cutoff   98         0.02644    0.02869  8.53%  25.6 3490s
 15569158 757506     cutoff   97         0.02644    0.02869  8.53%  25.5 3495s
 15598098 758635    0.02869   93    5    0.02644    0.02869  8.53%  25.5 3500s
 15626191 759127 infeasible   94         0.02644    0.02869  8.53%  25.5 3505s
 15654923 758988    0.02820   98   13    0.02644    0.02869  8.52%  25.4 3510s
 15684142 758931    0.02818  100   13    0.02644    0.02869  8.52%  25.4 3515s
 15710422 759336    0.02692  100    2    0.02644    0.02869  8.52%  25.4 3520s
 15739514 760110    0.02822   95   13    0.02644    0.02869  8.52%  25.4 3525s
 15770247 761289    0.02824   92   13    0.02644    0.02869  8.52%  25.3 3530s
 15802979 762635    0.02869   90    8    0.02644    0.02869  8.52%  25.3 3535s
 15832997 764463     cutoff   98         0.02644    0.02869  8.51%  25.3 3540s
 15864347 766397    0.02869   91   13    0.02644    0.02869  8.51%  25.2 3545s
 15897475 768181     cutoff   96         0.02644    0.02869  8.51%  25.2 3550s
 15928474 769629     cutoff   33         0.02644    0.02869  8.51%  25.1 3555s
 15960939 771062     cutoff   89         0.02644    0.02869  8.51%  25.1 3560s
 15989446 771836     cutoff   93         0.02644    0.02869  8.51%  25.1 3565s
 16018698 772646     cutoff   97         0.02644    0.02869  8.51%  25.1 3570s
 16047473 773610    0.02869   92    8    0.02644    0.02869  8.51%  25.0 3575s
 16076339 774929    0.02748   95    3    0.02644    0.02869  8.51%  25.0 3580s
 16106671 776635     cutoff  100         0.02644    0.02869  8.51%  25.0 3585s
 16136167 777502    0.02820   96   13    0.02644    0.02869  8.51%  24.9 3590s
 16167051 778618     cutoff   97         0.02644    0.02869  8.50%  24.9 3595s
 16195646 779322    0.02863   93   22    0.02644    0.02869  8.50%  24.9 3600s
 16224537 779885 infeasible   97         0.02644    0.02869  8.50%  24.8 3605s
 16252831 780610    0.02869   91    5    0.02644    0.02869  8.50%  24.8 3610s
 16283557 781093 infeasible   97         0.02644    0.02869  8.50%  24.8 3615s
 16315271 781753    0.02869   96    4    0.02644    0.02869  8.50%  24.7 3620s
 16342288 782931     cutoff   97         0.02644    0.02869  8.50%  24.7 3625s
 16370879 784144     cutoff   96         0.02644    0.02869  8.50%  24.7 3630s
 16400184 785344    0.02773   99    2    0.02644    0.02869  8.50%  24.6 3635s
 16428007 785875     cutoff   97         0.02644    0.02869  8.50%  24.6 3640s
 16461600 787440     cutoff   95         0.02644    0.02868  8.50%  24.6 3645s
 16495086 788686     cutoff   96         0.02644    0.02868  8.49%  24.6 3650s
 16526914 789859    0.02868   93    5    0.02644    0.02868  8.49%  24.5 3655s
 16557311 791335    0.02862   95   22    0.02644    0.02868  8.49%  24.5 3660s
 16587418 793098     cutoff   99         0.02644    0.02868  8.49%  24.5 3665s
 16615261 793830     cutoff   98         0.02644    0.02868  8.49%  24.4 3670s
 16647491 795347    0.02736   98   17    0.02644    0.02868  8.49%  24.4 3675s
 16676500 796067 infeasible   98         0.02644    0.02868  8.49%  24.4 3680s
 16709260 797283     cutoff   97         0.02644    0.02868  8.49%  24.3 3685s
 16742241 798975    0.02868   91    6    0.02644    0.02868  8.49%  24.3 3690s
 16770591 799450    0.02868   96    4    0.02644    0.02868  8.49%  24.3 3695s
 16803668 799849    0.02824   97   13    0.02644    0.02868  8.49%  24.2 3700s
 16834939 800438    0.02827   94   13    0.02644    0.02868  8.48%  24.2 3705s
 16864897 801127     cutoff   96         0.02644    0.02868  8.48%  24.2 3710s
 16898312 801828 infeasible   98         0.02644    0.02868  8.48%  24.2 3715s
 16927778 803117    0.02868   93    5    0.02644    0.02868  8.48%  24.1 3720s
 16960736 805236     cutoff   99         0.02644    0.02868  8.48%  24.1 3725s
 16997352 807866     cutoff   97         0.02644    0.02868  8.48%  24.1 3730s
 17033986 809718    0.02825   94   13    0.02644    0.02868  8.48%  24.0 3735s
 17068577 811788    0.02868   93    4    0.02644    0.02868  8.48%  24.0 3740s
 17104192 813027 infeasible   98         0.02644    0.02868  8.48%  24.0 3745s
 17137917 814140    0.02868   95    4    0.02644    0.02868  8.48%  23.9 3750s
 17170816 814558    0.02763   99    2    0.02644    0.02868  8.47%  23.9 3755s
 17200577 814769 infeasible   97         0.02644    0.02868  8.47%  23.9 3760s
 17235282 814733    0.02816   96   13    0.02644    0.02868  8.47%  23.9 3765s
 17267528 814757 infeasible   94         0.02644    0.02868  8.47%  23.8 3770s
 17300522 815017    0.02708   43   50    0.02644    0.02868  8.47%  23.8 3775s
 17335819 815601     cutoff   96         0.02644    0.02868  8.47%  23.8 3780s
 17370447 817135    0.02679   96   15    0.02644    0.02868  8.47%  23.7 3785s
 17402240 818370    0.02828   94   13    0.02644    0.02868  8.47%  23.7 3790s
 17432587 820007 infeasible  100         0.02644    0.02868  8.46%  23.7 3795s
 17466616 821563    0.02760   96    2    0.02644    0.02868  8.46%  23.7 3800s
 17500302 822582 infeasible   95         0.02644    0.02868  8.46%  23.6 3805s
 17531509 822954    0.02685   97   12    0.02644    0.02868  8.46%  23.6 3810s
 17564128 823729    0.02683   98   12    0.02644    0.02867  8.46%  23.6 3815s
 17594151 823733     cutoff   98         0.02644    0.02867  8.46%  23.6 3820s
 17627620 824620 infeasible  103         0.02644    0.02867  8.45%  23.5 3825s
 17661100 824557     cutoff   95         0.02644    0.02867  8.45%  23.5 3830s
 17695033 823997    0.02867   96    5    0.02644    0.02867  8.45%  23.5 3835s
 17721551 822930 infeasible   96         0.02644    0.02867  8.45%  23.5 3840s
 17745778 822462 infeasible   92         0.02644    0.02867  8.44%  23.5 3845s
 17771817 821631    0.02867   94   10    0.02644    0.02867  8.43%  23.4 3850s
 17793732 821655    0.02810   96   14    0.02644    0.02867  8.43%  23.4 3855s
 17816055 821476    0.02844   61   31    0.02644    0.02866  8.42%  23.4 3860s
 17838319 820897     cutoff   92         0.02644    0.02866  8.41%  23.4 3865s
 17857239 820433    0.02866   91   10    0.02644    0.02866  8.39%  23.4 3870s
 17874775 820051     cutoff   99         0.02644    0.02866  8.38%  23.4 3875s
 17896914 819727     cutoff   90         0.02644    0.02865  8.37%  23.4 3880s
 17919094 819131     cutoff   45         0.02644    0.02865  8.35%  23.3 3885s
 17936918 819018    0.02864   89    4    0.02644    0.02864  8.34%  23.3 3890s
 17956463 818656 infeasible   93         0.02644    0.02864  8.33%  23.3 3895s
 17980801 819241 infeasible   91         0.02644    0.02864  8.31%  23.3 3900s
 18008085 819256    0.02863   76   20    0.02644    0.02863  8.30%  23.3 3905s
 18028731 818054    0.02646   67   19    0.02644    0.02863  8.29%  23.3 3910s
 18053084 816888    0.02863   95    5    0.02644    0.02863  8.28%  23.3 3915s
 18075017 815557     cutoff   91         0.02644    0.02862  8.27%  23.2 3920s
 18097756 814824     cutoff   59         0.02644    0.02862  8.25%  23.2 3925s
 18119256 814178    0.02861   81    4    0.02644    0.02862  8.24%  23.2 3930s
 18139768 813395 infeasible   93         0.02644    0.02861  8.22%  23.2 3935s
 18156124 812737 infeasible   45         0.02644    0.02861  8.21%  23.2 3940s
 18173666 811702     cutoff   84         0.02644    0.02861  8.19%  23.2 3945s
 18190257 809768     cutoff   48         0.02644    0.02860  8.17%  23.2 3950s
 18206356 808643    0.02723   40   51    0.02644    0.02859  8.14%  23.2 3955s
 18221741 807381    0.02859   40   50    0.02644    0.02859  8.13%  23.2 3960s
 18239346 806134    0.02673   94   12    0.02644    0.02858  8.11%  23.1 3965s
 18257105 805477    0.02835   40   58    0.02644    0.02858  8.09%  23.1 3970s
 18276181 804672    0.02770   41   54    0.02644    0.02857  8.07%  23.1 3975s
 18289315 804222    0.02712   39   54    0.02644    0.02857  8.05%  23.1 3980s
 18305034 803581     cutoff   38         0.02644    0.02856  8.02%  23.1 3985s
 18322640 802294    0.02767   39   49    0.02644    0.02855  8.00%  23.1 3990s
 18341475 801407     cutoff   43         0.02644    0.02855  7.97%  23.1 3995s
 18358699 800490    0.02736   60   36    0.02644    0.02854  7.95%  23.1 4000s
 18372809 799763 infeasible   89         0.02644    0.02854  7.93%  23.1 4005s
 18390209 799294    0.02836   43   58    0.02644    0.02853  7.90%  23.1 4010s
 18405301 798831     cutoff   49         0.02644    0.02852  7.88%  23.1 4015s
 18423418 796365 infeasible   94         0.02644    0.02852  7.86%  23.1 4020s
 18436266 795888     cutoff   46         0.02644    0.02851  7.84%  23.1 4025s
 18452011 795284    0.02797   40   45    0.02644    0.02851  7.82%  23.0 4030s
 18468328 794595    0.02795   91   24    0.02644    0.02850  7.80%  23.0 4035s
 18484759 794208 infeasible   42         0.02644    0.02849  7.77%  23.0 4040s
 18504432 793865    0.02734   49   42    0.02644    0.02849  7.75%  23.0 4045s
 18524646 793776     cutoff   42         0.02644    0.02848  7.73%  23.0 4050s
 18539532 793934    0.02784   43   46    0.02644    0.02848  7.71%  23.0 4055s
 18562799 795263 infeasible   90         0.02644    0.02847  7.70%  23.0 4060s
 18598815 797029 infeasible  107         0.02644    0.02847  7.69%  23.0 4065s
 18639627 799251     cutoff   90         0.02644    0.02847  7.69%  22.9 4070s
 18675180 799624 infeasible   48         0.02644    0.02847  7.68%  22.9 4075s
 18699409 800220    0.02744   49   54    0.02644    0.02846  7.66%  22.9 4080s
 18726005 800943    0.02846   84   15    0.02644    0.02846  7.64%  22.9 4085s
 18745916 800990     cutoff   85         0.02644    0.02845  7.62%  22.9 4090s
 18770193 802046     cutoff   86         0.02644    0.02845  7.60%  22.8 4095s
 18800386 804078     cutoff   83         0.02644    0.02844  7.58%  22.8 4100s
 18833286 805601    0.02844   79   15    0.02644    0.02844  7.58%  22.8 4105s
 18872804 807387     cutoff   90         0.02644    0.02844  7.57%  22.8 4110s
 18891956 807790    0.02844   80   13    0.02644    0.02844  7.57%  22.8 4115s
 18927768 808715 infeasible   87         0.02644    0.02844  7.57%  22.7 4120s
 18966286 809809 infeasible   85         0.02644    0.02844  7.56%  22.7 4125s
 19004271 811088 infeasible   84         0.02644    0.02844  7.56%  22.7 4130s
 19041222 812332     cutoff   87         0.02644    0.02844  7.56%  22.6 4135s
 19075466 813191 infeasible   89         0.02644    0.02844  7.55%  22.6 4140s
 19109861 813862    0.02843   87    4    0.02644    0.02843  7.55%  22.6 4145s
 19144093 814387    0.02735   88    4    0.02644    0.02843  7.54%  22.6 4150s
 19182860 815056    0.02788   86   15    0.02644    0.02843  7.54%  22.5 4155s
 19219904 816175    0.02843   87    4    0.02644    0.02843  7.54%  22.5 4160s
 19258717 817453    0.02843   84   11    0.02644    0.02843  7.53%  22.5 4165s
 19297302 818034     cutoff   88         0.02644    0.02843  7.53%  22.5 4170s
 19332785 818567 infeasible   41         0.02644    0.02843  7.53%  22.4 4175s
 19370543 819538     cutoff   88         0.02644    0.02843  7.52%  22.4 4180s
 19405298 820568    0.02803   83   26    0.02644    0.02843  7.52%  22.4 4185s
 19439572 821217     cutoff   86         0.02644    0.02843  7.51%  22.4 4190s
 19479172 822022    0.02801   87   19    0.02644    0.02842  7.51%  22.3 4195s
 19521567 823497 infeasible   87         0.02644    0.02842  7.51%  22.3 4200s
 19559041 823826 infeasible   88         0.02644    0.02842  7.50%  22.3 4205s
 19593353 824705    0.02842   83   14    0.02644    0.02842  7.50%  22.2 4210s
 19626091 825181    0.02792   89   15    0.02644    0.02842  7.49%  22.2 4215s
 19660102 826072     cutoff   90         0.02644    0.02842  7.49%  22.2 4220s
 19697991 826796    0.02802   89   22    0.02644    0.02842  7.48%  22.2 4225s
 19737877 827550 infeasible   85         0.02644    0.02842  7.48%  22.2 4230s
 19767963 827873    0.02841   84   12    0.02644    0.02842  7.47%  22.1 4235s
 19804265 827963    0.02837   45   55    0.02644    0.02841  7.47%  22.1 4240s
 19832132 828608    0.02802   87   19    0.02644    0.02841  7.47%  22.1 4245s
 19865135 827954 infeasible   48         0.02644    0.02841  7.46%  22.1 4250s
 19892155 827887    0.02841   72   10    0.02644    0.02841  7.45%  22.1 4255s
 19915167 828067    0.02644   91    2    0.02644    0.02840  7.44%  22.0 4260s
 19939647 828356    0.02739   86    4    0.02644    0.02840  7.42%  22.0 4265s
 19964698 828467    0.02840   87    6    0.02644    0.02840  7.41%  22.0 4270s
 19985496 828735    0.02649   76    6    0.02644    0.02840  7.40%  22.0 4275s
 20006547 828850     cutoff   87         0.02644    0.02839  7.39%  22.0 4280s
 20034171 828485 infeasible   93         0.02644    0.02839  7.38%  22.0 4285s
 20056574 828394    0.02837   88   20    0.02644    0.02839  7.37%  22.0 4290s
 20082309 828548     cutoff   93         0.02644    0.02838  7.35%  21.9 4295s
 20102293 828629    0.02838   86   15    0.02644    0.02838  7.34%  21.9 4300s
 20133208 828876    0.02837   90    3    0.02644    0.02838  7.33%  21.9 4305s
 20166293 829233     cutoff   91         0.02644    0.02837  7.32%  21.9 4310s
 20199477 829253    0.02740   42   47    0.02644    0.02837  7.31%  21.9 4315s
 20230632 830340    0.02756   35   59    0.02644    0.02837  7.31%  21.9 4320s
 20257281 830638    0.02747   87    6    0.02644    0.02837  7.30%  21.8 4325s
 20285787 830696 infeasible   88         0.02644    0.02837  7.29%  21.8 4330s
 20312175 830332 infeasible   92         0.02644    0.02837  7.29%  21.8 4335s
 20336888 830889     cutoff   44         0.02644    0.02836  7.27%  21.8 4340s
 20365841 831095    0.02807   90    7    0.02644    0.02836  7.27%  21.8 4345s
 20390631 830993 infeasible   92         0.02644    0.02836  7.25%  21.8 4350s
 20419347 831024    0.02835   80   17    0.02644    0.02835  7.24%  21.7 4355s
 20442824 830855    0.02834   90    5    0.02644    0.02835  7.23%  21.7 4360s
 20466892 830443     cutoff   37         0.02644    0.02835  7.21%  21.7 4365s
 20483443 830263    0.02691   84   14    0.02644    0.02834  7.20%  21.7 4370s
 20508325 829950    0.02737   88   12    0.02644    0.02834  7.18%  21.7 4375s
 20531703 829766    0.02668   44   52    0.02644    0.02833  7.17%  21.7 4380s
 20551472 829651     cutoff   49         0.02644    0.02833  7.16%  21.7 4385s
 20575387 829667    0.02828   32   50    0.02644    0.02833  7.14%  21.7 4390s
 20598614 828939     cutoff   47         0.02644    0.02832  7.13%  21.6 4395s
 20611680 828853 infeasible   85         0.02644    0.02832  7.12%  21.6 4400s
 20632575 828834    0.02716   83   27    0.02644    0.02832  7.11%  21.6 4405s
 20655519 828449     cutoff   78         0.02644    0.02831  7.09%  21.6 4410s
 20674071 828647     cutoff   38         0.02644    0.02831  7.07%  21.6 4415s
 20692520 828306 infeasible   83         0.02644    0.02830  7.06%  21.6 4420s
 20711922 828357    0.02822   40   55    0.02644    0.02830  7.04%  21.6 4425s
 20736631 828916 infeasible   91         0.02644    0.02829  7.02%  21.6 4430s
 20762783 829469 infeasible   40         0.02644    0.02829  7.01%  21.6 4435s
 20790386 830413 infeasible   90         0.02644    0.02829  7.00%  21.6 4440s
 20826428 831202    0.02717   91    7    0.02644    0.02829  6.99%  21.5 4445s
 20861601 831007     cutoff   41         0.02644    0.02828  6.98%  21.5 4450s
 20884858 831308     cutoff   90         0.02644    0.02828  6.96%  21.5 4455s
 20906977 831092 infeasible   90         0.02644    0.02828  6.95%  21.5 4460s
 20930809 830755    0.02694   88   11    0.02644    0.02827  6.94%  21.5 4465s
 20956045 830716 infeasible   90         0.02644    0.02827  6.92%  21.5 4470s
 20984980 831940     cutoff  108         0.02644    0.02827  6.91%  21.4 4475s
 21016776 835488     cutoff   90         0.02644    0.02826  6.90%  21.4 4480s
 21050665 840224    0.02696   39   53    0.02644    0.02826  6.89%  21.4 4485s
 21084326 844878    0.02718   42   40    0.02644    0.02826  6.89%  21.4 4490s
 21119529 851591     cutoff   55         0.02644    0.02826  6.88%  21.4 4495s
 21155619 858670    0.02803   86   23    0.02644    0.02826  6.87%  21.3 4500s
 21191374 865844 infeasible   94         0.02644    0.02826  6.87%  21.3 4505s
 21228140 872829 infeasible   82         0.02644    0.02825  6.87%  21.3 4510s
 21260631 879948    0.02684  102    1    0.02644    0.02825  6.86%  21.3 4515s
 21292070 886507    0.02823   96   13    0.02644    0.02825  6.86%  21.2 4520s
 21326379 892755    0.02676   99    1    0.02644    0.02825  6.85%  21.2 4525s
 21356600 898693     cutoff  102         0.02644    0.02825  6.85%  21.2 4530s
 21390251 905801     cutoff   93         0.02644    0.02825  6.85%  21.2 4535s
 21423670 913164    0.02736   92    2    0.02644    0.02825  6.85%  21.1 4540s
 21460097 921039 infeasible   91         0.02644    0.02825  6.84%  21.1 4545s
 21494212 927591    0.02768  109   15    0.02644    0.02825  6.84%  21.1 4550s
 21529229 934919    0.02718   87    7    0.02644    0.02825  6.84%  21.1 4555s
 21565014 942526     cutoff  109         0.02644    0.02825  6.83%  21.0 4560s
 21600951 950305    0.02724   93   12    0.02644    0.02824  6.83%  21.0 4565s
 21636281 957831    0.02792  102   15    0.02644    0.02824  6.83%  21.0 4570s
 21668430 964620    0.02793   96   14    0.02644    0.02824  6.82%  21.0 4575s
 21705997 972355    0.02765  106   11    0.02644    0.02824  6.82%  20.9 4580s
 21743525 981013     cutoff   96         0.02644    0.02824  6.82%  20.9 4585s
 21782284 988475     cutoff   46         0.02644    0.02824  6.81%  20.9 4590s
 21819644 995519    0.02719   96    8    0.02644    0.02824  6.81%  20.9 4595s
 21854303 1002013    0.02709   42   46    0.02644    0.02824  6.81%  20.8 4600s
 21884739 1007328     cutoff  100         0.02644    0.02824  6.81%  20.8 4605s
 21920244 1013609     cutoff   96         0.02644    0.02824  6.80%  20.8 4610s
 21955604 1019796 infeasible   43         0.02644    0.02824  6.80%  20.8 4615s
 21990257 1025633 infeasible   91         0.02644    0.02824  6.80%  20.8 4620s
 22027057 1031497    0.02720   91    8    0.02644    0.02824  6.80%  20.7 4625s
 22061231 1036148 infeasible   89         0.02644    0.02823  6.79%  20.7 4630s
 22090707 1038786    0.02808   94   19    0.02644    0.02823  6.79%  20.7 4635s
 22125206 1041556    0.02703   77   18    0.02644    0.02823  6.79%  20.7 4640s
 22160493 1043756    0.02799   94   14    0.02644    0.02823  6.78%  20.7 4645s
 22197513 1046276    0.02649   71   35    0.02644    0.02823  6.78%  20.6 4650s
 22233355 1048724     cutoff   89         0.02644    0.02823  6.77%  20.6 4655s
 22268316 1051245    0.02813   91   21    0.02644    0.02823  6.77%  20.6 4660s
 22301780 1054098 infeasible   89         0.02644    0.02823  6.76%  20.6 4665s
 22335876 1056408    0.02726   91    2    0.02644    0.02823  6.76%  20.6 4670s
 22369316 1058854    0.02705   98    3    0.02644    0.02822  6.76%  20.6 4675s
 22404688 1061187    0.02723   92    3    0.02644    0.02822  6.75%  20.5 4680s
 22434061 1062990    0.02688   85   16    0.02644    0.02822  6.75%  20.5 4685s
 22469437 1065799 infeasible  103         0.02644    0.02822  6.74%  20.5 4690s
 22508072 1068553    0.02701   97    3    0.02644    0.02822  6.74%  20.5 4695s
 22544161 1071183    0.02822   92    6    0.02644    0.02822  6.73%  20.5 4700s
 22582209 1073862    0.02720   96    4    0.02644    0.02822  6.73%  20.4 4705s
 22615104 1075686 infeasible  101         0.02644    0.02822  6.73%  20.4 4710s
 22650013 1077917    0.02711   91    1    0.02644    0.02822  6.72%  20.4 4715s
 22686640 1079607 infeasible   98         0.02644    0.02822  6.72%  20.4 4720s
 22719694 1081206    0.02821   86    6    0.02644    0.02821  6.71%  20.4 4725s
 22752444 1083144    0.02768   97    3    0.02644    0.02821  6.71%  20.4 4730s
 22789084 1085224 infeasible   97         0.02644    0.02821  6.71%  20.3 4735s
 22822039 1087167 infeasible   91         0.02644    0.02821  6.70%  20.3 4740s
 22857195 1089340     cutoff   92         0.02644    0.02821  6.70%  20.3 4745s
 22883252 1090746    0.02820   81   10    0.02644    0.02821  6.70%  20.3 4750s
 22915083 1092659    0.02722   89   12    0.02644    0.02821  6.69%  20.3 4755s
 22955047 1095113     cutoff   92         0.02644    0.02821  6.69%  20.3 4760s
 22988668 1097388 infeasible   89         0.02644    0.02821  6.69%  20.2 4765s
 23022203 1099422 infeasible   89         0.02644    0.02821  6.69%  20.2 4770s
 23055920 1101687    0.02711   38   53    0.02644    0.02821  6.68%  20.2 4775s
 23092564 1104222    0.02820   92    3    0.02644    0.02820  6.68%  20.2 4780s
 23127196 1106524 infeasible   98         0.02644    0.02820  6.68%  20.2 4785s
 23150807 1107535     cutoff   99         0.02644    0.02820  6.68%  20.2 4790s
 23187818 1110093    0.02820   95    3    0.02644    0.02820  6.67%  20.2 4795s
 23224618 1112228    0.02820   96    3    0.02644    0.02820  6.67%  20.1 4800s
 23256362 1114279     cutoff   96         0.02644    0.02820  6.67%  20.1 4805s
 23290930 1116224    0.02819   86    3    0.02644    0.02820  6.66%  20.1 4810s
 23322922 1118745 infeasible   98         0.02644    0.02820  6.66%  20.1 4815s
 23360260 1121297 infeasible   94         0.02644    0.02820  6.66%  20.1 4820s
 23392824 1123309     cutoff   90         0.02644    0.02820  6.66%  20.1 4825s
 23422269 1125052    0.02801   95   17    0.02644    0.02820  6.65%  20.0 4830s
 23459080 1127094    0.02714  100    4    0.02644    0.02820  6.65%  20.0 4835s
 23500263 1129917 infeasible   97         0.02644    0.02820  6.65%  20.0 4840s
 23531678 1132195    0.02820   94    3    0.02644    0.02820  6.65%  20.0 4845s
 23570351 1134206    0.02817   89   20    0.02644    0.02820  6.64%  20.0 4850s
 23605380 1135883     cutoff   85         0.02644    0.02819  6.64%  20.0 4855s
 23641673 1137945    0.02716   89    3    0.02644    0.02819  6.64%  20.0 4860s
 23678007 1140127     cutoff   95         0.02644    0.02819  6.64%  19.9 4865s
 23712170 1141704     cutoff   92         0.02644    0.02819  6.63%  19.9 4870s
 23749037 1144143     cutoff   85         0.02644    0.02819  6.63%  19.9 4875s
 23777426 1145949    0.02704   91    1    0.02644    0.02819  6.63%  19.9 4880s
 23814370 1148228    0.02793   94    6    0.02644    0.02819  6.63%  19.9 4885s
 23848833 1150444 infeasible   91         0.02644    0.02819  6.63%  19.9 4890s
 23885693 1152820    0.02766   97   20    0.02644    0.02819  6.62%  19.8 4895s
 23917364 1154759 infeasible  100         0.02644    0.02819  6.62%  19.8 4900s
 23954763 1156920    0.02701  102    6    0.02644    0.02819  6.62%  19.8 4905s
 23990619 1158692    0.02707   91    7    0.02644    0.02819  6.62%  19.8 4910s
 24027797 1160947    0.02714   84   16    0.02644    0.02819  6.61%  19.8 4915s
 24064503 1163237    0.02760   86    8    0.02644    0.02819  6.61%  19.8 4920s
 24103009 1165657    0.02819   83    8    0.02644    0.02819  6.61%  19.7 4925s
 24137324 1167466    0.02737   97   17    0.02644    0.02819  6.61%  19.7 4930s
 24171595 1169812    0.02729   51   53    0.02644    0.02819  6.60%  19.7 4935s
 24207567 1172261    0.02704   90    9    0.02644    0.02818  6.60%  19.7 4940s
 24246192 1174718    0.02767  100    1    0.02644    0.02818  6.60%  19.7 4945s
 24282719 1177252    0.02748   96   14    0.02644    0.02818  6.60%  19.7 4950s
 24315834 1179120 infeasible   96         0.02644    0.02818  6.59%  19.7 4955s
 24352225 1181440     cutoff   86         0.02644    0.02818  6.59%  19.6 4960s
 24384263 1183116 infeasible   96         0.02644    0.02818  6.59%  19.6 4965s
 24417944 1184292     cutoff   47         0.02644    0.02818  6.59%  19.6 4970s
 24449568 1184745 infeasible   95         0.02644    0.02818  6.58%  19.6 4975s
 24482253 1185159    0.02779   99    2    0.02644    0.02818  6.58%  19.6 4980s
 24516547 1185746 infeasible   92         0.02644    0.02818  6.57%  19.6 4985s
 24548819 1186172    0.02757   96    3    0.02644    0.02818  6.57%  19.6 4990s
 24578771 1186733     cutoff   98         0.02644    0.02817  6.56%  19.5 4995s
 24607661 1187598    0.02783   45   50    0.02644    0.02817  6.56%  19.5 5000s
 24638688 1188090 infeasible   94         0.02644    0.02817  6.55%  19.5 5005s
 24672336 1189730    0.02760   88   12    0.02644    0.02817  6.55%  19.5 5010s
 24705193 1191033    0.02704   94    7    0.02644    0.02817  6.54%  19.5 5015s
 24741506 1192555     cutoff   90         0.02644    0.02817  6.54%  19.5 5020s
 24772748 1193531    0.02816   95    3    0.02644    0.02817  6.53%  19.5 5025s
 24803713 1193612    0.02667   42   57    0.02644    0.02816  6.52%  19.5 5030s
 24830301 1193268     cutoff   46         0.02644    0.02816  6.51%  19.4 5035s
 24852018 1192202    0.02760   91    7    0.02644    0.02816  6.50%  19.4 5040s
 24877414 1190523    0.02706   85    1    0.02644    0.02815  6.49%  19.4 5045s
 24901528 1188978     cutoff   56         0.02644    0.02815  6.48%  19.4 5050s
 24925141 1187783    0.02750   96   19    0.02644    0.02815  6.47%  19.4 5055s
 24946997 1186933    0.02741   43   57    0.02644    0.02815  6.45%  19.4 5060s
 24966695 1185487    0.02779   89   32    0.02644    0.02814  6.44%  19.4 5065s
 24991713 1183550    0.02814   79    9    0.02644    0.02814  6.43%  19.4 5070s
 25009587 1182101     cutoff   48         0.02644    0.02813  6.41%  19.4 5075s
 25030803 1179934     cutoff   48         0.02644    0.02813  6.39%  19.4 5080s
 25051457 1178023 infeasible  105         0.02644    0.02812  6.37%  19.4 5085s
 25070618 1176914     cutoff   86         0.02644    0.02812  6.36%  19.4 5090s
 25089819 1175306     cutoff   46         0.02644    0.02812  6.35%  19.4 5095s
 25108652 1173836     cutoff   43         0.02644    0.02811  6.33%  19.4 5100s
 25128675 1172645    0.02731   99   14    0.02644    0.02811  6.32%  19.3 5105s
 25148438 1171568 infeasible   97         0.02644    0.02810  6.30%  19.3 5110s
 25170149 1170654    0.02648  101   21    0.02644    0.02810  6.29%  19.3 5115s
 25185872 1169763 infeasible   50         0.02644    0.02810  6.28%  19.3 5120s
 25200801 1168751     cutoff   48         0.02644    0.02809  6.26%  19.3 5125s
 25218796 1168144    0.02704   43   56    0.02644    0.02809  6.25%  19.3 5130s
 25236001 1166595     cutoff  101         0.02644    0.02809  6.23%  19.3 5135s
 25254533 1165273    0.02808  101    7    0.02644    0.02808  6.22%  19.3 5140s
 25279186 1164881     cutoff   46         0.02644    0.02808  6.21%  19.3 5145s
 25302078 1164227    0.02701   81    5    0.02644    0.02808  6.20%  19.3 5150s
 25323318 1163462     cutoff   49         0.02644    0.02807  6.19%  19.3 5155s
 25347536 1163027    0.02725   99   17    0.02644    0.02807  6.17%  19.3 5160s
 25371530 1162655     cutoff   46         0.02644    0.02807  6.16%  19.3 5165s
 25396457 1163176    0.02807   99    4    0.02644    0.02807  6.15%  19.3 5170s
 25425999 1163658 infeasible  103         0.02644    0.02806  6.14%  19.2 5175s
 25451302 1163901    0.02650   45   57    0.02644    0.02806  6.14%  19.2 5180s
 25477940 1163855 infeasible  107         0.02644    0.02806  6.13%  19.2 5185s
 25500657 1163357 infeasible   86         0.02644    0.02806  6.12%  19.2 5190s
 25523699 1163553     cutoff   99         0.02644    0.02805  6.11%  19.2 5195s
 25546715 1163800     cutoff   93         0.02644    0.02805  6.10%  19.2 5200s
 25574851 1164935    0.02730  100   14    0.02644    0.02805  6.09%  19.2 5205s
 25600015 1165596    0.02805   98    7    0.02644    0.02805  6.08%  19.2 5210s
 25626976 1166481    0.02804  100    3    0.02644    0.02804  6.07%  19.2 5215s
 25650734 1167096 infeasible  100         0.02644    0.02804  6.06%  19.2 5220s
 25679776 1167399     cutoff  105         0.02644    0.02804  6.06%  19.1 5225s
 25705988 1167457    0.02804   98    5    0.02644    0.02804  6.05%  19.1 5230s
 25727840 1167214    0.02728  106   13    0.02644    0.02804  6.04%  19.1 5235s
 25746898 1167372    0.02773   85   25    0.02644    0.02803  6.04%  19.1 5240s
 25776000 1167826 infeasible  108         0.02644    0.02803  6.03%  19.1 5245s
 25802600 1168031    0.02729  103   17    0.02644    0.02803  6.02%  19.1 5250s
 25830402 1168533 infeasible  111         0.02644    0.02803  6.01%  19.1 5255s
 25859033 1168919    0.02801   49   55    0.02644    0.02803  6.01%  19.1 5260s
 25885891 1169027     cutoff   45         0.02644    0.02803  6.00%  19.1 5265s
 25912592 1168969 infeasible  104         0.02644    0.02802  5.99%  19.1 5270s
 25936697 1168846     cutoff   44         0.02644    0.02802  5.99%  19.0 5275s
 25959974 1168979     cutoff  110         0.02644    0.02802  5.98%  19.0 5280s
 25989136 1169601    0.02767   87   20    0.02644    0.02802  5.97%  19.0 5285s
 26013182 1170389     cutoff  109         0.02644    0.02802  5.97%  19.0 5290s
 26036861 1171175     cutoff   93         0.02644    0.02802  5.96%  19.0 5295s
 26065495 1172153     cutoff   99         0.02644    0.02801  5.96%  19.0 5300s
 26098779 1173289    0.02740   44   55    0.02644    0.02801  5.95%  19.0 5305s
 26127354 1174159 infeasible  110         0.02644    0.02801  5.95%  19.0 5310s
 26161001 1175643 infeasible  101         0.02644    0.02801  5.95%  19.0 5315s
 26192781 1176472 infeasible   95         0.02644    0.02801  5.94%  18.9 5320s
 26226367 1177425 infeasible  102         0.02644    0.02801  5.94%  18.9 5325s
 26258462 1178688    0.02732  101   16    0.02644    0.02801  5.93%  18.9 5330s
 26290604 1179684     cutoff  108         0.02644    0.02801  5.93%  18.9 5335s
 26320018 1180321     cutoff  102         0.02644    0.02801  5.93%  18.9 5340s
 26353414 1181288     cutoff   97         0.02644    0.02800  5.92%  18.9 5345s
 26387921 1182885    0.02739  103   14    0.02644    0.02800  5.92%  18.9 5350s
 26417988 1184090    0.02800   96    7    0.02644    0.02800  5.91%  18.9 5355s
 26449900 1185262    0.02800   97    3    0.02644    0.02800  5.91%  18.8 5360s
 26481237 1186403    0.02731  101   16    0.02644    0.02800  5.91%  18.8 5365s
 26512424 1187584    0.02800   98    7    0.02644    0.02800  5.91%  18.8 5370s
 26543095 1188975 infeasible  101         0.02644    0.02800  5.90%  18.8 5375s
 26577514 1190047 infeasible  101         0.02644    0.02800  5.90%  18.8 5380s
 26607630 1191009 infeasible  107         0.02644    0.02800  5.90%  18.8 5385s
 26642074 1192322 infeasible  104         0.02644    0.02800  5.89%  18.8 5390s
 26674119 1193756    0.02800   96    3    0.02644    0.02800  5.89%  18.8 5395s
 26708448 1195100    0.02730  100   22    0.02644    0.02800  5.89%  18.7 5400s
 26736959 1196075    0.02696   79   18    0.02644    0.02800  5.89%  18.7 5405s
 26768814 1196686    0.02650  103   12    0.02644    0.02799  5.88%  18.7 5410s
 26797023 1197485     cutoff   45         0.02644    0.02799  5.88%  18.7 5415s
 26829220 1198322 infeasible  104         0.02644    0.02799  5.88%  18.7 5420s
 26862386 1199627     cutoff  106         0.02644    0.02799  5.88%  18.7 5425s
 26894420 1200590    0.02750   93   27    0.02644    0.02799  5.87%  18.7 5430s
 26923465 1201630 infeasible   97         0.02644    0.02799  5.87%  18.7 5435s
 26955954 1203028    0.02729  100   15    0.02644    0.02799  5.87%  18.6 5440s
 26990221 1204125    0.02647  110   13    0.02644    0.02799  5.87%  18.6 5445s
 27024285 1205669 infeasible  103         0.02644    0.02799  5.87%  18.6 5450s
 27060003 1207101     cutoff  105         0.02644    0.02799  5.86%  18.6 5455s
 27095762 1208472    0.02735  104   14    0.02644    0.02799  5.86%  18.6 5460s
 27129010 1209250 infeasible  105         0.02644    0.02799  5.86%  18.6 5465s
 27164480 1210673 infeasible   93         0.02644    0.02799  5.86%  18.6 5470s
 27200257 1212159    0.02735   96   14    0.02644    0.02799  5.85%  18.5 5475s
 27234423 1213758 infeasible  107         0.02644    0.02799  5.85%  18.5 5480s
 27266539 1214914 infeasible   95         0.02644    0.02799  5.85%  18.5 5485s
 27296841 1215899    0.02743   99   18    0.02644    0.02799  5.85%  18.5 5490s
 27327453 1217212    0.02647  108   15    0.02644    0.02798  5.85%  18.5 5495s
 27361708 1217692 infeasible   99         0.02644    0.02798  5.84%  18.5 5500s
 27396547 1219079    0.02798  104    5    0.02644    0.02798  5.84%  18.5 5505s
 27427609 1220181 infeasible  107         0.02644    0.02798  5.84%  18.5 5510s
 27460734 1220935    0.02737   98   18    0.02644    0.02798  5.84%  18.4 5515s
 27496829 1221827    0.02798  105    5    0.02644    0.02798  5.84%  18.4 5520s
 27533360 1222729    0.02798  102    4    0.02644    0.02798  5.83%  18.4 5525s
 27569653 1224193    0.02735   91   17    0.02644    0.02798  5.83%  18.4 5530s
 27603962 1224964     cutoff  108         0.02644    0.02798  5.83%  18.4 5535s
 27639877 1225683 infeasible   94         0.02644    0.02798  5.83%  18.4 5540s
 27676375 1226608    0.02715  102   12    0.02644    0.02798  5.83%  18.4 5545s
 27712237 1227684    0.02740  105   16    0.02644    0.02798  5.82%  18.3 5550s
 27745309 1228706    0.02648   95   27    0.02644    0.02798  5.82%  18.3 5555s
 27779309 1229766 infeasible  106         0.02644    0.02798  5.82%  18.3 5560s
 27814627 1231006 infeasible   89         0.02644    0.02798  5.82%  18.3 5565s
 27850260 1232411    0.02644  102   23    0.02644    0.02798  5.82%  18.3 5570s
 27884393 1233530 infeasible  101         0.02644    0.02798  5.81%  18.3 5575s
 27916317 1234433    0.02797  100    4    0.02644    0.02798  5.81%  18.3 5580s
 27952175 1235693 infeasible  111         0.02644    0.02797  5.81%  18.3 5585s
 27984937 1236548    0.02725  106    7    0.02644    0.02797  5.81%  18.2 5590s
 28020765 1237493    0.02795   37   57    0.02644    0.02797  5.81%  18.2 5595s
 28055427 1238845    0.02797  110    5    0.02644    0.02797  5.80%  18.2 5600s
 28092363 1239405    0.02715  102    7    0.02644    0.02797  5.80%  18.2 5605s
 28126854 1240147    0.02797  112    4    0.02644    0.02797  5.80%  18.2 5610s
 28157892 1241234    0.02720  106    7    0.02644    0.02797  5.80%  18.2 5615s
 28189475 1242106    0.02721  100   12    0.02644    0.02797  5.80%  18.2 5620s
 28222704 1243263 infeasible  108         0.02644    0.02797  5.79%  18.1 5625s
 28255675 1243738 infeasible   85         0.02644    0.02797  5.79%  18.1 5630s
 28286490 1244462    0.02797  101    4    0.02644    0.02797  5.79%  18.1 5635s
 28317503 1245202 infeasible  100         0.02644    0.02797  5.79%  18.1 5640s
 28350959 1245800 infeasible  101         0.02644    0.02797  5.79%  18.1 5645s
 28382582 1246536 infeasible  103         0.02644    0.02797  5.78%  18.1 5650s
 28416719 1247503    0.02645  111   12    0.02644    0.02797  5.78%  18.1 5655s
 28449278 1248579    0.02720   93   12    0.02644    0.02797  5.78%  18.1 5660s
 28483955 1249957    0.02718  103    7    0.02644    0.02797  5.78%  18.0 5665s
 28517496 1250466    0.02716  106    9    0.02644    0.02797  5.78%  18.0 5670s
 28544617 1251339    0.02797  107    4    0.02644    0.02797  5.78%  18.0 5675s
 28575184 1251774 infeasible  100         0.02644    0.02797  5.77%  18.0 5680s
 28608512 1252728 infeasible  101         0.02644    0.02796  5.77%  18.0 5685s
 28634539 1253539 infeasible  102         0.02644    0.02796  5.77%  18.0 5690s
 28666786 1254078    0.02735  104   17    0.02644    0.02796  5.77%  18.0 5695s
 28696300 1254964    0.02735   98   15    0.02644    0.02796  5.77%  18.0 5700s
 28727834 1255510     cutoff   97         0.02644    0.02796  5.76%  18.0 5705s
 28760588 1255872 infeasible  109         0.02644    0.02796  5.76%  17.9 5710s
 28793693 1256392    0.02648  104   12    0.02644    0.02796  5.76%  17.9 5715s
 28825304 1257275    0.02649   99   16    0.02644    0.02796  5.76%  17.9 5720s
 28854993 1257816 infeasible  108         0.02644    0.02796  5.76%  17.9 5725s
 28887385 1258971     cutoff  101         0.02644    0.02796  5.75%  17.9 5730s
 28918688 1259883 infeasible  101         0.02644    0.02796  5.75%  17.9 5735s
 28951086 1260893    0.02649   91   18    0.02644    0.02796  5.75%  17.9 5740s
 28981145 1262274 infeasible  106         0.02644    0.02796  5.75%  17.9 5745s
 29008833 1263168    0.02717  101    9    0.02644    0.02796  5.75%  17.9 5750s
 29040426 1264451     cutoff   99         0.02644    0.02796  5.75%  17.8 5755s
 29075811 1265100     cutoff  103         0.02644    0.02796  5.74%  17.8 5760s
 29103131 1265394 infeasible   97         0.02644    0.02796  5.74%  17.8 5765s
 29135529 1266277 infeasible  104         0.02644    0.02796  5.74%  17.8 5770s
 29167152 1267206 infeasible  101         0.02644    0.02796  5.74%  17.8 5775s
 29193824 1267892 infeasible  100         0.02644    0.02796  5.74%  17.8 5780s
 29223840 1268432 infeasible   91         0.02644    0.02796  5.74%  17.8 5785s
 29255954 1269505 infeasible   97         0.02644    0.02795  5.73%  17.8 5790s
 29286485 1270119 infeasible  106         0.02644    0.02795  5.73%  17.8 5795s
 29316773 1271269 infeasible   93         0.02644    0.02795  5.73%  17.7 5800s
 29351056 1272246    0.02717  104    7    0.02644    0.02795  5.73%  17.7 5805s
 29385566 1273293 infeasible   97         0.02644    0.02795  5.73%  17.7 5810s
 29416917 1274440     cutoff   99         0.02644    0.02795  5.72%  17.7 5815s
 29451505 1275511 infeasible  100         0.02644    0.02795  5.72%  17.7 5820s
 29485676 1276663    0.02721   99   17    0.02644    0.02795  5.72%  17.7 5825s
 29518316 1277847    0.02728  102    8    0.02644    0.02795  5.72%  17.7 5830s
 29554265 1278917    0.02650   98   19    0.02644    0.02795  5.72%  17.7 5835s
 29587838 1279746    0.02745   99   16    0.02644    0.02795  5.72%  17.6 5840s
 29613937 1280628    0.02721  102   12    0.02644    0.02795  5.72%  17.6 5845s
 29647454 1281951    0.02724  107    8    0.02644    0.02795  5.71%  17.6 5850s
 29681166 1283177    0.02706  101   12    0.02644    0.02795  5.71%  17.6 5855s
 29712579 1284011 infeasible  103         0.02644    0.02795  5.71%  17.6 5860s
 29744289 1285326    0.02740   91   18    0.02644    0.02795  5.71%  17.6 5865s
 29778194 1286014    0.02738   99   18    0.02644    0.02795  5.71%  17.6 5870s
 29808949 1287019 infeasible   98         0.02644    0.02795  5.71%  17.6 5875s
 29841456 1288047    0.02728  106   13    0.02644    0.02795  5.70%  17.6 5880s
 29873801 1289003 infeasible   97         0.02644    0.02795  5.70%  17.5 5885s
 29906966 1290490 infeasible   96         0.02644    0.02795  5.70%  17.5 5890s
 29938171 1291502    0.02795  101    4    0.02644    0.02795  5.70%  17.5 5895s
 29971345 1292342    0.02743   97   16    0.02644    0.02795  5.70%  17.5 5900s
 30006028 1293788 infeasible   92         0.02644    0.02794  5.70%  17.5 5905s
 30036320 1294828    0.02685   53   54    0.02644    0.02794  5.70%  17.5 5910s
 30070635 1296191    0.02721  102    7    0.02644    0.02794  5.69%  17.5 5915s
 30104691 1297652 infeasible   98         0.02644    0.02794  5.69%  17.5 5920s
 30137002 1298684 infeasible  108         0.02644    0.02794  5.69%  17.5 5925s
 30170126 1299113 infeasible  107         0.02644    0.02794  5.69%  17.4 5930s
 30200652 1300247    0.02746  101   16    0.02644    0.02794  5.69%  17.4 5935s
 30229807 1301116    0.02644  104   17    0.02644    0.02794  5.69%  17.4 5940s
 30261780 1301806     cutoff  100         0.02644    0.02794  5.69%  17.4 5945s
 30295452 1302266 infeasible   63         0.02644    0.02794  5.68%  17.4 5950s
 30327574 1303169     cutoff   99         0.02644    0.02794  5.68%  17.4 5955s
 30360788 1304293    0.02734   97   10    0.02644    0.02794  5.68%  17.4 5960s
 30393351 1305641    0.02705   97    7    0.02644    0.02794  5.68%  17.4 5965s
 30425191 1306331    0.02743   99   20    0.02644    0.02794  5.68%  17.4 5970s
 30459689 1307094 infeasible  111         0.02644    0.02794  5.68%  17.3 5975s
 30492535 1307532     cutoff   97         0.02644    0.02794  5.67%  17.3 5980s
 30524272 1308287 infeasible  103         0.02644    0.02794  5.67%  17.3 5985s
 30556330 1308875    0.02726  104    9    0.02644    0.02794  5.67%  17.3 5990s
 30584965 1309900    0.02740   98   18    0.02644    0.02794  5.67%  17.3 5995s
 30617636 1310749    0.02746  103   16    0.02644    0.02794  5.67%  17.3 6000s
 30650374 1311230    0.02746  103   14    0.02644    0.02794  5.67%  17.3 6005s
 30681469 1311913    0.02733   92    7    0.02644    0.02794  5.67%  17.3 6010s
 30715474 1312634    0.02793   98   11    0.02644    0.02794  5.66%  17.3 6015s
 30750726 1313481    0.02732  106   13    0.02644    0.02794  5.66%  17.3 6020s
 30777965 1314864     cutoff   41         0.02644    0.02794  5.66%  17.2 6025s
 30811676 1315698    0.02793   92   12    0.02644    0.02794  5.66%  17.2 6030s
 30844526 1316270    0.02727   96   11    0.02644    0.02793  5.66%  17.2 6035s
 30880101 1317093    0.02645  107   17    0.02644    0.02793  5.66%  17.2 6040s
 30913042 1317402    0.02727  100   11    0.02644    0.02793  5.65%  17.2 6045s
 30948393 1318138    0.02644  105   21    0.02644    0.02793  5.65%  17.2 6050s
 30979190 1318865 infeasible   97         0.02644    0.02793  5.65%  17.2 6055s
 31012033 1319451    0.02720   95   11    0.02644    0.02793  5.65%  17.2 6060s
 31043634 1319883     cutoff   98         0.02644    0.02793  5.65%  17.2 6065s
 31076974 1320387    0.02742  104   16    0.02644    0.02793  5.65%  17.1 6070s
 31112241 1320043    0.02719   98   11    0.02644    0.02793  5.65%  17.1 6075s
 31143518 1320341    0.02793   94    4    0.02644    0.02793  5.64%  17.1 6080s
 31176245 1320552    0.02728  102    8    0.02644    0.02793  5.64%  17.1 6085s
 31208428 1321026    0.02793   96    7    0.02644    0.02793  5.64%  17.1 6090s
 31240123 1321588    0.02793  101    6    0.02644    0.02793  5.64%  17.1 6095s
 31272176 1322122 infeasible  105         0.02644    0.02793  5.64%  17.1 6100s
 31304969 1322660     cutoff   89         0.02644    0.02793  5.64%  17.1 6105s
 31333181 1323046    0.02793   86   12    0.02644    0.02793  5.63%  17.1 6110s
 31368787 1323426    0.02722  100   12    0.02644    0.02793  5.63%  17.0 6115s
 31401255 1323916 infeasible  101         0.02644    0.02793  5.63%  17.0 6120s
 31436907 1324499 infeasible  103         0.02644    0.02793  5.63%  17.0 6125s
 31469366 1325750    0.02760   87   20    0.02644    0.02793  5.63%  17.0 6130s
 31502797 1326440    0.02747  103   14    0.02644    0.02793  5.63%  17.0 6135s
 31538446 1326760    0.02740   97   22    0.02644    0.02793  5.62%  17.0 6140s
 31571245 1326935    0.02768   39   59    0.02644    0.02793  5.62%  17.0 6145s
 31605658 1327561    0.02644  103   20    0.02644    0.02792  5.62%  17.0 6150s
 31635438 1328139    0.02792   92    7    0.02644    0.02792  5.62%  17.0 6155s
 31665008 1328762 infeasible   78         0.02644    0.02792  5.62%  17.0 6160s
 31701483 1329137    0.02720   97   11    0.02644    0.02792  5.62%  16.9 6165s
 31734377 1329286 infeasible   90         0.02644    0.02792  5.61%  16.9 6170s
 31763371 1329808 infeasible  105         0.02644    0.02792  5.61%  16.9 6175s
 31796474 1330677 infeasible   98         0.02644    0.02792  5.61%  16.9 6180s
 31830149 1331004    0.02736   91   22    0.02644    0.02792  5.61%  16.9 6185s
 31860660 1331694    0.02792   89    8    0.02644    0.02792  5.61%  16.9 6190s
 31891456 1332214    0.02718   99   11    0.02644    0.02792  5.61%  16.9 6195s
 31923851 1332698    0.02727   93   11    0.02644    0.02792  5.60%  16.9 6200s
 31958642 1333145    0.02693   98    7    0.02644    0.02792  5.60%  16.9 6205s
 31989935 1333669    0.02735  102   13    0.02644    0.02792  5.60%  16.9 6210s
 32021756 1334168    0.02742   96   16    0.02644    0.02792  5.60%  16.8 6215s
 32053667 1334400    0.02741  107   14    0.02644    0.02792  5.60%  16.8 6220s
 32086984 1334708    0.02736  107   17    0.02644    0.02792  5.59%  16.8 6225s
 32122067 1335522     cutoff   99         0.02644    0.02792  5.59%  16.8 6230s
 32155576 1335785    0.02781  102    6    0.02644    0.02792  5.59%  16.8 6235s
 32188055 1336525    0.02745  103   14    0.02644    0.02792  5.59%  16.8 6240s
 32222040 1336883    0.02647  109   21    0.02644    0.02792  5.59%  16.8 6245s
 32254389 1337136    0.02789  104   16    0.02644    0.02792  5.59%  16.8 6250s
 32288199 1337490    0.02648  105   14    0.02644    0.02792  5.58%  16.8 6255s
 32319188 1338525    0.02732   90   18    0.02644    0.02791  5.58%  16.7 6260s
 32354058 1338957 infeasible  102         0.02644    0.02791  5.58%  16.7 6265s
 32383687 1339481    0.02729   98    7    0.02644    0.02791  5.58%  16.7 6270s
 32417797 1340259    0.02713   38   55    0.02644    0.02791  5.58%  16.7 6275s
 32451177 1340923 infeasible   89         0.02644    0.02791  5.57%  16.7 6280s
 32485382 1341556 infeasible  107         0.02644    0.02791  5.57%  16.7 6285s
 32513509 1342043    0.02647  103   18    0.02644    0.02791  5.57%  16.7 6290s
 32544620 1342574 infeasible  104         0.02644    0.02791  5.57%  16.7 6295s
 32573470 1342720    0.02725  103   11    0.02644    0.02791  5.57%  16.7 6300s
 32607293 1343096 infeasible  105         0.02644    0.02791  5.57%  16.7 6305s
 32641662 1343412    0.02790   98   10    0.02644    0.02791  5.56%  16.6 6310s
 32673259 1343574 infeasible   61         0.02644    0.02791  5.56%  16.6 6315s
 32709221 1343966    0.02791   98    4    0.02644    0.02791  5.56%  16.6 6320s
 32740807 1344469    0.02788  101   12    0.02644    0.02791  5.56%  16.6 6325s
 32774598 1344882    0.02725  106    9    0.02644    0.02791  5.56%  16.6 6330s
 32801463 1345457     cutoff   88         0.02644    0.02791  5.55%  16.6 6335s
 32828755 1346222 infeasible   95         0.02644    0.02791  5.55%  16.6 6340s
 32860341 1346496    0.02739   95   17    0.02644    0.02791  5.55%  16.6 6345s
 32894276 1346574 infeasible  101         0.02644    0.02791  5.55%  16.6 6350s
 32926527 1346514    0.02789   60   19    0.02644    0.02791  5.55%  16.6 6355s
 32959454 1346933    0.02743  101   16    0.02644    0.02790  5.54%  16.6 6360s
 32991247 1347601    0.02730  103    8    0.02644    0.02790  5.54%  16.5 6365s
 33026833 1347559    0.02790   96    4    0.02644    0.02790  5.54%  16.5 6370s
 33060631 1347783    0.02725  107    7    0.02644    0.02790  5.54%  16.5 6375s
 33091935 1348228    0.02790   91   15    0.02644    0.02790  5.54%  16.5 6380s
 33122180 1348921     cutoff  105         0.02644    0.02790  5.53%  16.5 6385s
 33155794 1349207     cutoff   41         0.02644    0.02790  5.53%  16.5 6390s
 33187371 1350001 infeasible   99         0.02644    0.02790  5.53%  16.5 6395s
 33220665 1350525    0.02736  101   15    0.02644    0.02790  5.53%  16.5 6400s
 33240649 1350899    0.02790  101    4    0.02644    0.02790  5.53%  16.5 6405s
 33268367 1351397    0.02790  101    6    0.02644    0.02790  5.52%  16.5 6410s
 33300888 1351796 infeasible   90         0.02644    0.02790  5.52%  16.4 6415s
 33334916 1352219    0.02649  105   17    0.02644    0.02790  5.52%  16.4 6420s
 33363551 1352434     cutoff   40         0.02644    0.02790  5.52%  16.4 6425s
 33391158 1352603 infeasible  105         0.02644    0.02790  5.51%  16.4 6430s
 33418235 1353183    0.02743  104   16    0.02644    0.02790  5.51%  16.4 6435s
 33448515 1353496    0.02695   51   42    0.02644    0.02790  5.51%  16.4 6440s
 33480270 1354216    0.02789   97    5    0.02644    0.02790  5.51%  16.4 6445s
 33511401 1354156    0.02788   93    4    0.02644    0.02789  5.51%  16.4 6450s
 33543330 1354041    0.02737  103   17    0.02644    0.02789  5.50%  16.4 6455s
 33576091 1354760 infeasible   97         0.02644    0.02789  5.50%  16.4 6460s
 33606176 1354979 infeasible  106         0.02644    0.02789  5.50%  16.4 6465s
 33640097 1355501 infeasible   99         0.02644    0.02789  5.50%  16.4 6470s
 33664135 1355513 infeasible  101         0.02644    0.02789  5.49%  16.3 6475s
 33696041 1356090    0.02680   46   57    0.02644    0.02789  5.49%  16.3 6480s
 33728270 1356735 infeasible   80         0.02644    0.02789  5.49%  16.3 6485s
 33761887 1357943    0.02784  101    4    0.02644    0.02789  5.48%  16.3 6490s
 33794826 1358307 infeasible  103         0.02644    0.02789  5.48%  16.3 6495s
 33825425 1358977 infeasible   93         0.02644    0.02789  5.48%  16.3 6500s
 33859166 1359913     cutoff  100         0.02644    0.02789  5.48%  16.3 6505s
 33890577 1360192    0.02787  100    3    0.02644    0.02789  5.47%  16.3 6510s
 33922941 1360451 infeasible  102         0.02644    0.02789  5.47%  16.3 6515s
 33954458 1361548    0.02644  103   24    0.02644    0.02788  5.47%  16.3 6520s
 33986069 1362299 infeasible  101         0.02644    0.02788  5.47%  16.3 6525s
 34012435 1363047    0.02730  100   10    0.02644    0.02788  5.47%  16.2 6530s
 34044130 1363496 infeasible  100         0.02644    0.02788  5.46%  16.2 6535s
 34075849 1364261    0.02687   40   57    0.02644    0.02788  5.46%  16.2 6540s
 34109081 1364799    0.02788  103    4    0.02644    0.02788  5.46%  16.2 6545s
 34141686 1365462     cutoff   57         0.02644    0.02788  5.45%  16.2 6550s
 34169741 1365811 infeasible  107         0.02644    0.02788  5.45%  16.2 6555s
 34199331 1366360    0.02651  105   17    0.02644    0.02788  5.45%  16.2 6560s
 34228629 1367206    0.02788  100    6    0.02644    0.02788  5.45%  16.2 6565s
 34258790 1368307    0.02788   92    4    0.02644    0.02788  5.44%  16.2 6570s
 34288785 1369060 infeasible   97         0.02644    0.02788  5.44%  16.2 6575s
 34320401 1369413     cutoff  100         0.02644    0.02788  5.44%  16.2 6580s
 34353296 1369859    0.02727  107    7    0.02644    0.02788  5.44%  16.2 6585s
 34382884 1369936     cutoff   99         0.02644    0.02788  5.43%  16.1 6590s
 34411002 1370996    0.02785  100   11    0.02644    0.02787  5.43%  16.1 6595s
 34439653 1371700    0.02765   89   11    0.02644    0.02787  5.43%  16.1 6600s
 34470498 1372222    0.02743   88   18    0.02644    0.02787  5.43%  16.1 6605s
 34498912 1372546    0.02728  102    8    0.02644    0.02787  5.42%  16.1 6610s
 34532231 1373233 infeasible   99         0.02644    0.02787  5.42%  16.1 6615s
 34559748 1373780 infeasible  101         0.02644    0.02787  5.42%  16.1 6620s
 34590122 1374616 infeasible  101         0.02644    0.02787  5.42%  16.1 6625s
 34621508 1374855 infeasible   94         0.02644    0.02787  5.41%  16.1 6630s
 34653906 1375259    0.02729  102    8    0.02644    0.02787  5.41%  16.1 6635s
 34679151 1375711    0.02787  100    4    0.02644    0.02787  5.41%  16.1 6640s
 34708596 1376041    0.02740   92   14    0.02644    0.02787  5.41%  16.1 6645s
 34744046 1376927    0.02727  106    7    0.02644    0.02787  5.40%  16.1 6650s
 34773877 1377097 infeasible  105         0.02644    0.02787  5.40%  16.0 6655s
 34804740 1377486 infeasible  101         0.02644    0.02787  5.40%  16.0 6660s
 34831948 1377863 infeasible   97         0.02644    0.02787  5.40%  16.0 6665s
 34861398 1378421    0.02647  109   23    0.02644    0.02786  5.39%  16.0 6670s
 34893348 1378647 infeasible  102         0.02644    0.02786  5.39%  16.0 6675s
 34924709 1379309 infeasible   89         0.02644    0.02786  5.39%  16.0 6680s
 34953981 1380383    0.02718  105    7    0.02644    0.02786  5.39%  16.0 6685s
 34980511 1380851     cutoff  106         0.02644    0.02786  5.38%  16.0 6690s
 35008201 1381361    0.02649   97   21    0.02644    0.02786  5.38%  16.0 6695s
 35034723 1381872 infeasible   88         0.02644    0.02786  5.38%  16.0 6700s
 35066932 1382086    0.02746   98   14    0.02644    0.02786  5.38%  16.0 6705s
 35095910 1382822 infeasible   99         0.02644    0.02786  5.37%  16.0 6710s
 35125991 1383294    0.02647  100   19    0.02644    0.02786  5.37%  16.0 6715s
 35156171 1384253 infeasible   94         0.02644    0.02786  5.37%  15.9 6720s
 35179480 1384614    0.02741   49   56    0.02644    0.02786  5.37%  15.9 6725s
 35209667 1385187    0.02786   98    9    0.02644    0.02786  5.36%  15.9 6730s
 35233027 1385437     cutoff  104         0.02644    0.02786  5.36%  15.9 6735s
 35265083 1385996    0.02733   99    8    0.02644    0.02786  5.36%  15.9 6740s
 35295826 1386646 infeasible   91         0.02644    0.02785  5.35%  15.9 6745s
 35327192 1387020    0.02785   99    5    0.02644    0.02785  5.35%  15.9 6750s
 35348854 1387259     cutoff   45         0.02644    0.02785  5.35%  15.9 6755s
 35373315 1387621    0.02728  101   13    0.02644    0.02785  5.35%  15.9 6760s
 35400934 1387816 infeasible   96         0.02644    0.02785  5.34%  15.9 6765s
 35428780 1388164    0.02785   95    4    0.02644    0.02785  5.34%  15.9 6770s
 35460548 1388032    0.02733  103   12    0.02644    0.02785  5.34%  15.9 6775s
 35490514 1388056    0.02747  104   15    0.02644    0.02785  5.34%  15.9 6780s
 35521425 1388037     cutoff  104         0.02644    0.02785  5.33%  15.9 6785s
 35548184 1387701 infeasible   97         0.02644    0.02785  5.33%  15.8 6790s
 35575391 1387817 infeasible   98         0.02644    0.02785  5.33%  15.8 6795s
 35605634 1387766 infeasible  101         0.02644    0.02785  5.32%  15.8 6800s
 35632928 1387536    0.02785   97    5    0.02644    0.02785  5.32%  15.8 6805s
 35660937 1387851 infeasible   98         0.02644    0.02784  5.32%  15.8 6810s
 35689579 1387793    0.02648  104   17    0.02644    0.02784  5.31%  15.8 6815s
 35718831 1388031     cutoff   99         0.02644    0.02784  5.31%  15.8 6820s
 35747674 1388052    0.02784   99    3    0.02644    0.02784  5.31%  15.8 6825s
 35768726 1388076 infeasible  100         0.02644    0.02784  5.30%  15.8 6830s
 35798253 1387934    0.02652  106   17    0.02644    0.02784  5.30%  15.8 6835s
 35830959 1387768    0.02747   99   14    0.02644    0.02784  5.30%  15.8 6840s
 35862485 1387338 infeasible   43         0.02644    0.02784  5.29%  15.8 6845s
 35889055 1387030    0.02648  107   17    0.02644    0.02784  5.29%  15.8 6850s
 35917910 1386685 infeasible  104         0.02644    0.02784  5.29%  15.8 6855s
 35937663 1386378    0.02784   96    6    0.02644    0.02784  5.28%  15.8 6860s
 35967239 1386224    0.02782   98   13    0.02644    0.02783  5.28%  15.7 6865s
 35998547 1386190     cutoff  106         0.02644    0.02783  5.28%  15.7 6870s
 36028542 1386402 infeasible  102         0.02644    0.02783  5.27%  15.7 6875s
 36056875 1386638 infeasible  108         0.02644    0.02783  5.27%  15.7 6880s
 36084841 1387186    0.02783  100    3    0.02644    0.02783  5.27%  15.7 6885s
 36111634 1387629    0.02729  109    8    0.02644    0.02783  5.26%  15.7 6890s
 36141265 1387438    0.02655  106   12    0.02644    0.02783  5.26%  15.7 6895s
 36171510 1387504     cutoff  101         0.02644    0.02783  5.25%  15.7 6900s
 36198453 1387480     cutoff  109         0.02644    0.02783  5.25%  15.7 6905s
 36224956 1386849 infeasible   98         0.02644    0.02783  5.25%  15.7 6910s
 36255235 1386065    0.02732  108    8    0.02644    0.02782  5.24%  15.7 6915s
 36282322 1385059    0.02745  106   14    0.02644    0.02782  5.24%  15.7 6920s
 36308203 1384450    0.02730  102   14    0.02644    0.02782  5.23%  15.7 6925s
 36334021 1383866     cutoff   47         0.02644    0.02782  5.23%  15.7 6930s
 36363226 1383319    0.02651   99   22    0.02644    0.02782  5.22%  15.7 6935s
 36383036 1382982 infeasible  102         0.02644    0.02782  5.22%  15.7 6940s
 36409407 1382402     cutoff  110         0.02644    0.02782  5.22%  15.6 6945s
 36427536 1382075 infeasible   43         0.02644    0.02782  5.21%  15.6 6950s
 36449052 1381586 infeasible  107         0.02644    0.02782  5.21%  15.6 6955s
 36477330 1380972     cutoff   38         0.02644    0.02781  5.20%  15.6 6960s
 36506857 1380594 infeasible  104         0.02644    0.02781  5.20%  15.6 6965s
 36532049 1379921     cutoff  100         0.02644    0.02781  5.19%  15.6 6970s
 36555822 1378977    0.02745  110   14    0.02644    0.02781  5.19%  15.6 6975s
 36582855 1377945    0.02781   86    3    0.02644    0.02781  5.18%  15.6 6980s
 36609910 1376932    0.02781  102    4    0.02644    0.02781  5.18%  15.6 6985s
 36633847 1376157    0.02781  103    4    0.02644    0.02781  5.17%  15.6 6990s
 36656143 1375400    0.02726   95   10    0.02644    0.02781  5.17%  15.6 6995s
 36682035 1374729    0.02682   90    7    0.02644    0.02780  5.17%  15.6 7000s
 36708283 1373854     cutoff   98         0.02644    0.02780  5.16%  15.6 7005s
 36729524 1372598    0.02649  103   22    0.02644    0.02780  5.16%  15.6 7010s
 36754691 1371765    0.02780   95    4    0.02644    0.02780  5.15%  15.6 7015s
 36775436 1370848    0.02687   42   38    0.02644    0.02780  5.14%  15.6 7020s
 36795808 1370258 infeasible   86         0.02644    0.02780  5.14%  15.6 7025s
 36798366 1370221     cutoff   99         0.02644    0.02780  5.14%  15.6 7030s
 36815900 1369525     cutoff   97         0.02644    0.02780  5.13%  15.6 7035s
 36836315 1368377    0.02779   87    7    0.02644    0.02779  5.12%  15.6 7040s
 36857747 1367288    0.02779   76   31    0.02644    0.02779  5.12%  15.6 7045s
 36879535 1366330    0.02659   38   61    0.02644    0.02779  5.11%  15.6 7050s
 36901695 1365936    0.02779   98    4    0.02644    0.02779  5.10%  15.5 7055s
 36917525 1365566    0.02739   97    7    0.02644    0.02779  5.10%  15.5 7060s
 36932927 1365242    0.02730   99   12    0.02644    0.02778  5.09%  15.5 7065s
 36943410 1364873     cutoff   48         0.02644    0.02778  5.09%  15.5 7070s
 36957517 1364149     cutoff  101         0.02644    0.02778  5.08%  15.5 7075s
 36978437 1364453     cutoff   39         0.02644    0.02778  5.07%  15.5 7080s
 36998617 1364517    0.02732   99   12    0.02644    0.02778  5.07%  15.5 7085s
 37020348 1364333    0.02778   99    3    0.02644    0.02778  5.06%  15.5 7090s
 37038998 1363950 infeasible   48         0.02644    0.02777  5.05%  15.5 7095s
 37057386 1363185     cutoff   40         0.02644    0.02777  5.04%  15.5 7100s
 37074448 1362640    0.02777  102    3    0.02644    0.02777  5.04%  15.5 7105s
 37093521 1362617 infeasible   47         0.02644    0.02777  5.03%  15.5 7110s
 37104555 1362259    0.02773   98   20    0.02644    0.02777  5.02%  15.5 7115s
 37120389 1361805    0.02646   97    9    0.02644    0.02776  5.01%  15.5 7120s
 37134593 1361329    0.02776   96   16    0.02644    0.02776  5.01%  15.5 7125s
 37146124 1360919 infeasible   85         0.02644    0.02776  5.00%  15.5 7130s
 37163612 1361364 infeasible   96         0.02644    0.02776  4.99%  15.5 7135s
 37179811 1361835    0.02728   96   12    0.02644    0.02776  4.98%  15.5 7140s
 37199704 1362487    0.02692   91    7    0.02644    0.02775  4.97%  15.5 7145s
 37217767 1362712    0.02775   89    7    0.02644    0.02775  4.97%  15.5 7150s
 37237211 1362858    0.02681   47   56    0.02644    0.02775  4.96%  15.5 7155s
 37254903 1362806 infeasible   97         0.02644    0.02775  4.95%  15.5 7160s
 37271445 1363375    0.02676   55   50    0.02644    0.02775  4.94%  15.5 7165s
 37294674 1364048    0.02645   41   50    0.02644    0.02774  4.93%  15.5 7170s
 37309648 1363965     cutoff   46         0.02644    0.02774  4.92%  15.5 7175s
 37327318 1363239     cutoff   90         0.02644    0.02774  4.91%  15.5 7180s
 37343880 1363809 infeasible   92         0.02644    0.02774  4.90%  15.5 7185s
 37359521 1364479 infeasible   92         0.02644    0.02773  4.90%  15.5 7190s
 37377795 1364722    0.02770   93   18    0.02644    0.02773  4.89%  15.5 7195s
 37392962 1365394    0.02648   96   19    0.02644    0.02773  4.88%  15.5 7200s
 37413050 1365777     cutoff   97         0.02644    0.02773  4.87%  15.5 7205s
 37429855 1365880 infeasible  102         0.02644    0.02772  4.86%  15.5 7210s
 37442254 1365144 infeasible   90         0.02644    0.02772  4.85%  15.5 7215s
 37458271 1364835    0.02647  108    8    0.02644    0.02772  4.84%  15.5 7220s
 37473976 1365417     cutoff   90         0.02644    0.02772  4.83%  15.5 7225s
 37487793 1365532    0.02771   46   50    0.02644    0.02771  4.82%  15.5 7230s
 37502462 1364830    0.02770   45   53    0.02644    0.02771  4.81%  15.5 7235s
 37515033 1364406     cutoff   46         0.02644    0.02771  4.80%  15.4 7240s
 37531052 1364087     cutoff   45         0.02644    0.02771  4.79%  15.4 7245s
 37542599 1363872     cutoff   49         0.02644    0.02770  4.79%  15.4 7250s
 37553096 1363221     cutoff   49         0.02644    0.02770  4.78%  15.4 7255s
 37569742 1361554    0.02759   84    8    0.02644    0.02770  4.77%  15.4 7260s
 37583013 1360765 infeasible   85         0.02644    0.02770  4.76%  15.4 7265s
 37599273 1359482 infeasible   99         0.02644    0.02769  4.75%  15.4 7270s
 37623269 1360448 infeasible   98         0.02644    0.02769  4.74%  15.4 7275s
 37642563 1359193    0.02768   68   29    0.02644    0.02769  4.73%  15.4 7280s
 37658614 1358126    0.02706   64   26    0.02644    0.02769  4.72%  15.4 7285s
 37676101 1356328     cutoff   44         0.02644    0.02769  4.71%  15.4 7290s
 37694137 1354179 infeasible  107         0.02644    0.02768  4.71%  15.4 7295s
 37709249 1353609     cutoff   47         0.02644    0.02768  4.70%  15.4 7300s
 37719324 1352625    0.02743   92    6    0.02644    0.02768  4.70%  15.4 7305s
 37733216 1350572 infeasible  106         0.02644    0.02768  4.69%  15.4 7310s
 37748465 1348818     cutoff   43         0.02644    0.02768  4.68%  15.4 7315s
 37765528 1346446     cutoff   45         0.02644    0.02767  4.67%  15.4 7320s
 37785745 1342744 infeasible   98         0.02644    0.02767  4.66%  15.4 7325s
 37804465 1340642     cutoff   48         0.02644    0.02767  4.65%  15.4 7330s
 37824238 1338512    0.02766   97    4    0.02644    0.02767  4.64%  15.4 7335s
 37840754 1336742     cutoff   44         0.02644    0.02766  4.63%  15.4 7340s
 37860646 1334324     cutoff   52         0.02644    0.02766  4.63%  15.4 7345s
 37880831 1331409 infeasible   99         0.02644    0.02766  4.62%  15.4 7350s
 37889990 1329750 infeasible   98         0.02644    0.02766  4.61%  15.4 7355s
 37903252 1327327     cutoff   40         0.02644    0.02766  4.60%  15.4 7360s
 37918127 1325374    0.02765   46   56    0.02644    0.02765  4.60%  15.4 7365s
 37934284 1323560     cutoff   44         0.02644    0.02765  4.59%  15.4 7370s
 37950054 1320939 infeasible  103         0.02644    0.02765  4.58%  15.4 7375s
 37964697 1318510    0.02696   42   54    0.02644    0.02765  4.57%  15.4 7380s
 37978999 1316173     cutoff   45         0.02644    0.02765  4.56%  15.4 7385s
 37995018 1313018 infeasible   68         0.02644    0.02764  4.55%  15.4 7390s
 38009699 1310448    0.02749   83   21    0.02644    0.02764  4.54%  15.4 7395s
 38023624 1308555 infeasible   97         0.02644    0.02764  4.53%  15.4 7400s
 38039214 1306386     cutoff   41         0.02644    0.02763  4.52%  15.4 7405s
 38055811 1304776     cutoff  104         0.02644    0.02763  4.51%  15.4 7410s
 38072827 1303084     cutoff   45         0.02644    0.02763  4.50%  15.3 7415s
 38092912 1301929 infeasible   98         0.02644    0.02763  4.49%  15.3 7420s
 38114983 1301319 infeasible   86         0.02644    0.02762  4.48%  15.3 7425s
 38136308 1301122 infeasible  102         0.02644    0.02762  4.47%  15.3 7430s
 38153359 1301075     cutoff   89         0.02644    0.02762  4.46%  15.3 7435s
 38171828 1300759    0.02762   83   10    0.02644    0.02762  4.45%  15.3 7440s
 38190676 1301205     cutoff   38         0.02644    0.02761  4.44%  15.3 7445s
 38203530 1300662     cutoff   46         0.02644    0.02761  4.43%  15.3 7450s
 38218755 1300477     cutoff   45         0.02644    0.02761  4.43%  15.3 7455s
 38237688 1301661 infeasible   84         0.02644    0.02761  4.42%  15.3 7460s
 38252223 1301581    0.02728   46   50    0.02644    0.02761  4.41%  15.3 7465s
 38267668 1301621    0.02703   42   50    0.02644    0.02760  4.41%  15.3 7470s
 38283576 1301547     cutoff  107         0.02644    0.02760  4.40%  15.3 7475s
 38302737 1302145    0.02747   46   51    0.02644    0.02760  4.39%  15.3 7480s
 38324323 1301767     cutoff  102         0.02644    0.02760  4.38%  15.3 7485s
 38343596 1301632    0.02759   87    4    0.02644    0.02759  4.37%  15.3 7490s
 38361855 1301797    0.02670   95    7    0.02644    0.02759  4.36%  15.3 7495s
 38381421 1302061     cutoff   46         0.02644    0.02759  4.36%  15.3 7500s
 38399818 1301415 infeasible   92         0.02644    0.02759  4.35%  15.3 7505s
 38420652 1301064     cutoff   85         0.02644    0.02759  4.34%  15.3 7510s
 38443558 1300586     cutoff   49         0.02644    0.02758  4.32%  15.3 7515s
 38459614 1299975     cutoff   45         0.02644    0.02758  4.32%  15.3 7520s
 38481559 1299694 infeasible   99         0.02644    0.02758  4.31%  15.3 7525s
 38497244 1298873     cutoff   63         0.02644    0.02758  4.30%  15.3 7530s
 38515138 1298461    0.02651  112    9    0.02644    0.02757  4.29%  15.3 7535s
 38532535 1298245 infeasible   98         0.02644    0.02757  4.28%  15.3 7540s
 38552343 1297954    0.02741   39   57    0.02644    0.02757  4.27%  15.3 7545s
 38570091 1297506     cutoff   45         0.02644    0.02757  4.26%  15.3 7550s
 38588022 1297575 infeasible   65         0.02644    0.02756  4.25%  15.3 7555s
 38598109 1297198 infeasible  103         0.02644    0.02756  4.25%  15.3 7560s
 38616811 1296947    0.02739   52   53    0.02644    0.02756  4.24%  15.3 7565s
 38637796 1296862     cutoff   95         0.02644    0.02756  4.23%  15.3 7570s
 38652997 1296999    0.02656   46   54    0.02644    0.02755  4.22%  15.2 7575s
 38662799 1297830 infeasible   49         0.02644    0.02755  4.22%  15.2 7580s
 38676291 1298738     cutoff   55         0.02644    0.02755  4.22%  15.3 7585s
 38694366 1299260    0.02653   99    7    0.02644    0.02755  4.21%  15.2 7590s
 38713423 1299909    0.02671   43   54    0.02644    0.02755  4.20%  15.2 7595s
 38729287 1300128 infeasible   88         0.02644    0.02755  4.19%  15.2 7600s
 38746244 1301264 infeasible  103         0.02644    0.02755  4.19%  15.2 7605s
 38763924 1302212    0.02754   89    5    0.02644    0.02754  4.18%  15.2 7610s
 38781278 1302526     cutoff   50         0.02644    0.02754  4.17%  15.2 7615s
 38798589 1301627 infeasible   86         0.02644    0.02754  4.16%  15.2 7620s
 38817763 1302184     cutoff   45         0.02644    0.02754  4.15%  15.2 7625s
 38831660 1301705     cutoff   47         0.02644    0.02753  4.14%  15.2 7630s
 38855022 1301643    0.02733   44   56    0.02644    0.02753  4.13%  15.2 7635s
 38870774 1301756 infeasible  113         0.02644    0.02753  4.13%  15.2 7640s
 38891240 1303806    0.02693   43   52    0.02644    0.02753  4.12%  15.2 7645s
 38914842 1304455    0.02645   97    9    0.02644    0.02753  4.11%  15.2 7650s
 38937860 1304951    0.02752   93   11    0.02644    0.02752  4.11%  15.2 7655s
 38948873 1305021    0.02752   39   50    0.02644    0.02752  4.10%  15.2 7660s
 38954759 1305552     cutoff   45         0.02644    0.02752  4.10%  15.2 7665s
 38961814 1306022    0.02752   38   61    0.02644    0.02752  4.10%  15.2 7670s
 38971785 1306586     cutoff   48         0.02644    0.02752  4.10%  15.2 7675s
 38993801 1307638 infeasible   72         0.02644    0.02752  4.10%  15.2 7680s
 39018356 1308754     cutoff   40         0.02644    0.02752  4.09%  15.2 7685s
 39043515 1308928    0.02752   97    3    0.02644    0.02752  4.08%  15.2 7690s
 39068703 1308933     cutoff   43         0.02644    0.02752  4.07%  15.2 7695s
 39089797 1308977    0.02751   95    4    0.02644    0.02751  4.07%  15.2 7700s
 39114115 1309351 infeasible  113         0.02644    0.02751  4.06%  15.2 7705s
 39136018 1308555    0.02751   89   10    0.02644    0.02751  4.06%  15.2 7710s
 39159529 1307789 infeasible   94         0.02644    0.02751  4.05%  15.2 7715s
 39180024 1307130    0.02670  100    7    0.02644    0.02751  4.04%  15.2 7720s
 39200703 1306335     cutoff   66         0.02644    0.02751  4.03%  15.2 7725s
 39217543 1305339 infeasible  102         0.02644    0.02750  4.03%  15.2 7730s
 39241653 1306356    0.02669  101    2    0.02644    0.02750  4.02%  15.2 7735s
 39273410 1311097    0.02644  107   14    0.02644    0.02750  4.02%  15.1 7740s
 39294693 1310972     cutoff   40         0.02644    0.02750  4.01%  15.1 7745s
 39313093 1310401     cutoff   46         0.02644    0.02750  4.00%  15.1 7750s
 39334358 1310172    0.02694   44   53    0.02644    0.02749  3.99%  15.1 7755s
 39351843 1309586     cutoff  103         0.02644    0.02749  3.99%  15.1 7760s
 39371737 1308671    0.02726   93   14    0.02644    0.02749  3.98%  15.1 7765s
 39386519 1307288     cutoff   53         0.02644    0.02749  3.97%  15.1 7770s
 39404390 1305905    0.02685   98   11    0.02644    0.02749  3.96%  15.1 7775s
 39421542 1304653     cutoff   79         0.02644    0.02748  3.95%  15.1 7780s
 39440479 1302921    0.02675   36   53    0.02644    0.02748  3.94%  15.1 7785s
 39459811 1300402 infeasible  100         0.02644    0.02748  3.93%  15.1 7790s
 39483270 1297344     cutoff   70         0.02644    0.02747  3.91%  15.1 7795s
 39512728 1293895    0.02741   51   52    0.02644    0.02747  3.89%  15.1 7800s
 39540692 1290969     cutoff   59         0.02644    0.02746  3.88%  15.1 7805s
 39570940 1287863 infeasible  101         0.02644    0.02746  3.86%  15.1 7810s
 39600337 1284107 infeasible   75         0.02644    0.02746  3.85%  15.1 7815s
 39622703 1281460 infeasible   93         0.02644    0.02745  3.84%  15.1 7820s
 39652446 1276923 infeasible  101         0.02644    0.02745  3.83%  15.1 7825s
 39682706 1273655 infeasible  101         0.02644    0.02745  3.81%  15.1 7830s
 39711740 1268117     cutoff   42         0.02644    0.02744  3.80%  15.1 7835s
 39739804 1263851    0.02744   86   16    0.02644    0.02744  3.79%  15.1 7840s
 39767472 1260621 infeasible   95         0.02644    0.02744  3.78%  15.1 7845s
 39799350 1256582    0.02719   96    1    0.02644    0.02743  3.76%  15.1 7850s
 39829480 1252271 infeasible  101         0.02644    0.02743  3.75%  15.0 7855s
 39861240 1248682    0.02654  102   12    0.02644    0.02743  3.74%  15.0 7860s
 39892301 1245793    0.02743   95    7    0.02644    0.02743  3.74%  15.0 7865s

Cutting planes:
  Gomory: 44
  Lift-and-project: 7
  Implied bound: 41
  MIR: 44
  Flow cover: 179
  Inf proof: 7
  RLT: 223
  Relax-and-lift: 15
  BQP: 95

Explored 39895395 nodes (599833555 simplex iterations) in 7865.76 seconds (11397.80 work units)
Thread count was 4 (of 4 available processors)

Solution count 10: 0.0264389 0.0254528 0.0247936 ... 0.0225948

Optimization achieved user objective limit
Best objective 2.643885982707e-02, best bound 2.742618602485e-02, gap 3.7344%
{"verdict": "PROVED", "status": "BOUND_REACHED", "runtime": 7865.764831066132, "objval": 0.026438859827066535, "objbound": 0.027426186024848174, "binaries": 70}
