Set parameter NodefileStart to value 6
Read parameters from file gurobi.env
Restricted license - for non-production use only - expires 2027-11-29
Set parameter OutputFlag to value 1
Set parameter Threads to value 4
Set parameter TimeLimit to value 19800
Set parameter MIPGap to value 5e-05
Set parameter MIPFocus to value 2
Set parameter NonConvex to value 2
Set parameter BestBdStop to value 2.7426211734693878e-02
Gurobi Optimizer version 13.0.3 build v13.0.3rc0 (linux64 - "Ubuntu 24.04.5 LTS")

CPU model: AMD EPYC 9V74 80-Core Processor, instruction set [SSE2|AVX|AVX2|AVX512]
Thread count: 2 physical cores, 4 logical processors, using up to 4 threads

Non-default parameters:
TimeLimit  19800
BestBdStop  2.7426211734693878e-02
MIPGap  5e-05
MIPFocus  2
NodefileStart  6
NonConvex  2
Threads  4

Optimize a model with 165 rows, 135 columns and 976 nonzeros (Max)
Model fingerprint: 0xf8faf8cd
Model has 1 linear objective coefficients
Model has 50 quadratic constraints
Variable types: 65 continuous, 70 integer (70 binary)
Coefficient statistics:
  Matrix range     [5e-01, 1e+00]
  QMatrix range    [1e+00, 1e+00]
  QLMatrix range   [1e+00, 1e+00]
  Objective range  [1e+00, 1e+00]
  Bounds range     [5e-01, 1e+00]
  RHS range        [1e+00, 1e+00]

Found heuristic solution: objective -0.0000000
Presolve time: 0.00s
Presolved: 365 rows, 136 columns, 1376 nonzeros
Presolved model has 50 bilinear constraint(s)

Solving non-convex MIQCP to global optimality

Variable types: 66 continuous, 70 integer (70 binary)
Found heuristic solution: objective 0.0050992
Root relaxation presolve removed 7 rows and 1 columns
Root relaxation presolved: 358 rows, 135 columns, 1469 nonzeros


Root relaxation: objective 2.499740e-01, 131 iterations, 0.00 seconds (0.00 work units)

    Nodes    |    Current Node    |     Objective Bounds      |     Work
 Expl Unexpl |  Obj  Depth IntInf | Incumbent    BestBd   Gap | It/Node Time

     0     0    0.24997    0  112    0.00510    0.24997  4802%     -    0s
     0     0    0.24811    0  118    0.00510    0.24811  4766%     -    0s
     0     0    0.24625    0  118    0.00510    0.24625  4729%     -    0s
     0     0    0.18789    0  118    0.00510    0.18789  3585%     -    0s
     0     0    0.18696    0  118    0.00510    0.18696  3566%     -    0s
     0     0    0.18119    0  104    0.00510    0.18119  3453%     -    0s
     0     0    0.18107    0  112    0.00510    0.18107  3451%     -    0s
     0     0    0.17520    0   94    0.00510    0.17520  3336%     -    0s
     0     0    0.17035    0   96    0.00510    0.17035  3241%     -    0s
     0     0    0.16667    0  102    0.00510    0.16667  3168%     -    0s
     0     0    0.16667    0  112    0.00510    0.16667  3168%     -    0s
     0     0    0.16610    0  116    0.00510    0.16610  3157%     -    0s
     0     0    0.16610    0  116    0.00510    0.16610  3157%     -    0s
     0     0    0.16610    0  114    0.00510    0.16610  3157%     -    0s
H    0     0                       0.0051379    0.16610  3133%     -    0s
     0     2    0.16610    0  114    0.00514    0.16610  3133%     -    0s
H  566   532                       0.0051580    0.16610  3120%  40.0    0s
H  622   574                       0.0051580    0.16610  3120%  40.5    0s
H 1556  1220                       0.0108113    0.12372  1044%  43.9    3s
H 1586  1203                       0.0108113    0.12372  1044%  43.8    3s
H 1654  1140                       0.0131127    0.12372   844%  43.3    3s
H 1670  1110                       0.0131127    0.12372   844%  42.9    3s
H 1788  1104                       0.0133850    0.12372   824%  44.6    3s
H 2889  1297                       0.0158676    0.12372   680%  48.5    3s
H 2894  1244                       0.0167687    0.12372   638%  48.5    3s
H 4070  1682                       0.0185072    0.12372   568%  52.9    4s
H 4147  1725                       0.0185072    0.12372   568%  52.8    4s
H 5396  2402                       0.0185210    0.12372   568%  54.8    4s
H 5832  2564                       0.0185210    0.11925   544%  54.8    4s
  5838  2659    0.05987   28   66    0.01852    0.11925   544%  54.9    5s
H 7052  3094                       0.0188243    0.11643   519%  54.3    5s
H 8281  3470                       0.0194133    0.11440   489%  53.4    6s
H 8285  3470                       0.0194203    0.11440   489%  53.4    6s
H 8337  3627                       0.0194203    0.11440   489%  53.3    6s
H12398  5604                       0.0194203    0.10764   454%  53.5    7s
H13675  6050                       0.0195975    0.10577   440%  53.5    8s
H14001  6234                       0.0195975    0.10552   438%  53.3    8s
 17389  7881    0.08010   29   72    0.01960    0.10028   412%  52.7   10s
 29650 13173    0.09550   25   61    0.01960    0.09777   399%  54.0   15s
 43659 19279     cutoff   36         0.01960    0.09464   383%  53.6   20s
 57941 25169    0.05243   34   67    0.01960    0.09138   366%  53.3   25s
 71936 30112     cutoff   36         0.01960    0.08891   354%  52.8   30s
 85182 35564    0.02905   38   59    0.01960    0.08692   344%  52.5   35s
 95846 39551     cutoff   36         0.01960    0.08552   336%  52.3   40s
 109500 44852     cutoff   35         0.01960    0.08409   329%  52.2   45s
 122340 50343     cutoff   48         0.01960    0.08326   325%  52.2   50s
 135144 55764    0.02675   39   57    0.01960    0.08288   323%  52.5   55s
 149206 61222     cutoff   43         0.01960    0.08213   319%  52.4   60s
 163004 66425     cutoff   42         0.01960    0.08150   316%  52.4   65s
 176767 71176     cutoff   36         0.01960    0.08074   312%  52.3   70s
 191138 76731    0.04572   34   64    0.01960    0.08000   308%  52.1   75s
 204703 81389    0.07443   26   70    0.01960    0.07935   305%  51.9   80s
 218849 86813    0.05164   32   58    0.01960    0.07885   302%  51.8   85s
 233501 92319    0.04377   35   56    0.01960    0.07840   300%  51.7   90s
 247152 97459    0.01999   37   54    0.01960    0.07801   298%  51.5   95s
 261312 102390     cutoff   31         0.01960    0.07759   296%  51.3  100s
 273267 106743    0.07710   29   79    0.01960    0.07721   294%  51.2  105s
 286378 111421    0.03074   40   55    0.01960    0.07688   292%  51.2  110s
 300923 116557    0.06942   33   50    0.01960    0.07653   291%  51.0  115s
 314555 121315     cutoff   35         0.01960    0.07619   289%  50.9  120s
 328363 126038    0.02117   40   49    0.01960    0.07588   287%  50.8  125s
 342427 130766    0.06759   28   76    0.01960    0.07552   285%  50.7  130s
 356011 135411    0.05566   32   59    0.01960    0.07522   284%  50.6  135s
 370061 140509    0.02259   41   44    0.01960    0.07494   282%  50.4  140s
 383325 144915    0.05591   32   64    0.01960    0.07468   281%  50.3  145s
 397404 149711    0.03895   35   47    0.01960    0.07438   280%  50.3  150s
 412282 154594    0.03147   38   65    0.01960    0.07411   278%  50.1  155s
 426307 159546    0.05970   30   70    0.01960    0.07385   277%  50.0  160s
 437809 163421    0.02123   43   40    0.01960    0.07364   276%  49.9  165s
 452006 167988    0.02825   38   54    0.01960    0.07336   274%  49.8  170s
 465876 172906    0.03381   34   60    0.01960    0.07312   273%  49.8  175s
 480891 177727    0.02972   32   64    0.01960    0.07289   272%  49.7  180s
 495181 182401    0.03878   31   51    0.01960    0.07265   271%  49.6  185s
 509695 186971     cutoff   41         0.01960    0.07242   270%  49.6  190s
 524148 192114    0.02065   40   46    0.01960    0.07223   269%  49.5  195s
 538674 196823    0.02585   34   58    0.01960    0.07196   267%  49.4  200s
 552858 201319    0.05626   37   63    0.01960    0.07174   266%  49.4  205s
 567102 205461    0.05011   35   60    0.01960    0.07153   265%  49.3  210s
 581521 209807     cutoff   39         0.01960    0.07134   264%  49.3  215s
 595593 214370    0.07048   32   70    0.01960    0.07119   263%  49.3  220s
 609393 218717    0.05083   27   73    0.01960    0.07103   262%  49.2  225s
 623612 223581    0.03143   41   54    0.01960    0.07094   262%  49.2  230s
 636528 227753    0.02536   36   51    0.01960    0.07084   261%  49.2  235s
 650637 231961     cutoff   39         0.01960    0.07071   261%  49.2  240s
 663999 236535    0.04869   33   56    0.01960    0.07061   260%  49.2  245s
 677280 240941    0.05328   39   60    0.01960    0.07052   260%  49.2  250s
 689461 244975    0.03539   33   62    0.01960    0.07042   259%  49.2  255s
 702486 249015    0.06075   33   63    0.01960    0.07030   259%  49.2  260s
 715115 252871     cutoff   37         0.01960    0.07017   258%  49.2  265s
 728318 257194    0.02505   34   59    0.01960    0.07006   258%  49.1  270s
 739956 261211    0.03018   43   56    0.01960    0.06999   257%  49.1  275s
 753332 264911     cutoff   38         0.01960    0.06989   257%  49.1  280s
 766307 268867    0.04722   33   62    0.01960    0.06981   256%  49.1  285s
 780157 273024    0.02440   38   59    0.01960    0.06971   256%  49.1  290s
 790743 276421    0.04248   26   75    0.01960    0.06963   255%  49.0  295s
 805373 281419    0.02839   39   62    0.01960    0.06952   255%  49.0  300s
 819642 285791    0.02078   41   61    0.01960    0.06940   254%  49.0  305s
 833683 289922    0.03122   41   50    0.01960    0.06927   253%  48.9  310s
 848106 294022 infeasible   42         0.01960    0.06914   253%  48.9  315s
 862246 298185    0.04699   33   51    0.01960    0.06901   252%  48.9  320s
 875440 302162    0.04619   31   69    0.01960    0.06891   252%  48.8  325s
 889750 306298    0.03809   33   68    0.01960    0.06878   251%  48.8  330s
 904345 310622     cutoff   42         0.01960    0.06864   250%  48.8  335s
 918151 315065    0.05283   36   62    0.01960    0.06853   250%  48.8  340s
 931659 319217    0.02768   35   59    0.01960    0.06841   249%  48.8  345s
 946305 323864    0.03940   33   68    0.01960    0.06830   249%  48.7  350s
 957708 327691    0.03260   33   65    0.01960    0.06822   248%  48.7  355s
 972054 332365     cutoff   41         0.01960    0.06812   248%  48.6  360s
 986173 336699    0.03228   37   51    0.01960    0.06800   247%  48.6  365s
 1000589 341126    0.02630   41   65    0.01960    0.06792   247%  48.6  370s
 1014236 345019     cutoff   42         0.01960    0.06782   246%  48.6  375s
 1028762 349316     cutoff   38         0.01960    0.06772   246%  48.5  380s
 1042077 353387    0.02216   78   32    0.01960    0.06763   245%  48.5  385s
 1056837 357653    0.02249   34   52    0.01960    0.06752   245%  48.5  390s
 1072055 361827    0.05180   31   60    0.01960    0.06741   244%  48.5  395s
 1087003 366358    0.03692   35   64    0.01960    0.06730   243%  48.4  400s
 1101701 370981    0.03901   35   64    0.01960    0.06720   243%  48.4  405s
 1116750 375064    0.02703   33   45    0.01960    0.06708   242%  48.4  410s
 1129951 378771    0.02047   42   54    0.01960    0.06698   242%  48.3  415s
 1142456 382133    0.02007   36   53    0.01960    0.06689   241%  48.3  420s
 1156424 386378    0.02446   36   54    0.01960    0.06680   241%  48.3  425s
 1170326 390812    0.02185   40   64    0.01960    0.06671   240%  48.3  430s
 1184433 395026     cutoff   37         0.01960    0.06661   240%  48.3  435s
H1188595 395466                       0.0197033    0.06659   238%  48.2  437s
H1188599 395557                       0.0197033    0.06659   238%  48.2  437s
H1189352 395694                       0.0197034    0.06658   238%  48.2  437s
 1196234 397662    0.03256   36   60    0.01970    0.06653   238%  48.2  440s
 1209506 401722     cutoff   38         0.01970    0.06644   237%  48.2  445s
 1221042 404879    0.02195   42   56    0.01970    0.06637   237%  48.2  450s
 1235868 409190     cutoff   43         0.01970    0.06628   236%  48.1  455s
H1241109 410662                       0.0197034    0.06625   236%  48.1  456s
 1247930 412740     cutoff   35         0.01970    0.06621   236%  48.1  460s
 1262127 416845    0.03645   36   53    0.01970    0.06612   236%  48.1  465s
 1277244 421390    0.05229   40   54    0.01970    0.06603   235%  48.1  470s
 1291769 425369 infeasible   37         0.01970    0.06594   235%  48.0  475s
 1305571 429080     cutoff   44         0.01970    0.06585   234%  48.0  480s
 1319599 433481    0.06052   33   65    0.01970    0.06577   234%  48.0  485s
 1334311 437673     cutoff   37         0.01970    0.06569   233%  47.9  490s
 1349210 441712    0.02130   43   48    0.01970    0.06559   233%  47.9  495s
 1364326 446008    0.02567   42   62    0.01970    0.06551   232%  47.9  500s
 1377932 449766    0.01975   40   56    0.01970    0.06544   232%  47.9  505s
 1389096 453076    0.03088   36   59    0.01970    0.06537   232%  47.9  510s
 1402719 456978    0.06526   32   64    0.01970    0.06529   231%  47.9  515s
 1417090 460825    0.02552   35   58    0.01970    0.06521   231%  47.8  520s
 1432266 465180    0.02180   35   35    0.01970    0.06513   231%  47.8  525s
 1446402 469318    0.04195   34   47    0.01970    0.06505   230%  47.8  530s
 1460958 473331    0.04998   32   60    0.01970    0.06497   230%  47.8  535s
 1475705 477750     cutoff   40         0.01970    0.06490   229%  47.7  540s
 1489597 481273    0.02449   30   50    0.01970    0.06483   229%  47.7  545s
 1503423 485284     cutoff   42         0.01970    0.06475   229%  47.7  550s
 1518312 489747     cutoff   35         0.01970    0.06468   228%  47.7  555s
 1533051 493326    0.04578   38   66    0.01970    0.06461   228%  47.6  560s
 1547423 497290 infeasible   42         0.01970    0.06454   228%  47.6  565s
 1561908 501201    0.02095   37   46    0.01970    0.06447   227%  47.6  570s
H1570351 477673                       0.0219599    0.06443   193%  47.6  572s
 1572937 478257    0.04416   31   59    0.02196    0.06442   193%  47.6  575s
 1587775 481879    0.02520   33   49    0.02196    0.06434   193%  47.6  580s
 1602124 485384     cutoff   46         0.02196    0.06425   193%  47.5  585s
 1612639 488008    0.05221   36   58    0.02196    0.06418   192%  47.5  590s
 1627786 491655     cutoff   34         0.02196    0.06409   192%  47.5  595s
 1642788 495236    0.04021   34   47    0.02196    0.06399   191%  47.5  600s
 1657673 499032    0.05016   36   65    0.02196    0.06391   191%  47.5  605s
 1672575 502844     cutoff   33         0.02196    0.06382   191%  47.5  610s
 1687660 506386    0.03267   35   57    0.02196    0.06374   190%  47.5  615s
 1701760 510129    0.02949   39   58    0.02196    0.06367   190%  47.5  620s
 1716592 513758     cutoff   38         0.02196    0.06358   190%  47.4  625s
 1730695 517077     cutoff   36         0.02196    0.06350   189%  47.4  630s
 1745162 520579    0.02886   32   54    0.02196    0.06341   189%  47.4  635s
 1759488 524008     cutoff   39         0.02196    0.06334   188%  47.4  640s
 1774273 527616    0.03146   30   48    0.02196    0.06325   188%  47.4  645s
 1788770 531301    0.05395   30   64    0.02196    0.06317   188%  47.4  650s
 1802580 535085 infeasible   40         0.02196    0.06310   187%  47.4  655s
 1816543 538630 infeasible   40         0.02196    0.06303   187%  47.3  660s
 1830878 541989    0.02228   39   44    0.02196    0.06295   187%  47.3  665s
 1843724 545225     cutoff   38         0.02196    0.06289   186%  47.3  670s
 1858436 549095     cutoff   40         0.02196    0.06281   186%  47.3  675s
 1872775 552656    0.02987   34   66    0.02196    0.06274   186%  47.3  680s
 1885953 555953    0.03856   32   55    0.02196    0.06267   185%  47.3  685s
 1899769 559220    0.03175   34   59    0.02196    0.06260   185%  47.3  690s
 1913562 562616    0.04630   32   62    0.02196    0.06253   185%  47.3  695s
 1927909 565961    0.04148   30   56    0.02196    0.06247   184%  47.3  700s
 1942686 569859    0.05307   37   71    0.02196    0.06241   184%  47.3  705s
 1956670 573667    0.03613   37   57    0.02196    0.06235   184%  47.3  710s
 1969177 576702    0.04089   41   51    0.02196    0.06230   184%  47.3  715s
 1984152 580030 infeasible   43         0.02196    0.06223   183%  47.3  720s
 1998998 584090    0.05235   36   56    0.02196    0.06217   183%  47.2  725s
 2013980 587718    0.02638   34   57    0.02196    0.06211   183%  47.2  730s
 2027249 590599 infeasible   38         0.02196    0.06205   183%  47.2  735s
 2042181 594274    0.04513   35   71    0.02196    0.06198   182%  47.2  740s
 2056356 597565    0.04540   35   53    0.02196    0.06192   182%  47.2  745s
 2069885 601091    0.04918   32   67    0.02196    0.06185   182%  47.2  750s
 2083205 604640    0.04028   43   51    0.02196    0.06180   181%  47.2  755s
 2098023 608422    0.02321   39   47    0.02196    0.06174   181%  47.2  760s
 2111920 611913    0.02355   35   52    0.02196    0.06167   181%  47.2  765s
 2125143 615151    0.04924   30   56    0.02196    0.06162   181%  47.2  770s
 2138485 618447     cutoff   42         0.02196    0.06159   180%  47.2  775s
 2153218 621942    0.05075   35   65    0.02196    0.06154   180%  47.2  780s
 2167690 625597    0.03417   35   46    0.02196    0.06148   180%  47.2  785s
 2180478 628879     cutoff   43         0.02196    0.06144   180%  47.2  790s
 2194728 632453     cutoff   34         0.02196    0.06138   180%  47.2  795s
 2209359 636176     cutoff   34         0.02196    0.06132   179%  47.2  800s
 2224532 640038    0.02251   37   55    0.02196    0.06126   179%  47.1  805s
 2238718 643630     cutoff   47         0.02196    0.06121   179%  47.1  810s
 2249873 646189     cutoff   36         0.02196    0.06117   179%  47.1  815s
 2263237 649504    0.02409   38   52    0.02196    0.06112   178%  47.1  820s
 2277883 652894    0.05767   31   65    0.02196    0.06107   178%  47.1  825s
 2292014 656294    0.05006   37   55    0.02196    0.06102   178%  47.1  830s
 2306951 660253    0.05089   31   64    0.02196    0.06097   178%  47.1  835s
 2321698 663864    0.04067   32   63    0.02196    0.06092   177%  47.1  840s
 2337088 667365     cutoff   42         0.02196    0.06087   177%  47.1  845s
 2351545 671063     cutoff   43         0.02196    0.06082   177%  47.0  850s
 2366189 674696    0.04273   41   57    0.02196    0.06077   177%  47.0  855s
 2380425 678022     cutoff   42         0.02196    0.06072   176%  47.0  860s
 2394928 681377    0.03793   38   48    0.02196    0.06067   176%  47.0  865s
 2410425 684963    0.05607   32   60    0.02196    0.06061   176%  47.0  870s
 2424661 688481    0.03666   33   52    0.02196    0.06056   176%  47.0  875s
 2439393 691921    0.02906   35   60    0.02196    0.06051   176%  47.0  880s
 2452892 694950    0.03417   37   65    0.02196    0.06046   175%  47.0  885s
 2466042 698132    0.03304   38   62    0.02196    0.06041   175%  47.0  890s
 2479902 701491     cutoff   50         0.02196    0.06037   175%  47.0  895s
 2494634 705204    0.04140   37   57    0.02196    0.06033   175%  46.9  900s
 2504960 708019    0.03656   34   63    0.02196    0.06029   175%  46.9  905s
 2520199 711498    0.04937   37   50    0.02196    0.06024   174%  46.9  910s
 2534669 715148    0.03347   62   35    0.02196    0.06019   174%  46.9  915s
 2549370 718547     cutoff   35         0.02196    0.06015   174%  46.9  920s
H2561366 676981                       0.0241807    0.06011   149%  46.9  924s
H2562669 677160                       0.0241807    0.06011   149%  46.9  925s
H2563933 677417                       0.0241807    0.06011   149%  46.9  925s
H2564684 677607                       0.0241807    0.06010   149%  46.9  926s
 2574830 679451    0.03672   36   57    0.02418    0.06007   148%  46.9  930s
 2589239 682201    0.03462   33   56    0.02418    0.06003   148%  46.9  935s
 2603229 685042    0.05229   29   71    0.02418    0.05998   148%  46.9  940s
 2618597 688147    0.03595   35   69    0.02418    0.05992   148%  46.8  945s
 2633469 691305    0.02450   40   60    0.02418    0.05987   148%  46.8  950s
 2648335 693969    0.05797   31   59    0.02418    0.05981   147%  46.8  955s
 2662248 696532    0.02989   37   49    0.02418    0.05976   147%  46.8  960s
 2676617 700020    0.04447   41   66    0.02418    0.05972   147%  46.8  965s
 2691218 703193    0.04102   34   57    0.02418    0.05966   147%  46.8  970s
 2706350 706174    0.05501   38   57    0.02418    0.05961   147%  46.8  975s
 2719386 708638     cutoff   39         0.02418    0.05957   146%  46.8  980s
 2734334 711246     cutoff   48         0.02418    0.05952   146%  46.7  985s
 2748908 714316    0.02427   36   39    0.02418    0.05947   146%  46.7  990s
 2764388 717406 infeasible   37         0.02418    0.05942   146%  46.7  995s
 2776212 719727    0.05119   32   50    0.02418    0.05938   146%  46.7 1000s
 2790783 722363    0.04027   41   63    0.02418    0.05934   145%  46.7 1005s
 2805599 725401    0.05404   33   63    0.02418    0.05929   145%  46.7 1010s
 2820583 728352     cutoff   38         0.02418    0.05925   145%  46.7 1015s
 2835066 731443    0.03971   34   54    0.02418    0.05920   145%  46.7 1020s
 2850600 734064     cutoff   42         0.02418    0.05915   145%  46.6 1025s
 2864311 736442     cutoff   34         0.02418    0.05911   144%  46.6 1030s
 2878237 738920     cutoff   37         0.02418    0.05906   144%  46.6 1035s
 2893171 741724    0.05641   39   64    0.02418    0.05902   144%  46.6 1040s
 2907275 744090     cutoff   37         0.02418    0.05898   144%  46.6 1045s
 2922112 746761     cutoff   38         0.02418    0.05893   144%  46.6 1050s
 2936343 749343     cutoff   38         0.02418    0.05889   144%  46.6 1055s
 2950224 752137     cutoff   43         0.02418    0.05885   143%  46.6 1060s
 2964935 755425    0.03349   40   57    0.02418    0.05881   143%  46.6 1065s
 2979860 758079 infeasible   49         0.02418    0.05876   143%  46.5 1070s
 2994247 760815    0.03329   35   54    0.02418    0.05872   143%  46.5 1075s
 3008687 763818     cutoff   34         0.02418    0.05868   143%  46.5 1080s
 3023820 766958     cutoff   37         0.02418    0.05864   143%  46.5 1085s
 3037478 769731    0.02439   37   53    0.02418    0.05860   142%  46.5 1090s
 3051760 772471    0.05608   34   54    0.02418    0.05856   142%  46.5 1095s
 3065486 774926    0.02946   35   50    0.02418    0.05852   142%  46.5 1100s
 3080047 777549    0.03257   34   60    0.02418    0.05848   142%  46.5 1105s
 3092498 779615     cutoff   43         0.02418    0.05845   142%  46.5 1110s
 3108177 782608     cutoff   36         0.02418    0.05841   142%  46.4 1115s
 3122561 785463    0.04847   38   49    0.02418    0.05837   141%  46.4 1120s
 3137508 788096 infeasible   41         0.02418    0.05833   141%  46.4 1125s
 3150304 790439     cutoff   42         0.02418    0.05830   141%  46.4 1130s
 3163706 793023     cutoff   35         0.02418    0.05827   141%  46.4 1135s
 3178008 795514     cutoff   45         0.02418    0.05823   141%  46.4 1140s
 3191078 797718    0.02665   39   53    0.02418    0.05820   141%  46.4 1145s
 3205117 800077     cutoff   44         0.02418    0.05816   141%  46.4 1150s
 3216979 802391    0.02858   39   43    0.02418    0.05813   140%  46.4 1155s
 3230402 804521    0.05061   38   72    0.02418    0.05810   140%  46.4 1160s
 3241668 806338    0.03013   38   55    0.02418    0.05807   140%  46.4 1165s
 3255843 808602    0.03117   38   59    0.02418    0.05803   140%  46.3 1170s
 3268052 810722     cutoff   33         0.02418    0.05800   140%  46.3 1175s
 3279911 812728    0.03012   35   52    0.02418    0.05797   140%  46.3 1180s
 3291359 814758    0.04101   35   64    0.02418    0.05794   140%  46.3 1185s
 3304885 817063    0.02677   44   55    0.02418    0.05791   139%  46.3 1190s
 3318804 819555    0.04566   35   54    0.02418    0.05787   139%  46.3 1195s
 3331719 821845     cutoff   41         0.02418    0.05784   139%  46.3 1200s
 3345677 824437     cutoff   44         0.02418    0.05781   139%  46.3 1205s
 3360195 826780    0.02629   46   61    0.02418    0.05777   139%  46.3 1210s
 3375055 829669     cutoff   37         0.02418    0.05774   139%  46.3 1215s
 3388312 831950    0.04010   42   61    0.02418    0.05770   139%  46.2 1220s
 3402029 834539    0.04149   36   49    0.02418    0.05767   138%  46.2 1225s
 3416859 837505    0.03305   37   59    0.02418    0.05763   138%  46.2 1230s
 3430450 839844    0.03804   37   62    0.02418    0.05760   138%  46.2 1235s
 3444991 842272    0.03338   29   48    0.02418    0.05756   138%  46.2 1240s
 3459440 844851    0.03496   39   54    0.02418    0.05753   138%  46.2 1245s
 3468446 846365     cutoff   36         0.02418    0.05751   138%  46.2 1250s
 3482677 848906    0.04242   33   63    0.02418    0.05747   138%  46.2 1255s
 3497303 851501    0.04284   34   56    0.02418    0.05744   138%  46.2 1260s
 3511947 853839    0.03116   40   53    0.02418    0.05740   137%  46.2 1265s
 3526523 856463     cutoff   39         0.02418    0.05737   137%  46.1 1270s
 3541257 858605    0.03189   37   63    0.02418    0.05734   137%  46.1 1275s
 3555228 860892     cutoff   31         0.02418    0.05731   137%  46.1 1280s
 3568993 863307    0.04099   32   61    0.02418    0.05728   137%  46.1 1285s
 3583449 865831    0.05663   32   67    0.02418    0.05725   137%  46.1 1290s
 3598231 868621    0.04712   35   59    0.02418    0.05721   137%  46.1 1295s
 3612993 871243    0.04625   35   59    0.02418    0.05717   136%  46.1 1300s
 3628148 873674    0.04582   32   59    0.02418    0.05714   136%  46.1 1305s
 3642546 876269    0.04173   33   53    0.02418    0.05711   136%  46.0 1310s
 3657327 878774    0.03773   33   63    0.02418    0.05707   136%  46.0 1315s
 3672132 881270    0.04391   34   64    0.02418    0.05704   136%  46.0 1320s
 3684083 883261    0.02967   37   60    0.02418    0.05701   136%  46.0 1325s
 3698215 885786    0.02699   38   63    0.02418    0.05698   136%  46.0 1330s
 3713157 888334     cutoff   32         0.02418    0.05694   135%  46.0 1335s
 3727692 890756    0.03218   39   54    0.02418    0.05691   135%  46.0 1340s
 3742093 893549    0.04409   33   63    0.02418    0.05688   135%  46.0 1345s
 3757053 895986    0.05545   28   68    0.02418    0.05685   135%  46.0 1350s
 3771796 898746    0.03241   34   54    0.02418    0.05681   135%  46.0 1355s
 3786493 901392    0.02651   37   55    0.02418    0.05678   135%  45.9 1360s
 3801524 903555    0.02744   38   54    0.02418    0.05675   135%  45.9 1365s
 3815894 905876    0.04344   37   56    0.02418    0.05671   135%  45.9 1370s
 3830945 908191    0.04445   39   60    0.02418    0.05668   134%  45.9 1375s
 3846205 910404    0.04630   33   65    0.02418    0.05665   134%  45.9 1380s
 3860663 912701     cutoff   33         0.02418    0.05662   134%  45.9 1385s
 3875961 914883    0.03529   33   61    0.02418    0.05659   134%  45.9 1390s
 3890117 917307    0.04333   30   59    0.02418    0.05655   134%  45.9 1395s
 3904866 919739    0.03133   44   51    0.02418    0.05652   134%  45.9 1400s
 3920198 922411    0.04203   27   48    0.02418    0.05648   134%  45.8 1405s
 3932265 924417    0.03138   33   58    0.02418    0.05646   133%  45.8 1410s
 3944188 926317    0.04811   29   69    0.02418    0.05644   133%  45.8 1415s
 3959097 928318    0.03943   32   51    0.02418    0.05640   133%  45.8 1420s
 3974554 930349    0.03145   44   56    0.02418    0.05637   133%  45.8 1425s
 3987167 932140    0.03153   35   62    0.02418    0.05634   133%  45.8 1430s
 4000914 933975     cutoff   41         0.02418    0.05631   133%  45.8 1435s
 4015730 936283     cutoff   38         0.02418    0.05627   133%  45.8 1440s
 4030158 938602     cutoff   37         0.02418    0.05624   133%  45.8 1445s
 4043954 940842    0.05150   30   64    0.02418    0.05621   132%  45.8 1450s
 4059150 942989    0.05552   32   56    0.02418    0.05617   132%  45.8 1455s
 4073618 945040    0.03159   42   59    0.02418    0.05614   132%  45.8 1460s
 4087285 947254    0.03178   39   47    0.02418    0.05611   132%  45.8 1465s
 4101195 949495    0.02517   43   43    0.02418    0.05608   132%  45.7 1470s
 4115705 951479     cutoff   35         0.02418    0.05605   132%  45.7 1475s
 4130642 953579    0.03055   32   49    0.02418    0.05601   132%  45.7 1480s
 4145407 956110     cutoff   51         0.02418    0.05598   132%  45.7 1485s
 4157086 957886    0.02752   35   52    0.02418    0.05596   131%  45.7 1490s
 4171884 960355    0.03217   39   65    0.02418    0.05593   131%  45.7 1495s
 4186731 962655     cutoff   36         0.02418    0.05590   131%  45.7 1500s
 4201736 964854     cutoff   43         0.02418    0.05586   131%  45.7 1505s
 4216602 967123    0.04130   38   60    0.02418    0.05583   131%  45.7 1510s
 4231281 969199     cutoff   42         0.02418    0.05580   131%  45.7 1515s
 4246100 971584    0.03467   37   50    0.02418    0.05577   131%  45.7 1520s
 4261036 973769     cutoff   40         0.02418    0.05573   130%  45.7 1525s
 4277077 976923     cutoff   34         0.02418    0.05570   130%  45.6 1530s
 4292021 979137    0.03549   44   57    0.02418    0.05567   130%  45.6 1535s
 4306914 981295    0.03251   43   55    0.02418    0.05564   130%  45.6 1540s
 4322276 983598    0.02808   34   44    0.02418    0.05561   130%  45.6 1545s
 4335494 985502     cutoff   42         0.02418    0.05558   130%  45.6 1550s
 4350898 987549    0.02799   42   54    0.02418    0.05555   130%  45.6 1555s
 4364977 989771     cutoff   45         0.02418    0.05552   130%  45.6 1560s
 4380295 992177    0.03014   34   50    0.02418    0.05548   129%  45.6 1565s
 4392684 993984    0.04444   34   70    0.02418    0.05546   129%  45.6 1570s
 4406185 995992    0.03692   35   68    0.02418    0.05543   129%  45.6 1575s
 4419528 998055    0.03882   35   54    0.02418    0.05540   129%  45.6 1580s
 4434975 1000922     cutoff   38         0.02418    0.05537   129%  45.5 1585s
 4450457 1002979    0.02494   40   61    0.02418    0.05534   129%  45.5 1590s
 4466243 1005177    0.02798   45   55    0.02418    0.05531   129%  45.5 1595s
 4480551 1007520    0.03556   38   60    0.02418    0.05528   129%  45.5 1600s
 4495748 1010145    0.02762   41   57    0.02418    0.05525   128%  45.5 1605s
 4510713 1012739     cutoff   36         0.02418    0.05523   128%  45.5 1610s
 4526157 1015321     cutoff   31         0.02418    0.05520   128%  45.5 1615s
 4541575 1017574    0.02423   48   53    0.02418    0.05517   128%  45.5 1620s
 4555736 1019704    0.02721   45   59    0.02418    0.05514   128%  45.5 1625s
 4569765 1022022    0.05226   33   61    0.02418    0.05511   128%  45.5 1630s
 4584172 1023789     cutoff   42         0.02418    0.05509   128%  45.5 1635s
 4597155 1025893    0.02519   40   60    0.02418    0.05506   128%  45.5 1640s
 4612042 1028348    0.04109   39   59    0.02418    0.05503   128%  45.4 1645s
 4624742 1030621    0.02755   32   62    0.02418    0.05501   127%  45.4 1650s
 4639089 1032525    0.03607   38   56    0.02418    0.05498   127%  45.4 1655s
 4654296 1035194    0.03479   36   60    0.02418    0.05495   127%  45.4 1660s
 4669913 1037499    0.04067   31   65    0.02418    0.05492   127%  45.4 1665s
 4684751 1039790    0.05106   34   57    0.02418    0.05490   127%  45.4 1670s
 4699376 1042329    0.02491   33   45    0.02418    0.05487   127%  45.4 1675s
 4713242 1044517    0.02595   38   45    0.02418    0.05484   127%  45.4 1680s
 4727987 1047033    0.04043   37   60    0.02418    0.05482   127%  45.4 1685s
 4742224 1049279     cutoff   48         0.02418    0.05479   127%  45.4 1690s
 4756770 1051773    0.04207   33   70    0.02418    0.05477   126%  45.4 1695s
H4770312 1053719                       0.0241807    0.05474   126%  45.4 1699s
 4770660 1053878     cutoff   41         0.02418    0.05474   126%  45.4 1700s
H4771171 1053965                       0.0241807    0.05474   126%  45.4 1700s
H4778036 1055334                       0.0241807    0.05473   126%  45.4 1703s
 4782471 1056092    0.03401   38   60    0.02418    0.05472   126%  45.4 1705s
 4795915 1058084 infeasible   34         0.02418    0.05469   126%  45.3 1710s
 4809943 1060168     cutoff   40         0.02418    0.05467   126%  45.3 1715s
 4823591 1062442    0.03133   39   64    0.02418    0.05465   126%  45.3 1720s
H4828110 1063030                       0.0241808    0.05464   126%  45.3 1721s
 4834664 1063839    0.02936   41   57    0.02418    0.05463   126%  45.3 1725s
 4848257 1065965    0.05088   30   62    0.02418    0.05461   126%  45.3 1730s
 4862412 1068356    0.03841   37   64    0.02418    0.05458   126%  45.3 1735s
 4874405 1069912    0.04595   39   57    0.02418    0.05456   126%  45.3 1740s
 4888467 1072196     cutoff   36         0.02418    0.05454   126%  45.3 1745s
 4901358 1074151     cutoff   43         0.02418    0.05452   125%  45.3 1750s
 4915338 1076195    0.02618   40   51    0.02418    0.05449   125%  45.3 1755s
 4928493 1078230    0.03253   35   55    0.02418    0.05447   125%  45.3 1760s
 4942539 1080209    0.02997   40   65    0.02418    0.05445   125%  45.3 1765s
 4955395 1082341     cutoff   39         0.02418    0.05443   125%  45.3 1770s
 4969662 1084632 infeasible   70         0.02418    0.05441   125%  45.3 1775s
 4981588 1086428     cutoff   39         0.02418    0.05438   125%  45.3 1780s
 4994788 1088644    0.04939   35   67    0.02418    0.05436   125%  45.3 1785s
 5008684 1090697    0.03403   41   58    0.02418    0.05434   125%  45.3 1790s
 5022044 1093050    0.02715   33   53    0.02418    0.05432   125%  45.3 1795s
 5036292 1095394     cutoff   35         0.02418    0.05429   125%  45.2 1800s
 5047849 1097527     cutoff   39         0.02418    0.05427   124%  45.2 1805s
 5062656 1099923    0.04832   33   64    0.02418    0.05425   124%  45.2 1810s
 5077328 1101994    0.03028   34   59    0.02418    0.05423   124%  45.2 1815s
 5089364 1103793    0.03373   37   57    0.02418    0.05421   124%  45.2 1820s
 5104760 1105979     cutoff   42         0.02418    0.05419   124%  45.2 1825s
 5119944 1107970    0.02791   34   56    0.02418    0.05416   124%  45.2 1830s
 5134829 1110298    0.02865   35   61    0.02418    0.05413   124%  45.2 1835s
 5148718 1112612    0.03792   34   54    0.02418    0.05411   124%  45.2 1840s
 5163446 1114735    0.02567   36   64    0.02418    0.05409   124%  45.2 1845s
 5178595 1117056     cutoff   45         0.02418    0.05407   124%  45.2 1850s
 5192861 1119672    0.03453   37   56    0.02418    0.05404   123%  45.2 1855s
 5208468 1121991    0.03654   38   62    0.02418    0.05402   123%  45.2 1860s
 5222887 1124235     cutoff   43         0.02418    0.05399   123%  45.2 1865s
 5238173 1126680    0.02676   39   53    0.02418    0.05397   123%  45.2 1870s
 5249575 1128551    0.03755   40   54    0.02418    0.05395   123%  45.2 1875s
 5265797 1131327 infeasible   36         0.02418    0.05393   123%  45.1 1880s
 5280769 1133931    0.02483   39   52    0.02418    0.05390   123%  45.1 1885s
 5295721 1136084     cutoff   33         0.02418    0.05388   123%  45.1 1890s
 5310010 1138235    0.02946   33   52    0.02418    0.05385   123%  45.1 1895s
 5324715 1140556    0.05206   35   74    0.02418    0.05383   123%  45.1 1900s
 5340378 1142550     cutoff   43         0.02418    0.05381   123%  45.1 1905s
 5354827 1144474     cutoff   35         0.02418    0.05378   122%  45.1 1910s
 5370127 1146585    0.02958   37   53    0.02418    0.05375   122%  45.1 1915s
 5384866 1148539     cutoff   35         0.02418    0.05373   122%  45.1 1920s
 5400062 1150744     cutoff   41         0.02418    0.05370   122%  45.1 1925s
 5414946 1152774    0.03104   42   56    0.02418    0.05368   122%  45.1 1930s
 5426859 1154246    0.04394   40   57    0.02418    0.05366   122%  45.1 1935s
 5442138 1156396    0.03490   39   64    0.02418    0.05364   122%  45.1 1940s
 5457402 1158612    0.02828   36   61    0.02418    0.05361   122%  45.0 1945s
 5471780 1160585    0.03420   41   54    0.02418    0.05359   122%  45.0 1950s
 5485740 1162690     cutoff   39         0.02418    0.05356   122%  45.0 1955s
 5501131 1164525    0.02452   39   53    0.02418    0.05354   121%  45.0 1960s
 5516359 1166861     cutoff   40         0.02418    0.05352   121%  45.0 1965s
 5530652 1168706     cutoff   36         0.02418    0.05349   121%  45.0 1970s
 5545561 1170646     cutoff   36         0.02418    0.05347   121%  45.0 1975s
 5559700 1172844    0.02626   39   53    0.02418    0.05344   121%  45.0 1980s
 5575105 1175267     cutoff   44         0.02418    0.05342   121%  45.0 1985s
 5590208 1177268    0.04874   34   60    0.02418    0.05339   121%  45.0 1990s
 5604068 1179510     cutoff   44         0.02418    0.05337   121%  45.0 1995s
 5619357 1181487    0.03594   30   59    0.02418    0.05335   121%  45.0 2000s
 5634626 1183738     cutoff   38         0.02418    0.05332   121%  45.0 2005s
 5649587 1185611     cutoff   42         0.02418    0.05330   120%  45.0 2010s
 5664212 1187831     cutoff   37         0.02418    0.05328   120%  45.0 2015s
 5679438 1190059     cutoff   45         0.02418    0.05325   120%  44.9 2020s
 5693492 1192086    0.04218   37   54    0.02418    0.05323   120%  44.9 2025s
 5707428 1194431    0.05266   34   60    0.02418    0.05321   120%  44.9 2030s
 5722756 1196574    0.03260   38   58    0.02418    0.05318   120%  44.9 2035s
 5735932 1198554    0.02463   37   50    0.02418    0.05316   120%  44.9 2040s
 5750701 1200680    0.02655   38   55    0.02418    0.05314   120%  44.9 2045s
 5763936 1202352    0.03501   39   65    0.02418    0.05312   120%  44.9 2050s
 5779660 1204291    0.03223   44   55    0.02418    0.05310   120%  44.9 2055s
 5794523 1206366    0.04776   34   66    0.02418    0.05307   119%  44.9 2060s
 5809635 1208246     cutoff   35         0.02418    0.05304   119%  44.9 2065s
 5823657 1210040    0.03212   40   60    0.02418    0.05302   119%  44.9 2070s
 5839159 1212169    0.03078   44   58    0.02418    0.05300   119%  44.9 2075s
 5854229 1214195    0.03830   33   55    0.02418    0.05298   119%  44.9 2080s
 5868334 1216136    0.02832   34   53    0.02418    0.05295   119%  44.9 2085s
 5884161 1218478    0.04721   36   55    0.02418    0.05293   119%  44.9 2090s
 5898895 1220783     cutoff   43         0.02418    0.05291   119%  44.8 2095s
 5913851 1222861    0.02655   40   46    0.02418    0.05288   119%  44.8 2100s
 5927867 1224718    0.05239   37   61    0.02418    0.05286   119%  44.8 2105s
 5942441 1226623    0.03552   38   56    0.02418    0.05284   119%  44.8 2110s
 5958077 1228853    0.02479   38   48    0.02418    0.05281   118%  44.8 2115s
 5972153 1230838 infeasible   37         0.02418    0.05279   118%  44.8 2120s
 5988250 1233076    0.04337   38   58    0.02418    0.05277   118%  44.8 2125s
 6002748 1235041    0.02920   32   61    0.02418    0.05275   118%  44.8 2130s
 6018431 1237268     cutoff   40         0.02418    0.05272   118%  44.8 2135s
 6033265 1239626     cutoff   43         0.02418    0.05270   118%  44.8 2140s
 6048866 1241528 infeasible   37         0.02418    0.05268   118%  44.8 2145s
 6063931 1243491     cutoff   41         0.02418    0.05265   118%  44.8 2150s
 6078527 1245355    0.03796   36   64    0.02418    0.05263   118%  44.8 2155s
 6091402 1247169 infeasible   47         0.02418    0.05261   118%  44.8 2160s
 6107679 1249449    0.02866   32   56    0.02418    0.05259   117%  44.7 2165s
 6121472 1251340     cutoff   39         0.02418    0.05257   117%  44.7 2170s
 6132544 1253115     cutoff   40         0.02418    0.05255   117%  44.7 2175s
 6147326 1255079     cutoff   45         0.02418    0.05253   117%  44.7 2180s
 6162270 1257033    0.03006   34   52    0.02418    0.05251   117%  44.7 2185s
 6178299 1259215    0.02474   31   50    0.02418    0.05249   117%  44.7 2190s
 6193104 1260971    0.02455   42   54    0.02418    0.05247   117%  44.7 2195s
 6206571 1262523    0.02751   40   51    0.02418    0.05244   117%  44.7 2200s
 6220621 1264581     cutoff   40         0.02418    0.05242   117%  44.7 2205s
 6235669 1266622    0.04617   33   51    0.02418    0.05240   117%  44.7 2210s
 6251030 1268731     cutoff   37         0.02418    0.05238   117%  44.7 2215s
 6266377 1270697    0.04203   38   56    0.02418    0.05235   117%  44.7 2220s
 6281799 1272783    0.03053   42   50    0.02418    0.05233   116%  44.7 2225s
 6297212 1275047     cutoff   45         0.02418    0.05231   116%  44.7 2230s
 6311931 1277239    0.03914   33   58    0.02418    0.05229   116%  44.7 2235s
 6327185 1279006     cutoff   40         0.02418    0.05227   116%  44.7 2240s
 6342211 1281054    0.04625   37   61    0.02418    0.05225   116%  44.6 2245s
 6357249 1283024    0.03360   31   53    0.02418    0.05222   116%  44.6 2250s
 6372061 1284757    0.02811   38   49    0.02418    0.05220   116%  44.6 2255s
 6387004 1286825    0.03355   35   51    0.02418    0.05218   116%  44.6 2260s
 6401563 1288634    0.04328   34   40    0.02418    0.05216   116%  44.6 2265s
 6415793 1290600    0.02575   43   60    0.02418    0.05214   116%  44.6 2270s
 6429665 1292618    0.02982   42   67    0.02418    0.05212   116%  44.6 2275s
 6445252 1294520     cutoff   38         0.02418    0.05210   115%  44.6 2280s
 6460490 1296734    0.02679   53   52    0.02418    0.05208   115%  44.6 2285s
 6475469 1298819    0.02538   49   53    0.02418    0.05206   115%  44.6 2290s
 6490911 1300841    0.02650   38   59    0.02418    0.05204   115%  44.6 2295s
 6505763 1303011    0.02578   40   53    0.02418    0.05202   115%  44.6 2300s
 6520204 1305300    0.02465   37   46    0.02418    0.05200   115%  44.6 2305s
 6535391 1307261    0.03739   35   54    0.02418    0.05198   115%  44.6 2310s
 6550449 1309198     cutoff   36         0.02418    0.05196   115%  44.5 2315s
 6565310 1310920     cutoff   36         0.02418    0.05194   115%  44.5 2320s
 6579181 1312647    0.02914   41   54    0.02418    0.05192   115%  44.5 2325s
 6594612 1314721    0.03235   36   54    0.02418    0.05190   115%  44.5 2330s
 6608826 1316497    0.02727   40   45    0.02418    0.05188   115%  44.5 2335s
 6622043 1318562     cutoff   41         0.02418    0.05186   114%  44.5 2340s
 6636025 1320393    0.03559   41   60    0.02418    0.05184   114%  44.5 2345s
 6650607 1322302    0.05124   33   65    0.02418    0.05182   114%  44.5 2350s
 6664322 1324060     cutoff   40         0.02418    0.05180   114%  44.5 2355s
 6675120 1325446    0.02422   40   67    0.02418    0.05179   114%  44.5 2360s
 6688042 1326942    0.04798   36   59    0.02418    0.05177   114%  44.5 2365s
 6701652 1328690     cutoff   35         0.02418    0.05175   114%  44.5 2370s
 6715890 1330787    0.04062   35   48    0.02418    0.05173   114%  44.5 2375s
 6729751 1332564     cutoff   38         0.02418    0.05171   114%  44.5 2380s
 6743013 1334194    0.02923   37   52    0.02418    0.05169   114%  44.5 2385s
 6757669 1336107    0.03052   41   44    0.02418    0.05168   114%  44.5 2390s
 6772479 1337969    0.03284   30   52    0.02418    0.05166   114%  44.5 2395s
 6787318 1339933     cutoff   35         0.02418    0.05164   114%  44.4 2400s
 6801519 1341801     cutoff   39         0.02418    0.05162   113%  44.4 2405s
 6816896 1343890     cutoff   47         0.02418    0.05160   113%  44.4 2410s
 6829303 1345551    0.03138   40   54    0.02418    0.05158   113%  44.4 2415s
 6843980 1347328    0.03742   40   53    0.02418    0.05156   113%  44.4 2420s
 6857996 1349320     cutoff   38         0.02418    0.05154   113%  44.4 2425s
 6870390 1350916    0.03953   28   59    0.02418    0.05153   113%  44.4 2430s
 6884957 1352913    0.03336   39   66    0.02418    0.05151   113%  44.4 2435s
 6898971 1354849     cutoff   41         0.02418    0.05149   113%  44.4 2440s
 6913197 1356644     cutoff   42         0.02418    0.05147   113%  44.4 2445s
 6926415 1358247    0.04946   32   46    0.02418    0.05145   113%  44.4 2450s
 6941826 1360524    0.03201   40   61    0.02418    0.05143   113%  44.4 2455s
 6957038 1362519     cutoff   37         0.02418    0.05141   113%  44.4 2460s
 6971652 1364455     cutoff   38         0.02418    0.05139   113%  44.4 2465s
 6984694 1366445     cutoff   38         0.02418    0.05138   112%  44.4 2470s
 7000444 1368597     cutoff   36         0.02418    0.05135   112%  44.4 2475s
 7014816 1370293    0.03411   33   57    0.02418    0.05134   112%  44.4 2480s
 7029169 1371866    0.04115   40   53    0.02418    0.05132   112%  44.3 2485s
 7041209 1373384     cutoff   44         0.02418    0.05130   112%  44.3 2490s
 7056937 1375421    0.02547   43   52    0.02418    0.05128   112%  44.3 2495s
 7072102 1377222     cutoff   42         0.02418    0.05126   112%  44.3 2500s
 7088378 1379337    0.03707   35   55    0.02418    0.05124   112%  44.3 2505s
 7102258 1381272    0.04031   43   59    0.02418    0.05122   112%  44.3 2510s
 7117296 1383144     cutoff   42         0.02418    0.05120   112%  44.3 2515s
 7133118 1385024    0.03195   39   65    0.02418    0.05118   112%  44.3 2520s
 7147617 1387122     cutoff   39         0.02418    0.05116   112%  44.3 2525s
 7161130 1388901    0.04357   35   57    0.02418    0.05114   112%  44.3 2530s
 7176562 1390806    0.03059   38   49    0.02418    0.05112   111%  44.3 2535s
 7191840 1392753    0.03514   30   63    0.02418    0.05110   111%  44.3 2540s
 7207309 1394372    0.02845   39   47    0.02418    0.05108   111%  44.3 2545s
 7218410 1395894     cutoff   35         0.02418    0.05106   111%  44.3 2550s
 7232079 1397388    0.02528   36   57    0.02418    0.05104   111%  44.3 2555s
 7247104 1399236     cutoff   39         0.02418    0.05102   111%  44.3 2560s
 7262704 1401288     cutoff   45         0.02418    0.05100   111%  44.3 2565s
 7277750 1403079    0.04392   33   55    0.02418    0.05098   111%  44.3 2570s
 7292204 1404911    0.04079   40   57    0.02418    0.05096   111%  44.3 2575s
 7308350 1406892     cutoff   43         0.02418    0.05094   111%  44.2 2580s
 7324238 1408988    0.04343   35   55    0.02418    0.05092   111%  44.2 2585s
 7338842 1410769    0.02457   35   52    0.02418    0.05090   111%  44.2 2590s
 7354497 1412666    0.03630   32   56    0.02418    0.05088   110%  44.2 2595s
 7369856 1414724     cutoff   33         0.02418    0.05086   110%  44.2 2600s
 7384407 1416353     cutoff   39         0.02418    0.05084   110%  44.2 2605s
 7399090 1418070     cutoff   32         0.02418    0.05083   110%  44.2 2610s
 7412398 1419769     cutoff   46         0.02418    0.05081   110%  44.2 2615s
 7427969 1421964    0.03371   34   56    0.02418    0.05079   110%  44.2 2620s
 7442118 1423805    0.03104   35   51    0.02418    0.05077   110%  44.2 2625s
 7458106 1425887    0.02935   35   53    0.02418    0.05075   110%  44.2 2630s
 7472733 1427729    0.04789   36   62    0.02418    0.05073   110%  44.2 2635s
 7488199 1429328     cutoff   41         0.02418    0.05071   110%  44.2 2640s
 7503514 1431305    0.02505   41   55    0.02418    0.05069   110%  44.2 2645s
 7516739 1433227    0.02472   33   54    0.02418    0.05067   110%  44.2 2650s
 7532010 1435574     cutoff   40         0.02418    0.05066   109%  44.2 2655s
 7547069 1437477    0.04981   38   61    0.02418    0.05064   109%  44.2 2660s
 7562847 1439619     cutoff   49         0.02418    0.05062   109%  44.2 2665s
 7576482 1441264     cutoff   42         0.02418    0.05060   109%  44.2 2670s
 7591669 1443186    0.04517   37   62    0.02418    0.05058   109%  44.2 2675s
 7605627 1444933     cutoff   33         0.02418    0.05056   109%  44.2 2680s
 7620717 1446901    0.04136   31   63    0.02418    0.05054   109%  44.1 2685s
 7632046 1448648    0.02522   45   55    0.02418    0.05053   109%  44.1 2690s
 7649719 1450412    0.04300   36   49    0.02418    0.05051   109%  44.1 2695s
 7664457 1452132     cutoff   32         0.02418    0.05049   109%  44.1 2700s
 7680187 1454182    0.02586   39   48    0.02418    0.05047   109%  44.1 2705s
 7693829 1455740    0.03947   35   54    0.02418    0.05045   109%  44.1 2710s
 7709080 1458059    0.03202   38   60    0.02418    0.05043   109%  44.1 2715s
 7724133 1460072    0.02858   38   55    0.02418    0.05041   108%  44.1 2720s
 7739827 1461795    0.02937   35   58    0.02418    0.05039   108%  44.1 2725s
 7755187 1463542    0.03472   29   54    0.02418    0.05037   108%  44.1 2730s
 7770451 1465493     cutoff   39         0.02418    0.05035   108%  44.1 2735s
 7785811 1467225    0.03133   34   54    0.02418    0.05033   108%  44.1 2740s
 7800455 1469568    0.02807   34   48    0.02418    0.05032   108%  44.1 2745s
 7815213 1471332    0.04992   36   53    0.02418    0.05030   108%  44.1 2750s
 7830563 1473098    0.03255   38   58    0.02418    0.05028   108%  44.1 2755s
 7844872 1474881    0.03582   33   55    0.02418    0.05026   108%  44.1 2760s
 7859204 1476664    0.02705   38   51    0.02418    0.05024   108%  44.1 2765s
 7874774 1478673    0.02867   37   61    0.02418    0.05022   108%  44.1 2770s
 7890560 1480600    0.02450   37   58    0.02418    0.05020   108%  44.0 2775s
 7906268 1482438    0.04517   38   62    0.02418    0.05018   108%  44.0 2780s
 7919959 1484107    0.02424   40   53    0.02418    0.05017   107%  44.0 2785s
 7935161 1485808    0.02927   39   55    0.02418    0.05015   107%  44.0 2790s
 7950543 1487544    0.02948   39   41    0.02418    0.05013   107%  44.0 2795s
 7966014 1489564    0.03662   31   74    0.02418    0.05011   107%  44.0 2800s
 7980276 1491406    0.03708   35   57    0.02418    0.05009   107%  44.0 2805s
 7995567 1493278    0.03172   35   52    0.02418    0.05008   107%  44.0 2810s
 8010939 1495663    0.02531   41   61    0.02418    0.05006   107%  44.0 2815s
 8026924 1497414    0.02453   44   56    0.02418    0.05004   107%  44.0 2820s
 8041488 1499127    0.02896   38   61    0.02418    0.05002   107%  44.0 2825s
 8056717 1501275     cutoff   39         0.02418    0.05001   107%  44.0 2830s
 8070699 1503027     cutoff   39         0.02418    0.04999   107%  44.0 2835s
 8084668 1504496     cutoff   37         0.02418    0.04997   107%  44.0 2840s
 8100077 1506037     cutoff   41         0.02418    0.04995   107%  44.0 2845s
 8114549 1507981    0.03475   37   53    0.02418    0.04994   107%  44.0 2850s
 8129462 1509985    0.03188   37   60    0.02418    0.04992   106%  44.0 2855s
 8143554 1511758    0.03459   35   49    0.02418    0.04990   106%  44.0 2860s
 8159121 1513711    0.04209   40   65    0.02418    0.04989   106%  44.0 2865s
 8174544 1515441    0.02452   43   44    0.02418    0.04987   106%  44.0 2870s
 8191005 1517366    0.02652   40   54    0.02418    0.04985   106%  44.0 2875s
 8202507 1518814    0.02430   38   61    0.02418    0.04983   106%  43.9 2880s
 8217584 1520662    0.03462   40   56    0.02418    0.04982   106%  43.9 2885s
 8232723 1522394    0.03987   35   58    0.02418    0.04980   106%  43.9 2890s
 8248421 1524620     cutoff   36         0.02418    0.04978   106%  43.9 2895s
 8263524 1526416    0.04047   35   56    0.02418    0.04976   106%  43.9 2900s
 8278049 1528186    0.02631   35   50    0.02418    0.04974   106%  43.9 2905s
 8292947 1529988    0.02917   35   50    0.02418    0.04973   106%  43.9 2910s
 8308628 1531746    0.04255   36   68    0.02418    0.04971   106%  43.9 2915s
 8323800 1533465     cutoff   42         0.02418    0.04969   106%  43.9 2920s
 8339534 1535181     cutoff   36         0.02418    0.04967   105%  43.9 2925s
 8354249 1536833     cutoff   42         0.02418    0.04966   105%  43.9 2930s
 8369474 1538807    0.02709   40   45    0.02418    0.04964   105%  43.9 2935s
 8383265 1540603    0.03979   40   58    0.02418    0.04962   105%  43.9 2940s
 8397889 1542398    0.04221   37   72    0.02418    0.04961   105%  43.9 2945s
 8413580 1543954    0.04477   29   55    0.02418    0.04959   105%  43.9 2950s
 8428845 1546120    0.02879   36   57    0.02418    0.04957   105%  43.9 2955s
 8443226 1547908     cutoff   38         0.02418    0.04956   105%  43.9 2960s
 8458272 1549554    0.04246   31   71    0.02418    0.04954   105%  43.9 2965s
 8473591 1551420    0.02846   39   77    0.02418    0.04952   105%  43.9 2970s
 8488298 1553312    0.03326   47   41    0.02418    0.04951   105%  43.8 2975s
 8500420 1554850     cutoff   48         0.02418    0.04949   105%  43.8 2980s
 8516024 1556677     cutoff   47         0.02418    0.04948   105%  43.8 2985s
 8531382 1558548    0.02462   41   62    0.02418    0.04946   105%  43.8 2990s
 8546641 1560253     cutoff   40         0.02418    0.04944   104%  43.8 2995s
 8562337 1562060    0.03339   35   56    0.02418    0.04942   104%  43.8 3000s
 8578165 1563632     cutoff   42         0.02418    0.04941   104%  43.8 3005s
 8593261 1565320    0.03151   38   58    0.02418    0.04939   104%  43.8 3010s
 8608206 1567188    0.03765   35   65    0.02418    0.04937   104%  43.8 3015s
 8623178 1569453    0.04887   40   62    0.02418    0.04936   104%  43.8 3020s
 8638351 1571200     cutoff   47         0.02418    0.04934   104%  43.8 3025s
 8652494 1573011    0.04643   29   69    0.02418    0.04933   104%  43.8 3030s
 8667422 1574849     cutoff   42         0.02418    0.04931   104%  43.8 3035s
 8682407 1577189     cutoff   36         0.02418    0.04930   104%  43.8 3040s
 8696474 1579000    0.02861   40   54    0.02418    0.04928   104%  43.8 3045s
 8710485 1580637    0.02903   46   56    0.02418    0.04927   104%  43.8 3050s
 8724360 1582486     cutoff   36         0.02418    0.04925   104%  43.8 3055s
 8738211 1584340    0.02764   37   51    0.02418    0.04924   104%  43.8 3060s
 8752567 1586292     cutoff   42         0.02418    0.04922   104%  43.8 3065s
 8765223 1587623    0.03252   37   57    0.02418    0.04921   104%  43.8 3070s
 8779696 1589293     cutoff   40         0.02418    0.04919   103%  43.8 3075s
 8793929 1590907    0.03740   33   47    0.02418    0.04918   103%  43.8 3080s
 8807815 1592778    0.03014   46   66    0.02418    0.04916   103%  43.7 3085s
 8822413 1594674    0.02596   59   12    0.02418    0.04915   103%  43.7 3090s
 8835734 1596241    0.02430   39   61    0.02418    0.04913   103%  43.7 3095s
 8849826 1597772    0.03782   42   69    0.02418    0.04912   103%  43.7 3100s
 8863617 1599185    0.02652   33   45    0.02418    0.04910   103%  43.7 3105s
 8877197 1600798     cutoff   37         0.02418    0.04909   103%  43.7 3110s
 8891226 1602589    0.04276   39   52    0.02418    0.04907   103%  43.7 3115s
 8905213 1604105     cutoff   33         0.02418    0.04906   103%  43.7 3120s
 8919158 1605441    0.02642   44   51    0.02418    0.04904   103%  43.7 3125s
 8936071 1607596    0.03127   62   45    0.02418    0.04903   103%  43.7 3130s
 8949977 1609202    0.02578   34   56    0.02418    0.04901   103%  43.7 3135s
 8964492 1610946    0.02917   31   67    0.02418    0.04900   103%  43.7 3140s
 8979697 1612722     cutoff   31         0.02418    0.04898   103%  43.7 3145s
 8995456 1614564    0.04608   35   56    0.02418    0.04896   102%  43.7 3150s
 9007652 1615839    0.02906   32   59    0.02418    0.04894   102%  43.7 3155s
 9023055 1617523     cutoff   39         0.02418    0.04893   102%  43.7 3160s
H9038424 1619333                       0.0241808    0.04891   102%  43.7 3164s
 9038696 1619383     cutoff   38         0.02418    0.04891   102%  43.7 3165s
 9053949 1621290    0.04569   31   52    0.02418    0.04889   102%  43.7 3170s
 9068131 1623062    0.02800   39   65    0.02418    0.04888   102%  43.7 3175s
 9083465 1624857    0.03831   33   59    0.02418    0.04886   102%  43.7 3180s
 9099416 1626826     cutoff   41         0.02418    0.04884   102%  43.7 3185s
 9114442 1628488     cutoff   35         0.02418    0.04883   102%  43.7 3190s
 9129717 1630421    0.04131   37   69    0.02418    0.04881   102%  43.6 3195s
 9144938 1632376    0.03413   36   58    0.02418    0.04880   102%  43.6 3200s
 9160760 1634284    0.02898   41   40    0.02418    0.04878   102%  43.6 3205s
 9176097 1636072    0.02584   37   61    0.02418    0.04876   102%  43.6 3210s
 9191075 1637744    0.02563   41   57    0.02418    0.04875   102%  43.6 3215s
 9206007 1639733    0.02428   43   53    0.02418    0.04873   102%  43.6 3220s
 9220954 1641410    0.03834   37   64    0.02418    0.04871   101%  43.6 3225s
 9236489 1643299     cutoff   33         0.02418    0.04870   101%  43.6 3230s
 9252878 1645025    0.03007   41   46    0.02418    0.04868   101%  43.6 3235s
 9266546 1646615     cutoff   35         0.02418    0.04866   101%  43.6 3240s
 9281716 1648211    0.02760   34   47    0.02418    0.04865   101%  43.6 3245s
 9297877 1650092     cutoff   43         0.02418    0.04863   101%  43.6 3250s
 9313264 1651894     cutoff   42         0.02418    0.04862   101%  43.6 3255s
 9326104 1653594     cutoff   38         0.02418    0.04860   101%  43.6 3260s
 9342290 1655560     cutoff   43         0.02418    0.04859   101%  43.6 3265s
 9357529 1657333    0.02799   40   52    0.02418    0.04857   101%  43.6 3270s
 9373071 1659099     cutoff   39         0.02418    0.04856   101%  43.6 3275s
 9386811 1660669    0.03130   39   61    0.02418    0.04854   101%  43.6 3280s
 9402300 1662499     cutoff   41         0.02418    0.04853   101%  43.6 3285s
 9417594 1664427     cutoff   45         0.02418    0.04851   101%  43.5 3290s
 9432507 1666653     cutoff   39         0.02418    0.04850   101%  43.5 3295s
 9447774 1668427    0.03176   33   59    0.02418    0.04848   100%  43.5 3300s
 9463302 1669965     cutoff   41         0.02418    0.04846   100%  43.5 3305s
 9478979 1671762     cutoff   44         0.02418    0.04845   100%  43.5 3310s
 9492680 1673596     cutoff   34         0.02418    0.04843   100%  43.5 3315s
 9509235 1675452    0.03891   41   52    0.02418    0.04842   100%  43.5 3320s
 9525082 1677212    0.02700   34   56    0.02418    0.04840   100%  43.5 3325s
 9537302 1678742    0.03363   37   56    0.02418    0.04839   100%  43.5 3330s
 9551273 1680404    0.02996   44   55    0.02418    0.04838   100%  43.5 3335s
 9566237 1682097     cutoff   37         0.02418    0.04836   100%  43.5 3340s
 9581523 1683827     cutoff   41         0.02418    0.04834   100%  43.5 3345s
 9597949 1685734    0.02986   36   49    0.02418    0.04833   100%  43.5 3350s
 9612624 1687564    0.02568   36   62    0.02418    0.04831   100%  43.5 3355s
 9628855 1689425     cutoff   39         0.02418    0.04830   100%  43.5 3360s
 9644259 1691230    0.04823   38   62    0.02418    0.04828   100%  43.5 3365s
 9659506 1693106    0.02602   42   56    0.02418    0.04827   100%  43.5 3370s
 9674192 1694798     cutoff   38         0.02418    0.04825   100%  43.5 3375s
 9689862 1696604    0.04273   37   62    0.02418    0.04824  99.5%  43.5 3380s
 9705838 1698491    0.03227   38   71    0.02418    0.04822  99.4%  43.5 3385s
 9718856 1700056     cutoff   33         0.02418    0.04821  99.4%  43.5 3390s
 9734858 1701862    0.02669   44   39    0.02418    0.04819  99.3%  43.4 3395s
 9748745 1703588    0.04516   32   70    0.02418    0.04818  99.2%  43.4 3400s
 9763538 1705387     cutoff   36         0.02418    0.04816  99.2%  43.4 3405s
 9778652 1707015    0.02891   39   53    0.02418    0.04815  99.1%  43.4 3410s
 9794019 1708653     cutoff   39         0.02418    0.04813  99.1%  43.4 3415s
 9809556 1710538    0.04519   31   63    0.02418    0.04812  99.0%  43.4 3420s
 9824587 1712409     cutoff   40         0.02418    0.04810  98.9%  43.4 3425s
 9840847 1714206    0.02550   38   54    0.02418    0.04809  98.9%  43.4 3430s
 9856491 1715960    0.04512   35   58    0.02418    0.04807  98.8%  43.4 3435s
 9871428 1717913    0.02919   47   41    0.02418    0.04806  98.8%  43.4 3440s
 9887238 1720014     cutoff   46         0.02418    0.04805  98.7%  43.4 3445s
 9902954 1722009    0.02584   38   47    0.02418    0.04803  98.6%  43.4 3450s
 9917079 1723670     cutoff   40         0.02418    0.04802  98.6%  43.4 3455s
 9932166 1725429     cutoff   40         0.02418    0.04800  98.5%  43.4 3460s
 9947855 1727227    0.03280   36   51    0.02418    0.04799  98.5%  43.4 3465s
 9962211 1728759     cutoff   34         0.02418    0.04798  98.4%  43.4 3470s
 9976373 1730516     cutoff   41         0.02418    0.04796  98.4%  43.4 3475s
 9992179 1732272    0.03288   43   52    0.02418    0.04795  98.3%  43.4 3480s
 10007788 1734117     cutoff   48         0.02418    0.04793  98.2%  43.4 3485s
 10020467 1735805     cutoff   37         0.02418    0.04792  98.2%  43.4 3490s
 10035926 1737480    0.02647   41   55    0.02418    0.04791  98.1%  43.3 3495s
 10051305 1739051    0.03628   39   63    0.02418    0.04790  98.1%  43.3 3500s
 10067692 1741153    0.02480   35   46    0.02418    0.04788  98.0%  43.3 3505s
 10082596 1742837     cutoff   38         0.02418    0.04787  98.0%  43.3 3510s
 10095823 1744528    0.03283   33   56    0.02418    0.04785  97.9%  43.3 3515s
 10111485 1746338    0.03523   32   54    0.02418    0.04784  97.8%  43.3 3520s
 10126988 1748228     cutoff   40         0.02418    0.04783  97.8%  43.3 3525s
 10142598 1750089     cutoff   43         0.02418    0.04781  97.7%  43.3 3530s
 10157915 1751925     cutoff   38         0.02418    0.04780  97.7%  43.3 3535s
 10173699 1753696     cutoff   42         0.02418    0.04778  97.6%  43.3 3540s
 10188976 1755467     cutoff   45         0.02418    0.04777  97.5%  43.3 3545s
 10204375 1757394    0.03260   45   57    0.02418    0.04775  97.5%  43.3 3550s
 10219214 1759157    0.03239   42   58    0.02418    0.04774  97.4%  43.3 3555s
 10234618 1760874    0.03469   35   63    0.02418    0.04772  97.4%  43.3 3560s
 10250116 1762751    0.03637   38   62    0.02418    0.04771  97.3%  43.3 3565s
 10265964 1764890    0.03472   40   48    0.02418    0.04770  97.2%  43.3 3570s
 10280992 1766523     cutoff   44         0.02418    0.04768  97.2%  43.3 3575s
 10296386 1768192    0.03063   34   61    0.02418    0.04767  97.1%  43.3 3580s
 10312764 1770020    0.02899   35   48    0.02418    0.04765  97.1%  43.3 3585s
 10326172 1771649    0.03939   37   57    0.02418    0.04764  97.0%  43.3 3590s
 10341122 1773326    0.03551   39   61    0.02418    0.04763  97.0%  43.3 3595s
 10356761 1775010    0.03928   35   59    0.02418    0.04761  96.9%  43.2 3600s
 10372105 1776588    0.03337   44   57    0.02418    0.04760  96.8%  43.2 3605s
 10387452 1778145 infeasible   38         0.02418    0.04758  96.8%  43.2 3610s
 10403230 1779732    0.03206   37   56    0.02418    0.04757  96.7%  43.2 3615s
 10419062 1781417     cutoff   38         0.02418    0.04755  96.7%  43.2 3620s
 10435197 1783381     cutoff   49         0.02418    0.04754  96.6%  43.2 3625s
 10450766 1785038    0.04333   33   55    0.02418    0.04752  96.5%  43.2 3630s
 10464709 1786497    0.04283   33   72    0.02418    0.04751  96.5%  43.2 3635s
 10480170 1788190    0.02935   35   52    0.02418    0.04750  96.4%  43.2 3640s
 10496433 1789993    0.04439   38   59    0.02418    0.04748  96.4%  43.2 3645s
 10511764 1791535 infeasible   36         0.02418    0.04747  96.3%  43.2 3650s
 10526443 1793128    0.03016   48   56    0.02418    0.04745  96.2%  43.2 3655s
 10540134 1794988    0.02886   37   61    0.02418    0.04744  96.2%  43.2 3660s
 10554857 1796586     cutoff   44         0.02418    0.04743  96.1%  43.2 3665s
 10570477 1798354    0.03503   32   59    0.02418    0.04741  96.1%  43.2 3670s
 10584656 1799904     cutoff   40         0.02418    0.04740  96.0%  43.2 3675s
 10600971 1801725     cutoff   47         0.02418    0.04739  96.0%  43.2 3680s
 10616234 1803370    0.02478   35   55    0.02418    0.04737  95.9%  43.2 3685s
 10630859 1805099     cutoff   39         0.02418    0.04736  95.9%  43.2 3690s
 10646551 1807257     cutoff   44         0.02418    0.04735  95.8%  43.2 3695s
 10662400 1808830     cutoff   36         0.02418    0.04733  95.7%  43.2 3700s
 10672959 1810661    0.02495   34   54    0.02418    0.04732  95.7%  43.2 3705s
 10690093 1812238    0.02675   42   53    0.02418    0.04731  95.7%  43.1 3710s
 10704007 1813831    0.03280   34   60    0.02418    0.04730  95.6%  43.1 3715s
 10711783 1814849     cutoff   41         0.02418    0.04729  95.6%  43.1 3720s
 10726633 1816467    0.02715   39   36    0.02418    0.04728  95.5%  43.1 3725s
 10741538 1818386     cutoff   40         0.02418    0.04726  95.5%  43.1 3730s
 10755615 1819960     cutoff   34         0.02418    0.04725  95.4%  43.1 3735s
 10769619 1821432     cutoff   44         0.02418    0.04724  95.4%  43.1 3740s
 10783863 1822975    0.02764   37   52    0.02418    0.04722  95.3%  43.1 3745s
 10797283 1824613    0.02753   31   58    0.02418    0.04721  95.3%  43.1 3750s
 10811467 1826440     cutoff   36         0.02418    0.04720  95.2%  43.1 3755s
 10826162 1827817     cutoff   40         0.02418    0.04719  95.2%  43.1 3760s
 10839709 1829278    0.02997   38   61    0.02418    0.04718  95.1%  43.1 3765s
 10852936 1830845    0.03088   35   62    0.02418    0.04717  95.1%  43.1 3770s
 10867406 1832791     cutoff   38         0.02418    0.04715  95.0%  43.1 3775s
 10881873 1834387    0.03182   41   62    0.02418    0.04714  95.0%  43.1 3780s
 10895671 1836145    0.02664   36   65    0.02418    0.04713  94.9%  43.1 3785s
 10910457 1837536     cutoff   44         0.02418    0.04712  94.9%  43.1 3790s
 10924116 1839009     cutoff   41         0.02418    0.04711  94.8%  43.1 3795s
 10937794 1840640    0.02725   32   60    0.02418    0.04709  94.8%  43.1 3800s
 10952185 1842338    0.03694   41   59    0.02418    0.04708  94.7%  43.1 3805s
 10967554 1844024    0.04303   42   68    0.02418    0.04707  94.7%  43.1 3810s
 10981788 1845510     cutoff   39         0.02418    0.04706  94.6%  43.1 3815s
 10992876 1846707     cutoff   41         0.02418    0.04705  94.6%  43.1 3820s
 11007492 1848201    0.03266   43   59    0.02418    0.04704  94.5%  43.1 3825s
 11022590 1850091    0.03117   38   49    0.02418    0.04702  94.5%  43.1 3830s
 11037142 1851876    0.03607   36   63    0.02418    0.04701  94.4%  43.0 3835s
 11052345 1853779     cutoff   43         0.02418    0.04700  94.4%  43.0 3840s
 11065473 1855227    0.03221   45   57    0.02418    0.04699  94.3%  43.0 3845s
 11080168 1857073    0.02523   42   53    0.02418    0.04697  94.3%  43.0 3850s
 11094727 1858782     cutoff   40         0.02418    0.04696  94.2%  43.0 3855s
 11108248 1860328 infeasible   38         0.02418    0.04695  94.2%  43.0 3860s
 11122263 1861827    0.02507   38   54    0.02418    0.04694  94.1%  43.0 3865s
 11136322 1863579    0.02752   39   56    0.02418    0.04693  94.1%  43.0 3870s
 11150576 1865282    0.03022   48   62    0.02418    0.04692  94.0%  43.0 3875s
 11164152 1866675     cutoff   41         0.02418    0.04691  94.0%  43.0 3880s
 11178491 1868151    0.04045   39   58    0.02418    0.04689  93.9%  43.0 3885s
 11193605 1869742    0.02721   42   50    0.02418    0.04688  93.9%  43.0 3890s
 11209028 1871536     cutoff   35         0.02418    0.04687  93.8%  43.0 3895s
 11223348 1873009    0.04009   34   59    0.02418    0.04686  93.8%  43.0 3900s
 11237883 1874596     cutoff   42         0.02418    0.04684  93.7%  43.0 3905s
 11252862 1876353     cutoff   61         0.02418    0.04683  93.7%  43.0 3910s
 11268542 1878150    0.03924   38   53    0.02418    0.04682  93.6%  43.0 3915s
 11283430 1879741    0.03905   36   55    0.02418    0.04680  93.6%  43.0 3920s
 11299287 1881954    0.03586   37   57    0.02418    0.04679  93.5%  43.0 3925s
 11314226 1883511    0.02760   39   54    0.02418    0.04678  93.5%  43.0 3930s
 11329206 1885197     cutoff   40         0.02418    0.04677  93.4%  43.0 3935s
 11345135 1887232     cutoff   39         0.02418    0.04676  93.4%  43.0 3940s
 11360308 1889132    0.03804   33   50    0.02418    0.04674  93.3%  43.0 3945s
 11375083 1890824     cutoff   38         0.02418    0.04673  93.3%  42.9 3950s
 11390523 1892612    0.04282   38   64    0.02418    0.04672  93.2%  42.9 3955s
 11406574 1894786    0.03133   33   28    0.02418    0.04670  93.1%  42.9 3960s
 11420605 1896200    0.03181   35   57    0.02418    0.04669  93.1%  42.9 3965s
 11436141 1897882     cutoff   40         0.02418    0.04668  93.0%  42.9 3970s
 11451490 1899718    0.04221   37   75    0.02418    0.04667  93.0%  42.9 3975s
 11467155 1901486    0.03426   38   60    0.02418    0.04666  92.9%  42.9 3980s
 11480375 1902793    0.02462   58   39    0.02418    0.04664  92.9%  42.9 3985s
 11493753 1904108     cutoff   44         0.02418    0.04663  92.8%  42.9 3990s
 11509923 1905648 infeasible   45         0.02418    0.04662  92.8%  42.9 3995s
 11525436 1907328    0.03109   35   62    0.02418    0.04661  92.7%  42.9 4000s
 11538758 1909038     cutoff   35         0.02418    0.04659  92.7%  42.9 4005s
 11554374 1911134    0.03774   40   63    0.02418    0.04658  92.6%  42.9 4010s
 11569218 1912781    0.02518   30   48    0.02418    0.04657  92.6%  42.9 4015s
 11584818 1914608     cutoff   46         0.02418    0.04656  92.5%  42.9 4020s
 11601236 1916751    0.02639   45   57    0.02418    0.04654  92.5%  42.9 4025s
 11617607 1918700    0.03225   35   54    0.02418    0.04653  92.4%  42.9 4030s
 11632578 1920325    0.02447   41   55    0.02418    0.04652  92.4%  42.9 4035s
 11648260 1922399     cutoff   51         0.02418    0.04651  92.3%  42.9 4040s
 11664168 1924361    0.03588   35   54    0.02418    0.04649  92.3%  42.9 4045s
 11679653 1926087    0.02428   42   49    0.02418    0.04648  92.2%  42.9 4050s
 11691183 1927834    0.02960   59   33    0.02418    0.04647  92.2%  42.9 4055s
 11707335 1929826     cutoff   40         0.02418    0.04646  92.1%  42.8 4060s
 11723886 1931673 infeasible   36         0.02418    0.04645  92.1%  42.8 4065s
 11738730 1933315    0.03360   43   54    0.02418    0.04644  92.0%  42.8 4070s
 11754364 1935302    0.02779   38   49    0.02418    0.04642  92.0%  42.8 4075s
 11769895 1937080     cutoff   45         0.02418    0.04641  91.9%  42.8 4080s
 11786058 1938984    0.02495   40   56    0.02418    0.04640  91.9%  42.8 4085s
 11801308 1940661    0.02667   41   50    0.02418    0.04639  91.8%  42.8 4090s
 11817373 1942339    0.02425   41   49    0.02418    0.04637  91.8%  42.8 4095s
 11833588 1944338    0.03270   36   49    0.02418    0.04636  91.7%  42.8 4100s
 11849723 1946174    0.04179   35   51    0.02418    0.04635  91.7%  42.8 4105s
 11865556 1947778    0.03424   37   68    0.02418    0.04634  91.6%  42.8 4110s
 11880628 1949768     cutoff   35         0.02418    0.04632  91.6%  42.8 4115s
 11896014 1951710    0.02624   43   55    0.02418    0.04631  91.5%  42.8 4120s
 11911512 1953591     cutoff   35         0.02418    0.04630  91.5%  42.8 4125s
 11926157 1955729    0.03109   36   44    0.02418    0.04629  91.4%  42.8 4130s
 11940947 1957533     cutoff   35         0.02418    0.04628  91.4%  42.8 4135s
 11953579 1958729    0.02556   37   56    0.02418    0.04627  91.3%  42.8 4140s
 11966341 1959928    0.03921   41   59    0.02418    0.04626  91.3%  42.8 4145s
 11982475 1961854     cutoff   46         0.02418    0.04625  91.3%  42.8 4150s
 11997567 1963470    0.02852   37   58    0.02418    0.04623  91.2%  42.8 4155s
 12013683 1965465    0.02654   41   66    0.02418    0.04622  91.1%  42.8 4160s
 12029260 1967461     cutoff   43         0.02418    0.04621  91.1%  42.8 4165s
 12044041 1969098     cutoff   42         0.02418    0.04620  91.1%  42.7 4170s
 12059894 1970873    0.03213   35   68    0.02418    0.04619  91.0%  42.7 4175s
 12075807 1973027    0.03084   46   37    0.02418    0.04617  91.0%  42.7 4180s
 12090696 1974799     cutoff   39         0.02418    0.04616  90.9%  42.7 4185s
 12106723 1976544     cutoff   48         0.02418    0.04615  90.9%  42.7 4190s
 12121728 1978058     cutoff   38         0.02418    0.04614  90.8%  42.7 4195s
 12138087 1979795    0.02536   42   49    0.02418    0.04613  90.8%  42.7 4200s
 12154471 1981463     cutoff   41         0.02418    0.04612  90.7%  42.7 4205s
 12165499 1982574     cutoff   34         0.02418    0.04611  90.7%  42.7 4210s
 12179477 1984012     cutoff   40         0.02418    0.04610  90.6%  42.7 4215s
 12196085 1985794    0.04305   42   58    0.02418    0.04608  90.6%  42.7 4220s
 12211746 1987364     cutoff   43         0.02418    0.04607  90.5%  42.7 4225s
 12227707 1989338     cutoff   34         0.02418    0.04606  90.5%  42.7 4230s
 12243237 1990976     cutoff   41         0.02418    0.04605  90.4%  42.7 4235s
 12258847 1992738    0.02601   41   56    0.02418    0.04604  90.4%  42.7 4240s
 12273989 1994432     cutoff   36         0.02418    0.04602  90.3%  42.7 4245s
 12289623 1996323    0.03028   38   55    0.02418    0.04601  90.3%  42.7 4250s
 12304951 1998222    0.04168   33   52    0.02418    0.04600  90.2%  42.7 4255s
 12320164 2000378    0.03342   34   51    0.02418    0.04599  90.2%  42.7 4260s
 12336443 2002174    0.03783   37   68    0.02418    0.04598  90.2%  42.7 4265s
 12350650 2003714    0.03739   44   51    0.02418    0.04597  90.1%  42.7 4270s
 12366804 2005648     cutoff   36         0.02418    0.04596  90.1%  42.7 4275s
 12382362 2007705     cutoff   33         0.02418    0.04595  90.0%  42.7 4280s
 12396093 2009332     cutoff   39         0.02418    0.04594  90.0%  42.6 4285s
 12411651 2010997     cutoff   34         0.02418    0.04593  89.9%  42.6 4290s
 12427637 2012713    0.03344   39   55    0.02418    0.04591  89.9%  42.6 4295s
 12443874 2014618     cutoff   38         0.02418    0.04590  89.8%  42.6 4300s
 12457533 2016106    0.02590   43   55    0.02418    0.04589  89.8%  42.6 4305s
 12473551 2017914    0.02481   44   36    0.02418    0.04588  89.7%  42.6 4310s
 12488687 2019791     cutoff   44         0.02418    0.04587  89.7%  42.6 4315s
 12504486 2021284     cutoff   40         0.02418    0.04586  89.7%  42.6 4320s
 12516168 2022479    0.02865   41   55    0.02418    0.04585  89.6%  42.6 4325s
*12527393 2009128              92       0.0243437    0.04584  88.3%  42.6 4328s
H12527559 2009107                       0.0243437    0.04584  88.3%  42.6 4328s
H12527964 2009170                       0.0243437    0.04584  88.3%  42.6 4329s
H12529146 1989829                       0.0245489    0.04584  86.7%  42.6 4329s
 12530395 1989973     cutoff   36         0.02455    0.04584  86.7%  42.6 4330s
 12544190 1991467     cutoff   41         0.02455    0.04583  86.7%  42.6 4335s
H12550459 1988371                       0.0245886    0.04583  86.4%  42.6 4337s
 12557783 1989209     cutoff   39         0.02459    0.04582  86.3%  42.6 4340s
 12573150 1991091     cutoff   35         0.02459    0.04581  86.3%  42.6 4345s
 12588264 1992615    0.02931   40   62    0.02459    0.04580  86.3%  42.6 4350s
 12603957 1994169     cutoff   36         0.02459    0.04579  86.2%  42.6 4355s
 12619397 1995873    0.03098   38   63    0.02459    0.04577  86.2%  42.6 4360s
 12631852 1997086     cutoff   40         0.02459    0.04576  86.1%  42.6 4365s
 12647253 1998803    0.02988   38   60    0.02459    0.04575  86.1%  42.6 4370s
 12662670 2000439     cutoff   39         0.02459    0.04574  86.0%  42.6 4375s
 12678731 2002226     cutoff   43         0.02459    0.04573  86.0%  42.6 4380s
 12693071 2003755    0.02888   44   57    0.02459    0.04572  85.9%  42.6 4385s
 12709846 2005324     cutoff   46         0.02459    0.04571  85.9%  42.6 4390s
 12725823 2006625    0.02567   44   52    0.02459    0.04569  85.8%  42.6 4395s
 12741683 2008044     cutoff   41         0.02459    0.04568  85.8%  42.5 4400s
 12755771 2009710    0.02905   36   64    0.02459    0.04567  85.7%  42.5 4405s
 12771504 2011397     cutoff   39         0.02459    0.04566  85.7%  42.5 4410s
 12786806 2013035     cutoff   34         0.02459    0.04565  85.7%  42.5 4415s
 12802585 2014547     cutoff   43         0.02459    0.04564  85.6%  42.5 4420s
 12812647 2015506    0.03893   40   38    0.02459    0.04563  85.6%  42.5 4425s
 12828864 2016992     cutoff   36         0.02459    0.04562  85.5%  42.5 4430s
 12844714 2018608     cutoff   36         0.02459    0.04561  85.5%  42.5 4435s
 12859990 2020234    0.02911   36   56    0.02459    0.04560  85.4%  42.5 4440s
 12876550 2021773    0.04184   40   65    0.02459    0.04558  85.4%  42.5 4445s
 12891815 2023482    0.02550   41   60    0.02459    0.04557  85.3%  42.5 4450s
 12907609 2025179    0.03615   36   63    0.02459    0.04556  85.3%  42.5 4455s
 12924363 2026838    0.04002   43   53    0.02459    0.04555  85.2%  42.5 4460s
 12939792 2028443    0.02580   39   58    0.02459    0.04554  85.2%  42.5 4465s
 12955275 2030431    0.04315   38   64    0.02459    0.04553  85.2%  42.5 4470s
 12971991 2032205     cutoff   40         0.02459    0.04551  85.1%  42.5 4475s
 12987547 2033831    0.03401   44   59    0.02459    0.04550  85.1%  42.5 4480s
 13003330 2035443     cutoff   40         0.02459    0.04549  85.0%  42.5 4485s
 13019864 2037208     cutoff   40         0.02459    0.04548  85.0%  42.5 4490s
 13035416 2038691     cutoff   45         0.02459    0.04547  84.9%  42.5 4495s
 13048929 2040214    0.02675   43   53    0.02459    0.04546  84.9%  42.5 4500s
 13065876 2042309     cutoff   44         0.02459    0.04544  84.8%  42.5 4505s
 13081415 2043868    0.03100   37   45    0.02459    0.04543  84.8%  42.5 4510s
 13097218 2045400    0.02576   36   61    0.02459    0.04542  84.7%  42.4 4515s
 13112266 2046793    0.04054   37   53    0.02459    0.04541  84.7%  42.4 4520s
H13113927 2044158                       0.0246159    0.04541  84.5%  42.4 4521s
H13113933 2044157                       0.0246159    0.04541  84.5%  42.4 4521s
 13122067 2044872     cutoff   42         0.02462    0.04540  84.4%  42.4 4525s
 13138106 2046604     cutoff   40         0.02462    0.04539  84.4%  42.4 4530s
 13154259 2048087    0.03463   36   54    0.02462    0.04538  84.3%  42.4 4535s
 13169231 2049802     cutoff   42         0.02462    0.04537  84.3%  42.4 4540s
 13184144 2051307     cutoff   39         0.02462    0.04536  84.3%  42.4 4545s
 13200006 2052764     cutoff   39         0.02462    0.04535  84.2%  42.4 4550s
 13215863 2054215 infeasible   39         0.02462    0.04534  84.2%  42.4 4555s
 13231274 2055921    0.02717   40   50    0.02462    0.04533  84.1%  42.4 4560s
 13245518 2057434     cutoff   42         0.02462    0.04531  84.1%  42.4 4565s
 13260288 2058913    0.03601   44   63    0.02462    0.04530  84.0%  42.4 4570s
 13275564 2060458     cutoff   39         0.02462    0.04529  84.0%  42.4 4575s
 13292080 2062232    0.03666   40   64    0.02462    0.04528  84.0%  42.4 4580s
 13305475 2063457    0.03830   34   48    0.02462    0.04527  83.9%  42.4 4585s
 13321379 2064897    0.04016   42   66    0.02462    0.04526  83.9%  42.4 4590s
 13336923 2066306    0.02879   42   55    0.02462    0.04525  83.8%  42.4 4595s
 13352685 2067718    0.02533   45   55    0.02462    0.04524  83.8%  42.4 4600s
 13368077 2069198     cutoff   37         0.02462    0.04523  83.7%  42.4 4605s
 13383848 2070810    0.03096   42   51    0.02462    0.04522  83.7%  42.4 4610s
 13399727 2072688     cutoff   40         0.02462    0.04521  83.6%  42.4 4615s
 13414115 2074211    0.03522   37   49    0.02462    0.04519  83.6%  42.4 4620s
 13429211 2075618    0.02777   44   59    0.02462    0.04518  83.6%  42.4 4625s
 13444824 2076949    0.02722   43   52    0.02462    0.04517  83.5%  42.4 4630s
 13460514 2078610    0.03029   34   56    0.02462    0.04516  83.5%  42.3 4635s
 13471790 2079787     cutoff   43         0.02462    0.04515  83.4%  42.3 4640s
 13485408 2080902     cutoff   44         0.02462    0.04514  83.4%  42.3 4645s
 13499917 2082716    0.03452   42   55    0.02462    0.04513  83.4%  42.3 4650s
H13508664 2082334                       0.0246275    0.04513  83.2%  42.3 4653s
H13509926 2082449                       0.0246275    0.04513  83.2%  42.3 4653s
H13510064 2080573                       0.0246471    0.04513  83.1%  42.3 4654s
H13510541 2080650                       0.0246471    0.04513  83.1%  42.3 4654s
 13511721 2080710    0.03486   42   63    0.02465    0.04513  83.1%  42.3 4655s
 13523526 2082041    0.03448   32   50    0.02465    0.04512  83.1%  42.3 4660s
 13537858 2083340     cutoff   38         0.02465    0.04511  83.0%  42.3 4665s
 13552699 2084972    0.04297   38   61    0.02465    0.04510  83.0%  42.3 4670s
 13567415 2086604    0.04508   35   84    0.02465    0.04509  82.9%  42.3 4675s
 13582393 2088218     cutoff   37         0.02465    0.04507  82.9%  42.3 4680s
 13595959 2089580    0.03325   46   46    0.02465    0.04507  82.8%  42.3 4685s
 13610288 2090880    0.03790   35   50    0.02465    0.04506  82.8%  42.3 4690s
 13625128 2092392     cutoff   37         0.02465    0.04505  82.8%  42.3 4695s
H13625706 2092431                       0.0246472    0.04505  82.8%  42.3 4695s
 13637932 2093635    0.02564   48   60    0.02465    0.04504  82.7%  42.3 4700s
 13653122 2095648    0.03038   37   52    0.02465    0.04503  82.7%  42.3 4705s
 13667330 2096815    0.02553   39   41    0.02465    0.04502  82.6%  42.3 4710s
 13681295 2098286     cutoff   38         0.02465    0.04501  82.6%  42.3 4715s
 13695894 2099746    0.03307   40   54    0.02465    0.04500  82.6%  42.3 4720s
 13710479 2101070    0.02508   36   59    0.02465    0.04499  82.5%  42.3 4725s
 13721782 2102632    0.03272   39   58    0.02465    0.04498  82.5%  42.3 4730s
 13734343 2103756     cutoff   36         0.02465    0.04497  82.5%  42.3 4735s
 13747848 2105156    0.02668   35   53    0.02465    0.04496  82.4%  42.3 4740s
 13762499 2106697    0.02613   39   54    0.02465    0.04495  82.4%  42.3 4745s
 13776699 2108149    0.02630   45   60    0.02465    0.04494  82.3%  42.3 4750s
 13791171 2109475    0.04364   41   72    0.02465    0.04493  82.3%  42.2 4755s
 13805144 2110822    0.03332   37   61    0.02465    0.04492  82.3%  42.2 4760s
 13819275 2112321    0.03223   43   64    0.02465    0.04491  82.2%  42.2 4765s
 13835431 2114302     cutoff   39         0.02465    0.04490  82.2%  42.2 4770s
 13852156 2116006    0.03587   29   57    0.02465    0.04489  82.1%  42.2 4775s
 13868397 2117785    0.03895   35   60    0.02465    0.04488  82.1%  42.2 4780s
 13884330 2119211    0.02711   33   38    0.02465    0.04487  82.0%  42.2 4785s
 13901110 2120785    0.03250   42   59    0.02465    0.04486  82.0%  42.2 4790s
 13917086 2122215     cutoff   59         0.02465    0.04485  82.0%  42.2 4795s
 13931248 2123813    0.02495   40   54    0.02465    0.04484  81.9%  42.2 4800s
 13947419 2125661     cutoff   54         0.02465    0.04483  81.9%  42.2 4805s
 13963397 2127187 infeasible   38         0.02465    0.04481  81.8%  42.2 4810s
 13978408 2128774    0.03022   40   56    0.02465    0.04480  81.8%  42.2 4815s
 13989843 2129856    0.02955   45   52    0.02465    0.04480  81.7%  42.2 4820s
 14006494 2131493     cutoff   39         0.02465    0.04478  81.7%  42.2 4825s
 14022060 2132951     cutoff   48         0.02465    0.04477  81.7%  42.2 4830s
 14036475 2134233    0.04061   41   56    0.02465    0.04476  81.6%  42.2 4835s
 14053035 2135981    0.03041   75   17    0.02465    0.04475  81.6%  42.2 4840s
 14068982 2137650     cutoff   45         0.02465    0.04474  81.5%  42.2 4845s
 14084492 2139232    0.02764   56   45    0.02465    0.04473  81.5%  42.2 4850s
 14100601 2140948     cutoff   37         0.02465    0.04472  81.4%  42.2 4855s
 14115746 2142602     cutoff   42         0.02465    0.04471  81.4%  42.2 4860s
 14132070 2144128    0.02787   35   49    0.02465    0.04470  81.4%  42.2 4865s
 14148548 2145837    0.02683   37   44    0.02465    0.04469  81.3%  42.1 4870s
 14164580 2147588     cutoff   40         0.02465    0.04468  81.3%  42.1 4875s
 14180670 2149228    0.02805   57   31    0.02465    0.04467  81.2%  42.1 4880s
 14195482 2150836     cutoff   39         0.02465    0.04466  81.2%  42.1 4885s
 14211314 2152396    0.03084   44   70    0.02465    0.04465  81.1%  42.1 4890s
 14226960 2154026     cutoff   42         0.02465    0.04464  81.1%  42.1 4895s
 14243713 2155714    0.04241   40   56    0.02465    0.04463  81.1%  42.1 4900s
 14258755 2157072    0.02528   39   72    0.02465    0.04462  81.0%  42.1 4905s
 14273089 2158417     cutoff   34         0.02465    0.04461  81.0%  42.1 4910s
 14289048 2160188    0.02837   43   59    0.02465    0.04460  80.9%  42.1 4915s
 14305191 2161587     cutoff   49         0.02465    0.04459  80.9%  42.1 4920s
 14320646 2163163    0.02805   37   55    0.02465    0.04458  80.9%  42.1 4925s
 14335768 2164699    0.02664   33   53    0.02465    0.04457  80.8%  42.1 4930s
 14351400 2166484    0.04172   39   59    0.02465    0.04456  80.8%  42.1 4935s
 14367590 2168075    0.03093   38   51    0.02465    0.04455  80.7%  42.1 4940s
 14383810 2170280 infeasible   51         0.02465    0.04454  80.7%  42.1 4945s
H14384349 2165937                       0.0246890    0.04454  80.4%  42.1 4945s
H14385561 2165992                       0.0246890    0.04454  80.4%  42.1 4946s
 14395833 2167151    0.02620   40   53    0.02469    0.04453  80.4%  42.1 4950s
 14412070 2169031     cutoff   42         0.02469    0.04452  80.3%  42.1 4955s
 14428849 2170874    0.02849   46   49    0.02469    0.04451  80.3%  42.1 4960s
 14444571 2172507    0.02836   38   31    0.02469    0.04450  80.2%  42.1 4965s
 14458695 2173889     cutoff   49         0.02469    0.04449  80.2%  42.1 4970s
 14473904 2175525    0.02989   39   55    0.02469    0.04448  80.2%  42.1 4975s
 14489181 2177144     cutoff   38         0.02469    0.04447  80.1%  42.1 4980s
 14505273 2178471    0.03834   41   59    0.02469    0.04446  80.1%  42.0 4985s
 14519984 2180243    0.03291   39   60    0.02469    0.04445  80.0%  42.0 4990s
 14535995 2182021    0.02716   30   65    0.02469    0.04444  80.0%  42.0 4995s
 14552347 2183908    0.02543   43   55    0.02469    0.04443  80.0%  42.0 5000s
 14568395 2185550    0.03306   41   55    0.02469    0.04442  79.9%  42.0 5005s
 14584401 2187060    0.04312   34   62    0.02469    0.04441  79.9%  42.0 5010s
 14598984 2188568    0.03905   33   46    0.02469    0.04440  79.8%  42.0 5015s
 14614684 2190411    0.03693   40   43    0.02469    0.04439  79.8%  42.0 5020s
 14630413 2192097    0.02843   41   70    0.02469    0.04438  79.8%  42.0 5025s
 14645298 2193962    0.03341   37   54    0.02469    0.04437  79.7%  42.0 5030s
 14660878 2195507    0.04270   38   54    0.02469    0.04436  79.7%  42.0 5035s
 14674882 2196962    0.02819   48   58    0.02469    0.04436  79.7%  42.0 5040s
 14690839 2198694     cutoff   33         0.02469    0.04434  79.6%  42.0 5045s
 14706105 2200251    0.03447   34   55    0.02469    0.04434  79.6%  42.0 5050s
 14721863 2201974    0.02823   81   28    0.02469    0.04433  79.5%  42.0 5055s
 14738432 2203608    0.03253   34   62    0.02469    0.04432  79.5%  42.0 5060s
 14754631 2205325     cutoff   46         0.02469    0.04431  79.5%  42.0 5065s
 14768875 2206653     cutoff   42         0.02469    0.04430  79.4%  42.0 5070s
 14784616 2208224    0.03342   36   58    0.02469    0.04429  79.4%  42.0 5075s
 14801610 2210101    0.03858   35   60    0.02469    0.04428  79.3%  42.0 5080s
 14817959 2211813    0.04025   33   56    0.02469    0.04427  79.3%  42.0 5085s
 14829658 2212966     cutoff   40         0.02469    0.04426  79.3%  42.0 5090s
 14845420 2214810    0.03737   39   63    0.02469    0.04425  79.2%  42.0 5095s
 14860987 2216377     cutoff   39         0.02469    0.04424  79.2%  41.9 5100s
 14876928 2218118    0.02526   42   54    0.02469    0.04423  79.2%  41.9 5105s
 14893561 2219699    0.03422   36   57    0.02469    0.04422  79.1%  41.9 5110s
 14909590 2221242     cutoff   43         0.02469    0.04421  79.1%  41.9 5115s
 14924925 2222692    0.02760   32   54    0.02469    0.04420  79.0%  41.9 5120s
 14941357 2224496     cutoff   39         0.02469    0.04419  79.0%  41.9 5125s
 14957366 2226095     cutoff   39         0.02469    0.04418  79.0%  41.9 5130s
 14973362 2227830    0.02880   36   53    0.02469    0.04418  78.9%  41.9 5135s
 14989417 2229770    0.03167   36   51    0.02469    0.04417  78.9%  41.9 5140s
 15005673 2231455     cutoff   44         0.02469    0.04416  78.9%  41.9 5145s
 15021533 2233004    0.03944   34   59    0.02469    0.04415  78.8%  41.9 5150s
 15037106 2234569     cutoff   43         0.02469    0.04414  78.8%  41.9 5155s
 15053006 2236190    0.03444   38   66    0.02469    0.04413  78.7%  41.9 5160s
 15068545 2237752     cutoff   52         0.02469    0.04412  78.7%  41.9 5165s
 15084835 2239258    0.02784   37   45    0.02469    0.04411  78.7%  41.9 5170s
 15100503 2240601     cutoff   39         0.02469    0.04410  78.6%  41.9 5175s
 15115992 2242151     cutoff   38         0.02469    0.04409  78.6%  41.9 5180s
 15130563 2243686     cutoff   37         0.02469    0.04408  78.6%  41.9 5185s
 15147465 2245422    0.02557   40   54    0.02469    0.04407  78.5%  41.9 5190s
 15164215 2247280    0.03239   36   54    0.02469    0.04407  78.5%  41.9 5195s
 15179330 2248580     cutoff   42         0.02469    0.04406  78.4%  41.9 5200s
 15194890 2250213     cutoff   39         0.02469    0.04405  78.4%  41.9 5205s
 15212170 2251816     cutoff   45         0.02469    0.04404  78.4%  41.8 5210s
 15228267 2253334     cutoff   44         0.02469    0.04403  78.3%  41.8 5215s
 15244167 2255119    0.02780   43   30    0.02469    0.04402  78.3%  41.8 5220s
 15257147 2256313    0.02649   40   50    0.02469    0.04401  78.3%  41.8 5225s
 15272307 2257923    0.02504   38   41    0.02469    0.04400  78.2%  41.8 5230s
 15288574 2259620 infeasible   41         0.02469    0.04399  78.2%  41.8 5235s
 15304768 2261226    0.02649   35   55    0.02469    0.04398  78.1%  41.8 5240s
 15318890 2262722     cutoff   43         0.02469    0.04397  78.1%  41.8 5245s
 15334925 2264494     cutoff   41         0.02469    0.04397  78.1%  41.8 5250s
 15350554 2266091    0.02597   41   48    0.02469    0.04396  78.0%  41.8 5255s
 15366780 2267853    0.02759   55   20    0.02469    0.04395  78.0%  41.8 5260s
 15382532 2269609    0.02579   39   55    0.02469    0.04394  78.0%  41.8 5265s
H15382934 2166853                       0.0255686    0.04394  71.8%  41.8 5265s
 15394828 2167712 infeasible   32         0.02557    0.04393  71.8%  41.8 5270s
 15409924 2168649    0.03013   35   57    0.02557    0.04392  71.8%  41.8 5275s
 15425498 2170080    0.02630   48   44    0.02557    0.04391  71.7%  41.8 5280s
 15442092 2171851    0.02603   45   53    0.02557    0.04390  71.7%  41.8 5285s
 15457637 2173408     cutoff   39         0.02557    0.04389  71.7%  41.8 5290s
 15473517 2174741    0.03428   36   57    0.02557    0.04388  71.6%  41.8 5295s
 15490459 2176070    0.02770   37   63    0.02557    0.04387  71.6%  41.8 5300s
 15506253 2177583 infeasible   44         0.02557    0.04386  71.5%  41.8 5305s
 15520609 2178808     cutoff   54         0.02557    0.04385  71.5%  41.8 5310s
 15536557 2180050    0.03202   39   61    0.02557    0.04384  71.5%  41.8 5315s
 15553169 2181637    0.03613   32   36    0.02557    0.04383  71.4%  41.7 5320s
 15568919 2183264     cutoff   40         0.02557    0.04382  71.4%  41.7 5325s
 15582884 2184600    0.03832   42   48    0.02557    0.04381  71.3%  41.7 5330s
 15599233 2185732    0.02806   46   51    0.02557    0.04380  71.3%  41.7 5335s
 15614250 2186823    0.02742   36   42    0.02557    0.04379  71.3%  41.7 5340s
 15630064 2188014    0.03477   39   58    0.02557    0.04378  71.2%  41.7 5345s
 15646113 2189429    0.02578   43   56    0.02557    0.04377  71.2%  41.7 5350s
 15661104 2190889 infeasible   41         0.02557    0.04376  71.1%  41.7 5355s
 15677272 2192093     cutoff   42         0.02557    0.04375  71.1%  41.7 5360s
 15693127 2193585     cutoff   39         0.02557    0.04374  71.1%  41.7 5365s
 15710248 2194932     cutoff   34         0.02557    0.04373  71.0%  41.7 5370s
 15721324 2195987     cutoff   39         0.02557    0.04372  71.0%  41.7 5375s
 15738657 2197210     cutoff   44         0.02557    0.04371  71.0%  41.7 5380s
 15755515 2198510     cutoff   42         0.02557    0.04370  70.9%  41.7 5385s
 15770709 2199718     cutoff   35         0.02557    0.04369  70.9%  41.7 5390s
 15785562 2200930    0.03847   38   64    0.02557    0.04368  70.8%  41.7 5395s
 15801676 2202175    0.03276   42   62    0.02557    0.04367  70.8%  41.7 5400s
 15817776 2203319     cutoff   38         0.02557    0.04366  70.8%  41.7 5405s
 15833047 2204731 infeasible   44         0.02557    0.04365  70.7%  41.7 5410s
 15847883 2205935     cutoff   46         0.02557    0.04364  70.7%  41.7 5415s
 15864202 2207331 infeasible   43         0.02557    0.04363  70.7%  41.7 5420s
 15880518 2208773    0.03292   40   66    0.02557    0.04362  70.6%  41.7 5425s
 15897690 2210152     cutoff   58         0.02557    0.04361  70.6%  41.7 5430s
 15912234 2211561     cutoff   42         0.02557    0.04360  70.5%  41.6 5435s
 15929405 2212935    0.02829   40   57    0.02557    0.04359  70.5%  41.6 5440s
 15945355 2214265 infeasible   43         0.02557    0.04358  70.5%  41.6 5445s
 15961216 2215593    0.02807   42   44    0.02557    0.04357  70.4%  41.6 5450s
 15976364 2216892     cutoff   38         0.02557    0.04356  70.4%  41.6 5455s
 15992786 2218329    0.03632   38   58    0.02557    0.04355  70.3%  41.6 5460s
 16009493 2219576    0.04297   43   46    0.02557    0.04354  70.3%  41.6 5465s
 16024750 2220850 infeasible   48         0.02557    0.04354  70.3%  41.6 5470s
 16040234 2222028    0.02603   41   55    0.02557    0.04353  70.2%  41.6 5475s
 16056883 2223444    0.02923   35   55    0.02557    0.04352  70.2%  41.6 5480s
 16071268 2224570    0.03742   41   59    0.02557    0.04351  70.2%  41.6 5485s
 16088046 2225784     cutoff   48         0.02557    0.04350  70.1%  41.6 5490s
 16104330 2227401    0.03817   40   63    0.02557    0.04349  70.1%  41.6 5495s
 16120968 2228830    0.03237   44   50    0.02557    0.04348  70.0%  41.6 5500s
 16136169 2229911    0.04300   33   67    0.02557    0.04347  70.0%  41.6 5505s
 16152495 2231324    0.02688   43   52    0.02557    0.04346  70.0%  41.6 5510s
 16167336 2232688    0.03090   33   63    0.02557    0.04345  69.9%  41.6 5515s
 16183435 2234065    0.03319   39   58    0.02557    0.04344  69.9%  41.6 5520s
H16191231 2234538                       0.0255686    0.04344  69.9%  41.6 5523s
 16194997 2234929    0.03212   49   61    0.02557    0.04343  69.9%  41.6 5525s
 16210144 2236131     cutoff   34         0.02557    0.04342  69.8%  41.6 5530s
 16225854 2237456     cutoff   31         0.02557    0.04341  69.8%  41.6 5535s
 16240997 2238776    0.02802   42   51    0.02557    0.04341  69.8%  41.6 5540s
 16257587 2240284    0.03012   48   30    0.02557    0.04340  69.7%  41.5 5545s
 16274359 2241596    0.03036   37   53    0.02557    0.04338  69.7%  41.5 5550s
 16290107 2242827    0.03164   35   59    0.02557    0.04338  69.6%  41.5 5555s
 16306423 2243900     cutoff   38         0.02557    0.04337  69.6%  41.5 5560s
 16323015 2245140    0.02972   40   53    0.02557    0.04336  69.6%  41.5 5565s
 16337957 2246188    0.03820   36   58    0.02557    0.04335  69.5%  41.5 5570s
 16352893 2247765    0.02832   38   41    0.02557    0.04334  69.5%  41.5 5575s
 16368642 2249200    0.03488   32   59    0.02557    0.04333  69.5%  41.5 5580s
 16385110 2250706    0.04287   56   32    0.02557    0.04332  69.4%  41.5 5585s
 16400975 2252110     cutoff   38         0.02557    0.04331  69.4%  41.5 5590s
 16416752 2253412    0.03689   42   46    0.02557    0.04330  69.4%  41.5 5595s
 16430639 2254773     cutoff   34         0.02557    0.04329  69.3%  41.5 5600s
 16447218 2256173    0.03299   35   55    0.02557    0.04328  69.3%  41.5 5605s
 16463589 2257507    0.02830   34   55    0.02557    0.04328  69.3%  41.5 5610s
 16478414 2258649     cutoff   37         0.02557    0.04327  69.2%  41.5 5615s
 16493760 2259778    0.02792   39   60    0.02557    0.04326  69.2%  41.5 5620s
 16509627 2261239     cutoff   39         0.02557    0.04325  69.2%  41.5 5625s
 16525291 2262778    0.03772   40   46    0.02557    0.04324  69.1%  41.5 5630s
 16539794 2264062    0.03586   34   45    0.02557    0.04323  69.1%  41.5 5635s
H16548812 2264737                       0.0255686    0.04323  69.1%  41.5 5638s
 16553556 2265175    0.03194   36   35    0.02557    0.04322  69.1%  41.5 5640s
 16569318 2266579     cutoff   41         0.02557    0.04322  69.0%  41.5 5645s
 16585305 2268257     cutoff   43         0.02557    0.04321  69.0%  41.4 5650s
 16600406 2269547     cutoff   45         0.02557    0.04320  68.9%  41.4 5655s
 16614315 2270679     cutoff   45         0.02557    0.04319  68.9%  41.4 5660s
 16630883 2272118    0.03833   37   50    0.02557    0.04318  68.9%  41.4 5665s
 16646894 2273688     cutoff   39         0.02557    0.04317  68.8%  41.4 5670s
 16662096 2274947     cutoff   37         0.02557    0.04316  68.8%  41.4 5675s
 16678378 2276138    0.04060   35   55    0.02557    0.04315  68.8%  41.4 5680s
 16693867 2277471    0.02741   54   35    0.02557    0.04314  68.7%  41.4 5685s
 16708403 2278842     cutoff   40         0.02557    0.04314  68.7%  41.4 5690s
 16724605 2280255     cutoff   46         0.02557    0.04313  68.7%  41.4 5695s
 16740172 2281581    0.04248   48   55    0.02557    0.04312  68.6%  41.4 5700s
 16755785 2283049     cutoff   42         0.02557    0.04311  68.6%  41.4 5705s
 16773059 2284318    0.02610   49   47    0.02557    0.04310  68.6%  41.4 5710s
 16787146 2285737    0.03308   44   55    0.02557    0.04309  68.5%  41.4 5715s
 16802730 2287114     cutoff   44         0.02557    0.04308  68.5%  41.4 5720s
 16816918 2288253     cutoff   43         0.02557    0.04307  68.5%  41.4 5725s
 16830519 2289278    0.03468   43   35    0.02557    0.04307  68.4%  41.4 5730s
 16846860 2290759     cutoff   48         0.02557    0.04306  68.4%  41.4 5735s
 16862909 2292107     cutoff   36         0.02557    0.04305  68.4%  41.4 5740s
 16878636 2293282    0.02683   42   53    0.02557    0.04304  68.3%  41.4 5745s
 16892789 2294619     cutoff   39         0.02557    0.04303  68.3%  41.4 5750s
 16908915 2296055    0.03215   40   50    0.02557    0.04302  68.3%  41.4 5755s
 16925156 2297537    0.03866   31   52    0.02557    0.04301  68.2%  41.3 5760s
 16941119 2299122     cutoff   45         0.02557    0.04301  68.2%  41.3 5765s
 16955754 2300297    0.03013   42   58    0.02557    0.04300  68.2%  41.3 5770s
 16971319 2301431    0.03961   38   68    0.02557    0.04299  68.1%  41.3 5775s
 16986324 2302932 infeasible   41         0.02557    0.04298  68.1%  41.3 5780s
 17001771 2304286    0.03362   35   61    0.02557    0.04297  68.1%  41.3 5785s
 17016738 2305789    0.02601   43   63    0.02557    0.04297  68.0%  41.3 5790s
 17032881 2307128    0.04089   40   57    0.02557    0.04296  68.0%  41.3 5795s
 17048521 2308429    0.02580   36   55    0.02557    0.04295  68.0%  41.3 5800s
 17064613 2309993     cutoff   41         0.02557    0.04294  67.9%  41.3 5805s
 17079359 2311269     cutoff   44         0.02557    0.04293  67.9%  41.3 5810s
 17094157 2312632     cutoff   34         0.02557    0.04292  67.9%  41.3 5815s
 17109857 2313883     cutoff   45         0.02557    0.04291  67.8%  41.3 5820s
 17125675 2315195     cutoff   46         0.02557    0.04290  67.8%  41.3 5825s
 17141464 2316686    0.03285   34   56    0.02557    0.04290  67.8%  41.3 5830s
 17156754 2318102    0.04195   37   65    0.02557    0.04289  67.7%  41.3 5835s
 17171451 2319746    0.02677   39   58    0.02557    0.04288  67.7%  41.3 5840s
 17186534 2321174    0.02675   42   56    0.02557    0.04287  67.7%  41.3 5845s
 17200626 2322331    0.03624   42   56    0.02557    0.04287  67.6%  41.3 5850s
 17217011 2323937    0.02913   44   54    0.02557    0.04286  67.6%  41.3 5855s
 17230850 2325211     cutoff   40         0.02557    0.04285  67.6%  41.3 5860s
 17245836 2326402     cutoff   39         0.02557    0.04284  67.6%  41.3 5865s
 17261384 2327891    0.03257   33   69    0.02557    0.04283  67.5%  41.2 5870s
 17276820 2329458     cutoff   52         0.02557    0.04282  67.5%  41.2 5875s
 17290385 2330607    0.03050   40   61    0.02557    0.04282  67.5%  41.2 5880s
 17304173 2331697     cutoff   45         0.02557    0.04281  67.4%  41.2 5885s
 17319621 2333002    0.03141   39   55    0.02557    0.04280  67.4%  41.2 5890s
 17334751 2334488     cutoff   39         0.02557    0.04279  67.4%  41.2 5895s
 17346457 2335313    0.02596   35   62    0.02557    0.04279  67.3%  41.2 5900s
 17362924 2336818     cutoff   41         0.02557    0.04278  67.3%  41.2 5905s
 17377840 2338058     cutoff   43         0.02557    0.04277  67.3%  41.2 5910s
 17393097 2339206     cutoff   44         0.02557    0.04276  67.2%  41.2 5915s
 17408004 2340689    0.04208   39   52    0.02557    0.04275  67.2%  41.2 5920s
 17424174 2342275    0.03050   44   63    0.02557    0.04274  67.2%  41.2 5925s
 17439723 2343828     cutoff   42         0.02557    0.04274  67.1%  41.2 5930s
 17456203 2345234     cutoff   42         0.02557    0.04273  67.1%  41.2 5935s
 17471584 2346559    0.02627   42   53    0.02557    0.04272  67.1%  41.2 5940s
 17485508 2347767    0.03119   33   64    0.02557    0.04271  67.0%  41.2 5945s
 17501554 2349254     cutoff   46         0.02557    0.04270  67.0%  41.2 5950s
 17518426 2351266     cutoff   39         0.02557    0.04270  67.0%  41.2 5955s
 17535277 2352856     cutoff   48         0.02557    0.04269  66.9%  41.2 5960s
 17549989 2354246     cutoff   49         0.02557    0.04268  66.9%  41.2 5965s
 17567170 2355571    0.03626   45   62    0.02557    0.04267  66.9%  41.2 5970s
 17584310 2356834    0.04115   39   58    0.02557    0.04266  66.8%  41.1 5975s
 17601160 2358232    0.04234   38   57    0.02557    0.04265  66.8%  41.1 5980s
 17617089 2359952     cutoff   43         0.02557    0.04264  66.8%  41.1 5985s
 17633972 2361485     cutoff   36         0.02557    0.04263  66.7%  41.1 5990s
 17649756 2362733     cutoff   47         0.02557    0.04263  66.7%  41.1 5995s
 17663190 2363878    0.04001   44   57    0.02557    0.04262  66.7%  41.1 6000s
 17678147 2364955    0.04241   36   56    0.02557    0.04261  66.7%  41.1 6005s
 17693406 2366264     cutoff   44         0.02557    0.04260  66.6%  41.1 6010s
 17710311 2367648    0.03524   43   57    0.02557    0.04259  66.6%  41.1 6015s
 17727005 2369085    0.02564   42   48    0.02557    0.04259  66.6%  41.1 6020s
 17743997 2370395    0.02841   35   53    0.02557    0.04258  66.5%  41.1 6025s
 17760712 2372190    0.02830   44   58    0.02557    0.04257  66.5%  41.1 6030s
 17777281 2373614    0.02739   47   36    0.02557    0.04256  66.5%  41.1 6035s
 17793966 2375037    0.03482   46   50    0.02557    0.04255  66.4%  41.1 6040s
 17810563 2376487    0.03104   35   56    0.02557    0.04254  66.4%  41.1 6045s
 17827646 2377932     cutoff   43         0.02557    0.04253  66.4%  41.1 6050s
 17844521 2379491    0.03059   72   27    0.02557    0.04253  66.3%  41.1 6055s
 17860929 2380901     cutoff   36         0.02557    0.04252  66.3%  41.1 6060s
 17877511 2382366 infeasible   40         0.02557    0.04251  66.3%  41.1 6065s
 17893010 2383584    0.03816   37   58    0.02557    0.04250  66.2%  41.1 6070s
 17908467 2384727     cutoff   36         0.02557    0.04249  66.2%  41.1 6075s
 17925187 2385867    0.02682   34   61    0.02557    0.04248  66.2%  41.0 6080s
 17941617 2387296     cutoff   41         0.02557    0.04248  66.1%  41.0 6085s
 17958218 2388551    0.02765   48   60    0.02557    0.04247  66.1%  41.0 6090s
 17973942 2389976    0.02618   44   56    0.02557    0.04246  66.1%  41.0 6095s
 17991658 2391386    0.03091   35   54    0.02557    0.04245  66.0%  41.0 6100s
 18008881 2392946     cutoff   34         0.02557    0.04244  66.0%  41.0 6105s
 18025294 2394388     cutoff   47         0.02557    0.04243  66.0%  41.0 6110s
 18039901 2395630    0.02989   39   56    0.02557    0.04242  65.9%  41.0 6115s
 18056838 2397255     cutoff   46         0.02557    0.04242  65.9%  41.0 6120s
 18073874 2398850    0.02703   47   53    0.02557    0.04241  65.9%  41.0 6125s
 18089934 2400193     cutoff   40         0.02557    0.04240  65.8%  41.0 6130s
 18104377 2401377    0.02770   46   57    0.02557    0.04239  65.8%  41.0 6135s
 18121769 2403028    0.02716   39   58    0.02557    0.04238  65.8%  41.0 6140s
 18138524 2404281    0.03027   37   60    0.02557    0.04238  65.7%  41.0 6145s
 18154955 2405466     cutoff   39         0.02557    0.04237  65.7%  41.0 6150s
 18169983 2406778    0.02771   39   53    0.02557    0.04236  65.7%  41.0 6155s
 18185828 2408275    0.02588   44   53    0.02557    0.04235  65.6%  41.0 6160s
 18202193 2409618    0.03563   39   53    0.02557    0.04235  65.6%  41.0 6165s
 18218212 2410860    0.02653   38   60    0.02557    0.04234  65.6%  41.0 6170s
 18234813 2412318     cutoff   40         0.02557    0.04233  65.6%  41.0 6175s
 18251438 2413959     cutoff   48         0.02557    0.04232  65.5%  41.0 6180s
 18268219 2415452    0.03648   39   59    0.02557    0.04231  65.5%  40.9 6185s
 18284122 2416683    0.02847   41   63    0.02557    0.04231  65.5%  40.9 6190s
 18299460 2417661    0.02774   39   52    0.02557    0.04230  65.4%  40.9 6195s
 18316543 2419108    0.03702   44   54    0.02557    0.04229  65.4%  40.9 6200s
 18332603 2420249     cutoff   47         0.02557    0.04228  65.4%  40.9 6205s
 18347896 2421601    0.02899   46   55    0.02557    0.04227  65.3%  40.9 6210s
 18364446 2422868    0.03089   39   60    0.02557    0.04227  65.3%  40.9 6215s
 18380927 2424139     cutoff   39         0.02557    0.04226  65.3%  40.9 6220s
 18397449 2425297     cutoff   37         0.02557    0.04225  65.2%  40.9 6225s
 18413161 2426493    0.02851   37   43    0.02557    0.04224  65.2%  40.9 6230s
 18430084 2428225    0.03765   43   62    0.02557    0.04223  65.2%  40.9 6235s
 18445714 2429540    0.03534   38   57    0.02557    0.04223  65.2%  40.9 6240s
 18462828 2430878    0.03386   44   60    0.02557    0.04222  65.1%  40.9 6245s
 18478506 2432262    0.02949   45   59    0.02557    0.04221  65.1%  40.9 6250s
 18493118 2433401    0.02720   34   57    0.02557    0.04220  65.1%  40.9 6255s
 18509901 2434835    0.04058   36   61    0.02557    0.04220  65.0%  40.9 6260s
 18525601 2436335    0.02566   42   57    0.02557    0.04219  65.0%  40.9 6265s
 18541964 2437707    0.03885   40   53    0.02557    0.04218  65.0%  40.9 6270s
 18559043 2439308    0.02928   35   54    0.02557    0.04217  64.9%  40.9 6275s
 18576373 2440627     cutoff   48         0.02557    0.04216  64.9%  40.9 6280s
 18593012 2442128    0.02577   38   57    0.02557    0.04215  64.9%  40.9 6285s
 18608443 2443405     cutoff   38         0.02557    0.04215  64.8%  40.9 6290s
 18625204 2444808    0.02794   38   53    0.02557    0.04214  64.8%  40.9 6295s
 18642083 2446427     cutoff   41         0.02557    0.04213  64.8%  40.8 6300s
 18658140 2448027    0.02670   34   59    0.02557    0.04212  64.7%  40.8 6305s
 18675860 2449408    0.02923   47   42    0.02557    0.04211  64.7%  40.8 6310s
 18692836 2451144    0.02873   43   63    0.02557    0.04211  64.7%  40.8 6315s
 18705833 2452234    0.03753   40   58    0.02557    0.04210  64.7%  40.8 6320s
 18722253 2453668 infeasible   33         0.02557    0.04209  64.6%  40.8 6325s
 18738363 2454951    0.03057   64   20    0.02557    0.04209  64.6%  40.8 6330s
 18755514 2456229    0.03342   37   61    0.02557    0.04208  64.6%  40.8 6335s
 18771949 2457990    0.02844   37   48    0.02557    0.04207  64.5%  40.8 6340s
 18789762 2459527     cutoff   48         0.02557    0.04206  64.5%  40.8 6345s
 18805561 2460736    0.03624   44   58    0.02557    0.04205  64.5%  40.8 6350s
 18823023 2462447     cutoff   40         0.02557    0.04205  64.4%  40.8 6355s
 18840407 2463937    0.03642   36   52    0.02557    0.04204  64.4%  40.8 6360s
 18857455 2465573    0.02949   37   56    0.02557    0.04203  64.4%  40.8 6365s
 18874477 2467070     cutoff   37         0.02557    0.04202  64.4%  40.8 6370s
 18891001 2468412    0.03688   35   58    0.02557    0.04201  64.3%  40.8 6375s
 18908277 2469620    0.03051   45   60    0.02557    0.04201  64.3%  40.8 6380s
 18924036 2470929    0.03044   39   51    0.02557    0.04200  64.3%  40.8 6385s
 18940640 2472293     cutoff   41         0.02557    0.04199  64.2%  40.8 6390s
 18957737 2473365     cutoff   44         0.02557    0.04198  64.2%  40.8 6395s
 18969261 2474803    0.03109   36   56    0.02557    0.04198  64.2%  40.7 6400s
 18987739 2475992     cutoff   41         0.02557    0.04197  64.1%  40.7 6405s
 19002851 2477323     cutoff   42         0.02557    0.04196  64.1%  40.7 6410s
 19019586 2478847     cutoff   40         0.02557    0.04195  64.1%  40.7 6415s
 19035581 2480088    0.03249   41   54    0.02557    0.04195  64.1%  40.7 6420s
 19052758 2481680    0.03718   36   61    0.02557    0.04194  64.0%  40.7 6425s
 19069677 2483019    0.02653   46   53    0.02557    0.04193  64.0%  40.7 6430s
 19086731 2484710     cutoff   39         0.02557    0.04192  64.0%  40.7 6435s
H19102493 2485871                       0.0255686    0.04192  63.9%  40.7 6439s
 19103165 2486022    0.02745   47   61    0.02557    0.04192  63.9%  40.7 6440s
 19118742 2487390    0.03975   44   55    0.02557    0.04191  63.9%  40.7 6445s
 19136296 2488731    0.03549   40   56    0.02557    0.04190  63.9%  40.7 6450s
 19152607 2490486     cutoff   37         0.02557    0.04189  63.8%  40.7 6455s
 19169640 2492026    0.03082   40   52    0.02557    0.04189  63.8%  40.7 6460s
 19186584 2493616     cutoff   47         0.02557    0.04188  63.8%  40.7 6465s
 19203939 2495242    0.02825   41   54    0.02557    0.04187  63.8%  40.7 6470s
 19214398 2496347    0.02799   41   48    0.02557    0.04187  63.7%  40.7 6475s
 19230332 2497738     cutoff   49         0.02557    0.04186  63.7%  40.7 6480s
 19246843 2499182     cutoff   41         0.02557    0.04185  63.7%  40.7 6485s
 19263232 2500872    0.03069   37   55    0.02557    0.04184  63.7%  40.7 6490s
 19280339 2502017     cutoff   41         0.02557    0.04184  63.6%  40.7 6495s
 19296916 2503409     cutoff   40         0.02557    0.04183  63.6%  40.7 6500s
 19313302 2504744     cutoff   40         0.02557    0.04182  63.6%  40.7 6505s
 19331765 2506048    0.02988   45   47    0.02557    0.04181  63.5%  40.7 6510s
 19348767 2507331     cutoff   41         0.02557    0.04180  63.5%  40.6 6515s
 19364822 2508567    0.02777   47   54    0.02557    0.04180  63.5%  40.6 6520s
 19382492 2510257    0.02775   37   55    0.02557    0.04179  63.4%  40.6 6525s
 19399675 2511660    0.02716   46   56    0.02557    0.04178  63.4%  40.6 6530s
 19415886 2512965     cutoff   43         0.02557    0.04177  63.4%  40.6 6535s
 19433121 2514599    0.03489   40   73    0.02557    0.04177  63.3%  40.6 6540s
 19449313 2516011    0.02876   54   38    0.02557    0.04176  63.3%  40.6 6545s
 19465072 2517285     cutoff   41         0.02557    0.04175  63.3%  40.6 6550s
 19481577 2518612     cutoff   39         0.02557    0.04174  63.3%  40.6 6555s
 19498370 2520046    0.04163   40   65    0.02557    0.04174  63.2%  40.6 6560s
 19515057 2521328    0.03421   41   51    0.02557    0.04173  63.2%  40.6 6565s
 19532258 2522886     cutoff   40         0.02557    0.04172  63.2%  40.6 6570s
H19543722 2523753                       0.0255686    0.04172  63.2%  40.6 6573s
 19545804 2523909    0.03891   40   61    0.02557    0.04172  63.2%  40.6 6575s
 19562922 2525514     cutoff   42         0.02557    0.04171  63.1%  40.6 6580s
 19579901 2527101    0.03144   39   70    0.02557    0.04170  63.1%  40.6 6585s
 19596596 2528255    0.02705   39   56    0.02557    0.04169  63.1%  40.6 6590s
 19612322 2529562     cutoff   35         0.02557    0.04169  63.0%  40.6 6595s
 19627033 2530677     cutoff   41         0.02557    0.04168  63.0%  40.6 6600s
 19643402 2532008    0.02619   38   51    0.02557    0.04167  63.0%  40.6 6605s
 19660880 2533620     cutoff   49         0.02557    0.04166  63.0%  40.6 6610s
 19675969 2535161    0.03218   34   57    0.02557    0.04166  62.9%  40.6 6615s
 19692878 2536612    0.03363   29   60    0.02557    0.04165  62.9%  40.6 6620s
 19708701 2538134    0.04137   39   56    0.02557    0.04164  62.9%  40.5 6625s
H19724386 2539439                       0.0255686    0.04164  62.8%  40.5 6629s
 19724502 2539461    0.03400   39   54    0.02557    0.04164  62.8%  40.5 6630s
 19739301 2540941    0.02602   46   50    0.02557    0.04163  62.8%  40.5 6635s
 19755885 2542418     cutoff   47         0.02557    0.04162  62.8%  40.5 6640s
 19772431 2543906     cutoff   40         0.02557    0.04162  62.8%  40.5 6645s
 19786755 2545469    0.03111   41   61    0.02557    0.04161  62.7%  40.5 6650s
 19803599 2546780 infeasible   68         0.02557    0.04160  62.7%  40.5 6655s
 19820041 2548049    0.03491   41   64    0.02557    0.04159  62.7%  40.5 6660s
 19836268 2549131    0.03088   42   57    0.02557    0.04159  62.7%  40.5 6665s
 19848810 2550188     cutoff   45         0.02557    0.04158  62.6%  40.5 6670s
 19862996 2551285    0.02578   43   50    0.02557    0.04158  62.6%  40.5 6675s
 19878252 2552796     cutoff   46         0.02557    0.04157  62.6%  40.5 6680s
 19893993 2554111    0.04026   36   57    0.02557    0.04156  62.6%  40.5 6685s
 19909780 2555576    0.02660   55   38    0.02557    0.04156  62.5%  40.5 6690s
 19924617 2556704    0.03245   40   56    0.02557    0.04155  62.5%  40.5 6695s
 19939267 2557897    0.02801   50   32    0.02557    0.04154  62.5%  40.5 6700s
 19954478 2559056     cutoff   46         0.02557    0.04154  62.5%  40.5 6705s
 19969461 2560304    0.03844   38   64    0.02557    0.04153  62.4%  40.5 6710s
 19984749 2561574     cutoff   39         0.02557    0.04152  62.4%  40.5 6715s
 20000415 2562853    0.02563   45   46    0.02557    0.04152  62.4%  40.5 6720s
 20014766 2563984    0.03552   41   61    0.02557    0.04151  62.4%  40.5 6725s
 20029869 2565382    0.03306   36   65    0.02557    0.04151  62.3%  40.5 6730s
 20045557 2566713    0.04079   38   57    0.02557    0.04150  62.3%  40.5 6735s
 20061542 2568199    0.02869   42   52    0.02557    0.04149  62.3%  40.5 6740s
 20075539 2569334    0.03208   40   63    0.02557    0.04149  62.3%  40.4 6745s
 20087279 2570456    0.03013   47   61    0.02557    0.04148  62.2%  40.4 6750s
 20102863 2571945    0.02938   42   56    0.02557    0.04147  62.2%  40.4 6755s
 20117138 2573075    0.03250   55   38    0.02557    0.04147  62.2%  40.4 6760s
 20133535 2574631     cutoff   38         0.02557    0.04146  62.2%  40.4 6765s
H20141836 2571271                       0.0255963    0.04146  62.0%  40.4 6767s
H20142129 2571304                       0.0255963    0.04146  62.0%  40.4 6768s
H20143383 2571368                       0.0255963    0.04146  62.0%  40.4 6768s
H20144151 2571543                       0.0255963    0.04146  62.0%  40.4 6769s
 20145390 2571936     cutoff   45         0.02560    0.04146  62.0%  40.4 6770s
 20162358 2572945    0.02642   42   54    0.02560    0.04145  61.9%  40.4 6775s
H20174357 2573847                       0.0255963    0.04144  61.9%  40.4 6778s
 20176255 2573963     cutoff   37         0.02560    0.04144  61.9%  40.4 6780s
 20192411 2575142     cutoff   47         0.02560    0.04144  61.9%  40.4 6785s
H20201517 2575711                       0.0255963    0.04143  61.9%  40.4 6788s
 20206949 2576097    0.03402   34   64    0.02560    0.04143  61.9%  40.4 6790s
 20224506 2577367    0.02749   39   43    0.02560    0.04142  61.8%  40.4 6795s
 20241620 2578909    0.02835   43   61    0.02560    0.04141  61.8%  40.4 6800s
 20258001 2580385     cutoff   43         0.02560    0.04141  61.8%  40.4 6805s
 20275124 2581745    0.03007   38   52    0.02560    0.04140  61.7%  40.4 6810s
 20292663 2583155     cutoff   40         0.02560    0.04139  61.7%  40.4 6815s
 20310324 2584413    0.03079   40   55    0.02560    0.04139  61.7%  40.4 6820s
 20325729 2585552    0.02696   48   59    0.02560    0.04138  61.7%  40.4 6825s
 20341308 2586903    0.03393   37   59    0.02560    0.04137  61.6%  40.4 6830s
 20359074 2588430     cutoff   45         0.02560    0.04136  61.6%  40.4 6835s
 20376351 2590016    0.03412   40   56    0.02560    0.04136  61.6%  40.4 6840s
 20393757 2591279    0.02688   35   55    0.02560    0.04135  61.5%  40.4 6845s
 20409520 2592760     cutoff   45         0.02560    0.04134  61.5%  40.4 6850s
H20414855 2593425                       0.0255964    0.04134  61.5%  40.4 6851s
 20424581 2594492     cutoff   41         0.02560    0.04134  61.5%  40.4 6855s
 20441449 2595945     cutoff   40         0.02560    0.04133  61.5%  40.3 6860s
 20458882 2597273     cutoff   46         0.02560    0.04132  61.4%  40.3 6865s
 20472621 2598491    0.03030   44   54    0.02560    0.04132  61.4%  40.3 6870s
 20489900 2600112    0.03339   34   53    0.02560    0.04131  61.4%  40.3 6875s
 20505669 2601428    0.02638   51   13    0.02560    0.04131  61.4%  40.3 6880s
 20520936 2602685    0.02931   44   53    0.02560    0.04130  61.3%  40.3 6885s
 20536315 2603994    0.03363   44   59    0.02560    0.04129  61.3%  40.3 6890s
 20553386 2605486     cutoff   44         0.02560    0.04129  61.3%  40.3 6895s
 20570566 2606944     cutoff   39         0.02560    0.04128  61.3%  40.3 6900s
 20584774 2608037    0.03637   34   60    0.02560    0.04127  61.2%  40.3 6905s
 20602321 2609678    0.02577   40   53    0.02560    0.04127  61.2%  40.3 6910s
 20618870 2611243     cutoff   48         0.02560    0.04126  61.2%  40.3 6915s
 20636161 2612893    0.03771   39   62    0.02560    0.04125  61.2%  40.3 6920s
 20652297 2614073     cutoff   45         0.02560    0.04125  61.1%  40.3 6925s
 20670836 2616498    0.03002   42   58    0.02560    0.04124  61.1%  40.3 6930s
 20688236 2618080     cutoff   40         0.02560    0.04123  61.1%  40.3 6935s
 20704106 2619397 infeasible   38         0.02560    0.04123  61.1%  40.3 6940s
 20721141 2620752     cutoff   37         0.02560    0.04122  61.0%  40.3 6945s
 20736847 2621909    0.03429   45   59    0.02560    0.04121  61.0%  40.3 6950s
 20751297 2623276     cutoff   39         0.02560    0.04121  61.0%  40.3 6955s
 20768748 2624678     cutoff   39         0.02560    0.04120  61.0%  40.3 6960s
 20785421 2626272    0.03480   39   66    0.02560    0.04119  60.9%  40.3 6965s
 20803188 2627705     cutoff   45         0.02560    0.04119  60.9%  40.2 6970s
 20817091 2628722    0.03008   42   56    0.02560    0.04118  60.9%  40.2 6975s
 20834539 2630275    0.02572   36   55    0.02560    0.04117  60.9%  40.2 6980s
 20852008 2631515     cutoff   47         0.02560    0.04117  60.8%  40.2 6985s
 20868473 2632992    0.02608   38   60    0.02560    0.04116  60.8%  40.2 6990s
 20886232 2634320    0.04049   31   49    0.02560    0.04115  60.8%  40.2 6995s
 20902068 2635501    0.03830   41   60    0.02560    0.04115  60.8%  40.2 7000s
 20920134 2637354     cutoff   46         0.02560    0.04114  60.7%  40.2 7005s
 20937139 2638891     cutoff   39         0.02560    0.04113  60.7%  40.2 7010s
 20953831 2640490    0.03261   38   51    0.02560    0.04113  60.7%  40.2 7015s
 20971232 2641758    0.02822   40   44    0.02560    0.04112  60.6%  40.2 7020s
 20989030 2643297    0.03214   37   47    0.02560    0.04111  60.6%  40.2 7025s
 21005429 2644904    0.02705   39   53    0.02560    0.04111  60.6%  40.2 7030s
 21020942 2646167    0.03413   43   57    0.02560    0.04110  60.6%  40.2 7035s
 21038537 2647525     cutoff   43         0.02560    0.04109  60.5%  40.2 7040s
 21056136 2649168     cutoff   42         0.02560    0.04109  60.5%  40.2 7045s
 21073025 2650521     cutoff   43         0.02560    0.04108  60.5%  40.2 7050s
 21089349 2651873    0.03212   41   44    0.02560    0.04107  60.5%  40.2 7055s
 21106836 2653457     cutoff   45         0.02560    0.04107  60.4%  40.2 7060s
 21123522 2654967    0.03790   44   64    0.02560    0.04106  60.4%  40.2 7065s
 21141013 2656367    0.03726   48   55    0.02560    0.04105  60.4%  40.2 7070s
 21154390 2657450     cutoff   40         0.02560    0.04105  60.4%  40.2 7075s
 21170382 2658758     cutoff   41         0.02560    0.04104  60.3%  40.2 7080s
 21187514 2660084    0.03637   38   56    0.02560    0.04103  60.3%  40.1 7085s
 21204295 2661752    0.03971   38   61    0.02560    0.04103  60.3%  40.1 7090s
 21221380 2663033    0.03146   37   50    0.02560    0.04102  60.3%  40.1 7095s
 21238316 2664465    0.04047   35   53    0.02560    0.04101  60.2%  40.1 7100s
H21249693 2365203                       0.0273445    0.04101  50.0%  40.1 7103s
H21249713 2365250                       0.0273445    0.04101  50.0%  40.1 7104s
H21250473 2365276                       0.0273445    0.04101  50.0%  40.1 7104s
 21251834 2365389    0.02842   37   51    0.02734    0.04101  50.0%  40.1 7105s
H21255903 2365575                       0.0273445    0.04101  50.0%  40.1 7106s
 21267546 2366157     cutoff   45         0.02734    0.04100  49.9%  40.1 7110s
H21280496 2366661                       0.0273445    0.04100  49.9%  40.1 7113s
H21281630 2366841                       0.0273445    0.04100  49.9%  40.1 7114s
 21282459 2366902    0.03115   44   57    0.02734    0.04100  49.9%  40.1 7115s
 21298663 2367521    0.03135   34   60    0.02734    0.04099  49.9%  40.1 7120s
 21314572 2368255    0.02992   38   42    0.02734    0.04098  49.9%  40.1 7125s
 21331472 2368899     cutoff   39         0.02734    0.04097  49.8%  40.1 7130s
 21347770 2369567 infeasible   43         0.02734    0.04096  49.8%  40.1 7135s
 21363641 2370160     cutoff   38         0.02734    0.04096  49.8%  40.1 7140s
 21379982 2370958     cutoff   40         0.02734    0.04095  49.7%  40.1 7145s
 21396233 2371651     cutoff   40         0.02734    0.04094  49.7%  40.1 7150s
 21411619 2372395    0.02780   44   51    0.02734    0.04093  49.7%  40.1 7155s
 21427875 2373155    0.02883   41   68    0.02734    0.04092  49.7%  40.1 7160s
 21445075 2374249    0.02837   34   52    0.02734    0.04092  49.6%  40.1 7165s
 21462686 2375210     cutoff   41         0.02734    0.04091  49.6%  40.1 7170s
 21479387 2376169    0.02756   42   65    0.02734    0.04090  49.6%  40.1 7175s
 21493459 2376807     cutoff   40         0.02734    0.04089  49.6%  40.1 7180s
 21510816 2377559     cutoff   41         0.02734    0.04089  49.5%  40.1 7185s
 21528500 2378476    0.03679   44   60    0.02734    0.04088  49.5%  40.1 7190s
H21541983 2379006                       0.0273445    0.04087  49.5%  40.0 7194s
 21543379 2379102    0.03188   43   59    0.02734    0.04087  49.5%  40.0 7195s
 21560826 2379878     cutoff   46         0.02734    0.04086  49.4%  40.0 7200s
 21578219 2380530     cutoff   40         0.02734    0.04085  49.4%  40.0 7205s
 21592975 2381041    0.03697   41   37    0.02734    0.04085  49.4%  40.0 7210s
 21609862 2381820    0.03044   37   58    0.02734    0.04084  49.3%  40.0 7215s
 21626673 2382474    0.02888   42   60    0.02734    0.04083  49.3%  40.0 7220s
 21645210 2383269     cutoff   37         0.02734    0.04082  49.3%  40.0 7225s
 21661810 2383939     cutoff   43         0.02734    0.04081  49.2%  40.0 7230s
 21678973 2385019     cutoff   42         0.02734    0.04080  49.2%  40.0 7235s
 21695897 2385926    0.02765   49   38    0.02734    0.04080  49.2%  40.0 7240s
 21711762 2386520    0.03358   38   51    0.02734    0.04079  49.2%  40.0 7245s
 21728584 2387128     cutoff   47         0.02734    0.04078  49.1%  40.0 7250s
 21745510 2388030    0.02930   37   55    0.02734    0.04077  49.1%  40.0 7255s
 21762579 2388762    0.03552   59   46    0.02734    0.04076  49.1%  40.0 7260s
 21779207 2389558    0.02844   40   55    0.02734    0.04075  49.0%  40.0 7265s
 21795946 2390274     cutoff   37         0.02734    0.04075  49.0%  40.0 7270s
 21813492 2391257 infeasible   39         0.02734    0.04074  49.0%  40.0 7275s
 21828078 2392101    0.02827   40   53    0.02734    0.04073  49.0%  40.0 7280s
 21842924 2392971     cutoff   38         0.02734    0.04073  48.9%  40.0 7285s
 21860484 2393487    0.03178   47   60    0.02734    0.04072  48.9%  40.0 7290s
 21877696 2394412 infeasible   51         0.02734    0.04071  48.9%  40.0 7295s
 21894433 2395067    0.03634   37   55    0.02734    0.04070  48.8%  39.9 7300s
 21909880 2395809    0.03565   47   61    0.02734    0.04069  48.8%  39.9 7305s
 21927326 2396627     cutoff   41         0.02734    0.04069  48.8%  39.9 7310s
 21944268 2397390     cutoff   35         0.02734    0.04068  48.8%  39.9 7315s
 21959546 2398073     cutoff   35         0.02734    0.04067  48.7%  39.9 7320s
 21973833 2398659    0.04042   38   59    0.02734    0.04067  48.7%  39.9 7325s
 21990635 2399348     cutoff   50         0.02734    0.04066  48.7%  39.9 7330s
 22007253 2400098    0.02803   49   52    0.02734    0.04065  48.7%  39.9 7335s
 22024644 2400788    0.03010   46   51    0.02734    0.04064  48.6%  39.9 7340s
 22040166 2401438    0.03285   38   54    0.02734    0.04063  48.6%  39.9 7345s
 22057397 2401943    0.03427   28   49    0.02734    0.04063  48.6%  39.9 7350s
 22073564 2402732    0.03031   46   46    0.02734    0.04062  48.5%  39.9 7355s
 22089887 2403882     cutoff   54         0.02734    0.04061  48.5%  39.9 7360s
 22107815 2404759     cutoff   41         0.02734    0.04060  48.5%  39.9 7365s
 22125277 2405518     cutoff   36         0.02734    0.04060  48.5%  39.9 7370s
 22142730 2406418    0.04021   40   66    0.02734    0.04059  48.4%  39.9 7375s
 22159581 2407352 infeasible   43         0.02734    0.04058  48.4%  39.9 7380s
 22175313 2408012     cutoff   41         0.02734    0.04057  48.4%  39.9 7385s
 22192039 2408630    0.03419   38   57    0.02734    0.04056  48.3%  39.9 7390s
 22209650 2409634     cutoff   42         0.02734    0.04056  48.3%  39.9 7395s
 22220273 2410053     cutoff   41         0.02734    0.04055  48.3%  39.9 7400s
 22238044 2410873    0.02909   43   59    0.02734    0.04054  48.3%  39.9 7405s
 22253043 2411655     cutoff   53         0.02734    0.04054  48.2%  39.9 7410s
 22270153 2412467     cutoff   39         0.02734    0.04053  48.2%  39.9 7415s
 22287212 2413147     cutoff   44         0.02734    0.04052  48.2%  39.8 7420s
 22303440 2413702     cutoff   48         0.02734    0.04052  48.2%  39.8 7425s
 22320804 2414579    0.02908   43   44    0.02734    0.04051  48.1%  39.8 7430s
 22338352 2415497    0.02799   51   46    0.02734    0.04050  48.1%  39.8 7435s
 22355335 2416141     cutoff   49         0.02734    0.04049  48.1%  39.8 7440s
 22372571 2416983     cutoff   47         0.02734    0.04048  48.1%  39.8 7445s
 22389804 2417771    0.02922   35   44    0.02734    0.04048  48.0%  39.8 7450s
 22406102 2418586     cutoff   44         0.02734    0.04047  48.0%  39.8 7455s
 22423843 2419256     cutoff   42         0.02734    0.04046  48.0%  39.8 7460s
 22440209 2420061    0.03277   41   57    0.02734    0.04045  47.9%  39.8 7465s
 22457525 2420705     cutoff   53         0.02734    0.04045  47.9%  39.8 7470s
 22474952 2421492     cutoff   49         0.02734    0.04044  47.9%  39.8 7475s
 22492334 2422508     cutoff   40         0.02734    0.04043  47.9%  39.8 7480s
 22507883 2423065     cutoff   44         0.02734    0.04042  47.8%  39.8 7485s
 22524601 2423834     cutoff   44         0.02734    0.04042  47.8%  39.8 7490s
 22541839 2424480     cutoff   39         0.02734    0.04041  47.8%  39.8 7495s
 22559206 2425429    0.02741   41   40    0.02734    0.04040  47.7%  39.8 7500s
 22576306 2426151    0.03117   38   46    0.02734    0.04039  47.7%  39.8 7505s
 22590191 2426746     cutoff   34         0.02734    0.04039  47.7%  39.8 7510s
 22606861 2427328     cutoff   41         0.02734    0.04038  47.7%  39.8 7515s
 22624368 2428161 infeasible   53         0.02734    0.04037  47.6%  39.8 7520s
 22642388 2429099    0.02813   40   66    0.02734    0.04036  47.6%  39.8 7525s
 22659278 2429828     cutoff   47         0.02734    0.04036  47.6%  39.7 7530s
 22676327 2430688    0.02806   44   59    0.02734    0.04035  47.6%  39.7 7535s
 22693143 2431526    0.03787   34   53    0.02734    0.04034  47.5%  39.7 7540s
 22710973 2432424    0.03305   37   55    0.02734    0.04033  47.5%  39.7 7545s
 22727243 2433270    0.02998   44   54    0.02734    0.04033  47.5%  39.7 7550s
 22744325 2434042     cutoff   36         0.02734    0.04032  47.5%  39.7 7555s
 22761070 2434614     cutoff   43         0.02734    0.04031  47.4%  39.7 7560s
 22777777 2435459    0.03716   37   54    0.02734    0.04030  47.4%  39.7 7565s
 22794518 2436307     cutoff   35         0.02734    0.04030  47.4%  39.7 7570s
 22808766 2436923     cutoff   38         0.02734    0.04029  47.3%  39.7 7575s
 22824315 2437696    0.02776   43   46    0.02734    0.04029  47.3%  39.7 7580s
 22841404 2438484     cutoff   42         0.02734    0.04028  47.3%  39.7 7585s
 22858515 2439356    0.03415   36   62    0.02734    0.04027  47.3%  39.7 7590s
 22876300 2440063     cutoff   52         0.02734    0.04026  47.2%  39.7 7595s
 22893290 2441351     cutoff   51         0.02734    0.04026  47.2%  39.7 7600s
 22911387 2443813    0.03010   90   10    0.02734    0.04025  47.2%  39.7 7605s
 22929877 2445517     cutoff   35         0.02734    0.04024  47.2%  39.7 7610s
 22946517 2446412     cutoff   69         0.02734    0.04024  47.1%  39.7 7615s
 22962348 2447357    0.02969   42   56    0.02734    0.04023  47.1%  39.7 7620s
 22980210 2448719    0.02877   41   58    0.02734    0.04022  47.1%  39.7 7625s
 22995897 2449525    0.03142   35   66    0.02734    0.04022  47.1%  39.6 7630s
 23013617 2451010     cutoff   41         0.02734    0.04021  47.1%  39.6 7635s
 23029776 2451616    0.03340   39   50    0.02734    0.04020  47.0%  39.6 7640s
 23045920 2452758    0.03557   43   57    0.02734    0.04020  47.0%  39.6 7645s
 23062444 2453768     cutoff   47         0.02734    0.04019  47.0%  39.6 7650s
 23079707 2454490    0.02964   44   60    0.02734    0.04018  46.9%  39.6 7655s
 23095896 2455240     cutoff   37         0.02734    0.04018  46.9%  39.6 7660s
 23113468 2456058    0.03689   38   57    0.02734    0.04017  46.9%  39.6 7665s
 23129260 2456698     cutoff   32         0.02734    0.04016  46.9%  39.6 7670s
 23146510 2457413    0.03409   41   54    0.02734    0.04015  46.8%  39.6 7675s
 23162700 2458084     cutoff   42         0.02734    0.04015  46.8%  39.6 7680s
 23179981 2458924    0.03656   36   55    0.02734    0.04014  46.8%  39.6 7685s
 23196286 2459558     cutoff   39         0.02734    0.04013  46.8%  39.6 7690s
 23214297 2460478     cutoff   39         0.02734    0.04013  46.7%  39.6 7695s
 23229742 2461087    0.03216   40   59    0.02734    0.04012  46.7%  39.6 7700s
 23247654 2461963    0.03651   50   64    0.02734    0.04011  46.7%  39.6 7705s
 23264324 2462767     cutoff   51         0.02734    0.04011  46.7%  39.6 7710s
 23282619 2463621     cutoff   43         0.02734    0.04010  46.6%  39.6 7715s
 23297703 2464435     cutoff   44         0.02734    0.04009  46.6%  39.6 7720s
 23315667 2465267    0.03877   31   62    0.02734    0.04009  46.6%  39.6 7725s
 23332563 2466187     cutoff   41         0.02734    0.04008  46.6%  39.6 7730s
 23349985 2467100    0.03274   40   52    0.02734    0.04007  46.5%  39.6 7735s
 23365376 2467744    0.02786   46   53    0.02734    0.04007  46.5%  39.5 7740s
 23380186 2468484     cutoff   43         0.02734    0.04006  46.5%  39.5 7745s
 23397699 2469221     cutoff   50         0.02734    0.04005  46.5%  39.5 7750s
 23414924 2470172    0.02861   43   54    0.02734    0.04005  46.4%  39.5 7755s
 23432388 2470953    0.03951   41   52    0.02734    0.04004  46.4%  39.5 7760s
 23448474 2471831     cutoff   36         0.02734    0.04003  46.4%  39.5 7765s
 23463827 2472375    0.02858   44   52    0.02734    0.04003  46.4%  39.5 7770s
 23481201 2473111    0.03178   43   61    0.02734    0.04002  46.3%  39.5 7775s
 23497763 2473830     cutoff   37         0.02734    0.04001  46.3%  39.5 7780s
 23515137 2474631    0.03276   40   57    0.02734    0.04000  46.3%  39.5 7785s
 23532789 2475731    0.02999   31   54    0.02734    0.04000  46.3%  39.5 7790s
 23548123 2476660    0.03644   40   64    0.02734    0.03999  46.2%  39.5 7795s
 23565181 2477451     cutoff   42         0.02734    0.03998  46.2%  39.5 7800s
 23582382 2478370 infeasible   41         0.02734    0.03998  46.2%  39.5 7805s
 23599383 2479112     cutoff   42         0.02734    0.03997  46.2%  39.5 7810s
 23615946 2479892     cutoff   50         0.02734    0.03996  46.2%  39.5 7815s
 23633757 2480937     cutoff   41         0.02734    0.03996  46.1%  39.5 7820s
 23651415 2481755     cutoff   39         0.02734    0.03995  46.1%  39.5 7825s
 23668033 2482570     cutoff   41         0.02734    0.03994  46.1%  39.5 7830s
 23682939 2483407     cutoff   46         0.02734    0.03994  46.1%  39.5 7835s
 23700295 2484224    0.03648   43   57    0.02734    0.03993  46.0%  39.5 7840s
 23717354 2485039     cutoff   41         0.02734    0.03992  46.0%  39.5 7845s
 23734752 2486158    0.02914   41   56    0.02734    0.03992  46.0%  39.4 7850s
 23750392 2486796    0.02868   46   54    0.02734    0.03991  46.0%  39.4 7855s
 23767087 2487391    0.02753   45   58    0.02734    0.03990  45.9%  39.4 7860s
 23784382 2488189    0.02789   36   55    0.02734    0.03990  45.9%  39.4 7865s
 23799931 2488938    0.02969   42   62    0.02734    0.03989  45.9%  39.4 7870s
 23817506 2489880    0.03402   45   58    0.02734    0.03989  45.9%  39.4 7875s
 23834383 2490615     cutoff   39         0.02734    0.03988  45.8%  39.4 7880s
 23856494 2493418    0.03691   31   63    0.02734    0.03988  45.8%  39.4 7885s
 23873807 2494289     cutoff   40         0.02734    0.03987  45.8%  39.4 7890s
 23888016 2495015     cutoff   40         0.02734    0.03987  45.8%  39.4 7895s
 23902940 2495849     cutoff   43         0.02734    0.03986  45.8%  39.4 7900s
 23920467 2496666    0.02839   49   37    0.02734    0.03985  45.7%  39.4 7905s
 23938709 2497499    0.03173   41   60    0.02734    0.03985  45.7%  39.4 7910s
 23955910 2498424     cutoff   41         0.02734    0.03984  45.7%  39.4 7915s
 23973455 2499271    0.03287   39   58    0.02734    0.03983  45.7%  39.4 7920s
 23991730 2500165     cutoff   36         0.02734    0.03983  45.6%  39.4 7925s
 24010467 2501018     cutoff   36         0.02734    0.03982  45.6%  39.4 7930s
 24027418 2501871    0.03790   35   54    0.02734    0.03981  45.6%  39.4 7935s
 24044865 2502584     cutoff   39         0.02734    0.03981  45.6%  39.4 7940s
 24062973 2503164    0.03277   45   48    0.02734    0.03980  45.5%  39.3 7945s
 24079906 2503948    0.02821   40   51    0.02734    0.03979  45.5%  39.3 7950s
 24096583 2504712     cutoff   41         0.02734    0.03979  45.5%  39.3 7955s
 24113170 2505378     cutoff   46         0.02734    0.03978  45.5%  39.3 7960s
 24131246 2506365    0.02741   65   22    0.02734    0.03977  45.4%  39.3 7965s
 24147828 2507468    0.03726   45   59    0.02734    0.03977  45.4%  39.3 7970s
 24165206 2508339     cutoff   43         0.02734    0.03976  45.4%  39.3 7975s
 24183383 2509253     cutoff   40         0.02734    0.03975  45.4%  39.3 7980s
 24200984 2510082     cutoff   42         0.02734    0.03975  45.3%  39.3 7985s
 24217620 2510778     cutoff   47         0.02734    0.03974  45.3%  39.3 7990s
 24234482 2511582    0.03611   41   58    0.02734    0.03973  45.3%  39.3 7995s
 24252104 2512369 infeasible   46         0.02734    0.03973  45.3%  39.3 8000s
 24269550 2513238     cutoff   38         0.02734    0.03972  45.3%  39.3 8005s
 24287119 2514197    0.02940   42   52    0.02734    0.03971  45.2%  39.3 8010s
 24302207 2514951    0.02965   44   53    0.02734    0.03971  45.2%  39.3 8015s
 24319697 2515609     cutoff   36         0.02734    0.03970  45.2%  39.3 8020s
 24337698 2516323    0.03290   39   57    0.02734    0.03969  45.2%  39.3 8025s
 24354578 2517100     cutoff   39         0.02734    0.03969  45.1%  39.3 8030s
 24370024 2517843     cutoff   40         0.02734    0.03968  45.1%  39.3 8035s
 24388849 2518950    0.03597   44   67    0.02734    0.03967  45.1%  39.3 8040s
 24406526 2519892    0.03412   41   60    0.02734    0.03967  45.1%  39.3 8045s
 24424487 2520714    0.03845   45   49    0.02734    0.03966  45.0%  39.2 8050s
 24438269 2521366    0.03368   42   65    0.02734    0.03966  45.0%  39.2 8055s
 24454332 2522026     cutoff   46         0.02734    0.03965  45.0%  39.2 8060s
 24473214 2522937     cutoff   40         0.02734    0.03964  45.0%  39.2 8065s
 24490615 2523875    0.03451   47   57    0.02734    0.03964  45.0%  39.2 8070s
 24508567 2524615    0.02835   40   64    0.02734    0.03963  44.9%  39.2 8075s
 24526874 2525415    0.02857   36   59    0.02734    0.03962  44.9%  39.2 8080s
 24545791 2526523     cutoff   40         0.02734    0.03962  44.9%  39.2 8085s
 24563440 2527225    0.03410   35   52    0.02734    0.03961  44.9%  39.2 8090s
 24578971 2528121     cutoff   42         0.02734    0.03960  44.8%  39.2 8095s
 24596685 2528815     cutoff   45         0.02734    0.03960  44.8%  39.2 8100s
 24614730 2529805     cutoff   39         0.02734    0.03959  44.8%  39.2 8105s
 24633167 2530780    0.03673   35   52    0.02734    0.03959  44.8%  39.2 8110s
 24651291 2531590    0.02908   31   58    0.02734    0.03958  44.7%  39.2 8115s
 24667645 2532382    0.02741   40   60    0.02734    0.03957  44.7%  39.2 8120s
 24685914 2533212    0.03367   42   52    0.02734    0.03957  44.7%  39.2 8125s
 24703916 2533872    0.03352   39   54    0.02734    0.03956  44.7%  39.2 8130s
 24722050 2534544     cutoff   45         0.02734    0.03955  44.6%  39.2 8135s
 24737727 2535147    0.03181   47   46    0.02734    0.03955  44.6%  39.2 8140s
 24755902 2535823     cutoff   42         0.02734    0.03954  44.6%  39.2 8145s
 24775227 2536800    0.02813   45   52    0.02734    0.03953  44.6%  39.2 8150s
 24792970 2537680    0.03079   37   65    0.02734    0.03952  44.5%  39.1 8155s
 24809001 2538497     cutoff   41         0.02734    0.03952  44.5%  39.1 8160s
 24826986 2539558     cutoff   43         0.02734    0.03951  44.5%  39.1 8165s
 24845168 2540530    0.03160   47   59    0.02734    0.03951  44.5%  39.1 8170s
 24863768 2541490    0.03696   33   57    0.02734    0.03950  44.5%  39.1 8175s
 24879770 2542184    0.03936   40   54    0.02734    0.03949  44.4%  39.1 8180s
 24895035 2542843     cutoff   40         0.02734    0.03949  44.4%  39.1 8185s
 24911380 2543660     cutoff   46         0.02734    0.03948  44.4%  39.1 8190s
 24930201 2544865    0.03571   39   56    0.02734    0.03948  44.4%  39.1 8195s
 24949109 2545712     cutoff   47         0.02734    0.03947  44.3%  39.1 8200s
 24967902 2546556    0.03731   39   48    0.02734    0.03946  44.3%  39.1 8205s
 24985415 2547215    0.03154   42   41    0.02734    0.03946  44.3%  39.1 8210s
 25003229 2548034     cutoff   40         0.02734    0.03945  44.3%  39.1 8215s
 25022185 2549127    0.02968   37   52    0.02734    0.03944  44.2%  39.1 8220s
 25040260 2549929     cutoff   37         0.02734    0.03944  44.2%  39.1 8225s
 25058886 2550834     cutoff   41         0.02734    0.03943  44.2%  39.1 8230s
 25077266 2551755    0.03152   40   52    0.02734    0.03942  44.2%  39.1 8235s
 25094546 2552550    0.03616   35   63    0.02734    0.03942  44.2%  39.1 8240s
 25113199 2553464     cutoff   42         0.02734    0.03941  44.1%  39.1 8245s
 25129046 2554317     cutoff   46         0.02734    0.03941  44.1%  39.1 8250s
 25146750 2555083    0.03127   46   56    0.02734    0.03940  44.1%  39.0 8255s
 25164880 2555913     cutoff   49         0.02734    0.03939  44.1%  39.0 8260s
 25183762 2556798     cutoff   46         0.02734    0.03939  44.0%  39.0 8265s
 25201094 2557449    0.03468   31   52    0.02734    0.03938  44.0%  39.0 8270s
 25217986 2558238    0.03641   45   63    0.02734    0.03937  44.0%  39.0 8275s
 25234918 2559008     cutoff   42         0.02734    0.03937  44.0%  39.0 8280s
 25252943 2559790    0.02900   47   61    0.02734    0.03936  43.9%  39.0 8285s
 25267173 2560474     cutoff   42         0.02734    0.03936  43.9%  39.0 8290s
 25284925 2561265    0.02864   44   46    0.02734    0.03935  43.9%  39.0 8295s
 25303100 2561954    0.02781   46   39    0.02734    0.03934  43.9%  39.0 8300s
 25320537 2562694    0.02945   36   48    0.02734    0.03934  43.9%  39.0 8305s
 25336765 2563453    0.03130   54   37    0.02734    0.03933  43.8%  39.0 8310s
 25354486 2564091     cutoff   44         0.02734    0.03933  43.8%  39.0 8315s
 25372250 2564950     cutoff   38         0.02734    0.03932  43.8%  39.0 8320s
 25389756 2565827    0.02923   34   64    0.02734    0.03931  43.8%  39.0 8325s
 25408495 2566534    0.02903   46   35    0.02734    0.03931  43.7%  39.0 8330s
 25426675 2567561    0.03162   41   50    0.02734    0.03930  43.7%  39.0 8335s
 25444842 2568367    0.03524   39   54    0.02734    0.03929  43.7%  39.0 8340s
 25462922 2569127     cutoff   44         0.02734    0.03929  43.7%  39.0 8345s
 25476648 2569828    0.03693   44   59    0.02734    0.03928  43.7%  39.0 8350s
 25493797 2570527    0.02935   46   48    0.02734    0.03928  43.6%  39.0 8355s
 25511707 2571345    0.02897   38   55    0.02734    0.03927  43.6%  38.9 8360s
 25530077 2572139     cutoff   56         0.02734    0.03926  43.6%  38.9 8365s
 25548073 2572921     cutoff   39         0.02734    0.03926  43.6%  38.9 8370s
 25566056 2573783     cutoff   37         0.02734    0.03925  43.5%  38.9 8375s
 25581220 2574646    0.03017  100   13    0.02734    0.03925  43.5%  38.9 8380s
 25598834 2575464    0.03776   43   57    0.02734    0.03924  43.5%  38.9 8385s
 25617386 2576369     cutoff   47         0.02734    0.03923  43.5%  38.9 8390s
 25635857 2577239    0.03862   40   49    0.02734    0.03923  43.5%  38.9 8395s
 25653815 2578005    0.03454   43   61    0.02734    0.03922  43.4%  38.9 8400s
 25672087 2578675    0.03076   39   67    0.02734    0.03921  43.4%  38.9 8405s
 25689253 2579435    0.03122   59   26    0.02734    0.03921  43.4%  38.9 8410s
 25705943 2579986    0.02948   45   52    0.02734    0.03920  43.4%  38.9 8415s
 25724892 2580858    0.03160   46   58    0.02734    0.03920  43.3%  38.9 8420s
 25742559 2581661     cutoff   40         0.02734    0.03919  43.3%  38.9 8425s
 25761319 2582221     cutoff   51         0.02734    0.03918  43.3%  38.9 8430s
 25778988 2583197     cutoff   46         0.02734    0.03918  43.3%  38.9 8435s
 25796575 2583957     cutoff   44         0.02734    0.03917  43.3%  38.9 8440s
 25815154 2584772     cutoff   38         0.02734    0.03917  43.2%  38.9 8445s
 25827796 2585284    0.03171   42   53    0.02734    0.03916  43.2%  38.9 8450s
 25845157 2586104    0.03242   44   56    0.02734    0.03916  43.2%  38.9 8455s
 25865090 2586976     cutoff   41         0.02734    0.03915  43.2%  38.9 8460s
 25882991 2587809    0.03035   37   55    0.02734    0.03914  43.1%  38.8 8465s
H25891455 2588182                       0.0273445    0.03914  43.1%  38.8 8467s
 25899812 2588488 infeasible   38         0.02734    0.03914  43.1%  38.8 8470s
 25917785 2589103    0.02767   44   63    0.02734    0.03913  43.1%  38.8 8475s
 25935357 2589916    0.03082   41   60    0.02734    0.03912  43.1%  38.8 8480s
 25954410 2590752    0.03798   36   58    0.02734    0.03912  43.1%  38.8 8485s
 25972479 2591584    0.02782   37   60    0.02734    0.03911  43.0%  38.8 8490s
 25990170 2592232    0.03159   43   57    0.02734    0.03911  43.0%  38.8 8495s
 26008525 2593234    0.02941   47   57    0.02734    0.03910  43.0%  38.8 8500s
 26026025 2593862    0.03154   45   60    0.02734    0.03909  43.0%  38.8 8505s
 26044647 2594606     cutoff   46         0.02734    0.03909  42.9%  38.8 8510s
 26061484 2595447     cutoff   41         0.02734    0.03908  42.9%  38.8 8515s
 26079627 2596295     cutoff   43         0.02734    0.03908  42.9%  38.8 8520s
 26097632 2597123    0.02843   37   61    0.02734    0.03907  42.9%  38.8 8525s
 26114115 2597802    0.02965   43   51    0.02734    0.03906  42.9%  38.8 8530s
 26131037 2598471     cutoff   46         0.02734    0.03906  42.8%  38.8 8535s
 26148825 2599139     cutoff   51         0.02734    0.03905  42.8%  38.8 8540s
 26166554 2599793    0.02790   40   55    0.02734    0.03905  42.8%  38.8 8545s
 26183525 2600456    0.02944   44   55    0.02734    0.03904  42.8%  38.8 8550s
 26200898 2601171    0.03211   40   56    0.02734    0.03903  42.8%  38.8 8555s
 26219371 2602084    0.02787   42   56    0.02734    0.03903  42.7%  38.8 8560s
 26238061 2602812     cutoff   43         0.02734    0.03902  42.7%  38.8 8565s
 26251672 2603388    0.03414   41   58    0.02734    0.03902  42.7%  38.7 8570s
 26270238 2604313    0.02878   44   61    0.02734    0.03901  42.7%  38.7 8575s
 26288499 2605208    0.02762   41   54    0.02734    0.03901  42.6%  38.7 8580s
 26307283 2606091    0.02966   44   62    0.02734    0.03900  42.6%  38.7 8585s
 26325014 2606797     cutoff   43         0.02734    0.03899  42.6%  38.7 8590s
 26343113 2607483     cutoff   44         0.02734    0.03899  42.6%  38.7 8595s
 26359760 2608428     cutoff   45         0.02734    0.03898  42.6%  38.7 8600s
 26378849 2609056     cutoff   44         0.02734    0.03898  42.5%  38.7 8605s
 26397420 2609886    0.02897   39   54    0.02734    0.03897  42.5%  38.7 8610s
 26416402 2610762    0.02893   41   62    0.02734    0.03897  42.5%  38.7 8615s
 26434476 2611604     cutoff   38         0.02734    0.03896  42.5%  38.7 8620s
 26453025 2612539    0.03588   38   51    0.02734    0.03895  42.5%  38.7 8625s
 26471604 2613412    0.02849   38   55    0.02734    0.03895  42.4%  38.7 8630s
 26488966 2614201    0.03620   35   58    0.02734    0.03894  42.4%  38.7 8635s
 26505564 2614817    0.03876   40   60    0.02734    0.03894  42.4%  38.7 8640s
 26523941 2615415    0.03892   39   54    0.02734    0.03893  42.4%  38.7 8645s
 26541268 2616057    0.03067   40   53    0.02734    0.03892  42.3%  38.7 8650s
 26559130 2616895    0.03278   38   64    0.02734    0.03892  42.3%  38.7 8655s
 26577422 2617622    0.03021   40   60    0.02734    0.03891  42.3%  38.7 8660s
 26593162 2618146    0.03613   49   63    0.02734    0.03891  42.3%  38.7 8665s
 26610959 2618855     cutoff   34         0.02734    0.03890  42.3%  38.6 8670s
 26629229 2619682    0.02945   46   50    0.02734    0.03890  42.2%  38.6 8675s
 26646913 2620486     cutoff   39         0.02734    0.03889  42.2%  38.6 8680s
 26663018 2621055    0.03600   42   51    0.02734    0.03888  42.2%  38.6 8685s
 26681021 2621788     cutoff   42         0.02734    0.03888  42.2%  38.6 8690s
 26699348 2622482    0.03342   43   56    0.02734    0.03887  42.2%  38.6 8695s
 26714318 2623182     cutoff   42         0.02734    0.03887  42.1%  38.6 8700s
 26730136 2623744    0.03761   33   55    0.02734    0.03886  42.1%  38.6 8705s
 26746979 2624590    0.03494   35   58    0.02734    0.03886  42.1%  38.6 8710s
 26765302 2625252     cutoff   35         0.02734    0.03885  42.1%  38.6 8715s
 26782155 2625807     cutoff   50         0.02734    0.03885  42.1%  38.6 8720s
 26801014 2626664    0.03372   36   59    0.02734    0.03884  42.0%  38.6 8725s
 26818919 2627290    0.03621   35   62    0.02734    0.03883  42.0%  38.6 8730s
 26836325 2628099     cutoff   46         0.02734    0.03883  42.0%  38.6 8735s
 26854900 2628855    0.03144   66   30    0.02734    0.03882  42.0%  38.6 8740s
 26870673 2629550     cutoff   51         0.02734    0.03882  42.0%  38.6 8745s
 26889273 2630253    0.03410   42   53    0.02734    0.03881  41.9%  38.6 8750s
 26907833 2630975     cutoff   48         0.02734    0.03880  41.9%  38.6 8755s
 26923736 2631536     cutoff   44         0.02734    0.03880  41.9%  38.6 8760s
 26941096 2632145     cutoff   42         0.02734    0.03879  41.9%  38.6 8765s
 26958811 2632817    0.03445   49   67    0.02734    0.03879  41.8%  38.6 8770s
 26976046 2633777    0.02992   45   53    0.02734    0.03878  41.8%  38.6 8775s
 26992357 2634420     cutoff   38         0.02734    0.03878  41.8%  38.6 8780s
 27010285 2635096     cutoff   50         0.02734    0.03877  41.8%  38.5 8785s
 27028277 2635808    0.03133   31   67    0.02734    0.03877  41.8%  38.5 8790s
 27046301 2636396    0.03352   35   57    0.02734    0.03876  41.7%  38.5 8795s
 27062998 2637238    0.03470   44   59    0.02734    0.03875  41.7%  38.5 8801s
 27080249 2637588    0.03751   42   63    0.02734    0.03875  41.7%  38.5 8805s
 27095878 2638250     cutoff   42         0.02734    0.03874  41.7%  38.5 8810s
 27114459 2638950    0.02769   42   52    0.02734    0.03874  41.7%  38.5 8815s
 27130268 2639603     cutoff   42         0.02734    0.03873  41.6%  38.5 8820s
 27148538 2640533    0.02740   43   42    0.02734    0.03873  41.6%  38.5 8825s
 27164898 2641130     cutoff   44         0.02734    0.03872  41.6%  38.5 8830s
 27183011 2641828    0.03096   42   41    0.02734    0.03872  41.6%  38.5 8835s
 27200613 2642572    0.02739   30   57    0.02734    0.03871  41.6%  38.5 8840s
 27216735 2643389    0.03672   46   54    0.02734    0.03870  41.5%  38.5 8845s
 27235141 2644072     cutoff   46         0.02734    0.03870  41.5%  38.5 8850s
 27252990 2644874    0.03642   38   59    0.02734    0.03869  41.5%  38.5 8855s
 27269549 2645477     cutoff   49         0.02734    0.03869  41.5%  38.5 8860s
 27285436 2646325     cutoff   37         0.02734    0.03868  41.5%  38.5 8865s
 27302852 2647009     cutoff   45         0.02734    0.03868  41.4%  38.5 8870s
 27319628 2647643     cutoff   38         0.02734    0.03867  41.4%  38.5 8875s
 27334158 2648190    0.03107   66   42    0.02734    0.03867  41.4%  38.5 8880s
 27350981 2648797    0.03087   43   52    0.02734    0.03866  41.4%  38.5 8885s
 27369041 2649413     cutoff   41         0.02734    0.03866  41.4%  38.5 8890s
 27386761 2650096    0.02946   39   59    0.02734    0.03865  41.3%  38.5 8895s
 27404419 2650838    0.03522   38   58    0.02734    0.03865  41.3%  38.4 8900s
 27420612 2651591    0.03802   38   58    0.02734    0.03864  41.3%  38.4 8905s
 27438139 2652288    0.03576   36   59    0.02734    0.03864  41.3%  38.4 8910s
 27455842 2652887    0.02846   43   50    0.02734    0.03863  41.3%  38.4 8915s
 27473665 2653651     cutoff   43         0.02734    0.03862  41.2%  38.4 8920s
 27489451 2654229    0.02968   35   55    0.02734    0.03862  41.2%  38.4 8925s
 27507080 2655022 infeasible   53         0.02734    0.03861  41.2%  38.4 8930s
 27524000 2655733     cutoff   46         0.02734    0.03861  41.2%  38.4 8935s
 27541978 2656597    0.02735   40   54    0.02734    0.03860  41.2%  38.4 8940s
 27558298 2657344    0.02800   46   47    0.02734    0.03860  41.1%  38.4 8945s
 27576322 2657856    0.03072   45   64    0.02734    0.03859  41.1%  38.4 8950s
 27594313 2658334     cutoff   39         0.02734    0.03858  41.1%  38.4 8955s
 27610793 2658849    0.03275   40   64    0.02734    0.03858  41.1%  38.4 8960s
 27628528 2659847     cutoff   46         0.02734    0.03857  41.1%  38.4 8965s
 27645541 2660464    0.02915   43   53    0.02734    0.03857  41.0%  38.4 8970s
 27663455 2661107    0.02972   42   57    0.02734    0.03856  41.0%  38.4 8975s
 27680328 2661600    0.02791   42   55    0.02734    0.03856  41.0%  38.4 8980s
 27695870 2662101    0.03122   39   63    0.02734    0.03855  41.0%  38.4 8985s
 27713411 2662716    0.03442   38   56    0.02734    0.03855  41.0%  38.4 8990s
 27731176 2663553    0.03563   41   56    0.02734    0.03854  40.9%  38.4 8995s
 27749518 2664383    0.03836   40   47    0.02734    0.03854  40.9%  38.4 9000s
 27767989 2665066     cutoff   44         0.02734    0.03853  40.9%  38.4 9005s
 27784958 2665653    0.02910   38   59    0.02734    0.03852  40.9%  38.4 9010s
 27802372 2666079    0.03091   36   56    0.02734    0.03852  40.9%  38.3 9015s
 27819671 2666728     cutoff   34         0.02734    0.03851  40.8%  38.3 9020s
 27837623 2667419    0.03297   38   61    0.02734    0.03851  40.8%  38.3 9025s
 27850608 2667838     cutoff   36         0.02734    0.03850  40.8%  38.3 9030s
 27867081 2668408     cutoff   53         0.02734    0.03850  40.8%  38.3 9035s
 27885097 2669617     cutoff   37         0.02734    0.03849  40.8%  38.3 9040s
 27902559 2670069    0.03287   46   48    0.02734    0.03849  40.8%  38.3 9045s
 27919840 2670760     cutoff   42         0.02734    0.03848  40.7%  38.3 9050s
 27937987 2671272     cutoff   47         0.02734    0.03848  40.7%  38.3 9055s
 27955409 2671768    0.02826   48   57    0.02734    0.03847  40.7%  38.3 9060s
 27973054 2672423    0.03821   44   58    0.02734    0.03847  40.7%  38.3 9065s
 27990841 2673128     cutoff   42         0.02734    0.03846  40.7%  38.3 9070s
 28007675 2673662    0.03004   41   59    0.02734    0.03845  40.6%  38.3 9075s
 28024913 2674392    0.03184   47   47    0.02734    0.03845  40.6%  38.3 9080s
 28041697 2674934    0.03503   37   58    0.02734    0.03844  40.6%  38.3 9085s
 28056383 2675474    0.02902   34   56    0.02734    0.03844  40.6%  38.3 9090s
 28074037 2676083     cutoff   38         0.02734    0.03843  40.6%  38.3 9095s
 28090161 2676765    0.03137   39   60    0.02734    0.03843  40.5%  38.3 9100s
 28107522 2677354    0.02783   37   53    0.02734    0.03842  40.5%  38.3 9105s
 28119015 2677937    0.03482   40   54    0.02734    0.03842  40.5%  38.3 9110s
 28134987 2678439     cutoff   43         0.02734    0.03842  40.5%  38.3 9115s
 28153306 2679205    0.03363   34   62    0.02734    0.03841  40.5%  38.3 9120s
 28171498 2679868     cutoff   37         0.02734    0.03840  40.4%  38.3 9125s
 28188637 2680501     cutoff   32         0.02734    0.03840  40.4%  38.3 9130s
 28206309 2681079     cutoff   51         0.02734    0.03839  40.4%  38.3 9135s
 28223826 2681646    0.03185   46   60    0.02734    0.03839  40.4%  38.2 9140s
 28239945 2682240     cutoff   42         0.02734    0.03838  40.4%  38.2 9145s
 28257072 2682822     cutoff   44         0.02734    0.03838  40.3%  38.2 9150s
 28274064 2683315    0.03439   33   51    0.02734    0.03837  40.3%  38.2 9155s
 28290947 2683816 infeasible   38         0.02734    0.03837  40.3%  38.2 9160s
 28308688 2684435    0.03433   43   56    0.02734    0.03836  40.3%  38.2 9165s
 28323990 2684889     cutoff   45         0.02734    0.03836  40.3%  38.2 9170s
 28341009 2685474     cutoff   46         0.02734    0.03835  40.3%  38.2 9175s
 28358524 2686113    0.02809   36   50    0.02734    0.03835  40.2%  38.2 9180s
 28375776 2686621    0.03016   43   63    0.02734    0.03834  40.2%  38.2 9185s
 28392630 2687274    0.02846   46   57    0.02734    0.03834  40.2%  38.2 9190s
 28409730 2687853    0.03278   40   61    0.02734    0.03833  40.2%  38.2 9195s
 28427626 2688468     cutoff   39         0.02734    0.03833  40.2%  38.2 9200s
 28443744 2689068     cutoff   45         0.02734    0.03832  40.1%  38.2 9205s
 28460332 2689737    0.03287   43   47    0.02734    0.03832  40.1%  38.2 9210s
 28478398 2690262    0.03510   42   47    0.02734    0.03831  40.1%  38.2 9215s
 28496045 2690786    0.03104   38   65    0.02734    0.03830  40.1%  38.2 9220s
 28511789 2691426    0.02800   41   46    0.02734    0.03830  40.1%  38.2 9225s
 28529816 2692381     cutoff   44         0.02734    0.03829  40.0%  38.2 9230s
 28546748 2692984     cutoff   48         0.02734    0.03829  40.0%  38.2 9235s
 28564010 2693567    0.03077   39   61    0.02734    0.03828  40.0%  38.2 9240s
 28579917 2693978    0.02908   37   61    0.02734    0.03828  40.0%  38.2 9245s
 28597128 2694899     cutoff   33         0.02734    0.03827  40.0%  38.2 9250s
 28614982 2695531    0.02903   39   54    0.02734    0.03827  39.9%  38.2 9255s
 28631431 2695935    0.02866   40   60    0.02734    0.03826  39.9%  38.1 9260s
 28647104 2696458 infeasible   42         0.02734    0.03826  39.9%  38.1 9265s
 28665110 2697046    0.03538   42   61    0.02734    0.03825  39.9%  38.1 9270s
 28683262 2697520     cutoff   49         0.02734    0.03825  39.9%  38.1 9275s
 28701209 2698059    0.02998   39   50    0.02734    0.03824  39.9%  38.1 9280s
 28718022 2698667    0.03212   46   62    0.02734    0.03824  39.8%  38.1 9285s
 28736493 2699231    0.03694   37   54    0.02734    0.03823  39.8%  38.1 9290s
 28754934 2699765    0.02908   37   49    0.02734    0.03823  39.8%  38.1 9295s
 28771741 2700541    0.02998   43   48    0.02734    0.03822  39.8%  38.1 9300s
 28790776 2701155    0.03041   56   46    0.02734    0.03821  39.8%  38.1 9305s
 28809882 2701769    0.02899   57   16    0.02734    0.03821  39.7%  38.1 9310s
 28828249 2702509 infeasible   40         0.02734    0.03820  39.7%  38.1 9315s
 28842213 2702903    0.02941   40   62    0.02734    0.03820  39.7%  38.1 9320s
 28859157 2703501     cutoff   51         0.02734    0.03819  39.7%  38.1 9325s
 28877725 2703944     cutoff   39         0.02734    0.03819  39.7%  38.1 9330s
 28895630 2704527    0.03358   39   51    0.02734    0.03818  39.6%  38.1 9335s
 28914327 2705327     cutoff   42         0.02734    0.03818  39.6%  38.1 9340s
 28933292 2706071     cutoff   52         0.02734    0.03817  39.6%  38.1 9345s
 28952354 2706738 infeasible   36         0.02734    0.03817  39.6%  38.1 9350s
 28970560 2707191    0.03010   45   52    0.02734    0.03816  39.6%  38.1 9355s
 28988974 2707697    0.02877   47   49    0.02734    0.03815  39.5%  38.1 9360s
 29007693 2708244    0.03426   39   49    0.02734    0.03815  39.5%  38.1 9365s
 29026497 2708819     cutoff   41         0.02734    0.03814  39.5%  38.1 9370s
 29045295 2709296     cutoff   45         0.02734    0.03814  39.5%  38.1 9375s
 29063316 2709792     cutoff   48         0.02734    0.03813  39.5%  38.0 9380s
 29081172 2710321    0.02831   38   62    0.02734    0.03813  39.4%  38.0 9385s
 29098228 2710881     cutoff   42         0.02734    0.03812  39.4%  38.0 9390s
 29116750 2711527    0.03594   39   52    0.02734    0.03812  39.4%  38.0 9395s
 29133770 2712105 infeasible   39         0.02734    0.03811  39.4%  38.0 9400s
 29151869 2712699     cutoff   44         0.02734    0.03811  39.4%  38.0 9405s
 29170760 2713219     cutoff   43         0.02734    0.03810  39.3%  38.0 9410s
 29188952 2713557    0.02810   48   39    0.02734    0.03809  39.3%  38.0 9415s
 29202841 2713978    0.03596   40   53    0.02734    0.03809  39.3%  38.0 9420s
 29221352 2714379    0.03282   39   58    0.02734    0.03808  39.3%  38.0 9425s
 29239410 2714982     cutoff   41         0.02734    0.03808  39.3%  38.0 9430s
 29256914 2715497     cutoff   37         0.02734    0.03807  39.2%  38.0 9435s
 29276968 2716112    0.03463   42   63    0.02734    0.03807  39.2%  38.0 9440s
 29295194 2716704    0.03114   41   41    0.02734    0.03806  39.2%  38.0 9445s
 29313606 2717215     cutoff   49         0.02734    0.03806  39.2%  38.0 9450s
 29333056 2717887    0.03035   33   43    0.02734    0.03805  39.2%  38.0 9455s
 29350166 2718345    0.03563   43   58    0.02734    0.03805  39.1%  38.0 9460s
 29368200 2718981    0.02822   41   51    0.02734    0.03804  39.1%  38.0 9465s
 29386611 2719794     cutoff   39         0.02734    0.03804  39.1%  38.0 9470s
 29405910 2720402    0.03340   40   56    0.02734    0.03803  39.1%  38.0 9475s
 29424694 2721068    0.02902   39   46    0.02734    0.03803  39.1%  38.0 9480s
 29442855 2721659     cutoff   44         0.02734    0.03802  39.0%  38.0 9485s
 29461101 2722314     cutoff   37         0.02734    0.03802  39.0%  38.0 9490s
 29480071 2722861    0.03121   40   56    0.02734    0.03801  39.0%  37.9 9495s
 29498239 2723481    0.03799   43   52    0.02734    0.03800  39.0%  37.9 9500s
 29511962 2723822    0.02780   46   51    0.02734    0.03800  39.0%  37.9 9505s
 29531115 2724323    0.03437   39   59    0.02734    0.03800  39.0%  37.9 9510s
 29549277 2724705     cutoff   43         0.02734    0.03799  38.9%  37.9 9515s
 29565548 2725139     cutoff   44         0.02734    0.03799  38.9%  37.9 9520s
 29580517 2725546    0.02756   45   59    0.02734    0.03798  38.9%  37.9 9525s
 29599574 2726091     cutoff   38         0.02734    0.03798  38.9%  37.9 9530s
 29618023 2726685     cutoff   38         0.02734    0.03797  38.9%  37.9 9535s
 29635343 2727266    0.03785   40   51    0.02734    0.03796  38.8%  37.9 9540s
 29653170 2727888     cutoff   49         0.02734    0.03796  38.8%  37.9 9545s
 29671680 2728533    0.03061   42   43    0.02734    0.03795  38.8%  37.9 9550s
 29691418 2729376     cutoff   45         0.02734    0.03795  38.8%  37.9 9555s
 29709360 2729915     cutoff   40         0.02734    0.03794  38.8%  37.9 9560s
 29728761 2730820     cutoff   49         0.02734    0.03794  38.7%  37.9 9565s
 29746830 2731396     cutoff   45         0.02734    0.03793  38.7%  37.9 9570s
 29766051 2731930     cutoff   49         0.02734    0.03793  38.7%  37.9 9575s
 29780866 2732365     cutoff   43         0.02734    0.03792  38.7%  37.9 9580s
 29799049 2732861    0.03510   38   50    0.02734    0.03792  38.7%  37.9 9585s
 29818166 2733475    0.03222   36   57    0.02734    0.03791  38.6%  37.9 9590s
 29837102 2734056     cutoff   38         0.02734    0.03791  38.6%  37.9 9595s
 29856235 2734810    0.02908   45   35    0.02734    0.03790  38.6%  37.9 9600s
 29874658 2735218    0.02981   44   47    0.02734    0.03790  38.6%  37.9 9605s
 29893087 2735635    0.03293   39   55    0.02734    0.03789  38.6%  37.8 9610s
 29911542 2736272    0.02850   39   54    0.02734    0.03788  38.5%  37.8 9615s
 29930220 2736765    0.03498   33   56    0.02734    0.03788  38.5%  37.8 9620s
 29949972 2737403     cutoff   51         0.02734    0.03787  38.5%  37.8 9625s
 29969162 2738107     cutoff   46         0.02734    0.03787  38.5%  37.8 9630s
 29985457 2738600    0.03080   37   58    0.02734    0.03786  38.5%  37.8 9635s
 30004030 2739041    0.02967   36   49    0.02734    0.03786  38.4%  37.8 9640s
 30023284 2739508    0.03122   47   58    0.02734    0.03785  38.4%  37.8 9645s
 30040850 2740130     cutoff   40         0.02734    0.03785  38.4%  37.8 9650s
 30058698 2740604     cutoff   42         0.02734    0.03784  38.4%  37.8 9655s
 30077749 2741370    0.03780   35   52    0.02734    0.03784  38.4%  37.8 9660s
 30096814 2741948    0.02815   39   48    0.02734    0.03783  38.4%  37.8 9665s
 30110867 2742521    0.03047   43   62    0.02734    0.03783  38.3%  37.8 9670s
 30126479 2743300    0.03090   42   59    0.02734    0.03782  38.3%  37.8 9675s
 30144863 2743877     cutoff   45         0.02734    0.03782  38.3%  37.8 9680s
 30164321 2744458     cutoff   45         0.02734    0.03781  38.3%  37.8 9685s
 30183081 2745338     cutoff   42         0.02734    0.03781  38.3%  37.8 9690s
 30201428 2745865     cutoff   44         0.02734    0.03780  38.2%  37.8 9695s
 30219745 2746620     cutoff   41         0.02734    0.03780  38.2%  37.8 9700s
 30238224 2747181    0.03556   40   62    0.02734    0.03779  38.2%  37.8 9705s
 30256799 2747648     cutoff   38         0.02734    0.03779  38.2%  37.8 9710s
 30275401 2748114     cutoff   41         0.02734    0.03778  38.2%  37.8 9715s
 30294717 2748618    0.03236   40   47    0.02734    0.03777  38.1%  37.8 9720s
 30313422 2749494    0.03023   47   60    0.02734    0.03777  38.1%  37.7 9725s
 30332429 2750199     cutoff   43         0.02734    0.03776  38.1%  37.7 9730s
 30351413 2750794     cutoff   45         0.02734    0.03776  38.1%  37.7 9735s
 30369789 2751476     cutoff   42         0.02734    0.03775  38.1%  37.7 9740s
 30388588 2752130     cutoff   44         0.02734    0.03775  38.0%  37.7 9745s
 30407744 2753532     cutoff   41         0.02734    0.03774  38.0%  37.7 9750s
 30427068 2753977     cutoff   39         0.02734    0.03774  38.0%  37.7 9755s
 30445807 2754488    0.03006   35   57    0.02734    0.03773  38.0%  37.7 9760s
 30462893 2754837     cutoff   37         0.02734    0.03773  38.0%  37.7 9765s
 30481642 2755596    0.03286   28   59    0.02734    0.03772  38.0%  37.7 9770s
 30500831 2756119    0.02826   49   45    0.02734    0.03772  37.9%  37.7 9775s
 30519705 2756961    0.03242   40   54    0.02734    0.03771  37.9%  37.7 9780s
 30536930 2757395     cutoff   42         0.02734    0.03771  37.9%  37.7 9785s
 30555278 2758173     cutoff   43         0.02734    0.03770  37.9%  37.7 9790s
 30574924 2758836    0.03090   44   53    0.02734    0.03770  37.9%  37.7 9795s
 30592228 2759360    0.02887   51   49    0.02734    0.03769  37.8%  37.7 9800s
 30606568 2759744     cutoff   49         0.02734    0.03769  37.8%  37.7 9805s
 30624969 2760491     cutoff   49         0.02734    0.03768  37.8%  37.7 9810s
 30644414 2761072     cutoff   46         0.02734    0.03768  37.8%  37.7 9815s
 30663822 2761763     cutoff   41         0.02734    0.03767  37.8%  37.7 9820s
 30681845 2762456    0.03375   47   60    0.02734    0.03767  37.8%  37.7 9825s
 30701175 2763044    0.03151   40   24    0.02734    0.03766  37.7%  37.7 9830s
 30720378 2763405    0.03285   48   48    0.02734    0.03766  37.7%  37.6 9835s
 30739194 2763966     cutoff   47         0.02734    0.03765  37.7%  37.6 9840s
 30758367 2764500     cutoff   44         0.02734    0.03765  37.7%  37.6 9845s
 30777382 2764918    0.03053   37   51    0.02734    0.03764  37.7%  37.6 9850s
 30796042 2765543    0.03134   49   57    0.02734    0.03763  37.6%  37.6 9855s
 30814996 2766301     cutoff   45         0.02734    0.03763  37.6%  37.6 9860s
 30831326 2766783    0.03614   34   65    0.02734    0.03762  37.6%  37.6 9865s
 30850157 2767403    0.03611   38   57    0.02734    0.03762  37.6%  37.6 9870s
 30868802 2768119    0.02781   42   54    0.02734    0.03761  37.6%  37.6 9875s
 30887958 2768742    0.03014   44   55    0.02734    0.03761  37.5%  37.6 9880s
 30906404 2769354    0.03132   42   59    0.02734    0.03760  37.5%  37.6 9885s
 30923832 2769854     cutoff   42         0.02734    0.03760  37.5%  37.6 9890s
 30942601 2770523     cutoff   45         0.02734    0.03759  37.5%  37.6 9895s
 30960779 2770994    0.03736   34   56    0.02734    0.03759  37.5%  37.6 9900s
 30978904 2771399     cutoff   41         0.02734    0.03758  37.4%  37.6 9905s
 30996202 2771809    0.02809   44   50    0.02734    0.03758  37.4%  37.6 9910s
 31015091 2772331    0.03752   38   60    0.02734    0.03757  37.4%  37.6 9915s
 31034385 2772923     cutoff   40         0.02734    0.03757  37.4%  37.6 9920s
 31051713 2773345    0.03546   45   54    0.02734    0.03756  37.4%  37.6 9925s
 31065068 2773640    0.03252   45   62    0.02734    0.03756  37.4%  37.6 9930s
 31082477 2774116    0.02789   47   55    0.02734    0.03755  37.3%  37.6 9935s
 31101621 2774633    0.02883   41   60    0.02734    0.03755  37.3%  37.6 9940s
 31119748 2775057     cutoff   43         0.02734    0.03754  37.3%  37.6 9945s
 31138049 2775548    0.03215   39   41    0.02734    0.03754  37.3%  37.6 9950s
 31156879 2775992    0.03383   39   62    0.02734    0.03753  37.3%  37.5 9955s
 31175504 2776562    0.03669   36   53    0.02734    0.03753  37.2%  37.5 9960s
 31193690 2777288    0.02798   43   47    0.02734    0.03752  37.2%  37.5 9965s
 31212371 2777853    0.02995   45   54    0.02734    0.03752  37.2%  37.5 9970s
 31230874 2778239     cutoff   41         0.02734    0.03751  37.2%  37.5 9975s
 31250922 2778705     cutoff   43         0.02734    0.03751  37.2%  37.5 9980s
 31269717 2779203     cutoff   38         0.02734    0.03750  37.1%  37.5 9985s
 31286809 2779925    0.02775   37   52    0.02734    0.03750  37.1%  37.5 9990s
 31299926 2780221    0.02913   39   55    0.02734    0.03749  37.1%  37.5 9995s
 31318751 2780689    0.03175   36   54    0.02734    0.03749  37.1%  37.5 10000s
 31337161 2781210     cutoff   38         0.02734    0.03748  37.1%  37.5 10005s
 31357358 2782067    0.02745   42   54    0.02734    0.03748  37.1%  37.5 10010s
 31375858 2782640     cutoff   47         0.02734    0.03747  37.0%  37.5 10015s
 31394684 2783332    0.03259   49   51    0.02734    0.03747  37.0%  37.5 10020s
 31413144 2783974     cutoff   39         0.02734    0.03746  37.0%  37.5 10025s
 31431664 2784329     cutoff   42         0.02734    0.03746  37.0%  37.5 10030s
 31450096 2784703     cutoff   45         0.02734    0.03745  37.0%  37.5 10035s
 31469386 2785281    0.02836   41   70    0.02734    0.03745  36.9%  37.5 10040s
 31488359 2785947    0.02910   37   54    0.02734    0.03744  36.9%  37.5 10045s
 31507634 2786474     cutoff   49         0.02734    0.03744  36.9%  37.5 10050s
 31525935 2787134    0.03370   47   58    0.02734    0.03743  36.9%  37.5 10055s
 31544528 2787849    0.03450   34   56    0.02734    0.03743  36.9%  37.5 10060s
 31558187 2788186     cutoff   45         0.02734    0.03742  36.9%  37.5 10065s
 31577126 2788628    0.03090   43   51    0.02734    0.03742  36.8%  37.5 10070s
 31595944 2789055     cutoff   52         0.02734    0.03741  36.8%  37.4 10075s
 31614116 2789535    0.03050   43   56    0.02734    0.03741  36.8%  37.4 10080s
 31632918 2790086     cutoff   42         0.02734    0.03740  36.8%  37.4 10085s
 31651462 2790630    0.03382   38   57    0.02734    0.03740  36.8%  37.4 10090s
 31669226 2791083     cutoff   38         0.02734    0.03739  36.7%  37.4 10095s
 31687365 2791496     cutoff   42         0.02734    0.03739  36.7%  37.4 10100s
 31706078 2792244    0.02871   42   49    0.02734    0.03738  36.7%  37.4 10105s
 31725308 2793103     cutoff   44         0.02734    0.03738  36.7%  37.4 10110s
 31744341 2794128    0.02754   48   57    0.02734    0.03737  36.7%  37.4 10115s
 31762359 2794933    0.02766   42   53    0.02734    0.03737  36.7%  37.4 10120s
 31781854 2795533    0.02823   48   40    0.02734    0.03737  36.6%  37.4 10125s
 31799411 2796212 infeasible   73         0.02734    0.03736  36.6%  37.4 10130s
 31818427 2797041     cutoff   52         0.02734    0.03736  36.6%  37.4 10135s
 31837744 2798825    0.02972   39   53    0.02734    0.03735  36.6%  37.4 10140s
 31856911 2799727     cutoff   49         0.02734    0.03735  36.6%  37.4 10145s
 31876173 2800306     cutoff   50         0.02734    0.03734  36.6%  37.4 10150s
 31893551 2800852    0.03699   45   61    0.02734    0.03734  36.5%  37.4 10155s
 31912400 2801423     cutoff   46         0.02734    0.03733  36.5%  37.4 10160s
 31930650 2802104    0.03684   45   62    0.02734    0.03733  36.5%  37.4 10165s
 31949977 2802648     cutoff   40         0.02734    0.03732  36.5%  37.4 10170s
 31963133 2803253    0.03014   37   55    0.02734    0.03732  36.5%  37.4 10175s
 31981327 2803955    0.03367   38   56    0.02734    0.03731  36.5%  37.4 10180s
 31998835 2804447    0.03092   43   43    0.02734    0.03731  36.4%  37.3 10185s
 32017597 2804875    0.02828   47   50    0.02734    0.03730  36.4%  37.3 10190s
 32035737 2805406    0.03107   56   48    0.02734    0.03730  36.4%  37.3 10195s
 32054167 2805836     cutoff   46         0.02734    0.03729  36.4%  37.3 10200s
 32072837 2806305     cutoff   38         0.02734    0.03729  36.4%  37.3 10205s
 32090149 2806942    0.03642   38   62    0.02734    0.03728  36.4%  37.3 10210s
 32108866 2807536    0.02748   56   19    0.02734    0.03728  36.3%  37.3 10215s
 32125812 2807887    0.03553   42   61    0.02734    0.03728  36.3%  37.3 10220s
 32144962 2808419    0.03169   41   68    0.02734    0.03727  36.3%  37.3 10225s
 32163011 2809058    0.03558   37   59    0.02734    0.03727  36.3%  37.3 10230s
 32181020 2809630    0.02910   40   40    0.02734    0.03726  36.3%  37.3 10235s
 32199462 2810346    0.02789   40   54    0.02734    0.03726  36.2%  37.3 10240s
 32217987 2810826    0.02759   48   50    0.02734    0.03725  36.2%  37.3 10245s
 32232121 2811382     cutoff   48         0.02734    0.03725  36.2%  37.3 10250s
 32250722 2811885    0.02823   39   68    0.02734    0.03724  36.2%  37.3 10255s
 32269182 2812400    0.03000   44   62    0.02734    0.03724  36.2%  37.3 10260s
 32285984 2813048    0.03325   43   63    0.02734    0.03723  36.2%  37.3 10265s
 32301764 2813628    0.02743   43   54    0.02734    0.03723  36.1%  37.3 10270s
 32320147 2814298    0.02998   43   55    0.02734    0.03722  36.1%  37.3 10275s
 32338644 2814815    0.03296   49   62    0.02734    0.03722  36.1%  37.3 10280s
 32357256 2815235     cutoff   49         0.02734    0.03721  36.1%  37.3 10285s
 32375710 2815859    0.02905   50   56    0.02734    0.03721  36.1%  37.3 10290s
 32393386 2816465     cutoff   46         0.02734    0.03721  36.1%  37.3 10295s
 32412088 2817047     cutoff   52         0.02734    0.03720  36.0%  37.3 10300s
H32423114 2817366                       0.0273445    0.03720  36.0%  37.3 10303s
 32428396 2817622     cutoff   47         0.02734    0.03720  36.0%  37.3 10305s
 32445575 2818179    0.03350   36   58    0.02734    0.03719  36.0%  37.2 10310s
 32463240 2818712     cutoff   50         0.02734    0.03719  36.0%  37.2 10315s
 32481452 2819244    0.03465   41   51    0.02734    0.03718  36.0%  37.2 10320s
 32499330 2819752    0.02787   40   60    0.02734    0.03718  36.0%  37.2 10325s
 32516364 2820288     cutoff   48         0.02734    0.03717  35.9%  37.2 10330s
 32534251 2820797    0.02753   44   60    0.02734    0.03717  35.9%  37.2 10335s
 32553079 2821280     cutoff   47         0.02734    0.03716  35.9%  37.2 10340s
 32570144 2821562     cutoff   45         0.02734    0.03716  35.9%  37.2 10345s
 32588583 2822314    0.02739   45   61    0.02734    0.03716  35.9%  37.2 10350s
 32606273 2822941    0.03670   38   57    0.02734    0.03715  35.9%  37.2 10355s
 32624880 2823566     cutoff   45         0.02734    0.03715  35.8%  37.2 10360s
 32641439 2823912     cutoff   42         0.02734    0.03714  35.8%  37.2 10365s
 32659214 2824305    0.02903   47   61    0.02734    0.03714  35.8%  37.2 10370s
 32677454 2824805     cutoff   47         0.02734    0.03713  35.8%  37.2 10375s
 32695906 2825141     cutoff   40         0.02734    0.03713  35.8%  37.2 10380s
 32711208 2825495    0.02783   42   58    0.02734    0.03712  35.8%  37.2 10385s
 32729778 2826047    0.03436   38   55    0.02734    0.03712  35.7%  37.2 10390s
 32748538 2826486    0.02893   38   52    0.02734    0.03711  35.7%  37.2 10395s
 32765697 2826941     cutoff   53         0.02734    0.03711  35.7%  37.2 10400s
 32783603 2827619    0.02881   42   48    0.02734    0.03711  35.7%  37.2 10405s
 32801177 2828188    0.03365   35   58    0.02734    0.03710  35.7%  37.2 10410s
 32820700 2828712    0.03017   50   52    0.02734    0.03710  35.7%  37.2 10415s
 32838059 2829127    0.03161   39   45    0.02734    0.03709  35.6%  37.2 10420s
 32856701 2829415     cutoff   47         0.02734    0.03709  35.6%  37.2 10425s
 32875345 2829775     cutoff   44         0.02734    0.03708  35.6%  37.1 10430s
 32893933 2830478     cutoff   53         0.02734    0.03708  35.6%  37.1 10435s
 32910920 2831003    0.03246   38   53    0.02734    0.03707  35.6%  37.1 10440s
 32929212 2831322    0.03456   43   56    0.02734    0.03707  35.6%  37.1 10445s
 32948495 2831922 infeasible   60         0.02734    0.03706  35.5%  37.1 10450s
 32966322 2832343     cutoff   39         0.02734    0.03706  35.5%  37.1 10455s
 32983368 2832905    0.03570   43   64    0.02734    0.03705  35.5%  37.1 10460s
 33001371 2833394     cutoff   44         0.02734    0.03705  35.5%  37.1 10465s
 33020315 2833982     cutoff   40         0.02734    0.03705  35.5%  37.1 10470s
 33037120 2834236     cutoff   39         0.02734    0.03704  35.5%  37.1 10475s
 33055014 2834736     cutoff   41         0.02734    0.03704  35.4%  37.1 10480s
 33072069 2835071    0.02842   45   52    0.02734    0.03703  35.4%  37.1 10485s
 33090064 2835670    0.02889   42   57    0.02734    0.03703  35.4%  37.1 10490s
 33107641 2836315    0.03038   43   55    0.02734    0.03702  35.4%  37.1 10495s
 33126822 2836939     cutoff   46         0.02734    0.03702  35.4%  37.1 10500s
 33145675 2837453 infeasible   38         0.02734    0.03701  35.4%  37.1 10505s
 33164957 2838033     cutoff   43         0.02734    0.03701  35.3%  37.1 10510s
 33184247 2838311     cutoff   49         0.02734    0.03700  35.3%  37.1 10515s
 33199724 2838750     cutoff   35         0.02734    0.03700  35.3%  37.1 10520s
 33218814 2839338    0.03612   35   52    0.02734    0.03700  35.3%  37.1 10525s
 33236729 2839645    0.03464   45   54    0.02734    0.03699  35.3%  37.1 10530s
 33255879 2840020     cutoff   37         0.02734    0.03699  35.3%  37.1 10535s
 33272763 2840295    0.03215   41   62    0.02734    0.03698  35.2%  37.1 10540s
 33290523 2840842    0.02742   44   54    0.02734    0.03698  35.2%  37.1 10545s
 33309260 2841501    0.03398   51   51    0.02734    0.03697  35.2%  37.1 10550s
 33327695 2841812     cutoff   52         0.02734    0.03697  35.2%  37.0 10555s
 33344963 2842429    0.03603   38   54    0.02734    0.03696  35.2%  37.0 10560s
 33361547 2842864     cutoff   67         0.02734    0.03696  35.2%  37.0 10565s
 33380499 2843310     cutoff   44         0.02734    0.03695  35.1%  37.0 10570s
 33398307 2843914     cutoff   67         0.02734    0.03695  35.1%  37.0 10575s
 33417157 2844428    0.03105   42   58    0.02734    0.03694  35.1%  37.0 10580s
 33436551 2845012    0.03081   43   57    0.02734    0.03694  35.1%  37.0 10585s
 33454000 2845462     cutoff   50         0.02734    0.03694  35.1%  37.0 10590s
 33472908 2846306     cutoff   40         0.02734    0.03693  35.1%  37.0 10595s
 33491128 2846982    0.02941   41   42    0.02734    0.03693  35.0%  37.0 10600s
 33508689 2847768     cutoff   52         0.02734    0.03692  35.0%  37.0 10605s
 33526177 2848350     cutoff   39         0.02734    0.03692  35.0%  37.0 10610s
 33546278 2849336    0.03685   34   49    0.02734    0.03691  35.0%  37.0 10615s
 33566408 2849230    0.02931   49   53    0.02734    0.03691  35.0%  37.0 10620s
 33583336 2849390     cutoff   40         0.02734    0.03691  35.0%  37.0 10625s
 33601666 2849876     cutoff   52         0.02734    0.03690  35.0%  37.0 10630s
 33619755 2850278    0.03435   32   54    0.02734    0.03690  34.9%  37.0 10635s
 33637393 2850578    0.03429   39   59    0.02734    0.03689  34.9%  37.0 10640s
 33653944 2851164    0.02915   46   53    0.02734    0.03689  34.9%  37.0 10645s
 33671117 2851754    0.02916   44   46    0.02734    0.03689  34.9%  37.0 10650s
 33689814 2852327    0.03215   41   56    0.02734    0.03688  34.9%  37.0 10655s
 33708137 2852735    0.03502   43   53    0.02734    0.03688  34.9%  37.0 10660s
 33726114 2853318 infeasible   39         0.02734    0.03687  34.8%  37.0 10665s
 33741073 2853774    0.03011   34   49    0.02734    0.03687  34.8%  36.9 10670s
 33759100 2854248    0.02991   37   56    0.02734    0.03686  34.8%  36.9 10675s
 33776981 2854682     cutoff   38         0.02734    0.03686  34.8%  36.9 10680s
 33794996 2855156 infeasible   40         0.02734    0.03686  34.8%  36.9 10685s
 33813061 2855662     cutoff   35         0.02734    0.03685  34.8%  36.9 10690s
 33831823 2856145    0.02998   46   59    0.02734    0.03685  34.7%  36.9 10695s
 33848269 2856708    0.03000   41   59    0.02734    0.03684  34.7%  36.9 10700s
 33865561 2857193 infeasible   49         0.02734    0.03684  34.7%  36.9 10705s
 33883796 2857888    0.02797   43   55    0.02734    0.03683  34.7%  36.9 10710s
 33902360 2858704    0.03282   40   59    0.02734    0.03683  34.7%  36.9 10715s
 33920523 2859005     cutoff   46         0.02734    0.03682  34.7%  36.9 10720s
 33937921 2859534    0.03034   42   56    0.02734    0.03682  34.7%  36.9 10725s
 33955861 2859904    0.02936   48   50    0.02734    0.03682  34.6%  36.9 10730s
 33973753 2860381     cutoff   40         0.02734    0.03681  34.6%  36.9 10735s
 33990248 2860982     cutoff   41         0.02734    0.03681  34.6%  36.9 10741s
 34006963 2861415     cutoff   44         0.02734    0.03680  34.6%  36.9 10745s
 34025099 2861831    0.03316   43   37    0.02734    0.03680  34.6%  36.9 10750s
 34042748 2862246    0.02937   47   60    0.02734    0.03679  34.6%  36.9 10755s
 34060460 2862752    0.03250   38   55    0.02734    0.03679  34.5%  36.9 10760s
 34079134 2863161     cutoff   44         0.02734    0.03679  34.5%  36.9 10765s
 34096332 2863664     cutoff   47         0.02734    0.03678  34.5%  36.9 10770s
 34114653 2864179    0.03204   45   58    0.02734    0.03678  34.5%  36.9 10775s
 34132925 2865153     cutoff   42         0.02734    0.03677  34.5%  36.9 10780s
 34150489 2865542    0.03107   47   57    0.02734    0.03677  34.5%  36.9 10785s
 34168626 2866030    0.03360   45   46    0.02734    0.03676  34.4%  36.9 10790s
 34186691 2866404     cutoff   43         0.02734    0.03676  34.4%  36.9 10795s
 34204462 2866861     cutoff   46         0.02734    0.03676  34.4%  36.8 10800s
 34221216 2867366     cutoff   48         0.02734    0.03675  34.4%  36.8 10805s
 34239632 2867978    0.03491   78   17    0.02734    0.03675  34.4%  36.8 10810s
 34257914 2868647    0.03242   47   61    0.02734    0.03674  34.4%  36.8 10815s
 34275874 2869181    0.02952   35   56    0.02734    0.03674  34.4%  36.8 10820s
 34290481 2869630    0.03542   47   53    0.02734    0.03674  34.3%  36.8 10825s
 34308192 2870332     cutoff   44         0.02734    0.03673  34.3%  36.8 10830s
 34326686 2871016    0.03332   36   59    0.02734    0.03673  34.3%  36.8 10835s
 34343231 2872471    0.03671   79   17    0.02734    0.03672  34.3%  36.8 10840s
 34363335 2874097 infeasible   83         0.02734    0.03672  34.3%  36.8 10845s
 34381761 2873915 infeasible   84         0.02734    0.03672  34.3%  36.8 10850s
 34398538 2873812     cutoff   42         0.02734    0.03671  34.3%  36.8 10855s
 34416233 2873872    0.02898   34   50    0.02734    0.03671  34.3%  36.8 10860s
 34432578 2874118    0.02735   42   53    0.02734    0.03671  34.2%  36.8 10865s
 34450493 2874728    0.03039   43   57    0.02734    0.03670  34.2%  36.8 10870s
 34467318 2874847    0.02812   35   55    0.02734    0.03670  34.2%  36.8 10875s
 34484150 2875068    0.02818   62   44    0.02734    0.03670  34.2%  36.8 10880s
 34501787 2875402    0.02903   53   51    0.02734    0.03669  34.2%  36.8 10885s
 34519370 2875649     cutoff   39         0.02734    0.03669  34.2%  36.8 10890s
 34537461 2876028    0.02841   38   62    0.02734    0.03668  34.2%  36.8 10895s
 34554795 2876497    0.02756   36   59    0.02734    0.03668  34.1%  36.8 10900s
 34570977 2876956    0.02814   37   46    0.02734    0.03668  34.1%  36.8 10905s
 34587806 2877370     cutoff   43         0.02734    0.03667  34.1%  36.7 10910s
 34605470 2877923 infeasible   68         0.02734    0.03667  34.1%  36.7 10915s
 34623361 2878438    0.02762   43   56    0.02734    0.03666  34.1%  36.7 10920s
 34641983 2879038     cutoff   40         0.02734    0.03666  34.1%  36.7 10925s
 34657482 2879204    0.03277   37   62    0.02734    0.03666  34.1%  36.7 10930s
 34674625 2879465    0.02939   43   55    0.02734    0.03665  34.0%  36.7 10935s
 34691114 2879873     cutoff   46         0.02734    0.03665  34.0%  36.7 10940s
 34708246 2880379    0.02900   34   50    0.02734    0.03664  34.0%  36.7 10945s
 34725172 2880874    0.03631   42   58    0.02734    0.03664  34.0%  36.7 10950s
 34742686 2881477    0.03402   43   58    0.02734    0.03664  34.0%  36.7 10955s
 34760692 2882069    0.03221   43   60    0.02734    0.03663  34.0%  36.7 10960s
 34778922 2882478    0.02975   36   59    0.02734    0.03663  33.9%  36.7 10965s
 34796556 2883128     cutoff   45         0.02734    0.03662  33.9%  36.7 10970s
 34812794 2883637     cutoff   53         0.02734    0.03662  33.9%  36.7 10975s
 34829860 2883892     cutoff   50         0.02734    0.03662  33.9%  36.7 10980s
 34846861 2884398    0.02856   41   59    0.02734    0.03661  33.9%  36.7 10985s
 34863722 2884743     cutoff   46         0.02734    0.03661  33.9%  36.7 10990s
 34879399 2885121     cutoff   45         0.02734    0.03660  33.9%  36.7 10995s
 34896397 2885621     cutoff   41         0.02734    0.03660  33.9%  36.7 11000s
 34912891 2886137    0.02869   42   57    0.02734    0.03660  33.8%  36.7 11005s
 34930859 2886616     cutoff   40         0.02734    0.03659  33.8%  36.7 11010s
 34948214 2887021     cutoff   39         0.02734    0.03659  33.8%  36.7 11015s
 34964524 2887372     cutoff   40         0.02734    0.03659  33.8%  36.7 11020s
 34978972 2887721    0.02764   40   59    0.02734    0.03658  33.8%  36.7 11025s
 34996159 2888193     cutoff   46         0.02734    0.03658  33.8%  36.7 11030s
 35013693 2888472     cutoff   43         0.02734    0.03657  33.8%  36.7 11035s
 35030532 2888776    0.03129   39   46    0.02734    0.03657  33.7%  36.7 11040s
 35044638 2889012    0.03062   41   59    0.02734    0.03657  33.7%  36.6 11045s
 35062534 2889509    0.03644   42   60    0.02734    0.03656  33.7%  36.6 11050s
 35080089 2890167    0.03166   48   55    0.02734    0.03656  33.7%  36.6 11055s
 35098442 2890700     cutoff   46         0.02734    0.03655  33.7%  36.6 11060s
 35110690 2890994     cutoff   36         0.02734    0.03655  33.7%  36.6 11065s
 35126609 2891328     cutoff   51         0.02734    0.03655  33.7%  36.6 11070s
 35144249 2891775     cutoff   43         0.02734    0.03654  33.6%  36.6 11075s
 35161217 2892253    0.02931   40   58    0.02734    0.03654  33.6%  36.6 11080s
 35178236 2892694    0.03647   43   50    0.02734    0.03654  33.6%  36.6 11085s
 35195497 2893006     cutoff   47         0.02734    0.03653  33.6%  36.6 11090s
 35212123 2893321     cutoff   47         0.02734    0.03653  33.6%  36.6 11095s
 35229526 2893684 infeasible   41         0.02734    0.03652  33.6%  36.6 11100s
 35246333 2893880    0.02838   40   50    0.02734    0.03652  33.6%  36.6 11105s
 35263513 2894242     cutoff   44         0.02734    0.03651  33.5%  36.6 11110s
 35281075 2894468    0.03651   41   62    0.02734    0.03651  33.5%  36.6 11115s
 35298143 2894704    0.02756   40   51    0.02734    0.03651  33.5%  36.6 11120s
 35314760 2895157     cutoff   41         0.02734    0.03650  33.5%  36.6 11125s
 35331031 2895441    0.02912   39   53    0.02734    0.03650  33.5%  36.6 11130s
 35347638 2895745    0.02993   50   60    0.02734    0.03649  33.5%  36.6 11135s
 35363772 2896157    0.02837   37   61    0.02734    0.03649  33.4%  36.6 11140s
 35380563 2896464    0.02746   42   55    0.02734    0.03649  33.4%  36.6 11145s
 35392540 2896765    0.03163   39   51    0.02734    0.03648  33.4%  36.6 11150s
 35409265 2897368     cutoff   43         0.02734    0.03648  33.4%  36.6 11155s
 35425698 2897818    0.02822   41   37    0.02734    0.03648  33.4%  36.6 11160s
 35441536 2898294    0.03578   42   63    0.02734    0.03647  33.4%  36.6 11165s
 35458718 2898758     cutoff   45         0.02734    0.03647  33.4%  36.6 11170s
 35475060 2899211    0.03646   48   48    0.02734    0.03647  33.4%  36.6 11175s
 35492114 2899611    0.03263   42   46    0.02734    0.03646  33.3%  36.6 11180s
 35508128 2900487     cutoff   42         0.02734    0.03646  33.3%  36.6 11185s
 35524914 2900876    0.03558   42   64    0.02734    0.03645  33.3%  36.5 11190s
 35541020 2901332    0.03645   41   62    0.02734    0.03645  33.3%  36.5 11195s
 35559352 2901616    0.02754   47   56    0.02734    0.03645  33.3%  36.5 11200s
 35575373 2901868     cutoff   55         0.02734    0.03644  33.3%  36.5 11205s
 35592171 2902200 infeasible   48         0.02734    0.03644  33.3%  36.5 11210s
 35605678 2902519    0.02764   48   51    0.02734    0.03643  33.2%  36.5 11215s
 35621962 2902900     cutoff   42         0.02734    0.03643  33.2%  36.5 11220s
 35638769 2903222     cutoff   54         0.02734    0.03643  33.2%  36.5 11225s
 35655154 2903603    0.03352   44   56    0.02734    0.03642  33.2%  36.5 11230s
 35670542 2903781    0.03086   41   52    0.02734    0.03642  33.2%  36.5 11235s
 35686820 2904075     cutoff   43         0.02734    0.03642  33.2%  36.5 11240s
 35702582 2904609    0.02816   43   56    0.02734    0.03641  33.2%  36.5 11245s
 35719472 2905192    0.03224   46   57    0.02734    0.03641  33.1%  36.5 11250s
 35734874 2905499 infeasible   40         0.02734    0.03640  33.1%  36.5 11255s
 35751330 2905994    0.02945   40   59    0.02734    0.03640  33.1%  36.5 11260s
 35767292 2906404     cutoff   44         0.02734    0.03640  33.1%  36.5 11265s
 35784308 2906969    0.02882   59   44    0.02734    0.03639  33.1%  36.5 11270s
 35800586 2907408    0.02740   42   61    0.02734    0.03639  33.1%  36.5 11275s
 35818341 2907874    0.03530   36   53    0.02734    0.03638  33.1%  36.5 11280s
 35836401 2908274 infeasible   46         0.02734    0.03638  33.0%  36.5 11285s
 35854018 2908671     cutoff   41         0.02734    0.03638  33.0%  36.5 11290s
 35871843 2909078     cutoff   33         0.02734    0.03637  33.0%  36.5 11295s
 35887643 2909332     cutoff   32         0.02734    0.03637  33.0%  36.5 11300s
 35905130 2909816     cutoff   37         0.02734    0.03637  33.0%  36.5 11305s
 35922572 2910198     cutoff   53         0.02734    0.03636  33.0%  36.5 11310s
 35940224 2910766     cutoff   44         0.02734    0.03636  33.0%  36.5 11315s
 35957980 2911114    0.03393   43   58    0.02734    0.03635  32.9%  36.5 11320s
 35974309 2911325     cutoff   44         0.02734    0.03635  32.9%  36.5 11325s
 35991188 2911618    0.03250   40   57    0.02734    0.03635  32.9%  36.5 11330s
 36008819 2912125     cutoff   44         0.02734    0.03634  32.9%  36.4 11335s
 36020919 2912452     cutoff   45         0.02734    0.03634  32.9%  36.4 11340s
 36037786 2912888    0.02812   42   59    0.02734    0.03634  32.9%  36.4 11345s
 36055479 2913401    0.03098   40   54    0.02734    0.03633  32.9%  36.4 11350s
 36073614 2913707 infeasible   37         0.02734    0.03633  32.8%  36.4 11355s
 36090772 2914122     cutoff   42         0.02734    0.03632  32.8%  36.4 11360s
 36106829 2914452 infeasible   40         0.02734    0.03632  32.8%  36.4 11365s
 36124572 2914762    0.02999   42   58    0.02734    0.03632  32.8%  36.4 11370s
 36142277 2915278     cutoff   54         0.02734    0.03631  32.8%  36.4 11375s
 36159932 2915784     cutoff   43         0.02734    0.03631  32.8%  36.4 11380s
 36176003 2916007    0.02738   38   39    0.02734    0.03630  32.8%  36.4 11385s
 36194765 2916295    0.03524   37   54    0.02734    0.03630  32.7%  36.4 11390s
 36212040 2916627    0.02736   46   64    0.02734    0.03629  32.7%  36.4 11395s
 36230479 2916912     cutoff   44         0.02734    0.03629  32.7%  36.4 11400s
 36247442 2917320     cutoff   37         0.02734    0.03629  32.7%  36.4 11405s
 36264707 2917726    0.03116   37   47    0.02734    0.03628  32.7%  36.4 11410s
 36277141 2918087    0.03402   39   54    0.02734    0.03628  32.7%  36.4 11415s
 36296545 2918563     cutoff   41         0.02734    0.03628  32.7%  36.4 11420s
 36314387 2918935    0.03180   42   56    0.02734    0.03627  32.6%  36.4 11425s
 36332193 2919583    0.03315   39   61    0.02734    0.03627  32.6%  36.4 11430s
 36348484 2919960     cutoff   44         0.02734    0.03626  32.6%  36.4 11435s
 36366268 2920590    0.02937   41   58    0.02734    0.03626  32.6%  36.4 11440s
 36384868 2920961     cutoff   39         0.02734    0.03626  32.6%  36.4 11445s
 36403366 2921482    0.03481   35   61    0.02734    0.03625  32.6%  36.4 11450s
 36422710 2922131     cutoff   48         0.02734    0.03625  32.6%  36.4 11455s
 36441454 2922465     cutoff   45         0.02734    0.03624  32.5%  36.4 11460s
 36459509 2922723    0.02737   47   37    0.02734    0.03624  32.5%  36.4 11465s
 36477504 2923056     cutoff   44         0.02734    0.03623  32.5%  36.4 11470s
 36494387 2923427    0.03579   37   65    0.02734    0.03623  32.5%  36.4 11475s
 36511693 2923702    0.03014   46   53    0.02734    0.03623  32.5%  36.3 11480s
 36528603 2924147    0.03503   35   52    0.02734    0.03622  32.5%  36.3 11485s
 36546995 2924960     cutoff   44         0.02734    0.03622  32.5%  36.3 11490s
 36558477 2925451    0.03439   49   55    0.02734    0.03622  32.4%  36.3 11495s
 36574730 2925788    0.02834   34   49    0.02734    0.03621  32.4%  36.3 11500s
 36591135 2926036    0.03466   45   58    0.02734    0.03621  32.4%  36.3 11505s
 36608459 2926292     cutoff   46         0.02734    0.03620  32.4%  36.3 11510s
 36627200 2926459    0.03524   42   58    0.02734    0.03620  32.4%  36.3 11515s
 36644011 2926846     cutoff   37         0.02734    0.03620  32.4%  36.3 11520s
 36660930 2927213    0.02910   51   54    0.02734    0.03619  32.4%  36.3 11525s
 36678437 2927354     cutoff   44         0.02734    0.03619  32.3%  36.3 11530s
 36696243 2927979     cutoff   35         0.02734    0.03618  32.3%  36.3 11535s
 36714026 2928224     cutoff   41         0.02734    0.03618  32.3%  36.3 11540s
 36732227 2928586    0.03498   39   53    0.02734    0.03618  32.3%  36.3 11545s
 36751145 2929064    0.02894   42   51    0.02734    0.03617  32.3%  36.3 11550s
 36770028 2929757    0.03031   35   54    0.02734    0.03617  32.3%  36.3 11555s
 36789146 2930042    0.03229   39   61    0.02734    0.03616  32.2%  36.3 11560s
 36805871 2930312     cutoff   39         0.02734    0.03616  32.2%  36.3 11565s
 36824914 2930727     cutoff   45         0.02734    0.03615  32.2%  36.3 11570s
 36841466 2931380    0.03161   36   57    0.02734    0.03615  32.2%  36.3 11575s
 36859319 2931721     cutoff   37         0.02734    0.03615  32.2%  36.3 11580s
 36877687 2932323    0.03518   44   62    0.02734    0.03614  32.2%  36.3 11585s
 36897065 2932890    0.02783   47   52    0.02734    0.03614  32.2%  36.3 11591s
 36912162 2933052    0.03064   47   52    0.02734    0.03614  32.2%  36.3 11595s
 36928593 2933369 infeasible   72         0.02734    0.03613  32.1%  36.3 11600s
 36947042 2933791    0.03210   44   60    0.02734    0.03613  32.1%  36.3 11605s
 36965700 2934179     cutoff   51         0.02734    0.03613  32.1%  36.3 11610s
 36984013 2934630     cutoff   43         0.02734    0.03612  32.1%  36.3 11615s
 37000862 2934988    0.02931   38   62    0.02734    0.03612  32.1%  36.2 11620s
 37020394 2935483    0.03171   38   57    0.02734    0.03611  32.1%  36.2 11625s
 37038699 2935853     cutoff   38         0.02734    0.03611  32.1%  36.2 11630s
 37056146 2936258     cutoff   49         0.02734    0.03611  32.0%  36.2 11635s
 37074463 2936756     cutoff   45         0.02734    0.03610  32.0%  36.2 11640s
 37091693 2937328    0.03313   41   53    0.02734    0.03610  32.0%  36.2 11645s
 37109026 2937727     cutoff   46         0.02734    0.03609  32.0%  36.2 11650s
 37127738 2938137    0.03090   35   48    0.02734    0.03609  32.0%  36.2 11655s
 37145341 2938351    0.03263   58   49    0.02734    0.03609  32.0%  36.2 11660s
 37162439 2939013     cutoff   44         0.02734    0.03608  32.0%  36.2 11665s
 37180717 2939259     cutoff   47         0.02734    0.03608  31.9%  36.2 11670s
 37199078 2939525    0.02993   39   55    0.02734    0.03607  31.9%  36.2 11675s
 37213616 2939792    0.02810   45   50    0.02734    0.03607  31.9%  36.2 11680s
 37230998 2940101    0.03257   39   47    0.02734    0.03607  31.9%  36.2 11685s
 37248858 2940387     cutoff   49         0.02734    0.03606  31.9%  36.2 11690s
 37267769 2940752     cutoff   51         0.02734    0.03606  31.9%  36.2 11695s
 37283986 2941103    0.03605   45   53    0.02734    0.03606  31.9%  36.2 11700s
 37302205 2941414     cutoff   43         0.02734    0.03605  31.8%  36.2 11705s
 37320960 2941918    0.03207   33   56    0.02734    0.03605  31.8%  36.2 11710s
 37339816 2942478     cutoff   45         0.02734    0.03604  31.8%  36.2 11715s
 37357203 2942914    0.03194   46   58    0.02734    0.03604  31.8%  36.2 11720s
 37375492 2943345     cutoff   49         0.02734    0.03604  31.8%  36.2 11725s
 37394206 2943671    0.02840   58   52    0.02734    0.03603  31.8%  36.2 11730s
 37411834 2943869     cutoff   39         0.02734    0.03603  31.8%  36.2 11735s
 37430564 2944204     cutoff   41         0.02734    0.03602  31.7%  36.2 11740s
 37448831 2944734    0.02862   50   51    0.02734    0.03602  31.7%  36.2 11745s
 37464343 2945093     cutoff   42         0.02734    0.03602  31.7%  36.2 11750s
 37480954 2945316     cutoff   49         0.02734    0.03601  31.7%  36.2 11755s
 37498849 2945630    0.02788   34   59    0.02734    0.03601  31.7%  36.2 11760s
 37518044 2946137     cutoff   29         0.02734    0.03600  31.7%  36.1 11765s
 37534782 2946683    0.03185   45   56    0.02734    0.03600  31.7%  36.1 11770s
 37553952 2947021    0.02765   44   34    0.02734    0.03600  31.6%  36.1 11775s
 37572683 2947245    0.03149   34   58    0.02734    0.03599  31.6%  36.1 11780s
 37590504 2947525    0.03412   35   56    0.02734    0.03599  31.6%  36.1 11785s
 37607998 2947876    0.03022   41   54    0.02734    0.03599  31.6%  36.1 11790s
 37626364 2948071    0.02893   44   55    0.02734    0.03598  31.6%  36.1 11795s
 37644269 2948507    0.02741   43   48    0.02734    0.03598  31.6%  36.1 11800s
 37662349 2948884     cutoff   51         0.02734    0.03597  31.6%  36.1 11805s
 37681351 2949282    0.02745   55   51    0.02734    0.03597  31.5%  36.1 11810s
 37696654 2949433    0.02899   46   53    0.02734    0.03597  31.5%  36.1 11815s
 37714720 2949722     cutoff   41         0.02734    0.03596  31.5%  36.1 11820s
 37732639 2950043    0.03189   45   62    0.02734    0.03596  31.5%  36.1 11825s
 37751225 2950608     cutoff   40         0.02734    0.03595  31.5%  36.1 11830s
 37768671 2950876    0.03191   48   58    0.02734    0.03595  31.5%  36.1 11835s
 37785207 2951140     cutoff   45         0.02734    0.03595  31.5%  36.1 11840s
 37801469 2951569     cutoff   46         0.02734    0.03594  31.4%  36.1 11845s
 37820069 2951785     cutoff   51         0.02734    0.03594  31.4%  36.1 11850s
 37838733 2952167     cutoff   40         0.02734    0.03593  31.4%  36.1 11855s
 37855620 2952428    0.03284   40   55    0.02734    0.03593  31.4%  36.1 11860s
 37872207 2952812    0.03551   43   55    0.02734    0.03593  31.4%  36.1 11865s
 37890973 2953348     cutoff   53         0.02734    0.03592  31.4%  36.1 11870s
 37909137 2953794    0.02964   44   57    0.02734    0.03592  31.4%  36.1 11875s
 37928567 2954361    0.03339   42   63    0.02734    0.03591  31.3%  36.1 11880s
 37946354 2954972     cutoff   47         0.02734    0.03591  31.3%  36.1 11885s
 37964622 2955705    0.03003   58   31    0.02734    0.03591  31.3%  36.1 11890s
 37983689 2956013     cutoff   44         0.02734    0.03590  31.3%  36.1 11895s
 38001686 2956269     cutoff   43         0.02734    0.03590  31.3%  36.0 11900s
 38017363 2956498     cutoff   45         0.02734    0.03590  31.3%  36.0 11905s
 38036065 2956876    0.03024   41   51    0.02734    0.03589  31.3%  36.0 11910s
 38054342 2957234     cutoff   43         0.02734    0.03589  31.2%  36.0 11915s
 38072976 2957828     cutoff   40         0.02734    0.03588  31.2%  36.0 11920s
 38088559 2958119    0.03271   47   60    0.02734    0.03588  31.2%  36.0 11926s
 38105911 2958379     cutoff   43         0.02734    0.03588  31.2%  36.0 11930s
 38124852 2958757    0.02845   37   54    0.02734    0.03587  31.2%  36.0 11935s
 38143759 2959200    0.02972   55   41    0.02734    0.03587  31.2%  36.0 11940s
 38161827 2959460    0.03172   46   56    0.02734    0.03587  31.2%  36.0 11945s
 38180709 2959602     cutoff   46         0.02734    0.03586  31.2%  36.0 11950s
 38199250 2960098    0.02792   51   57    0.02734    0.03586  31.1%  36.0 11955s
 38217626 2960272    0.02857   42   54    0.02734    0.03586  31.1%  36.0 11960s
 38232459 2960667 infeasible   41         0.02734    0.03585  31.1%  36.0 11965s
 38250312 2960923     cutoff   50         0.02734    0.03585  31.1%  36.0 11970s
 38268959 2961436     cutoff   42         0.02734    0.03584  31.1%  36.0 11975s
 38288128 2961751     cutoff   39         0.02734    0.03584  31.1%  36.0 11980s
 38305913 2961986     cutoff   42         0.02734    0.03584  31.1%  36.0 11985s
 38323422 2962176    0.02909   35   54    0.02734    0.03583  31.0%  36.0 11990s
 38342369 2962587     cutoff   45         0.02734    0.03583  31.0%  36.0 11995s
 38360039 2962830    0.03173   38   62    0.02734    0.03582  31.0%  36.0 12000s
 38378701 2963104    0.03350   44   61    0.02734    0.03582  31.0%  36.0 12005s
 38391933 2963419    0.03157   53   59    0.02734    0.03582  31.0%  36.0 12010s
 38410161 2963459     cutoff   53         0.02734    0.03581  31.0%  36.0 12015s
 38427767 2963861     cutoff   43         0.02734    0.03581  31.0%  36.0 12020s
 38446988 2964115 infeasible   49         0.02734    0.03581  30.9%  36.0 12025s
 38465197 2964562    0.03508   38   69    0.02734    0.03580  30.9%  36.0 12030s
 38484746 2965019     cutoff   38         0.02734    0.03580  30.9%  36.0 12035s
 38503635 2965308    0.03140   43   58    0.02734    0.03579  30.9%  36.0 12040s
 38522271 2965521     cutoff   46         0.02734    0.03579  30.9%  35.9 12045s
 38541707 2966058    0.03282   40   62    0.02734    0.03579  30.9%  35.9 12050s
 38560191 2966328    0.03332   42   54    0.02734    0.03578  30.9%  35.9 12055s
 38579063 2967020    0.02953   36   52    0.02734    0.03578  30.8%  35.9 12060s
 38597475 2967262    0.02759   47   55    0.02734    0.03577  30.8%  35.9 12065s
 38616814 2967590    0.02767   39   55    0.02734    0.03577  30.8%  35.9 12070s
 38633839 2968219     cutoff   68         0.02734    0.03577  30.8%  35.9 12075s
 38653068 2968420    0.03069   45   45    0.02734    0.03576  30.8%  35.9 12080s
 38672168 2969206     cutoff   47         0.02734    0.03576  30.8%  35.9 12085s
 38686395 2969466     cutoff   59         0.02734    0.03575  30.8%  35.9 12090s
 38699694 2969635    0.02792   48   53    0.02734    0.03575  30.7%  35.9 12095s
 38718524 2969908    0.02862   36   57    0.02734    0.03575  30.7%  35.9 12100s
 38736904 2970232    0.03413   45   60    0.02734    0.03574  30.7%  35.9 12105s
 38756359 2970498     cutoff   42         0.02734    0.03574  30.7%  35.9 12110s
 38775683 2971043     cutoff   40         0.02734    0.03574  30.7%  35.9 12115s
 38794343 2971415    0.03149   44   57    0.02734    0.03573  30.7%  35.9 12120s
 38813497 2971954     cutoff   44         0.02734    0.03573  30.7%  35.9 12125s
 38832294 2972334    0.03490   44   55    0.02734    0.03572  30.6%  35.9 12130s
 38851598 2972686     cutoff   45         0.02734    0.03572  30.6%  35.9 12135s
 38868562 2973170    0.03169   40   64    0.02734    0.03572  30.6%  35.9 12140s
 38886042 2973537    0.02934   34   60    0.02734    0.03571  30.6%  35.9 12145s
 38905368 2974022     cutoff   48         0.02734    0.03571  30.6%  35.9 12150s
 38923397 2974385    0.02775   36   60    0.02734    0.03570  30.6%  35.9 12155s
 38942582 2974857    0.03232   46   59    0.02734    0.03570  30.6%  35.9 12160s
 38961085 2975237     cutoff   51         0.02734    0.03570  30.5%  35.9 12165s
 38980026 2975811    0.03046   34   57    0.02734    0.03569  30.5%  35.9 12170s
 38999127 2976239    0.03119   41   57    0.02734    0.03569  30.5%  35.9 12175s
 39015964 2976867     cutoff   39         0.02734    0.03569  30.5%  35.9 12180s
 39034839 2977414     cutoff   49         0.02734    0.03568  30.5%  35.8 12185s
 39053413 2977761    0.03557   48   58    0.02734    0.03568  30.5%  35.8 12190s
 39071426 2978089     cutoff   50         0.02734    0.03567  30.5%  35.8 12195s
 39088240 2978432     cutoff   40         0.02734    0.03567  30.4%  35.8 12200s
 39107754 2979035    0.02777   45   62    0.02734    0.03567  30.4%  35.8 12205s
 39127449 2979552     cutoff   40         0.02734    0.03566  30.4%  35.8 12210s
 39145628 2979930    0.02964   42   55    0.02734    0.03566  30.4%  35.8 12215s
 39162668 2980272     cutoff   44         0.02734    0.03566  30.4%  35.8 12220s
 39180279 2980542     cutoff   49         0.02734    0.03565  30.4%  35.8 12225s
 39198395 2980738    0.02761   44   57    0.02734    0.03565  30.4%  35.8 12230s
 39217576 2980930    0.03075   45   35    0.02734    0.03564  30.4%  35.8 12235s
 39235692 2981412     cutoff   51         0.02734    0.03564  30.3%  35.8 12240s
 39253717 2981770    0.02880   46   55    0.02734    0.03564  30.3%  35.8 12245s
 39270468 2982077    0.03544   35   56    0.02734    0.03563  30.3%  35.8 12250s
 39288793 2982649    0.03559   62   39    0.02734    0.03563  30.3%  35.8 12255s
 39307504 2982888    0.02969   46   52    0.02734    0.03563  30.3%  35.8 12260s
 39326473 2983404     cutoff   47         0.02734    0.03562  30.3%  35.8 12265s
 39345296 2983794     cutoff   45         0.02734    0.03562  30.3%  35.8 12270s
 39364742 2984198     cutoff   49         0.02734    0.03561  30.2%  35.8 12275s
 39381229 2984282    0.02987   40   57    0.02734    0.03561  30.2%  35.8 12280s
 39399275 2984699     cutoff   39         0.02734    0.03561  30.2%  35.8 12285s
 39418317 2985030     cutoff   41         0.02734    0.03560  30.2%  35.8 12290s
 39436938 2985541    0.02873   46   60    0.02734    0.03560  30.2%  35.8 12295s
 39452356 2986004    0.03200   41   59    0.02734    0.03560  30.2%  35.8 12300s
 39470654 2986390    0.02827   39   49    0.02734    0.03559  30.2%  35.8 12305s
 39489560 2986910    0.03215   37   61    0.02734    0.03559  30.1%  35.8 12310s
 39507764 2987331    0.03158   32   57    0.02734    0.03558  30.1%  35.8 12315s
 39520751 2987514     cutoff   49         0.02734    0.03558  30.1%  35.8 12320s
 39540070 2988145    0.02885   48   42    0.02734    0.03558  30.1%  35.8 12325s
 39558590 2988545     cutoff   42         0.02734    0.03557  30.1%  35.8 12330s
 39575783 2988944    0.02753   40   56    0.02734    0.03557  30.1%  35.7 12335s
 39594923 2989461     cutoff   43         0.02734    0.03557  30.1%  35.7 12340s
 39614877 2990025    0.03512   34   53    0.02734    0.03556  30.0%  35.7 12345s
 39633487 2990756     cutoff   45         0.02734    0.03556  30.0%  35.7 12350s
 39652688 2991501    0.02914   42   57    0.02734    0.03555  30.0%  35.7 12355s
 39673025 2992700    0.03496   41   44    0.02734    0.03555  30.0%  35.7 12360s
 39693641 2994158    0.02754   37   59    0.02734    0.03555  30.0%  35.7 12365s
 39712086 2995180    0.03360   41   58    0.02734    0.03554  30.0%  35.7 12370s
 39733735 2996494     cutoff   91         0.02734    0.03554  30.0%  35.7 12375s
 39755357 2998468     cutoff   42         0.02734    0.03554  30.0%  35.7 12380s
 39775688 3000317 infeasible   92         0.02734    0.03554  30.0%  35.7 12385s
 39796406 3000721    0.02803   36   57    0.02734    0.03553  29.9%  35.7 12390s
 39815786 3001974     cutoff   42         0.02734    0.03553  29.9%  35.7 12395s
 39837657 3004873    0.02894   44   60    0.02734    0.03553  29.9%  35.7 12400s
 39863694 3009131     cutoff   99         0.02734    0.03553  29.9%  35.7 12405s
 39888108 3012976     cutoff   41         0.02734    0.03552  29.9%  35.6 12410s
 39910316 3016803     cutoff   82         0.02734    0.03552  29.9%  35.6 12415s
 39939955 3022953    0.02741   96    9    0.02734    0.03552  29.9%  35.6 12420s
 39964904 3026921     cutoff   48         0.02734    0.03552  29.9%  35.6 12425s
 39990110 3030916    0.02818   45   65    0.02734    0.03552  29.9%  35.6 12430s
 40016124 3035544     cutoff   50         0.02734    0.03552  29.9%  35.6 12435s
 40039311 3038962     cutoff   83         0.02734    0.03551  29.9%  35.6 12440s
 40064431 3043237    0.02744   91   12    0.02734    0.03551  29.9%  35.6 12445s
 40091557 3048462    0.02837   53   53    0.02734    0.03551  29.9%  35.5 12450s
 40108949 3051240     cutoff   39         0.02734    0.03551  29.9%  35.5 12455s
 40133727 3055443 infeasible   95         0.02734    0.03551  29.8%  35.5 12460s
 40155115 3058022     cutoff   51         0.02734    0.03550  29.8%  35.5 12465s
 40174911 3060459     cutoff   35         0.02734    0.03550  29.8%  35.5 12470s
 40197330 3063631    0.03455   43   58    0.02734    0.03550  29.8%  35.5 12475s
 40220214 3066788    0.03442   42   57    0.02734    0.03550  29.8%  35.5 12480s
 40242003 3068863    0.03123   39   56    0.02734    0.03549  29.8%  35.5 12485s
 40260156 3070995    0.03533   34   59    0.02734    0.03549  29.8%  35.5 12490s
 40279924 3073129     cutoff   46         0.02734    0.03549  29.8%  35.5 12495s
 40300423 3075125 infeasible   55         0.02734    0.03548  29.8%  35.4 12500s
 40320225 3076194    0.03094   36   60    0.02734    0.03548  29.8%  35.4 12505s
 40340323 3077690     cutoff   41         0.02734    0.03548  29.7%  35.4 12510s
 40357841 3078538     cutoff   44         0.02734    0.03547  29.7%  35.4 12515s
 40373533 3079231 infeasible   96         0.02734    0.03547  29.7%  35.4 12520s
 40393886 3080343    0.03230   53   33    0.02734    0.03547  29.7%  35.4 12525s
 40412504 3081350     cutoff   44         0.02734    0.03547  29.7%  35.4 12530s
 40432210 3082825    0.03351   42   56    0.02734    0.03546  29.7%  35.4 12535s
 40449281 3083608     cutoff   44         0.02734    0.03546  29.7%  35.4 12540s
 40468856 3084405    0.03176   38   56    0.02734    0.03546  29.7%  35.4 12545s
 40487494 3084829     cutoff   43         0.02734    0.03545  29.6%  35.4 12550s
 40505009 3085303    0.03149   45   43    0.02734    0.03545  29.6%  35.4 12555s
 40522176 3085915     cutoff   50         0.02734    0.03544  29.6%  35.4 12560s
 40542151 3087013    0.02758   89    3    0.02734    0.03544  29.6%  35.4 12565s
 40561661 3087574     cutoff   44         0.02734    0.03544  29.6%  35.4 12570s
 40580080 3088035     cutoff   36         0.02734    0.03543  29.6%  35.4 12575s
 40597845 3088622     cutoff   40         0.02734    0.03543  29.6%  35.4 12580s
 40614550 3089017    0.03146   43   53    0.02734    0.03543  29.6%  35.4 12585s
 40632224 3089443     cutoff   49         0.02734    0.03542  29.5%  35.4 12590s
 40650057 3089908     cutoff   41         0.02734    0.03542  29.5%  35.4 12595s
 40663583 3090279     cutoff   49         0.02734    0.03542  29.5%  35.4 12600s
 40681612 3090928     cutoff   43         0.02734    0.03541  29.5%  35.4 12605s
 40700469 3091646 infeasible   48         0.02734    0.03541  29.5%  35.4 12610s
 40718794 3092422    0.03346   51   49    0.02734    0.03541  29.5%  35.4 12615s
 40735145 3092918     cutoff   40         0.02734    0.03540  29.5%  35.4 12620s
 40753470 3093284     cutoff   42         0.02734    0.03540  29.5%  35.3 12625s
 40770400 3093779     cutoff   46         0.02734    0.03540  29.5%  35.3 12630s
 40788627 3094202    0.02866   42   44    0.02734    0.03540  29.4%  35.3 12635s
 40806360 3094558    0.03538   42   63    0.02734    0.03539  29.4%  35.3 12640s
 40823297 3094995     cutoff   45         0.02734    0.03539  29.4%  35.3 12645s
 40841560 3095529    0.02749   61   38    0.02734    0.03539  29.4%  35.3 12650s
 40859505 3095970    0.03024   41   56    0.02734    0.03538  29.4%  35.3 12655s
 40876506 3096413     cutoff   30         0.02734    0.03538  29.4%  35.3 12660s
 40894250 3096783     cutoff   44         0.02734    0.03538  29.4%  35.3 12665s
 40911857 3097154     cutoff   39         0.02734    0.03537  29.4%  35.3 12670s
 40929529 3097525     cutoff   48         0.02734    0.03537  29.3%  35.3 12675s
 40947362 3097832    0.03171   47   48    0.02734    0.03537  29.3%  35.3 12680s
 40963593 3098054    0.02740   41   63    0.02734    0.03536  29.3%  35.3 12685s
 40981740 3098546    0.03122   47   49    0.02734    0.03536  29.3%  35.3 12690s
 41000283 3099047    0.03031   47   33    0.02734    0.03536  29.3%  35.3 12695s
 41018858 3099622     cutoff  108         0.02734    0.03535  29.3%  35.3 12700s
 41035454 3100033    0.02986   46   53    0.02734    0.03535  29.3%  35.3 12705s
 41053534 3100509    0.03486   50   49    0.02734    0.03535  29.3%  35.3 12710s
 41072291 3100809    0.03162   41   57    0.02734    0.03534  29.2%  35.3 12715s
 41090398 3101133     cutoff   49         0.02734    0.03534  29.2%  35.3 12720s
 41106534 3101384     cutoff   49         0.02734    0.03534  29.2%  35.3 12725s
 41123263 3101584    0.03277   50   34    0.02734    0.03533  29.2%  35.3 12730s
 41142872 3101934    0.03006   41   55    0.02734    0.03533  29.2%  35.3 12735s
 41160668 3102231    0.03132   49   48    0.02734    0.03533  29.2%  35.3 12740s
 41178377 3102696     cutoff   44         0.02734    0.03532  29.2%  35.3 12745s
 41195450 3103122     cutoff   47         0.02734    0.03532  29.2%  35.3 12750s
 41214615 3103765     cutoff   47         0.02734    0.03532  29.1%  35.3 12755s
 41233368 3104623    0.02786   47   54    0.02734    0.03531  29.1%  35.3 12760s
 41251219 3105083     cutoff   45         0.02734    0.03531  29.1%  35.2 12765s
 41268255 3105378     cutoff   58         0.02734    0.03531  29.1%  35.2 12770s
 41286723 3105818    0.02797   47   59    0.02734    0.03530  29.1%  35.2 12775s
 41305852 3106102    0.02808   43   54    0.02734    0.03530  29.1%  35.2 12780s
 41322454 3106330    0.03182   52   48    0.02734    0.03529  29.1%  35.2 12785s
 41340525 3106732    0.02977   45   52    0.02734    0.03529  29.1%  35.2 12790s
 41359498 3107133     cutoff   46         0.02734    0.03529  29.0%  35.2 12795s
 41378332 3107832     cutoff   37         0.02734    0.03528  29.0%  35.2 12800s
 41394250 3108105     cutoff   41         0.02734    0.03528  29.0%  35.2 12805s
 41410069 3108474    0.03266   44   52    0.02734    0.03528  29.0%  35.2 12810s
 41427091 3109187    0.02946   37   65    0.02734    0.03528  29.0%  35.2 12815s
 41445623 3109517     cutoff   37         0.02734    0.03527  29.0%  35.2 12820s
 41463083 3109788    0.02750  100   12    0.02734    0.03527  29.0%  35.2 12825s
 41482789 3110182    0.02868   50   51    0.02734    0.03526  29.0%  35.2 12830s
 41500138 3110688     cutoff   42         0.02734    0.03526  29.0%  35.2 12835s
 41518895 3110918 infeasible   46         0.02734    0.03526  28.9%  35.2 12840s
 41537255 3111105    0.02920   45   48    0.02734    0.03525  28.9%  35.2 12845s
 41555612 3111544    0.03525   38   56    0.02734    0.03525  28.9%  35.2 12850s
H41569601 3087910                       0.0274234    0.03525  28.5%  35.2 12853s
 41572146 3087988    0.03070   40   50    0.02742    0.03525  28.5%  35.2 12855s
 41590673 3088111    0.02904   44   60    0.02742    0.03524  28.5%  35.2 12860s
 41607861 3088297    0.02855   46   39    0.02742    0.03524  28.5%  35.2 12865s
 41626102 3088521     cutoff   41         0.02742    0.03524  28.5%  35.2 12870s
 41644712 3088763     cutoff   46         0.02742    0.03523  28.5%  35.2 12875s
 41658972 3089047 infeasible   39         0.02742    0.03523  28.5%  35.2 12880s
 41675171 3089472    0.03523   47   38    0.02742    0.03523  28.5%  35.2 12885s
 41692773 3089714     cutoff   45         0.02742    0.03522  28.4%  35.2 12890s
 41710512 3089940     cutoff   37         0.02742    0.03522  28.4%  35.2 12895s
 41728061 3090067    0.03145   40   55    0.02742    0.03522  28.4%  35.2 12900s
 41746074 3090298    0.03151   44   56    0.02742    0.03521  28.4%  35.2 12905s
 41765052 3090572 infeasible   35         0.02742    0.03521  28.4%  35.2 12910s
 41783739 3090841    0.02848   42   57    0.02742    0.03520  28.4%  35.2 12915s
 41801725 3091241    0.02872   42   57    0.02742    0.03520  28.4%  35.1 12920s
 41818890 3091633    0.02834   42   39    0.02742    0.03520  28.4%  35.1 12925s
 41835194 3091872    0.02943   41   57    0.02742    0.03520  28.3%  35.1 12930s
 41853362 3092177     cutoff   32         0.02742    0.03519  28.3%  35.1 12935s
 41871645 3092523    0.03367   58   38    0.02742    0.03519  28.3%  35.1 12940s
 41889338 3092777    0.02881   42   49    0.02742    0.03518  28.3%  35.1 12945s
 41907903 3092988    0.03393   45   59    0.02742    0.03518  28.3%  35.1 12950s
 41923852 3093167    0.02767   57   61    0.02742    0.03518  28.3%  35.1 12955s
 41941457 3093504     cutoff   42         0.02742    0.03517  28.3%  35.1 12960s
 41960728 3093821     cutoff   41         0.02742    0.03517  28.3%  35.1 12965s
 41977417 3094301    0.03306   42   54    0.02742    0.03517  28.2%  35.1 12970s
 41992186 3094541    0.03177   54   50    0.02742    0.03517  28.2%  35.1 12975s
 42010301 3094856    0.02810   51   33    0.02742    0.03516  28.2%  35.1 12980s
 42027094 3095166     cutoff   39         0.02742    0.03516  28.2%  35.1 12985s
 42044374 3095466     cutoff   44         0.02742    0.03516  28.2%  35.1 12990s
 42060110 3095546    0.02750   49   54    0.02742    0.03515  28.2%  35.1 12995s
 42078204 3095801    0.03101   36   47    0.02742    0.03515  28.2%  35.1 13000s
 42096475 3096131     cutoff   45         0.02742    0.03515  28.2%  35.1 13005s
 42114532 3096417    0.03007   48   53    0.02742    0.03514  28.1%  35.1 13010s
 42132092 3096759    0.02831   40   53    0.02742    0.03514  28.1%  35.1 13015s
 42146259 3096983    0.02770   42   55    0.02742    0.03514  28.1%  35.1 13020s
 42162825 3097190    0.03493   40   61    0.02742    0.03513  28.1%  35.1 13025s
 42177770 3097479    0.02995   36   57    0.02742    0.03513  28.1%  35.1 13030s
 42195288 3097773    0.03096   34   48    0.02742    0.03513  28.1%  35.1 13035s
 42210330 3098074    0.02770   40   55    0.02742    0.03512  28.1%  35.1 13040s
 42229604 3098470    0.03324   37   60    0.02742    0.03512  28.1%  35.1 13045s
 42246826 3098850     cutoff   37         0.02742    0.03512  28.1%  35.1 13050s
 42264600 3099311    0.03018   40   64    0.02742    0.03511  28.0%  35.1 13055s
 42281717 3099462     cutoff   47         0.02742    0.03511  28.0%  35.1 13060s
 42298734 3099724     cutoff   41         0.02742    0.03511  28.0%  35.1 13065s
 42317069 3100116    0.03293   39   62    0.02742    0.03510  28.0%  35.1 13070s
 42334469 3100573     cutoff   40         0.02742    0.03510  28.0%  35.1 13075s
 42352061 3100888     cutoff   38         0.02742    0.03510  28.0%  35.1 13080s
 42370176 3101180    0.03390   36   63    0.02742    0.03509  28.0%  35.0 13085s
 42387469 3101432    0.03139   56   55    0.02742    0.03509  28.0%  35.0 13090s
 42405506 3101703    0.03022   49   60    0.02742    0.03509  27.9%  35.0 13095s
 42423998 3101989     cutoff   46         0.02742    0.03508  27.9%  35.0 13100s
 42442717 3102418    0.03393   38   65    0.02742    0.03508  27.9%  35.0 13105s
 42461437 3102694     cutoff   44         0.02742    0.03508  27.9%  35.0 13110s
 42478500 3102832    0.03053   36   64    0.02742    0.03507  27.9%  35.0 13115s
 42497497 3103054    0.03285   41   57    0.02742    0.03507  27.9%  35.0 13120s
 42516684 3103162    0.02867   47   61    0.02742    0.03507  27.9%  35.0 13125s
 42534619 3103879    0.02893  102    5    0.02742    0.03506  27.9%  35.0 13130s
 42551863 3104795    0.03355   33   64    0.02742    0.03506  27.8%  35.0 13135s
 42571402 3105244     cutoff   54         0.02742    0.03506  27.8%  35.0 13140s
 42590348 3105488 infeasible   40         0.02742    0.03505  27.8%  35.0 13145s
 42608264 3105641    0.03143   54   46    0.02742    0.03505  27.8%  35.0 13150s
 42625911 3105936    0.03496   43   61    0.02742    0.03505  27.8%  35.0 13155s
 42645569 3106126    0.02862   52   47    0.02742    0.03504  27.8%  35.0 13160s
 42665289 3106312     cutoff   43         0.02742    0.03504  27.8%  35.0 13165s
 42684207 3106591     cutoff   43         0.02742    0.03504  27.8%  35.0 13170s
 42697727 3106744    0.02756   41   56    0.02742    0.03503  27.7%  35.0 13175s
 42716201 3107200    0.03141   42   59    0.02742    0.03503  27.7%  35.0 13180s
 42735516 3107503     cutoff   39         0.02742    0.03503  27.7%  35.0 13185s
 42755801 3107736     cutoff   47         0.02742    0.03502  27.7%  35.0 13190s
 42774281 3108288    0.02892   45   56    0.02742    0.03502  27.7%  35.0 13195s
 42793766 3108487     cutoff   45         0.02742    0.03502  27.7%  35.0 13200s
 42812439 3108863     cutoff   43         0.02742    0.03501  27.7%  35.0 13205s
 42831148 3108877    0.03195   46   54    0.02742    0.03501  27.7%  35.0 13210s
 42850219 3109066    0.03219   44   67    0.02742    0.03500  27.6%  35.0 13215s
 42870003 3109251    0.02749   46   54    0.02742    0.03500  27.6%  35.0 13220s
 42888715 3109562    0.02967   42   57    0.02742    0.03500  27.6%  35.0 13225s
 42907756 3109881     cutoff   40         0.02742    0.03499  27.6%  35.0 13230s
 42925519 3110004    0.03362   37   62    0.02742    0.03499  27.6%  34.9 13235s
 42944739 3110479    0.02798   50   61    0.02742    0.03499  27.6%  34.9 13240s
 42963527 3110578     cutoff   38         0.02742    0.03498  27.6%  34.9 13245s
 42982467 3110924    0.03069   38   63    0.02742    0.03498  27.6%  34.9 13250s
 43000684 3110926     cutoff   46         0.02742    0.03498  27.5%  34.9 13255s
 43019001 3111061     cutoff   42         0.02742    0.03497  27.5%  34.9 13260s
 43037066 3111101    0.03275   46   58    0.02742    0.03497  27.5%  34.9 13265s
 43054500 3111374    0.02902   43   55    0.02742    0.03497  27.5%  34.9 13270s
 43074196 3111398     cutoff   44         0.02742    0.03496  27.5%  34.9 13275s
 43091498 3111488 infeasible   47         0.02742    0.03496  27.5%  34.9 13280s
 43110575 3111642     cutoff   43         0.02742    0.03496  27.5%  34.9 13285s
 43130454 3112119    0.03109   40   56    0.02742    0.03495  27.5%  34.9 13290s
 43147930 3112119    0.02779   43   45    0.02742    0.03495  27.4%  34.9 13295s
 43167529 3112286     cutoff   42         0.02742    0.03495  27.4%  34.9 13300s
 43185541 3112610     cutoff   43         0.02742    0.03494  27.4%  34.9 13305s
 43203965 3112953     cutoff   41         0.02742    0.03494  27.4%  34.9 13310s
 43222198 3113076    0.02821   37   46    0.02742    0.03493  27.4%  34.9 13315s
 43240961 3113170    0.02814   48   57    0.02742    0.03493  27.4%  34.9 13320s
 43260673 3113505     cutoff   44         0.02742    0.03493  27.4%  34.9 13325s
 43278455 3113700    0.03047   42   52    0.02742    0.03492  27.4%  34.9 13330s
 43295907 3113841    0.03270   35   56    0.02742    0.03492  27.3%  34.9 13335s
 43315199 3113996     cutoff   34         0.02742    0.03492  27.3%  34.9 13340s
 43334846 3114069     cutoff   39         0.02742    0.03491  27.3%  34.9 13345s
 43351833 3114381     cutoff   39         0.02742    0.03491  27.3%  34.9 13350s
 43372202 3114608    0.02998   39   60    0.02742    0.03491  27.3%  34.9 13355s
 43390898 3115058    0.03078   40   58    0.02742    0.03490  27.3%  34.9 13360s
 43410372 3115287     cutoff   41         0.02742    0.03490  27.3%  34.9 13365s
 43428883 3115500 infeasible   32         0.02742    0.03490  27.2%  34.9 13370s
 43448488 3115989     cutoff   49         0.02742    0.03489  27.2%  34.9 13375s
 43466933 3116639    0.02970   43   58    0.02742    0.03489  27.2%  34.9 13380s
 43486929 3118096     cutoff   37         0.02742    0.03488  27.2%  34.8 13385s
 43505488 3120568    0.02747   47   55    0.02742    0.03488  27.2%  34.8 13390s
 43527092 3125559    0.02825   41   39    0.02742    0.03488  27.2%  34.8 13395s
 43545911 3128070    0.02920   89   11    0.02742    0.03488  27.2%  34.8 13400s
 43563977 3129742     cutoff   43         0.02742    0.03488  27.2%  34.8 13405s
 43582491 3130477     cutoff   41         0.02742    0.03487  27.2%  34.8 13410s
 43598299 3132453     cutoff   43         0.02742    0.03487  27.2%  34.8 13415s
 43618216 3135666     cutoff   53         0.02742    0.03487  27.2%  34.8 13420s
 43637618 3138677    0.02753   40   50    0.02742    0.03487  27.1%  34.8 13425s
 43661144 3143548    0.02886   95   11    0.02742    0.03487  27.1%  34.8 13430s
 43681653 3146651    0.03486   80   24    0.02742    0.03486  27.1%  34.8 13435s
 43699237 3148137    0.02743   97   17    0.02742    0.03486  27.1%  34.8 13440s
 43720150 3150087    0.02766   42   55    0.02742    0.03486  27.1%  34.8 13445s
 43740552 3151293     cutoff   60         0.02742    0.03486  27.1%  34.8 13450s
 43758568 3151875     cutoff   38         0.02742    0.03485  27.1%  34.7 13455s
H43763850 3151894                       0.0274235    0.03485  27.1%  34.7 13456s
 43773644 3152166    0.02793   44   57    0.02742    0.03485  27.1%  34.7 13460s
 43791988 3152956     cutoff   35         0.02742    0.03485  27.1%  34.7 13465s
 43811426 3154790    0.02782  109   19    0.02742    0.03485  27.1%  34.7 13470s
 43831982 3155764     cutoff   58         0.02742    0.03484  27.1%  34.7 13475s
 43850463 3157047     cutoff   38         0.02742    0.03484  27.0%  34.7 13480s
 43868287 3158434     cutoff   46         0.02742    0.03484  27.0%  34.7 13485s
 43889856 3160587    0.02927   83   10    0.02742    0.03484  27.0%  34.7 13490s
 43909551 3162498     cutoff   41         0.02742    0.03483  27.0%  34.7 13495s
 43929210 3164679    0.03213   47   60    0.02742    0.03483  27.0%  34.7 13500s
 43950172 3166959 infeasible  101         0.02742    0.03483  27.0%  34.7 13505s
 43969662 3168746     cutoff   48         0.02742    0.03483  27.0%  34.7 13510s
H43974113 3169231                       0.0274235    0.03483  27.0%  34.7 13511s
 43988122 3170499     cutoff   50         0.02742    0.03483  27.0%  34.7 13515s
 44008504 3172866    0.02822   85   18    0.02742    0.03483  27.0%  34.7 13520s
 44029312 3175178     cutoff   49         0.02742    0.03482  27.0%  34.6 13525s
 44050231 3177331    0.02887   86   21    0.02742    0.03482  27.0%  34.6 13530s
 44070172 3179887    0.03133   38   64    0.02742    0.03482  27.0%  34.6 13535s
 44091318 3182022    0.02895   94   21    0.02742    0.03482  27.0%  34.6 13540s
 44110553 3183104    0.02911   38   59    0.02742    0.03482  27.0%  34.6 13545s
 44127529 3183677     cutoff   54         0.02742    0.03481  27.0%  34.6 13550s
 44144757 3183821    0.03264   46   50    0.02742    0.03481  26.9%  34.6 13555s
 44163048 3183995     cutoff   42         0.02742    0.03481  26.9%  34.6 13560s
 44182532 3184286 infeasible   41         0.02742    0.03480  26.9%  34.6 13565s
 44195393 3184556    0.03313   40   59    0.02742    0.03480  26.9%  34.6 13570s
 44213584 3184778    0.02779   73   11    0.02742    0.03480  26.9%  34.6 13575s
 44232755 3184907    0.03305   38   64    0.02742    0.03480  26.9%  34.6 13580s
 44251771 3185120    0.03053   42   56    0.02742    0.03479  26.9%  34.6 13585s
 44270741 3185280    0.03361   42   52    0.02742    0.03479  26.9%  34.6 13590s
 44288454 3185437     cutoff   44         0.02742    0.03478  26.8%  34.6 13595s
 44307125 3185789    0.03407   46   50    0.02742    0.03478  26.8%  34.6 13600s
 44325655 3185949     cutoff   45         0.02742    0.03478  26.8%  34.6 13605s
 44343743 3186116    0.02898   31   45    0.02742    0.03477  26.8%  34.6 13610s
 44361978 3186316    0.02998   45   50    0.02742    0.03477  26.8%  34.6 13615s
 44380765 3186745     cutoff   42         0.02742    0.03477  26.8%  34.6 13620s
 44400069 3186942    0.02886   44   49    0.02742    0.03476  26.8%  34.6 13625s
 44418161 3187026    0.03475   49   56    0.02742    0.03476  26.8%  34.6 13630s
 44436659 3187210     cutoff   44         0.02742    0.03476  26.7%  34.6 13635s
 44455517 3187311    0.03469   29   56    0.02742    0.03475  26.7%  34.6 13640s
 44473481 3187496     cutoff   40         0.02742    0.03475  26.7%  34.6 13645s
 44492860 3187685    0.03353   43   57    0.02742    0.03475  26.7%  34.5 13650s
 44511593 3187796     cutoff   43         0.02742    0.03474  26.7%  34.5 13655s
 44528232 3187713    0.03249   43   54    0.02742    0.03474  26.7%  34.5 13660s
 44545196 3187948    0.03435   54   40    0.02742    0.03474  26.7%  34.5 13665s
 44564005 3188111    0.03291   58   38    0.02742    0.03473  26.7%  34.5 13670s
 44582956 3188219     cutoff   50         0.02742    0.03473  26.6%  34.5 13675s
 44599797 3188428    0.02746   44   55    0.02742    0.03473  26.6%  34.5 13680s
 44618855 3188635    0.02884   41   67    0.02742    0.03472  26.6%  34.5 13685s
 44637259 3189077     cutoff   44         0.02742    0.03472  26.6%  34.5 13690s
 44654032 3189198     cutoff   54         0.02742    0.03472  26.6%  34.5 13695s
 44672775 3189279     cutoff   45         0.02742    0.03471  26.6%  34.5 13700s
 44690209 3189487     cutoff   48         0.02742    0.03471  26.6%  34.5 13705s
 44709192 3189664     cutoff   43         0.02742    0.03471  26.6%  34.5 13710s
 44728172 3189727    0.03059   46   55    0.02742    0.03470  26.5%  34.5 13715s
 44746756 3189995    0.02925   47   53    0.02742    0.03470  26.5%  34.5 13720s
 44761860 3190171     cutoff   45         0.02742    0.03470  26.5%  34.5 13725s
 44780219 3190126    0.02743   45   53    0.02742    0.03469  26.5%  34.5 13730s
 44800086 3190223     cutoff   42         0.02742    0.03469  26.5%  34.5 13735s
 44818529 3190082    0.02799   49   39    0.02742    0.03469  26.5%  34.5 13740s
 44835685 3190123    0.02891   39   60    0.02742    0.03468  26.5%  34.5 13745s
 44853854 3190370    0.02908   47   28    0.02742    0.03468  26.5%  34.5 13750s
 44872983 3190346     cutoff   43         0.02742    0.03468  26.4%  34.5 13755s
 44892519 3190661     cutoff   55         0.02742    0.03467  26.4%  34.5 13760s
 44907184 3190751     cutoff   32         0.02742    0.03467  26.4%  34.5 13765s
 44926667 3190964     cutoff   39         0.02742    0.03467  26.4%  34.5 13770s
 44945095 3191098    0.03430   47   55    0.02742    0.03466  26.4%  34.5 13775s
 44964320 3191355     cutoff   45         0.02742    0.03466  26.4%  34.5 13780s
 44982752 3191421     cutoff   47         0.02742    0.03466  26.4%  34.5 13785s
 45001021 3191530    0.03341   38   50    0.02742    0.03465  26.4%  34.5 13790s
 45016481 3191604     cutoff   41         0.02742    0.03465  26.4%  34.5 13795s
 45035711 3191531    0.02846   41   52    0.02742    0.03465  26.3%  34.5 13800s
 45054252 3191616     cutoff   52         0.02742    0.03464  26.3%  34.5 13805s
 45073592 3191725    0.03125   45   58    0.02742    0.03464  26.3%  34.5 13810s
 45092390 3191891    0.02879   49   63    0.02742    0.03464  26.3%  34.5 13815s
 45111322 3192068     cutoff   41         0.02742    0.03463  26.3%  34.4 13820s
 45128296 3192059    0.03360   40   53    0.02742    0.03463  26.3%  34.4 13825s
 45146897 3192292    0.03038   38   58    0.02742    0.03463  26.3%  34.4 13830s
 45165984 3192438    0.02962   69   45    0.02742    0.03462  26.3%  34.4 13835s
H45184666 3192759                       0.0274235    0.03462  26.2%  34.4 13840s
 45198734 3192687     cutoff   43         0.02742    0.03462  26.2%  34.4 13845s
 45217722 3192789 infeasible   50         0.02742    0.03461  26.2%  34.4 13850s
 45234104 3192791    0.03113   52   55    0.02742    0.03461  26.2%  34.4 13855s
 45252390 3192770    0.03019   30   48    0.02742    0.03461  26.2%  34.4 13860s
 45269944 3192642    0.03011   40   23    0.02742    0.03460  26.2%  34.4 13865s
 45288734 3192928     cutoff   45         0.02742    0.03460  26.2%  34.4 13870s
 45307698 3192930     cutoff   30         0.02742    0.03460  26.2%  34.4 13875s
 45325587 3192925     cutoff   44         0.02742    0.03459  26.1%  34.4 13880s
 45344302 3192995    0.03234   43   55    0.02742    0.03459  26.1%  34.4 13885s
 45362458 3193196     cutoff   39         0.02742    0.03459  26.1%  34.4 13890s
 45380966 3193230     cutoff   45         0.02742    0.03458  26.1%  34.4 13895s
 45399456 3193319     cutoff   55         0.02742    0.03458  26.1%  34.4 13900s
 45415725 3193284    0.02886   35   58    0.02742    0.03458  26.1%  34.4 13905s
 45434449 3193317    0.02824   60   57    0.02742    0.03457  26.1%  34.4 13910s
 45453282 3193395     cutoff   46         0.02742    0.03457  26.1%  34.4 13915s
 45470676 3193408     cutoff   50         0.02742    0.03457  26.0%  34.4 13920s
 45487004 3193284     cutoff   41         0.02742    0.03456  26.0%  34.4 13925s
 45505427 3193489    0.03274   37   54    0.02742    0.03456  26.0%  34.4 13930s
 45524143 3193523    0.02858   48   44    0.02742    0.03456  26.0%  34.4 13935s
 45542713 3193601     cutoff   39         0.02742    0.03455  26.0%  34.4 13940s
 45562041 3193743     cutoff   50         0.02742    0.03455  26.0%  34.4 13945s
 45578118 3193917    0.03411   43   64    0.02742    0.03455  26.0%  34.4 13950s
 45596682 3193969 infeasible   37         0.02742    0.03454  26.0%  34.4 13955s
 45612425 3193936 infeasible   43         0.02742    0.03454  25.9%  34.4 13960s
 45632294 3194069     cutoff   46         0.02742    0.03454  25.9%  34.4 13965s
 45650848 3194253     cutoff   44         0.02742    0.03453  25.9%  34.4 13970s
 45666996 3194196     cutoff   45         0.02742    0.03453  25.9%  34.4 13975s
 45686106 3194607     cutoff   50         0.02742    0.03453  25.9%  34.4 13980s
 45703992 3194641    0.02991   47   45    0.02742    0.03452  25.9%  34.4 13985s
 45722465 3194710     cutoff   37         0.02742    0.03452  25.9%  34.3 13990s
 45739375 3194631     cutoff   43         0.02742    0.03452  25.9%  34.3 13995s
 45757867 3194658    0.02999   43   59    0.02742    0.03451  25.9%  34.3 14000s
 45776114 3194827    0.02789   42   55    0.02742    0.03451  25.8%  34.3 14005s
 45794401 3194871     cutoff   45         0.02742    0.03451  25.8%  34.3 14010s
 45812026 3194890     cutoff   43         0.02742    0.03450  25.8%  34.3 14015s
 45830360 3194928     cutoff   51         0.02742    0.03450  25.8%  34.3 14020s
 45849263 3194980    0.03091   45   58    0.02742    0.03450  25.8%  34.3 14025s
 45864195 3195085     cutoff   59         0.02742    0.03449  25.8%  34.3 14030s
 45882338 3195071     cutoff   37         0.02742    0.03449  25.8%  34.3 14035s
 45898889 3195122     cutoff   44         0.02742    0.03449  25.8%  34.3 14040s
 45918575 3195268    0.03369   40   56    0.02742    0.03448  25.7%  34.3 14045s
 45937101 3195442     cutoff   44         0.02742    0.03448  25.7%  34.3 14050s
 45954896 3195588    0.03007   41   67    0.02742    0.03448  25.7%  34.3 14055s
 45973567 3195731    0.03146   45   54    0.02742    0.03447  25.7%  34.3 14060s
 45992915 3195903    0.02863   44   47    0.02742    0.03447  25.7%  34.3 14065s
 46011660 3195987     cutoff   44         0.02742    0.03447  25.7%  34.3 14070s
 46029774 3196204    0.03043   40   58    0.02742    0.03446  25.7%  34.3 14075s
 46048640 3196435    0.02813   40   56    0.02742    0.03446  25.7%  34.3 14080s
 46068027 3196559     cutoff   37         0.02742    0.03446  25.6%  34.3 14085s
 46085525 3196768     cutoff   57         0.02742    0.03445  25.6%  34.3 14090s
 46104480 3197038    0.02748   49   49    0.02742    0.03445  25.6%  34.3 14095s
 46123845 3197443     cutoff   45         0.02742    0.03445  25.6%  34.3 14100s
 46143001 3197650     cutoff   42         0.02742    0.03444  25.6%  34.3 14105s
 46161946 3197914     cutoff   44         0.02742    0.03444  25.6%  34.3 14110s
 46179775 3198428    0.02913   42   55    0.02742    0.03444  25.6%  34.3 14115s
H46188757 3198669                       0.0274235    0.03444  25.6%  34.3 14117s
 46195905 3199024    0.02863   39   56    0.02742    0.03444  25.6%  34.3 14120s
H46198074 3199066                       0.0274235    0.03444  25.6%  34.3 14120s
 46213139 3199594    0.02982   46   37    0.02742    0.03443  25.6%  34.3 14125s
 46231863 3200113     cutoff   40         0.02742    0.03443  25.5%  34.3 14130s
 46248962 3200298     cutoff   40         0.02742    0.03443  25.5%  34.3 14135s
 46267290 3200768    0.02837   41   44    0.02742    0.03442  25.5%  34.3 14140s
 46286799 3200966     cutoff   93         0.02742    0.03442  25.5%  34.3 14145s
 46304497 3201288     cutoff   48         0.02742    0.03442  25.5%  34.2 14150s
 46321822 3201307    0.03053   50   56    0.02742    0.03442  25.5%  34.2 14155s
 46340360 3201564     cutoff   46         0.02742    0.03441  25.5%  34.2 14160s
 46359541 3201851     cutoff   48         0.02742    0.03441  25.5%  34.2 14165s
 46378742 3202178     cutoff   49         0.02742    0.03441  25.5%  34.2 14170s
 46396433 3202388    0.03229   42   37    0.02742    0.03440  25.5%  34.2 14175s
 46414345 3202462     cutoff   38         0.02742    0.03440  25.4%  34.2 14180s
 46427052 3202559     cutoff   44         0.02742    0.03440  25.4%  34.2 14185s
 46448152 3202702    0.03011   45   56    0.02742    0.03440  25.4%  34.2 14190s
 46460286 3202723    0.03430   54   47    0.02742    0.03439  25.4%  34.2 14195s
 46479848 3202838    0.03265   36   49    0.02742    0.03439  25.4%  34.2 14200s
 46499607 3203030    0.02880   36   50    0.02742    0.03439  25.4%  34.2 14205s
 46517773 3203071    0.02857   51   41    0.02742    0.03438  25.4%  34.2 14210s
 46536614 3203218     cutoff   56         0.02742    0.03438  25.4%  34.2 14215s
 46555229 3203352    0.02964   47   57    0.02742    0.03438  25.4%  34.2 14220s
 46574251 3203679    0.03405   50   57    0.02742    0.03437  25.3%  34.2 14225s
 46593217 3203816    0.02977   41   57    0.02742    0.03437  25.3%  34.2 14230s
 46612787 3203740     cutoff   37         0.02742    0.03437  25.3%  34.2 14235s
 46631850 3204056    0.03300   40   52    0.02742    0.03436  25.3%  34.2 14240s
 46651324 3204171     cutoff   36         0.02742    0.03436  25.3%  34.2 14245s
 46670605 3204425     cutoff   45         0.02742    0.03436  25.3%  34.2 14250s
 46688354 3204662    0.02902   42   64    0.02742    0.03435  25.3%  34.2 14255s
 46708127 3204925    0.02746   58   62    0.02742    0.03435  25.3%  34.2 14260s
 46727361 3204982    0.03206   92   17    0.02742    0.03435  25.2%  34.2 14265s
 46746682 3204931    0.02827   50   59    0.02742    0.03434  25.2%  34.2 14270s
 46763650 3205022    0.02803   40   51    0.02742    0.03434  25.2%  34.2 14275s
 46783502 3205046    0.03320   41   49    0.02742    0.03434  25.2%  34.2 14280s
 46802468 3205053    0.03055   48   57    0.02742    0.03433  25.2%  34.2 14285s
 46821214 3205138    0.02937   48   48    0.02742    0.03433  25.2%  34.2 14290s
 46839011 3205337     cutoff   48         0.02742    0.03433  25.2%  34.2 14295s
 46858003 3205661     cutoff   44         0.02742    0.03432  25.2%  34.2 14300s
 46876383 3205714     cutoff   48         0.02742    0.03432  25.2%  34.1 14305s
 46894759 3205763    0.02786   38   58    0.02742    0.03432  25.1%  34.1 14310s
 46913368 3205812     cutoff   44         0.02742    0.03432  25.1%  34.1 14315s
 46930260 3205813     cutoff   47         0.02742    0.03431  25.1%  34.1 14320s
 46946351 3205826 infeasible   51         0.02742    0.03431  25.1%  34.1 14325s
 46965717 3206003    0.03049   50   45    0.02742    0.03431  25.1%  34.1 14330s
 46984878 3206051    0.03084   53   57    0.02742    0.03430  25.1%  34.1 14335s
 46999051 3205941     cutoff   37         0.02742    0.03430  25.1%  34.1 14340s
 47017907 3205824    0.02951   40   59    0.02742    0.03430  25.1%  34.1 14345s
 47034564 3206023     cutoff   42         0.02742    0.03429  25.1%  34.1 14350s
 47054191 3206280     cutoff   39         0.02742    0.03429  25.0%  34.1 14355s
 47073100 3206501    0.03212   43   55    0.02742    0.03429  25.0%  34.1 14360s
 47092596 3206650     cutoff   45         0.02742    0.03428  25.0%  34.1 14365s
 47112172 3207016    0.02905   47   48    0.02742    0.03428  25.0%  34.1 14370s
 47130023 3207062     cutoff   48         0.02742    0.03428  25.0%  34.1 14375s
 47150396 3207193     cutoff   42         0.02742    0.03427  25.0%  34.1 14380s
 47169910 3207295    0.02772   43   58    0.02742    0.03427  25.0%  34.1 14385s
 47190276 3207462     cutoff   38         0.02742    0.03427  25.0%  34.1 14390s
 47210102 3207591    0.03156   28   55    0.02742    0.03426  24.9%  34.1 14395s
 47229471 3207707     cutoff   45         0.02742    0.03426  24.9%  34.1 14400s
 47249845 3208073    0.03367   38   58    0.02742    0.03426  24.9%  34.1 14405s
 47268885 3208308     cutoff   49         0.02742    0.03425  24.9%  34.1 14410s
 47285925 3208325     cutoff   43         0.02742    0.03425  24.9%  34.1 14415s
 47302629 3208449    0.02787   46   52    0.02742    0.03425  24.9%  34.1 14420s
 47320929 3208587    0.03422   41   66    0.02742    0.03425  24.9%  34.1 14425s
 47340635 3208737    0.03231   33   66    0.02742    0.03424  24.9%  34.1 14430s
 47361060 3208690     cutoff   50         0.02742    0.03424  24.8%  34.1 14435s
 47375796 3208934    0.02815   47   56    0.02742    0.03424  24.8%  34.1 14440s
 47394615 3209088    0.03318   41   57    0.02742    0.03423  24.8%  34.1 14445s
 47415090 3209258     cutoff   40         0.02742    0.03423  24.8%  34.1 14450s
 47433370 3209248    0.03288   44   56    0.02742    0.03423  24.8%  34.1 14455s
 47451004 3209362    0.02974   53   56    0.02742    0.03422  24.8%  34.1 14460s
 47471076 3209505     cutoff   39         0.02742    0.03422  24.8%  34.1 14465s
 47490495 3209630     cutoff   42         0.02742    0.03422  24.8%  34.0 14470s
 47508786 3209763    0.03331   39   62    0.02742    0.03421  24.8%  34.0 14475s
 47528351 3209930    0.03037   36   59    0.02742    0.03421  24.7%  34.0 14480s
 47547628 3210066    0.02762   38   59    0.02742    0.03421  24.7%  34.0 14485s
 47566784 3210277    0.03016   58   53    0.02742    0.03420  24.7%  34.0 14490s
 47585440 3210355     cutoff   40         0.02742    0.03420  24.7%  34.0 14495s
 47605291 3210368    0.03198   40   57    0.02742    0.03420  24.7%  34.0 14500s
 47623792 3210788    0.02961   98   27    0.02742    0.03419  24.7%  34.0 14505s
 47641223 3211985     cutoff   47         0.02742    0.03419  24.7%  34.0 14510s
 47659858 3212215    0.02945   47   54    0.02742    0.03419  24.7%  34.0 14515s
 47678775 3212238    0.02755   51   58    0.02742    0.03418  24.6%  34.0 14520s
 47698559 3212337     cutoff   50         0.02742    0.03418  24.6%  34.0 14525s
 47712076 3212335    0.03102   47   60    0.02742    0.03418  24.6%  34.0 14530s
 47732311 3212539    0.02934   46   51    0.02742    0.03417  24.6%  34.0 14535s
 47751554 3212772     cutoff   44         0.02742    0.03417  24.6%  34.0 14540s
 47770526 3212906    0.03293   42   57    0.02742    0.03417  24.6%  34.0 14545s
 47789718 3213057     cutoff   37         0.02742    0.03416  24.6%  34.0 14550s
 47809996 3213034     cutoff   47         0.02742    0.03416  24.6%  34.0 14555s
 47828786 3213235     cutoff   47         0.02742    0.03416  24.6%  34.0 14560s
 47847227 3213437     cutoff   40         0.02742    0.03415  24.5%  34.0 14565s
 47865143 3213512    0.02750   51   53    0.02742    0.03415  24.5%  34.0 14570s
 47883146 3213710     cutoff   38         0.02742    0.03415  24.5%  34.0 14575s
 47902599 3213886    0.02953   40   62    0.02742    0.03414  24.5%  34.0 14580s
 47921625 3213932     cutoff   51         0.02742    0.03414  24.5%  34.0 14585s
 47936413 3214074    0.03216   45   68    0.02742    0.03414  24.5%  34.0 14590s
 47955745 3214040    0.03276   40   44    0.02742    0.03414  24.5%  34.0 14595s
 47975581 3214309     cutoff   41         0.02742    0.03413  24.5%  34.0 14600s
 47994919 3214512     cutoff   44         0.02742    0.03413  24.5%  34.0 14605s
 48013819 3215060    0.02868   54   35    0.02742    0.03413  24.4%  34.0 14610s
 48032109 3215301    0.02758   38   64    0.02742    0.03412  24.4%  34.0 14615s
 48050936 3215894     cutoff   93         0.02742    0.03412  24.4%  34.0 14620s
 48069562 3216507    0.03122   40   52    0.02742    0.03412  24.4%  34.0 14625s
 48087579 3216904     cutoff   61         0.02742    0.03412  24.4%  33.9 14630s
 48106721 3217355     cutoff   52         0.02742    0.03412  24.4%  33.9 14635s
 48125866 3217698 infeasible   38         0.02742    0.03411  24.4%  33.9 14640s
 48143575 3218183 infeasible   87         0.02742    0.03411  24.4%  33.9 14645s
 48161537 3217984 infeasible   64         0.02742    0.03411  24.4%  33.9 14650s
 48180112 3218189     cutoff   91         0.02742    0.03411  24.4%  33.9 14655s
 48196971 3218342     cutoff   49         0.02742    0.03410  24.4%  33.9 14660s
H48208307 3218618                       0.0274235    0.03410  24.4%  33.9 14663s
 48213948 3218812     cutoff   36         0.02742    0.03410  24.4%  33.9 14665s
 48234365 3219049    0.03199   38   59    0.02742    0.03410  24.3%  33.9 14670s
 48253079 3219323    0.02790   45   56    0.02742    0.03410  24.3%  33.9 14675s
 48270506 3219445     cutoff   42         0.02742    0.03409  24.3%  33.9 14680s
 48288027 3219651    0.03146   44   46    0.02742    0.03409  24.3%  33.9 14685s
 48307112 3219775     cutoff   49         0.02742    0.03409  24.3%  33.9 14690s
 48325542 3219801    0.03393   40   56    0.02742    0.03409  24.3%  33.9 14695s
 48342549 3220097     cutoff   38         0.02742    0.03408  24.3%  33.9 14700s
 48361136 3220406    0.02946   40   58    0.02742    0.03408  24.3%  33.9 14705s
 48379049 3220356     cutoff   45         0.02742    0.03408  24.3%  33.9 14710s
 48397263 3220776 infeasible   47         0.02742    0.03408  24.3%  33.9 14715s
 48414898 3220698    0.03203   39   57    0.02742    0.03407  24.3%  33.9 14720s
 48429618 3221056 infeasible   56         0.02742    0.03407  24.2%  33.9 14725s
 48447496 3221238    0.02875   53   56    0.02742    0.03407  24.2%  33.9 14730s
 48466252 3221762    0.03010   40   55    0.02742    0.03407  24.2%  33.9 14735s
 48484559 3221883    0.03237   52   54    0.02742    0.03406  24.2%  33.9 14740s
 48503356 3222060    0.02878   43   56    0.02742    0.03406  24.2%  33.9 14745s
 48520145 3222521     cutoff   38         0.02742    0.03406  24.2%  33.9 14750s
 48538907 3222836     cutoff   49         0.02742    0.03406  24.2%  33.9 14755s
 48556954 3223268 infeasible  101         0.02742    0.03405  24.2%  33.9 14760s
 48574201 3223536    0.02956   43   57    0.02742    0.03405  24.2%  33.9 14765s
 48592106 3223449    0.03053   37   57    0.02742    0.03405  24.2%  33.8 14770s
 48610805 3223709    0.03041   47   51    0.02742    0.03405  24.1%  33.8 14775s
 48626785 3223874     cutoff   53         0.02742    0.03404  24.1%  33.8 14780s
 48645725 3223986     cutoff   48         0.02742    0.03404  24.1%  33.8 14785s
 48663548 3224521    0.03288   40   58    0.02742    0.03404  24.1%  33.8 14790s
 48681859 3224852    0.03390   39   65    0.02742    0.03403  24.1%  33.8 14795s
 48694265 3224890     cutoff   47         0.02742    0.03403  24.1%  33.8 14800s
 48712812 3224965    0.03375   40   58    0.02742    0.03403  24.1%  33.8 14805s
 48731767 3224982    0.03134   42   61    0.02742    0.03403  24.1%  33.8 14810s
 48750165 3225271 infeasible   40         0.02742    0.03402  24.1%  33.8 14815s
 48768330 3225788     cutoff   40         0.02742    0.03402  24.1%  33.8 14820s
 48786114 3226043    0.02953   43   52    0.02742    0.03402  24.0%  33.8 14825s
 48802917 3226312    0.02921   44   48    0.02742    0.03401  24.0%  33.8 14830s
 48821918 3227150    0.03067   46   54    0.02742    0.03401  24.0%  33.8 14835s
 48840514 3227237    0.02751   49   50    0.02742    0.03401  24.0%  33.8 14840s
 48859638 3227641    0.02793   59   32    0.02742    0.03401  24.0%  33.8 14845s
 48877792 3228217    0.03213   39   61    0.02742    0.03400  24.0%  33.8 14850s
 48897144 3228529 infeasible   44         0.02742    0.03400  24.0%  33.8 14855s
 48916545 3229201    0.02840   48   47    0.02742    0.03400  24.0%  33.8 14860s
 48933843 3229573 infeasible   92         0.02742    0.03399  24.0%  33.8 14865s
 48950496 3230167    0.03369   45   57    0.02742    0.03399  23.9%  33.8 14870s
 48969010 3230990    0.03063   44   46    0.02742    0.03399  23.9%  33.8 14875s
 48985993 3231388    0.02973   39   55    0.02742    0.03399  23.9%  33.8 14880s
 48998470 3231670     cutoff   51         0.02742    0.03398  23.9%  33.8 14885s
 49017150 3232545    0.02770   51   53    0.02742    0.03398  23.9%  33.8 14890s
 49035402 3233147    0.02808   50   51    0.02742    0.03398  23.9%  33.8 14895s
 49053794 3233928    0.02850   36   49    0.02742    0.03398  23.9%  33.8 14900s
 49071984 3235456    0.03326   39   55    0.02742    0.03397  23.9%  33.8 14905s
 49090154 3237594    0.02807   91   14    0.02742    0.03397  23.9%  33.8 14910s
 49108371 3240786    0.02984   78   15    0.02742    0.03397  23.9%  33.8 14915s
 49126196 3243187    0.03291   46   58    0.02742    0.03397  23.9%  33.7 14920s
 49144652 3246218     cutoff   48         0.02742    0.03397  23.9%  33.7 14925s
H49162864 3248993                       0.0274235    0.03397  23.9%  33.7 14930s
 49178927 3251951    0.02805   91   17    0.02742    0.03396  23.9%  33.7 14935s
 49195951 3254917    0.03020   70   24    0.02742    0.03396  23.8%  33.7 14940s
 49212565 3257342    0.03033   59   17    0.02742    0.03396  23.8%  33.7 14945s
 49232483 3260838    0.02794   99    6    0.02742    0.03396  23.8%  33.7 14950s
 49251618 3264234    0.02796   90   14    0.02742    0.03396  23.8%  33.7 14955s
 49268441 3266997 infeasible   82         0.02742    0.03396  23.8%  33.7 14960s
 49288215 3269668     cutoff   47         0.02742    0.03396  23.8%  33.7 14965s
 49305239 3272359 infeasible   95         0.02742    0.03395  23.8%  33.7 14970s
 49324513 3275096    0.02880   68   20    0.02742    0.03395  23.8%  33.7 14975s
 49343182 3277685    0.03017   42   62    0.02742    0.03395  23.8%  33.7 14980s
 49360964 3280157    0.03062   91    8    0.02742    0.03395  23.8%  33.7 14985s
 49378986 3282302     cutoff   44         0.02742    0.03395  23.8%  33.7 14990s
 49397912 3285253     cutoff   93         0.02742    0.03395  23.8%  33.7 14995s
 49415464 3287403     cutoff   47         0.02742    0.03395  23.8%  33.7 15000s
 49432250 3289303     cutoff   50         0.02742    0.03394  23.8%  33.6 15005s
 49450080 3291271    0.03094   34   51    0.02742    0.03394  23.8%  33.6 15010s
 49468631 3292877    0.03129   41   62    0.02742    0.03394  23.8%  33.6 15015s
 49484413 3294363    0.03058   47   56    0.02742    0.03394  23.8%  33.6 15020s
 49497290 3295801     cutoff   39         0.02742    0.03394  23.8%  33.6 15025s
 49517729 3298047    0.02964   41   64    0.02742    0.03394  23.7%  33.6 15030s
 49536285 3300297     cutoff   41         0.02742    0.03393  23.7%  33.6 15035s
 49555384 3302989     cutoff   31         0.02742    0.03393  23.7%  33.6 15040s
 49572872 3304689     cutoff   50         0.02742    0.03393  23.7%  33.6 15045s
 49590996 3306191 infeasible   46         0.02742    0.03393  23.7%  33.6 15050s
 49611206 3308112 infeasible   61         0.02742    0.03393  23.7%  33.6 15055s
 49627538 3309872    0.03393   91   12    0.02742    0.03393  23.7%  33.6 15060s
 49645753 3312000    0.02969   84   14    0.02742    0.03392  23.7%  33.6 15065s
 49665735 3314139    0.02749   98   10    0.02742    0.03392  23.7%  33.6 15070s
 49684793 3315790    0.03349   39   47    0.02742    0.03392  23.7%  33.6 15075s
 49702973 3317736     cutoff   45         0.02742    0.03392  23.7%  33.6 15080s
 49722308 3319292     cutoff   43         0.02742    0.03392  23.7%  33.6 15085s
 49739821 3320428    0.02993   92   26    0.02742    0.03391  23.7%  33.6 15090s
 49757514 3321808     cutoff   46         0.02742    0.03391  23.7%  33.6 15095s
 49776220 3324378     cutoff   98         0.02742    0.03391  23.7%  33.6 15100s
 49795425 3326379    0.02755  102    7    0.02742    0.03391  23.7%  33.5 15105s
 49815767 3328176 infeasible   93         0.02742    0.03391  23.6%  33.5 15110s
 49834575 3329857    0.02756   93   16    0.02742    0.03391  23.6%  33.5 15115s
 49852605 3331848    0.03087   37   61    0.02742    0.03390  23.6%  33.5 15120s
 49872197 3333389    0.03145   53   52    0.02742    0.03390  23.6%  33.5 15125s
 49892408 3334699     cutoff   41         0.02742    0.03390  23.6%  33.5 15130s
 49909884 3336001     cutoff   45         0.02742    0.03390  23.6%  33.5 15135s
 49930331 3338819     cutoff   43         0.02742    0.03389  23.6%  33.5 15140s
 49949634 3340524     cutoff   46         0.02742    0.03389  23.6%  33.5 15145s
 49968945 3342285    0.03353   48   52    0.02742    0.03389  23.6%  33.5 15150s
 49987326 3344627     cutoff   39         0.02742    0.03389  23.6%  33.5 15155s
 50007017 3347454    0.03281   41   54    0.02742    0.03389  23.6%  33.5 15160s
 50027218 3349733    0.03094   83   12    0.02742    0.03388  23.6%  33.5 15165s
 50047540 3352931    0.03101   91   20    0.02742    0.03388  23.5%  33.5 15170s
 50066466 3355837    0.03085   85    9    0.02742    0.03388  23.5%  33.5 15175s
 50086671 3358563    0.02996   41   59    0.02742    0.03388  23.5%  33.5 15180s
 50106751 3361245     cutoff   99         0.02742    0.03387  23.5%  33.5 15185s
 50124519 3363427     cutoff   45         0.02742    0.03387  23.5%  33.5 15190s
 50144114 3365410     cutoff   88         0.02742    0.03387  23.5%  33.5 15195s
 50164374 3368262    0.02803   45   59    0.02742    0.03387  23.5%  33.5 15200s
 50184389 3370934    0.02743   93   14    0.02742    0.03387  23.5%  33.4 15205s
 50203470 3373625     cutoff   46         0.02742    0.03387  23.5%  33.4 15210s
 50222154 3375699     cutoff   47         0.02742    0.03386  23.5%  33.4 15215s
 50242069 3377394    0.03239   59   21    0.02742    0.03386  23.5%  33.4 15220s
 50260859 3378225    0.02927   52   51    0.02742    0.03386  23.5%  33.4 15225s
 50278311 3379029     cutoff   50         0.02742    0.03386  23.5%  33.4 15230s
 50298559 3379858    0.03243   43   41    0.02742    0.03385  23.5%  33.4 15235s
 50317821 3380570    0.02954   47   58    0.02742    0.03385  23.4%  33.4 15240s
 50337597 3381031     cutoff   47         0.02742    0.03385  23.4%  33.4 15245s
 50354474 3381570     cutoff   48         0.02742    0.03385  23.4%  33.4 15250s
 50373613 3382693    0.02895   47   55    0.02742    0.03384  23.4%  33.4 15255s
 50392527 3384120    0.02827   86   19    0.02742    0.03384  23.4%  33.4 15260s
 50411748 3385387 infeasible   88         0.02742    0.03384  23.4%  33.4 15265s
 50425989 3386199    0.03216   47   63    0.02742    0.03384  23.4%  33.4 15270s
 50444868 3387320    0.02917   85   16    0.02742    0.03384  23.4%  33.4 15275s
 50465036 3388281     cutoff   45         0.02742    0.03383  23.4%  33.4 15280s
 50483467 3388996    0.02771   45   36    0.02742    0.03383  23.4%  33.4 15285s
 50502842 3389413 infeasible   44         0.02742    0.03383  23.4%  33.4 15290s
 50521733 3389804    0.02911   35   60    0.02742    0.03383  23.3%  33.4 15295s
 50540315 3390255     cutoff   36         0.02742    0.03382  23.3%  33.4 15300s
 50559361 3390557    0.03219   41   55    0.02742    0.03382  23.3%  33.4 15305s
 50578863 3391112    0.03042   27   39    0.02742    0.03382  23.3%  33.4 15310s
 50597947 3391581    0.03115   47   52    0.02742    0.03382  23.3%  33.4 15315s
 50616290 3392390    0.03374   41   59    0.02742    0.03381  23.3%  33.4 15320s
 50635429 3393034    0.03111   29   56    0.02742    0.03381  23.3%  33.4 15325s
 50656042 3393633     cutoff  103         0.02742    0.03381  23.3%  33.3 15330s
 50675072 3394009     cutoff   44         0.02742    0.03381  23.3%  33.3 15335s
 50693996 3394300     cutoff   48         0.02742    0.03380  23.3%  33.3 15340s
 50712676 3394566    0.03300   49   57    0.02742    0.03380  23.3%  33.3 15345s
 50729878 3395050     cutoff   47         0.02742    0.03380  23.2%  33.3 15350s
 50747967 3395583     cutoff   45         0.02742    0.03380  23.2%  33.3 15355s
 50767188 3396399    0.02996   85   14    0.02742    0.03379  23.2%  33.3 15360s
 50785362 3397057     cutoff   42         0.02742    0.03379  23.2%  33.3 15365s
 50802925 3397878    0.02937   44   62    0.02742    0.03379  23.2%  33.3 15370s
 50821492 3398408     cutoff   52         0.02742    0.03379  23.2%  33.3 15375s
 50841340 3398885    0.02768   39   54    0.02742    0.03378  23.2%  33.3 15380s
 50861105 3399509     cutoff   83         0.02742    0.03378  23.2%  33.3 15385s
 50878455 3400264    0.03026   43   59    0.02742    0.03378  23.2%  33.3 15390s
 50897695 3400749     cutoff   48         0.02742    0.03378  23.2%  33.3 15395s
 50916988 3401575    0.02786   47   57    0.02742    0.03377  23.2%  33.3 15400s
 50935335 3402156 infeasible   91         0.02742    0.03377  23.1%  33.3 15405s
 50954161 3402390    0.02801   41   53    0.02742    0.03377  23.1%  33.3 15410s
 50972085 3402806     cutoff   51         0.02742    0.03377  23.1%  33.3 15415s
 50991491 3403227    0.03118   36   52    0.02742    0.03376  23.1%  33.3 15420s
 51007636 3403763    0.03304   41   57    0.02742    0.03376  23.1%  33.3 15425s
 51024640 3404018    0.02894   44   19    0.02742    0.03376  23.1%  33.3 15430s
 51039789 3404217    0.03374   42   67    0.02742    0.03376  23.1%  33.3 15435s
 51058943 3404355    0.02993   47   54    0.02742    0.03375  23.1%  33.3 15440s
 51078090 3404749     cutoff   47         0.02742    0.03375  23.1%  33.3 15445s
 51097196 3404852     cutoff   39         0.02742    0.03375  23.1%  33.3 15450s
 51115758 3405068    0.03197   49   62    0.02742    0.03374  23.0%  33.3 15455s
 51134311 3404923    0.03316   42   60    0.02742    0.03374  23.0%  33.3 15460s
 51153394 3405002     cutoff   40         0.02742    0.03374  23.0%  33.3 15465s
 51172680 3405031     cutoff   42         0.02742    0.03374  23.0%  33.3 15470s
 51191999 3405131     cutoff   41         0.02742    0.03373  23.0%  33.3 15475s
 51211507 3405526     cutoff   48         0.02742    0.03373  23.0%  33.3 15480s
 51230348 3405601     cutoff   50         0.02742    0.03373  23.0%  33.3 15485s
 51249885 3405562    0.02949   39   64    0.02742    0.03372  23.0%  33.2 15490s
 51267497 3405640    0.03372   72   14    0.02742    0.03372  23.0%  33.2 15495s
 51284578 3405650     cutoff   45         0.02742    0.03372  23.0%  33.2 15500s
 51302692 3405824     cutoff   46         0.02742    0.03372  22.9%  33.2 15505s
 51321297 3405903    0.02916   43   54    0.02742    0.03371  22.9%  33.2 15510s
 51339227 3406045    0.03057   47   50    0.02742    0.03371  22.9%  33.2 15515s
 51359077 3406240     cutoff   44         0.02742    0.03371  22.9%  33.2 15520s
 51377534 3406681     cutoff   50         0.02742    0.03370  22.9%  33.2 15525s
 51397752 3408182 infeasible   92         0.02742    0.03370  22.9%  33.2 15530s
 51417045 3409510    0.02768   49   52    0.02742    0.03370  22.9%  33.2 15535s
 51436564 3411086     cutoff   40         0.02742    0.03370  22.9%  33.2 15540s
 51453760 3412299     cutoff   41         0.02742    0.03369  22.9%  33.2 15545s
 51471422 3413472    0.02977   82   14    0.02742    0.03369  22.9%  33.2 15550s
 51491464 3414853    0.02821   59   49    0.02742    0.03369  22.9%  33.2 15555s
 51511973 3415818    0.02747   49   58    0.02742    0.03369  22.8%  33.2 15560s
 51528233 3416843     cutoff   43         0.02742    0.03369  22.8%  33.2 15565s
 51547924 3417765     cutoff   98         0.02742    0.03368  22.8%  33.2 15570s
 51567577 3418454    0.02926   68   28    0.02742    0.03368  22.8%  33.2 15575s
 51586215 3419156     cutoff   45         0.02742    0.03368  22.8%  33.2 15580s
 51604219 3419638    0.02969   41   34    0.02742    0.03368  22.8%  33.2 15585s
 51623442 3419845    0.02769   38   54    0.02742    0.03367  22.8%  33.2 15590s
 51642518 3420003     cutoff   47         0.02742    0.03367  22.8%  33.2 15595s
 51660888 3420709    0.03121   85   12    0.02742    0.03367  22.8%  33.2 15600s
 51680649 3421088     cutoff   49         0.02742    0.03367  22.8%  33.2 15605s
 51699159 3421196    0.03059   38   50    0.02742    0.03366  22.8%  33.2 15610s
 51718203 3421835    0.02769   43   54    0.02742    0.03366  22.7%  33.2 15615s
 51737457 3422366     cutoff   36         0.02742    0.03366  22.7%  33.2 15620s
 51756407 3422882    0.02852   40   57    0.02742    0.03366  22.7%  33.2 15625s
 51776235 3423950 infeasible   41         0.02742    0.03365  22.7%  33.2 15630s
 51795031 3424485    0.02810   43   46    0.02742    0.03365  22.7%  33.2 15635s
 51811088 3424942    0.02902   53   58    0.02742    0.03365  22.7%  33.1 15640s
 51830202 3425482    0.03127   52   52    0.02742    0.03365  22.7%  33.1 15645s
 51849593 3426322    0.02764   41   52    0.02742    0.03365  22.7%  33.1 15650s
 51869218 3426880    0.02948   43   60    0.02742    0.03364  22.7%  33.1 15655s
 51886427 3427777    0.02795   50   55    0.02742    0.03364  22.7%  33.1 15660s
 51905093 3429022    0.02801   41   60    0.02742    0.03364  22.7%  33.1 15665s
 51923354 3429701 infeasible   86         0.02742    0.03364  22.7%  33.1 15670s
 51943009 3430286    0.03362   41   60    0.02742    0.03363  22.6%  33.1 15675s
 51960652 3430650    0.03058   42   56    0.02742    0.03363  22.6%  33.1 15680s
 51979651 3431380 infeasible   86         0.02742    0.03363  22.6%  33.1 15685s
 51999606 3432163     cutoff   51         0.02742    0.03363  22.6%  33.1 15690s
 52019481 3433321    0.03318   40   61    0.02742    0.03362  22.6%  33.1 15695s
 52039899 3434421    0.02785   40   52    0.02742    0.03362  22.6%  33.1 15700s
 52056328 3435329    0.03131   36   56    0.02742    0.03362  22.6%  33.1 15705s
 52073984 3435844    0.02939   86   19    0.02742    0.03362  22.6%  33.1 15710s
 52091722 3436754    0.02811   46   49    0.02742    0.03362  22.6%  33.1 15715s
 52108764 3436913     cutoff   51         0.02742    0.03361  22.6%  33.1 15720s
 52128005 3437360    0.03063   46   46    0.02742    0.03361  22.6%  33.1 15725s
 52147082 3437471    0.03058   90   18    0.02742    0.03361  22.6%  33.1 15730s
 52166598 3437853    0.02956   45   54    0.02742    0.03361  22.5%  33.1 15735s
 52181066 3438313     cutoff   44         0.02742    0.03360  22.5%  33.1 15740s
 52198272 3438387    0.02830   57   42    0.02742    0.03360  22.5%  33.1 15745s
 52216889 3438641     cutoff   50         0.02742    0.03360  22.5%  33.1 15750s
 52235668 3439024    0.02834   51   55    0.02742    0.03360  22.5%  33.1 15755s
 52253935 3439196     cutoff   46         0.02742    0.03360  22.5%  33.1 15760s
 52272832 3439370    0.03133   41   64    0.02742    0.03359  22.5%  33.1 15765s
 52291566 3439449     cutoff   50         0.02742    0.03359  22.5%  33.1 15770s
 52309241 3439687 infeasible   37         0.02742    0.03359  22.5%  33.1 15775s
 52323849 3439959    0.02996   52   58    0.02742    0.03359  22.5%  33.1 15780s
 52342610 3440327     cutoff   40         0.02742    0.03358  22.5%  33.1 15785s
 52361511 3440838    0.03040   50   48    0.02742    0.03358  22.5%  33.1 15790s
 52380287 3441240    0.03301   44   55    0.02742    0.03358  22.4%  33.0 15795s
 52401136 3441832    0.02769   47   50    0.02742    0.03358  22.4%  33.0 15800s
 52420124 3442571     cutoff   50         0.02742    0.03357  22.4%  33.0 15805s
 52437359 3442894    0.03257   43   60    0.02742    0.03357  22.4%  33.0 15810s
 52456828 3443053     cutoff   49         0.02742    0.03357  22.4%  33.0 15815s
 52473692 3443184 infeasible   88         0.02742    0.03357  22.4%  33.0 15820s
 52493079 3443474    0.03044   51   58    0.02742    0.03357  22.4%  33.0 15825s
 52511833 3443708 infeasible   51         0.02742    0.03356  22.4%  33.0 15830s
 52529689 3444150     cutoff   69         0.02742    0.03356  22.4%  33.0 15835s
 52548494 3444437    0.03082   71   20    0.02742    0.03356  22.4%  33.0 15840s
 52567405 3446155    0.03095   81   16    0.02742    0.03356  22.4%  33.0 15845s
 52586971 3446909     cutoff   46         0.02742    0.03356  22.4%  33.0 15850s
 52606749 3448176     cutoff   46         0.02742    0.03355  22.4%  33.0 15855s
 52622766 3448596     cutoff   38         0.02742    0.03355  22.3%  33.0 15860s
 52642374 3449241     cutoff   58         0.02742    0.03355  22.3%  33.0 15865s
 52662165 3449806     cutoff   46         0.02742    0.03355  22.3%  33.0 15870s
 52682493 3449912    0.02746   39   58    0.02742    0.03355  22.3%  33.0 15875s
 52699557 3450096    0.02883   44   58    0.02742    0.03354  22.3%  33.0 15880s
 52719060 3450190    0.03190   44   56    0.02742    0.03354  22.3%  33.0 15885s
 52741599 3453238    0.02787   98    8    0.02742    0.03354  22.3%  33.0 15890s
 52763967 3455780     cutoff   42         0.02742    0.03354  22.3%  33.0 15895s
 52781168 3456291     cutoff   44         0.02742    0.03354  22.3%  33.0 15900s
 52800493 3456460    0.03337   40   53    0.02742    0.03353  22.3%  33.0 15905s
 52819569 3456748     cutoff   45         0.02742    0.03353  22.3%  33.0 15910s
 52837675 3457134     cutoff   45         0.02742    0.03353  22.3%  33.0 15915s
 52857009 3457341     cutoff   40         0.02742    0.03353  22.3%  32.9 15920s
 52875744 3457462     cutoff   48         0.02742    0.03352  22.2%  32.9 15925s
 52894725 3457623    0.02916   42   48    0.02742    0.03352  22.2%  32.9 15930s
 52909145 3457722    0.03209   36   58    0.02742    0.03352  22.2%  32.9 15935s
 52928525 3458087     cutoff   54         0.02742    0.03352  22.2%  32.9 15940s
 52947355 3458042     cutoff   41         0.02742    0.03351  22.2%  32.9 15945s
 52963660 3458348     cutoff   76         0.02742    0.03351  22.2%  32.9 15950s
 52983040 3458636     cutoff   40         0.02742    0.03351  22.2%  32.9 15955s
 53001937 3458763    0.03095   37   59    0.02742    0.03351  22.2%  32.9 15960s
 53021323 3459069     cutoff   42         0.02742    0.03350  22.2%  32.9 15965s
 53039695 3459244    0.03349   43   60    0.02742    0.03350  22.2%  32.9 15970s
 53058705 3459626    0.03312   37   57    0.02742    0.03350  22.2%  32.9 15975s
 53078075 3459865     cutoff   40         0.02742    0.03350  22.1%  32.9 15980s
 53096943 3459876     cutoff   44         0.02742    0.03349  22.1%  32.9 15985s
 53114698 3459938     cutoff   48         0.02742    0.03349  22.1%  32.9 15990s
 53133889 3460036    0.03349   43   51    0.02742    0.03349  22.1%  32.9 15995s
 53153883 3460149 infeasible   91         0.02742    0.03349  22.1%  32.9 16000s
 53172240 3460471     cutoff   55         0.02742    0.03348  22.1%  32.9 16005s
 53191998 3460619     cutoff   45         0.02742    0.03348  22.1%  32.9 16010s
 53206334 3460716     cutoff   43         0.02742    0.03348  22.1%  32.9 16015s
 53226210 3461235    0.02773   72   15    0.02742    0.03348  22.1%  32.9 16020s
 53246027 3462128     cutoff   44         0.02742    0.03347  22.1%  32.9 16025s
 53264976 3462893    0.02879   37   56    0.02742    0.03347  22.1%  32.9 16030s
 53283757 3463668     cutoff   49         0.02742    0.03347  22.0%  32.9 16035s
 53304005 3464426     cutoff   39         0.02742    0.03347  22.0%  32.9 16040s
 53323036 3465240     cutoff   43         0.02742    0.03346  22.0%  32.9 16045s
 53341169 3466669    0.02814   39   60    0.02742    0.03346  22.0%  32.9 16050s
 53359656 3467731    0.03250   55   26    0.02742    0.03346  22.0%  32.9 16055s
 53376966 3468825     cutoff   44         0.02742    0.03346  22.0%  32.9 16060s
 53396242 3469654    0.02920   48   57    0.02742    0.03346  22.0%  32.9 16065s
 53415402 3470407    0.02824   46   59    0.02742    0.03345  22.0%  32.9 16070s
 53435553 3470678     cutoff   55         0.02742    0.03345  22.0%  32.9 16075s
 53454169 3471124    0.02824   46   52    0.02742    0.03345  22.0%  32.8 16080s
 53473479 3471569     cutoff   43         0.02742    0.03345  22.0%  32.8 16085s
 53491890 3472603    0.02937   43   54    0.02742    0.03344  22.0%  32.8 16090s
 53510490 3472884    0.03233   49   36    0.02742    0.03344  21.9%  32.8 16095s
 53530201 3473087     cutoff   39         0.02742    0.03344  21.9%  32.8 16100s
 53549676 3473529    0.02796   38   60    0.02742    0.03343  21.9%  32.8 16105s
 53565234 3473487     cutoff   50         0.02742    0.03343  21.9%  32.8 16110s
 53583864 3473538    0.03192   37   55    0.02742    0.03343  21.9%  32.8 16115s
 53604304 3473744    0.03340   40   46    0.02742    0.03343  21.9%  32.8 16120s
 53623409 3474644    0.03071   64   33    0.02742    0.03342  21.9%  32.8 16125s
 53638103 3475007    0.02845   46   55    0.02742    0.03342  21.9%  32.8 16130s
 53657815 3475524    0.03104   36   55    0.02742    0.03342  21.9%  32.8 16135s
 53676685 3475685     cutoff   41         0.02742    0.03342  21.9%  32.8 16140s
 53695246 3475908    0.03028   39   53    0.02742    0.03342  21.8%  32.8 16145s
 53713371 3475990     cutoff   48         0.02742    0.03341  21.8%  32.8 16150s
 53732802 3476229    0.02814   51   44    0.02742    0.03341  21.8%  32.8 16155s
 53750836 3476504     cutoff   41         0.02742    0.03341  21.8%  32.8 16160s
 53769761 3477372 infeasible   89         0.02742    0.03340  21.8%  32.8 16165s
 53787823 3477911    0.02754   94   14    0.02742    0.03340  21.8%  32.8 16170s
 53806145 3478171     cutoff   49         0.02742    0.03340  21.8%  32.8 16175s
 53825439 3478663    0.02755   95    9    0.02742    0.03340  21.8%  32.8 16180s
 53842375 3479001     cutoff   45         0.02742    0.03340  21.8%  32.8 16185s
 53861294 3479862    0.02944   39   58    0.02742    0.03339  21.8%  32.8 16190s
 53880151 3480198    0.02751   43   56    0.02742    0.03339  21.8%  32.8 16195s
 53898262 3480860    0.02848   46   54    0.02742    0.03339  21.8%  32.8 16200s
 53917809 3481166    0.02950   98   20    0.02742    0.03339  21.8%  32.8 16205s
 53936804 3481612     cutoff   81         0.02742    0.03339  21.7%  32.8 16210s
 53955894 3481842    0.02782   87   12    0.02742    0.03338  21.7%  32.8 16215s
 53973506 3481954    0.03196   47   59    0.02742    0.03338  21.7%  32.8 16220s
 53993217 3482964     cutoff   47         0.02742    0.03338  21.7%  32.8 16225s
 54012450 3484155    0.03288   43   69    0.02742    0.03338  21.7%  32.8 16230s
 54027156 3485805    0.02993   50   40    0.02742    0.03337  21.7%  32.8 16235s
 54047484 3487620    0.02814   41   55    0.02742    0.03337  21.7%  32.7 16240s
 54067537 3489617    0.02782  101    9    0.02742    0.03337  21.7%  32.7 16245s
 54087984 3491239     cutoff   53         0.02742    0.03337  21.7%  32.7 16250s
 54106355 3492145     cutoff   89         0.02742    0.03337  21.7%  32.7 16255s
 54125096 3492762     cutoff   51         0.02742    0.03337  21.7%  32.7 16260s
 54144630 3493128    0.02802   42   56    0.02742    0.03336  21.7%  32.7 16265s
 54165013 3493559    0.03064   82   15    0.02742    0.03336  21.7%  32.7 16270s
 54183571 3493926     cutoff   41         0.02742    0.03336  21.6%  32.7 16275s
 54201975 3493992     cutoff   52         0.02742    0.03336  21.6%  32.7 16280s
 54222603 3494013 infeasible   50         0.02742    0.03335  21.6%  32.7 16285s
 54241649 3494078     cutoff   70         0.02742    0.03335  21.6%  32.7 16290s
 54259876 3493996 infeasible   97         0.02742    0.03335  21.6%  32.7 16295s
 54279491 3493895    0.03254   55   29    0.02742    0.03335  21.6%  32.7 16300s
 54298475 3494034    0.03001   44   53    0.02742    0.03335  21.6%  32.7 16305s
 54316320 3494017     cutoff   49         0.02742    0.03334  21.6%  32.7 16310s
 54334836 3494337    0.02795   43   49    0.02742    0.03334  21.6%  32.7 16315s
 54353866 3494275    0.02991   35   66    0.02742    0.03334  21.6%  32.7 16320s
 54371581 3494231    0.03020   43   61    0.02742    0.03334  21.6%  32.7 16325s
 54386154 3494380    0.02877   38   49    0.02742    0.03333  21.6%  32.7 16330s
 54404477 3494365    0.03284   57   57    0.02742    0.03333  21.5%  32.7 16335s
 54421769 3494351     cutoff   51         0.02742    0.03333  21.5%  32.7 16340s
 54440829 3494440     cutoff   51         0.02742    0.03333  21.5%  32.7 16345s
 54458524 3494419     cutoff   89         0.02742    0.03332  21.5%  32.7 16350s
 54477034 3494361     cutoff   38         0.02742    0.03332  21.5%  32.7 16355s
 54494658 3494452    0.03326   46   44    0.02742    0.03332  21.5%  32.7 16360s
 54512284 3494630     cutoff   45         0.02742    0.03332  21.5%  32.7 16365s
 54530266 3494940     cutoff   41         0.02742    0.03331  21.5%  32.7 16370s
 54555083 3495187     cutoff   91         0.02742    0.03331  21.5%  32.7 16375s
 54578764 3495407     cutoff   51         0.02742    0.03331  21.5%  32.6 16380s
 54597771 3495566    0.03077   43   61    0.02742    0.03331  21.5%  32.6 16385s
 54615784 3496012    0.02980   34   58    0.02742    0.03331  21.5%  32.6 16390s
 54635463 3496140     cutoff   53         0.02742    0.03330  21.4%  32.6 16395s
 54654626 3496493     cutoff   56         0.02742    0.03330  21.4%  32.6 16400s
 54670801 3496707    0.03188   45   61    0.02742    0.03330  21.4%  32.6 16405s
 54688309 3497532    0.02803   36   45    0.02742    0.03330  21.4%  32.6 16410s
 54708671 3498362    0.03086   45   44    0.02742    0.03329  21.4%  32.6 16415s
 54728746 3499444     cutoff   48         0.02742    0.03329  21.4%  32.6 16420s
 54749357 3500755    0.03064   32   60    0.02742    0.03329  21.4%  32.6 16425s
 54767512 3501876    0.02753   86   18    0.02742    0.03329  21.4%  32.6 16430s
 54786915 3502560    0.03031   36   66    0.02742    0.03329  21.4%  32.6 16435s
 54806690 3503385     cutoff   50         0.02742    0.03329  21.4%  32.6 16440s
 54826866 3504519    0.02945   46   58    0.02742    0.03328  21.4%  32.6 16445s
 54846979 3506628    0.02815   40   52    0.02742    0.03328  21.4%  32.6 16450s
 54869420 3510212    0.03209   40   62    0.02742    0.03328  21.4%  32.6 16455s
 54893706 3515135    0.02955   42   57    0.02742    0.03328  21.4%  32.6 16460s
 54917684 3520399    0.02751  106   16    0.02742    0.03328  21.3%  32.6 16465s
 54938441 3525339     cutoff   50         0.02742    0.03328  21.3%  32.6 16470s
 54961564 3530027    0.03328  100    9    0.02742    0.03328  21.3%  32.6 16475s
 54983765 3534658    0.02754  107   12    0.02742    0.03327  21.3%  32.5 16480s
 55007703 3539151    0.02999   49   50    0.02742    0.03327  21.3%  32.5 16485s
 55028056 3540784    0.03129   44   50    0.02742    0.03327  21.3%  32.5 16490s
 55047990 3540904     cutoff   47         0.02742    0.03327  21.3%  32.5 16495s
 55068600 3540925     cutoff   31         0.02742    0.03327  21.3%  32.5 16500s
 55086720 3541170    0.02744   43   53    0.02742    0.03326  21.3%  32.5 16505s
 55107104 3541969    0.02992   44   50    0.02742    0.03326  21.3%  32.5 16510s
 55128089 3543787 infeasible   45         0.02742    0.03326  21.3%  32.5 16515s
 55148302 3545582     cutoff   46         0.02742    0.03326  21.3%  32.5 16520s
 55167363 3547476    0.02743   48   59    0.02742    0.03325  21.3%  32.5 16525s
 55188600 3550364     cutoff   48         0.02742    0.03325  21.3%  32.5 16530s
 55210459 3552240    0.03324   48   48    0.02742    0.03325  21.2%  32.5 16535s
 55233410 3555985     cutoff  119         0.02742    0.03325  21.2%  32.5 16540s
 55253755 3558970    0.02877   39   50    0.02742    0.03325  21.2%  32.5 16545s
 55271673 3559845     cutoff   50         0.02742    0.03324  21.2%  32.5 16550s
 55291220 3559889    0.03260   36   61    0.02742    0.03324  21.2%  32.5 16555s
 55307950 3559976    0.03278   46   55    0.02742    0.03324  21.2%  32.5 16560s
 55326798 3560236     cutoff   49         0.02742    0.03324  21.2%  32.5 16565s
 55347331 3560265     cutoff   53         0.02742    0.03323  21.2%  32.5 16570s
 55367739 3560525    0.02781   43   58    0.02742    0.03323  21.2%  32.5 16575s
 55387584 3560787     cutoff   46         0.02742    0.03323  21.2%  32.5 16580s
 55405721 3560800    0.03126   42   59    0.02742    0.03323  21.2%  32.5 16585s
 55425670 3561005     cutoff   41         0.02742    0.03322  21.2%  32.5 16590s
 55444941 3560978     cutoff   43         0.02742    0.03322  21.1%  32.5 16595s
 55462380 3561025    0.03040   48   47    0.02742    0.03322  21.1%  32.5 16600s
 55480457 3561073    0.02934   51   54    0.02742    0.03322  21.1%  32.4 16605s
 55499624 3561327    0.02811   43   52    0.02742    0.03321  21.1%  32.4 16610s
 55519773 3561531    0.03283   44   61    0.02742    0.03321  21.1%  32.4 16615s
 55539193 3561755     cutoff   39         0.02742    0.03321  21.1%  32.4 16620s
 55559191 3561665    0.02880   41   54    0.02742    0.03321  21.1%  32.4 16625s
 55579039 3561890    0.03320   48   43    0.02742    0.03320  21.1%  32.4 16630s
 55597600 3561961    0.03001   49   56    0.02742    0.03320  21.1%  32.4 16635s
 55617713 3561977     cutoff   51         0.02742    0.03320  21.1%  32.4 16640s
 55637057 3562066    0.02893   42   52    0.02742    0.03319  21.0%  32.4 16645s
 55651870 3562296     cutoff   42         0.02742    0.03319  21.0%  32.4 16650s
 55671373 3562319    0.02845   52   57    0.02742    0.03319  21.0%  32.4 16655s
 55690143 3562196     cutoff   39         0.02742    0.03319  21.0%  32.4 16660s
 55709330 3562322    0.03107   47   57    0.02742    0.03318  21.0%  32.4 16665s
 55730008 3562405     cutoff   44         0.02742    0.03318  21.0%  32.4 16670s
 55749958 3562505    0.03187   42   59    0.02742    0.03318  21.0%  32.4 16675s
 55770055 3562390    0.02854   44   50    0.02742    0.03318  21.0%  32.4 16680s
 55789770 3562692     cutoff   48         0.02742    0.03317  21.0%  32.4 16685s
 55807582 3563016    0.03070   37   62    0.02742    0.03317  21.0%  32.4 16690s
 55827993 3563337    0.02844   42   56    0.02742    0.03317  20.9%  32.4 16695s
 55847019 3563646     cutoff   47         0.02742    0.03317  20.9%  32.4 16700s
 55866753 3563713     cutoff   45         0.02742    0.03316  20.9%  32.4 16705s
 55887125 3563742    0.03022   42   65    0.02742    0.03316  20.9%  32.4 16710s
 55906716 3563693    0.03244   37   58    0.02742    0.03316  20.9%  32.4 16715s
 55924414 3563679     cutoff   52         0.02742    0.03315  20.9%  32.4 16720s
 55943868 3563808    0.03165   43   46    0.02742    0.03315  20.9%  32.4 16725s
 55964567 3564015     cutoff   45         0.02742    0.03315  20.9%  32.4 16730s
 55984641 3564122     cutoff   43         0.02742    0.03315  20.9%  32.4 16735s
 56002357 3564085    0.03067   42   58    0.02742    0.03314  20.9%  32.4 16740s
 56022692 3563994     cutoff   44         0.02742    0.03314  20.9%  32.4 16745s
 56042081 3564053     cutoff   46         0.02742    0.03314  20.8%  32.4 16750s
 56062218 3564109     cutoff   45         0.02742    0.03314  20.8%  32.4 16755s
 56078195 3564217 infeasible   43         0.02742    0.03313  20.8%  32.4 16760s
 56098288 3564511     cutoff   49         0.02742    0.03313  20.8%  32.4 16765s
 56116830 3564620     cutoff   48         0.02742    0.03313  20.8%  32.4 16770s
 56136802 3564578    0.02993   43   54    0.02742    0.03313  20.8%  32.4 16775s
 56155042 3564656    0.02977   55   45    0.02742    0.03312  20.8%  32.4 16780s
 56175194 3564759 infeasible   40         0.02742    0.03312  20.8%  32.4 16785s
 56194686 3564915    0.02824   47   57    0.02742    0.03312  20.8%  32.3 16790s
 56216311 3564980    0.02834   47   53    0.02742    0.03312  20.8%  32.3 16795s
 56234055 3564804     cutoff   45         0.02742    0.03312  20.8%  32.3 16800s
 56254032 3564915    0.02765   42   62    0.02742    0.03311  20.7%  32.3 16805s
 56272830 3564933    0.03311   79   12    0.02742    0.03311  20.7%  32.3 16810s
 56293001 3564922    0.02744   90   12    0.02742    0.03311  20.7%  32.3 16815s
 56311263 3564883 infeasible   42         0.02742    0.03311  20.7%  32.3 16820s
 56331337 3565045 infeasible   95         0.02742    0.03310  20.7%  32.3 16825s
 56350972 3565018    0.03150   48   56    0.02742    0.03310  20.7%  32.3 16830s
 56370867 3565065 infeasible   76         0.02742    0.03310  20.7%  32.3 16835s
 56387534 3565176     cutoff   48         0.02742    0.03310  20.7%  32.3 16840s
 56404979 3565141     cutoff   55         0.02742    0.03309  20.7%  32.3 16845s
 56425176 3565388     cutoff   41         0.02742    0.03309  20.7%  32.3 16850s
 56444729 3565442     cutoff   53         0.02742    0.03309  20.7%  32.3 16855s
 56464370 3565468    0.03052   43   54    0.02742    0.03309  20.6%  32.3 16860s
 56484760 3565653    0.02746   43   37    0.02742    0.03308  20.6%  32.3 16865s
 56503415 3565613     cutoff   49         0.02742    0.03308  20.6%  32.3 16870s
 56523686 3565796     cutoff   43         0.02742    0.03308  20.6%  32.3 16875s
 56543386 3565876     cutoff   38         0.02742    0.03308  20.6%  32.3 16880s
 56562676 3566166    0.02767   57   31    0.02742    0.03307  20.6%  32.3 16885s
 56582412 3566489    0.03059   46   55    0.02742    0.03307  20.6%  32.3 16890s
 56601748 3566560     cutoff   45         0.02742    0.03307  20.6%  32.3 16895s
 56620768 3566906 infeasible   69         0.02742    0.03307  20.6%  32.3 16900s
 56638151 3566698    0.03060   44   54    0.02742    0.03306  20.6%  32.3 16905s
 56658326 3566874     cutoff   42         0.02742    0.03306  20.6%  32.3 16910s
 56672861 3566758     cutoff   50         0.02742    0.03306  20.6%  32.3 16915s
 56693375 3566716    0.02752   45   54    0.02742    0.03306  20.5%  32.3 16920s
 56713506 3566794     cutoff   42         0.02742    0.03305  20.5%  32.3 16925s
 56733566 3566890    0.02848   45   56    0.02742    0.03305  20.5%  32.3 16930s
 56753108 3566934    0.02940   47   48    0.02742    0.03305  20.5%  32.3 16935s
 56772355 3566976    0.02801   34   60    0.02742    0.03305  20.5%  32.3 16940s
 56792143 3566818     cutoff   48         0.02742    0.03304  20.5%  32.3 16945s
 56811029 3566811    0.02867   48   60    0.02742    0.03304  20.5%  32.3 16950s
 56829851 3566825     cutoff   52         0.02742    0.03304  20.5%  32.3 16955s
 56849762 3566784    0.03112   48   53    0.02742    0.03304  20.5%  32.3 16960s
 56867694 3566799     cutoff   47         0.02742    0.03303  20.5%  32.3 16965s
 56885627 3566901    0.03298   39   53    0.02742    0.03303  20.4%  32.3 16970s
 56906163 3567157    0.03152   37   58    0.02742    0.03303  20.4%  32.2 16975s
 56925403 3567140    0.02834   46   55    0.02742    0.03303  20.4%  32.2 16980s
 56943677 3567284     cutoff   49         0.02742    0.03302  20.4%  32.2 16985s
 56962193 3567328    0.03169   44   41    0.02742    0.03302  20.4%  32.2 16990s
 56982601 3567158    0.02760   45   58    0.02742    0.03302  20.4%  32.2 16995s
 57002719 3567237     cutoff   44         0.02742    0.03301  20.4%  32.2 17000s
 57023251 3567306     cutoff   47         0.02742    0.03301  20.4%  32.2 17005s
 57042313 3567313    0.03000   46   50    0.02742    0.03301  20.4%  32.2 17010s
 57062792 3567284     cutoff   45         0.02742    0.03301  20.4%  32.2 17015s
 57084184 3568220     cutoff   43         0.02742    0.03300  20.3%  32.2 17020s
 57103114 3568676    0.02963   43   55    0.02742    0.03300  20.3%  32.2 17025s
 57123431 3568745    0.02935   44   61    0.02742    0.03300  20.3%  32.2 17030s
 57142699 3568869    0.03289   41   60    0.02742    0.03300  20.3%  32.2 17035s
 57160244 3568799    0.03236   47   56    0.02742    0.03299  20.3%  32.2 17040s
 57179771 3568684    0.02981   44   56    0.02742    0.03299  20.3%  32.2 17045s
 57199229 3568767     cutoff   49         0.02742    0.03299  20.3%  32.2 17050s
 57218842 3568732    0.02935   43   58    0.02742    0.03299  20.3%  32.2 17055s
 57238353 3568702    0.02955   41   47    0.02742    0.03298  20.3%  32.2 17060s
 57255750 3568556     cutoff   90         0.02742    0.03298  20.3%  32.2 17065s
 57275722 3568556    0.02782   50   56    0.02742    0.03298  20.3%  32.2 17070s
 57294819 3568498     cutoff   53         0.02742    0.03298  20.2%  32.2 17075s
 57314179 3568419    0.03108   43   58    0.02742    0.03297  20.2%  32.2 17080s
 57332173 3568210     cutoff   44         0.02742    0.03297  20.2%  32.2 17085s
 57351837 3568265     cutoff   44         0.02742    0.03297  20.2%  32.2 17090s
 57375574 3568717 infeasible   88         0.02742    0.03297  20.2%  32.2 17095s
 57397298 3568739 infeasible   86         0.02742    0.03296  20.2%  32.2 17100s
 57416607 3568679     cutoff   50         0.02742    0.03296  20.2%  32.2 17105s
 57433149 3568582    0.02864   48   54    0.02742    0.03296  20.2%  32.2 17110s
 57453053 3568730     cutoff   38         0.02742    0.03296  20.2%  32.2 17115s
 57473595 3568672    0.02787   50   65    0.02742    0.03295  20.2%  32.2 17120s
 57492833 3568550     cutoff   46         0.02742    0.03295  20.2%  32.2 17125s
 57510439 3568506    0.02823   51   41    0.02742    0.03295  20.2%  32.2 17130s
 57528868 3568433    0.03175   45   59    0.02742    0.03295  20.1%  32.2 17135s
 57548693 3568265     cutoff   40         0.02742    0.03294  20.1%  32.2 17140s
 57567617 3568221    0.03074   58   52    0.02742    0.03294  20.1%  32.2 17145s
 57586470 3568241    0.03068   45   51    0.02742    0.03294  20.1%  32.2 17150s
 57605514 3568228     cutoff   44         0.02742    0.03294  20.1%  32.2 17155s
 57625509 3568070    0.03194   50   49    0.02742    0.03293  20.1%  32.1 17160s
 57644978 3568011    0.03246   50   55    0.02742    0.03293  20.1%  32.1 17165s
 57664248 3567940     cutoff   44         0.02742    0.03293  20.1%  32.1 17170s
 57677145 3567940    0.03221   42   53    0.02742    0.03293  20.1%  32.1 17175s
 57695163 3568039     cutoff   39         0.02742    0.03292  20.1%  32.1 17180s
 57715223 3567983    0.02829   51   40    0.02742    0.03292  20.0%  32.1 17185s
 57734963 3568172     cutoff   51         0.02742    0.03292  20.0%  32.1 17190s
 57754365 3568042     cutoff   49         0.02742    0.03292  20.0%  32.1 17195s
 57774139 3567920    0.02787   56   47    0.02742    0.03291  20.0%  32.1 17200s
 57793973 3567922     cutoff   45         0.02742    0.03291  20.0%  32.1 17205s
 57812885 3567944    0.03033   77   34    0.02742    0.03291  20.0%  32.1 17210s
 57832509 3567785    0.02778   50   56    0.02742    0.03291  20.0%  32.1 17215s
 57851348 3567683 infeasible   40         0.02742    0.03290  20.0%  32.1 17220s
 57869519 3567657    0.02958   40   45    0.02742    0.03290  20.0%  32.1 17225s
 57889219 3567369    0.03103   39   55    0.02742    0.03290  20.0%  32.1 17230s
 57907764 3567329    0.03289   45   57    0.02742    0.03290  20.0%  32.1 17235s
 57926983 3567160    0.03249   44   53    0.02742    0.03289  19.9%  32.1 17240s
 57946754 3567026    0.02990   48   61    0.02742    0.03289  19.9%  32.1 17245s
 57958928 3566959    0.02932   43   47    0.02742    0.03289  19.9%  32.1 17250s
 57977780 3566980     cutoff   41         0.02742    0.03289  19.9%  32.1 17255s
 57996695 3566870     cutoff   46         0.02742    0.03288  19.9%  32.1 17260s
 58016569 3566706    0.02956   36   45    0.02742    0.03288  19.9%  32.1 17265s
 58036071 3566731    0.02955   47   50    0.02742    0.03288  19.9%  32.1 17270s
 58055603 3566843    0.03069   39   55    0.02742    0.03287  19.9%  32.1 17275s
 58074416 3566699    0.03236   45   51    0.02742    0.03287  19.9%  32.1 17280s
 58093908 3566857    0.03287   84   14    0.02742    0.03287  19.9%  32.1 17285s
 58112769 3566734     cutoff   51         0.02742    0.03287  19.9%  32.1 17290s
 58129919 3566753    0.03259   41   53    0.02742    0.03287  19.8%  32.1 17295s
 58149109 3566878    0.02866   41   50    0.02742    0.03286  19.8%  32.1 17300s
 58168119 3566693    0.02849   46   53    0.02742    0.03286  19.8%  32.1 17305s
 58187635 3566530    0.02975   53   44    0.02742    0.03286  19.8%  32.1 17310s
 58206525 3566434     cutoff   47         0.02742    0.03286  19.8%  32.1 17315s
 58225702 3566201    0.03208   48   69    0.02742    0.03285  19.8%  32.1 17320s
 58240096 3566010     cutoff   40         0.02742    0.03285  19.8%  32.1 17325s
 58258965 3565963    0.02793   44   51    0.02742    0.03285  19.8%  32.1 17330s
 58277983 3565832     cutoff   38         0.02742    0.03285  19.8%  32.1 17335s
 58296640 3565893     cutoff   41         0.02742    0.03284  19.8%  32.1 17340s
 58317455 3566037    0.02790   43   45    0.02742    0.03284  19.8%  32.1 17345s
 58337266 3565939 infeasible   41         0.02742    0.03284  19.7%  32.1 17350s
 58356741 3566051    0.03106   40   61    0.02742    0.03284  19.7%  32.1 17355s
 58376592 3566012    0.02974   42   48    0.02742    0.03283  19.7%  32.1 17360s
 58394531 3565936    0.03248   34   59    0.02742    0.03283  19.7%  32.0 17365s
 58415118 3565710     cutoff   47         0.02742    0.03283  19.7%  32.0 17370s
 58434280 3565828 infeasible   59         0.02742    0.03283  19.7%  32.0 17375s
 58454435 3565564    0.03266   48   47    0.02742    0.03282  19.7%  32.0 17380s
 58474133 3565366     cutoff   54         0.02742    0.03282  19.7%  32.0 17385s
 58491657 3565456    0.03118   45   55    0.02742    0.03282  19.7%  32.0 17390s
 58511405 3565198    0.03280   49   63    0.02742    0.03282  19.7%  32.0 17395s
 58530886 3565022     cutoff   45         0.02742    0.03281  19.7%  32.0 17400s
 58550226 3564967    0.02998   38   50    0.02742    0.03281  19.6%  32.0 17405s
 58569756 3564871     cutoff   43         0.02742    0.03281  19.6%  32.0 17410s
 58583781 3564653     cutoff   48         0.02742    0.03281  19.6%  32.0 17415s
 58603361 3564464     cutoff   47         0.02742    0.03280  19.6%  32.0 17420s
 58622749 3564440     cutoff   47         0.02742    0.03280  19.6%  32.0 17425s
 58642970 3564230     cutoff   47         0.02742    0.03280  19.6%  32.0 17430s
 58661425 3564004    0.02782   47   42    0.02742    0.03279  19.6%  32.0 17435s
 58681857 3563904     cutoff   40         0.02742    0.03279  19.6%  32.0 17440s
 58702112 3563695    0.03278   37   59    0.02742    0.03279  19.6%  32.0 17445s
 58720744 3563564    0.02762   51   52    0.02742    0.03279  19.6%  32.0 17450s
 58739316 3563272    0.02876   33   65    0.02742    0.03278  19.5%  32.0 17455s
 58760530 3563268    0.03227   37   57    0.02742    0.03278  19.5%  32.0 17460s
 58780080 3563184    0.03090   41   55    0.02742    0.03278  19.5%  32.0 17465s
 58800072 3563159    0.02772   42   58    0.02742    0.03278  19.5%  32.0 17470s
 58821187 3563056     cutoff   36         0.02742    0.03277  19.5%  32.0 17475s
 58841277 3562810    0.02832   42   53    0.02742    0.03277  19.5%  32.0 17480s
 58859187 3562677    0.02890   39   56    0.02742    0.03277  19.5%  32.0 17485s
 58879789 3562978    0.02792   43   52    0.02742    0.03277  19.5%  32.0 17490s
 58899982 3562826 infeasible   62         0.02742    0.03276  19.5%  32.0 17495s
 58919894 3562956     cutoff   45         0.02742    0.03276  19.5%  32.0 17500s
 58937276 3562802     cutoff   57         0.02742    0.03276  19.5%  32.0 17505s
 58957780 3562490    0.03052   34   66    0.02742    0.03276  19.4%  32.0 17510s
 58978719 3562650     cutoff   49         0.02742    0.03275  19.4%  32.0 17515s
 58997749 3562471 infeasible   63         0.02742    0.03275  19.4%  32.0 17520s
 59017428 3562356     cutoff   48         0.02742    0.03275  19.4%  32.0 17525s
 59036510 3562462     cutoff   49         0.02742    0.03275  19.4%  32.0 17530s
 59058039 3562449    0.03273   87    6    0.02742    0.03274  19.4%  32.0 17535s
 59078054 3562225    0.02784   43   58    0.02742    0.03274  19.4%  32.0 17540s
 59098141 3562024    0.03255   54   32    0.02742    0.03274  19.4%  32.0 17545s
 59113838 3561903    0.02984   43   55    0.02742    0.03274  19.4%  32.0 17550s
 59133987 3561927    0.02961   38   60    0.02742    0.03273  19.4%  31.9 17555s
 59154108 3561794    0.02814   43   55    0.02742    0.03273  19.4%  31.9 17560s
 59174274 3561728     cutoff   43         0.02742    0.03273  19.3%  31.9 17565s
 59194836 3561678    0.03051   79   11    0.02742    0.03273  19.3%  31.9 17570s
 59213126 3561588     cutoff   38         0.02742    0.03272  19.3%  31.9 17575s
 59233760 3561667    0.03164   35   59    0.02742    0.03272  19.3%  31.9 17580s
 59255075 3561705    0.02954   55   52    0.02742    0.03272  19.3%  31.9 17585s
 59275832 3561430    0.02911   49   51    0.02742    0.03272  19.3%  31.9 17590s
 59296241 3561352    0.02749   46   53    0.02742    0.03271  19.3%  31.9 17595s
 59315141 3561230    0.02802   45   56    0.02742    0.03271  19.3%  31.9 17600s
 59335427 3561089    0.03083   40   63    0.02742    0.03271  19.3%  31.9 17605s
 59356592 3560774     cutoff   44         0.02742    0.03271  19.3%  31.9 17610s
 59377452 3560688    0.02793   44   56    0.02742    0.03270  19.3%  31.9 17615s
 59396835 3560413     cutoff   36         0.02742    0.03270  19.2%  31.9 17620s
 59417663 3560270    0.02984   53   53    0.02742    0.03270  19.2%  31.9 17625s
 59438415 3560142    0.02861   40   54    0.02742    0.03270  19.2%  31.9 17630s
 59459663 3560058     cutoff   49         0.02742    0.03269  19.2%  31.9 17635s
 59478027 3559969    0.02962   40   63    0.02742    0.03269  19.2%  31.9 17640s
 59497141 3560063    0.02785   41   56    0.02742    0.03269  19.2%  31.9 17645s
 59516524 3559936    0.02844   57   44    0.02742    0.03269  19.2%  31.9 17650s
 59535154 3559784     cutoff   49         0.02742    0.03269  19.2%  31.9 17655s
 59557223 3559518    0.02785   37   58    0.02742    0.03268  19.2%  31.9 17660s
 59576368 3559493     cutoff   44         0.02742    0.03268  19.2%  31.9 17665s
 59598511 3560311    0.02970   45   52    0.02742    0.03268  19.2%  31.9 17670s
 59618586 3560268 infeasible   50         0.02742    0.03268  19.2%  31.9 17675s
 59636582 3560179    0.03141   48   53    0.02742    0.03267  19.1%  31.9 17680s
 59656567 3560109     cutoff   41         0.02742    0.03267  19.1%  31.9 17685s
 59671088 3560075    0.02968   46   58    0.02742    0.03267  19.1%  31.9 17690s
 59691893 3559823     cutoff   52         0.02742    0.03267  19.1%  31.9 17695s
 59711555 3559729    0.03211   38   58    0.02742    0.03266  19.1%  31.9 17700s
 59733233 3559559 infeasible   53         0.02742    0.03266  19.1%  31.9 17705s
 59753571 3559478     cutoff   41         0.02742    0.03266  19.1%  31.9 17710s
 59770714 3559545    0.03254   44   55    0.02742    0.03266  19.1%  31.9 17715s
 59792157 3559540    0.02959   49   58    0.02742    0.03265  19.1%  31.9 17720s
 59811984 3559439     cutoff   40         0.02742    0.03265  19.1%  31.9 17725s
 59832100 3559435     cutoff   50         0.02742    0.03265  19.1%  31.8 17730s
 59852180 3559293     cutoff   41         0.02742    0.03265  19.0%  31.8 17735s
 59872382 3559298    0.03090   35   47    0.02742    0.03264  19.0%  31.8 17740s
 59891098 3559230     cutoff   40         0.02742    0.03264  19.0%  31.8 17745s
 59911229 3558882    0.03128   39   47    0.02742    0.03264  19.0%  31.8 17750s
 59930908 3558745    0.02808   46   56    0.02742    0.03264  19.0%  31.8 17755s
 59946137 3558570     cutoff   46         0.02742    0.03264  19.0%  31.8 17760s
 59966494 3558390    0.02975   39   54    0.02742    0.03263  19.0%  31.8 17765s
 59986638 3558242     cutoff   43         0.02742    0.03263  19.0%  31.8 17770s
 60006977 3558153     cutoff   51         0.02742    0.03263  19.0%  31.8 17775s
 60027150 3557880    0.03098   45   50    0.02742    0.03263  19.0%  31.8 17780s
 60047022 3557807     cutoff   51         0.02742    0.03262  19.0%  31.8 17785s
 60067270 3557651    0.03032   45   52    0.02742    0.03262  19.0%  31.8 17790s
 60087850 3557522    0.02779   40   60    0.02742    0.03262  18.9%  31.8 17795s
 60108193 3557453     cutoff   51         0.02742    0.03262  18.9%  31.8 17800s
 60128210 3557399    0.03261   38   56    0.02742    0.03261  18.9%  31.8 17805s
 60148974 3557351    0.02905   42   54    0.02742    0.03261  18.9%  31.8 17810s
 60169125 3557436    0.03112   44   58    0.02742    0.03261  18.9%  31.8 17815s
 60189532 3557410     cutoff   55         0.02742    0.03261  18.9%  31.8 17820s
 60207419 3557347     cutoff   50         0.02742    0.03260  18.9%  31.8 17825s
 60228603 3557403    0.03070   36   52    0.02742    0.03260  18.9%  31.8 17830s
 60248854 3557396    0.02820   46   54    0.02742    0.03260  18.9%  31.8 17835s
 60268075 3557293     cutoff   52         0.02742    0.03260  18.9%  31.8 17840s
 60287380 3557265     cutoff   39         0.02742    0.03259  18.9%  31.8 17845s
 60307319 3557118     cutoff   46         0.02742    0.03259  18.8%  31.8 17850s
 60327696 3557057     cutoff   59         0.02742    0.03259  18.8%  31.8 17855s
 60347430 3556864    0.03257   39   49    0.02742    0.03259  18.8%  31.8 17860s
 60366499 3556775     cutoff   41         0.02742    0.03258  18.8%  31.8 17865s
 60386716 3556739 infeasible   79         0.02742    0.03258  18.8%  31.8 17870s
 60403492 3556718     cutoff   44         0.02742    0.03258  18.8%  31.8 17875s
 60420397 3556527    0.02831   44   59    0.02742    0.03258  18.8%  31.8 17880s
 60440154 3556779     cutoff   48         0.02742    0.03258  18.8%  31.8 17885s
 60460414 3556801     cutoff   43         0.02742    0.03257  18.8%  31.8 17890s
 60480717 3556724     cutoff   44         0.02742    0.03257  18.8%  31.8 17895s
 60501225 3556397     cutoff   49         0.02742    0.03257  18.8%  31.8 17900s
 60519698 3556378    0.02823   42   56    0.02742    0.03256  18.7%  31.8 17905s
 60539960 3556143     cutoff   44         0.02742    0.03256  18.7%  31.8 17910s
 60560483 3556178     cutoff   42         0.02742    0.03256  18.7%  31.8 17915s
 60580409 3556042     cutoff   46         0.02742    0.03256  18.7%  31.7 17920s
 60599786 3555762     cutoff   41         0.02742    0.03255  18.7%  31.7 17925s
 60617632 3555626 infeasible   46         0.02742    0.03255  18.7%  31.7 17930s
 60638299 3555619    0.02964   50   56    0.02742    0.03255  18.7%  31.7 17935s
 60658705 3555554    0.02957   44   52    0.02742    0.03255  18.7%  31.7 17940s
 60677495 3555618     cutoff   49         0.02742    0.03255  18.7%  31.7 17945s
 60697161 3555648     cutoff   51         0.02742    0.03254  18.7%  31.7 17950s
 60717602 3556188    0.02857   93   15    0.02742    0.03254  18.7%  31.7 17955s
 60736155 3556298    0.02810   42   60    0.02742    0.03254  18.7%  31.7 17960s
 60750565 3556576     cutoff   46         0.02742    0.03254  18.6%  31.7 17965s
 60769800 3556505    0.02857   43   53    0.02742    0.03253  18.6%  31.7 17970s
 60789229 3556357    0.02799   51   56    0.02742    0.03253  18.6%  31.7 17975s
 60808560 3556309     cutoff   45         0.02742    0.03253  18.6%  31.7 17980s
 60827519 3556134     cutoff   48         0.02742    0.03253  18.6%  31.7 17985s
 60847527 3556090 infeasible   40         0.02742    0.03252  18.6%  31.7 17990s
 60867831 3555926     cutoff   42         0.02742    0.03252  18.6%  31.7 17995s
 60886625 3555778     cutoff   50         0.02742    0.03252  18.6%  31.7 18000s
 60904209 3555774    0.02929   44   57    0.02742    0.03252  18.6%  31.7 18005s
 60924536 3555531     cutoff   43         0.02742    0.03252  18.6%  31.7 18010s
 60943522 3555217     cutoff   49         0.02742    0.03251  18.6%  31.7 18015s
 60963347 3555202     cutoff   44         0.02742    0.03251  18.5%  31.7 18020s
 60982806 3555102    0.02866   50   50    0.02742    0.03251  18.5%  31.7 18025s
 61002351 3554954     cutoff   53         0.02742    0.03251  18.5%  31.7 18030s
 61022000 3554864     cutoff   44         0.02742    0.03250  18.5%  31.7 18035s
 61041273 3554900    0.03149   42   56    0.02742    0.03250  18.5%  31.7 18040s
 61059423 3554627    0.02776   54   49    0.02742    0.03250  18.5%  31.7 18045s
 61075877 3554585    0.02841   48   52    0.02742    0.03250  18.5%  31.7 18050s
 61096092 3554333    0.02870   42   44    0.02742    0.03249  18.5%  31.7 18055s
 61116740 3554400     cutoff   54         0.02742    0.03249  18.5%  31.7 18060s
 61137370 3554434     cutoff   41         0.02742    0.03249  18.5%  31.7 18065s
 61155762 3554312     cutoff   47         0.02742    0.03249  18.5%  31.7 18070s
 61174193 3554224     cutoff   50         0.02742    0.03248  18.5%  31.7 18075s
 61193159 3554249    0.02819   42   55    0.02742    0.03248  18.4%  31.7 18080s
 61214276 3554099     cutoff   48         0.02742    0.03248  18.4%  31.7 18085s
 61234263 3554206    0.03095   41   59    0.02742    0.03248  18.4%  31.7 18090s
 61249078 3553940    0.03215   38   49    0.02742    0.03248  18.4%  31.7 18095s
 61269343 3553992     cutoff   42         0.02742    0.03247  18.4%  31.7 18100s
 61288724 3554227    0.02911   90    9    0.02742    0.03247  18.4%  31.7 18105s
 61307991 3554139     cutoff   38         0.02742    0.03247  18.4%  31.7 18110s
 61326757 3553914    0.03246   37   54    0.02742    0.03247  18.4%  31.6 18115s
 61345591 3553715    0.03165   52   59    0.02742    0.03246  18.4%  31.6 18120s
 61364631 3553597    0.02878   48   50    0.02742    0.03246  18.4%  31.6 18125s
 61384338 3553408     cutoff   45         0.02742    0.03246  18.4%  31.6 18130s
 61405504 3553520    0.03236   45   55    0.02742    0.03246  18.4%  31.6 18135s
 61425192 3553556     cutoff   47         0.02742    0.03245  18.3%  31.6 18140s
 61445758 3553622    0.02914   79   24    0.02742    0.03245  18.3%  31.6 18145s
 61465809 3553910     cutoff   86         0.02742    0.03245  18.3%  31.6 18150s
 61485608 3553737    0.03107   41   59    0.02742    0.03245  18.3%  31.6 18155s
 61510461 3558152    0.02967   50   55    0.02742    0.03245  18.3%  31.6 18160s
 61534065 3558835    0.03244   91    7    0.02742    0.03244  18.3%  31.6 18165s
 61574098 3564004    0.03244   89    8    0.02742    0.03244  18.3%  31.6 18170s
 61602773 3563459    0.03243   76   14    0.02742    0.03244  18.3%  31.6 18175s
 61622646 3561214     cutoff   89         0.02742    0.03244  18.3%  31.6 18180s
 61639441 3559845    0.03059   46   47    0.02742    0.03244  18.3%  31.6 18185s
 61654135 3560040     cutoff   46         0.02742    0.03244  18.3%  31.6 18190s
 61670358 3560406 infeasible   79         0.02742    0.03244  18.3%  31.6 18195s
 61691343 3560617    0.02911   79   24    0.02742    0.03244  18.3%  31.6 18200s
 61711997 3561018    0.03039   38   57    0.02742    0.03244  18.3%  31.6 18205s
 61736023 3558551 infeasible   83         0.02742    0.03244  18.3%  31.5 18210s
 61755555 3557423    0.03210   51   55    0.02742    0.03243  18.3%  31.5 18215s
 61763025 3557642    0.03156   42   59    0.02742    0.03243  18.3%  31.5 18220s
 61783940 3557957    0.02979   88   18    0.02742    0.03243  18.3%  31.5 18225s
 61804798 3558240    0.03198   38   56    0.02742    0.03243  18.3%  31.5 18230s
 61825966 3558457    0.03023   34   61    0.02742    0.03243  18.2%  31.5 18235s
 61847275 3558922     cutoff   39         0.02742    0.03243  18.2%  31.5 18240s
 61868144 3559302     cutoff   37         0.02742    0.03242  18.2%  31.5 18245s
 61890011 3560910    0.03242   84   12    0.02742    0.03242  18.2%  31.5 18250s
 61912653 3565766     cutoff   42         0.02742    0.03242  18.2%  31.5 18255s
 61933017 3568335    0.02992   96   19    0.02742    0.03242  18.2%  31.5 18260s
 61955347 3572928 infeasible  105         0.02742    0.03242  18.2%  31.5 18265s
 61980996 3578914    0.03031   99    9    0.02742    0.03242  18.2%  31.5 18270s
 62000862 3581607    0.02963   86   12    0.02742    0.03242  18.2%  31.5 18275s
 62024248 3585430     cutoff   55         0.02742    0.03242  18.2%  31.5 18280s
 62041156 3584691    0.03211   40   42    0.02742    0.03242  18.2%  31.5 18285s
 62056403 3584311    0.03242   37   42    0.02742    0.03242  18.2%  31.5 18290s
 62074780 3584126     cutoff   91         0.02742    0.03242  18.2%  31.5 18295s
 62093428 3584115     cutoff   43         0.02742    0.03241  18.2%  31.5 18300s
 62113254 3584172     cutoff   47         0.02742    0.03241  18.2%  31.5 18305s
 62132058 3584317    0.03240   44   59    0.02742    0.03241  18.2%  31.5 18310s
 62151836 3584515    0.03018   44   58    0.02742    0.03241  18.2%  31.5 18315s
 62171728 3584731    0.02999   72   11    0.02742    0.03241  18.2%  31.5 18320s
 62192872 3584627     cutoff   39         0.02742    0.03240  18.2%  31.5 18325s
 62205489 3584865     cutoff   46         0.02742    0.03240  18.2%  31.5 18330s
 62226230 3585081 infeasible   44         0.02742    0.03240  18.1%  31.5 18335s
 62245299 3585106     cutoff   45         0.02742    0.03240  18.1%  31.5 18340s
 62266270 3584833     cutoff   43         0.02742    0.03239  18.1%  31.5 18345s
 62284097 3584907     cutoff   84         0.02742    0.03239  18.1%  31.4 18350s
 62305031 3585003     cutoff   41         0.02742    0.03239  18.1%  31.4 18355s
 62326159 3585255    0.02869   45   51    0.02742    0.03239  18.1%  31.4 18360s
 62347335 3585330    0.03015   38   56    0.02742    0.03239  18.1%  31.4 18365s
 62368222 3585426    0.02750   46   61    0.02742    0.03238  18.1%  31.4 18370s
 62389270 3585406    0.02808   40   52    0.02742    0.03238  18.1%  31.4 18375s
 62410225 3585693     cutoff   49         0.02742    0.03238  18.1%  31.4 18380s
 62429989 3585753    0.02836   53   52    0.02742    0.03238  18.1%  31.4 18385s
 62451052 3586093    0.03205   48   53    0.02742    0.03237  18.1%  31.4 18390s
 62472164 3586371     cutoff   50         0.02742    0.03237  18.0%  31.4 18395s
 62491479 3586542 infeasible   43         0.02742    0.03237  18.0%  31.4 18400s
 62512517 3586828    0.03106   42   58    0.02742    0.03237  18.0%  31.4 18405s
 62534766 3586781    0.02745   44   63    0.02742    0.03237  18.0%  31.4 18410s
 62555293 3586071    0.02815   46   53    0.02742    0.03236  18.0%  31.4 18415s
 62574363 3586385     cutoff   38         0.02742    0.03236  18.0%  31.4 18420s
 62595428 3586503     cutoff   46         0.02742    0.03236  18.0%  31.4 18425s
 62616491 3586568    0.03140   47   59    0.02742    0.03236  18.0%  31.4 18430s
 62637805 3586693     cutoff   47         0.02742    0.03235  18.0%  31.4 18435s
 62659735 3587037    0.02863   50   43    0.02742    0.03235  18.0%  31.4 18440s
 62679325 3587081     cutoff   41         0.02742    0.03235  18.0%  31.4 18445s
 62700427 3587008    0.03113   38   55    0.02742    0.03235  18.0%  31.4 18450s
 62721971 3587034    0.02814   63   30    0.02742    0.03235  17.9%  31.4 18455s
 62743757 3587325     cutoff   51         0.02742    0.03234  17.9%  31.4 18460s
 62764336 3587327     cutoff   47         0.02742    0.03234  17.9%  31.4 18465s
 62786406 3587410    0.03157   46   63    0.02742    0.03234  17.9%  31.4 18470s
 62807675 3587634     cutoff   49         0.02742    0.03234  17.9%  31.4 18475s
 62827470 3587635    0.02888   52   57    0.02742    0.03233  17.9%  31.4 18480s
 62850531 3587808    0.02964   51   52    0.02742    0.03233  17.9%  31.4 18485s
 62870105 3587830    0.03233   49   38    0.02742    0.03233  17.9%  31.4 18490s
 62891186 3587871     cutoff   41         0.02742    0.03233  17.9%  31.4 18495s
 62909961 3587933    0.03040   41   56    0.02742    0.03233  17.9%  31.4 18500s
 62930250 3587958    0.03134   51   53    0.02742    0.03232  17.9%  31.4 18505s
 62950615 3588033     cutoff   43         0.02742    0.03232  17.9%  31.4 18510s
 62970380 3587970     cutoff   54         0.02742    0.03232  17.9%  31.4 18515s
 62991053 3588073    0.03063   40   53    0.02742    0.03232  17.8%  31.4 18520s
 63009154 3588007 infeasible   80         0.02742    0.03232  17.8%  31.4 18525s
 63029546 3587781    0.02772   46   55    0.02742    0.03231  17.8%  31.3 18530s
 63048564 3587578    0.02842   45   61    0.02742    0.03231  17.8%  31.3 18535s
 63069462 3587994     cutoff   53         0.02742    0.03231  17.8%  31.3 18540s
 63087430 3588168     cutoff   35         0.02742    0.03231  17.8%  31.3 18545s
 63107831 3588106    0.02848   52   53    0.02742    0.03231  17.8%  31.3 18550s
 63129558 3588277    0.02747   50   56    0.02742    0.03230  17.8%  31.3 18555s
 63151202 3588140     cutoff   47         0.02742    0.03230  17.8%  31.3 18560s
 63169760 3588205 infeasible   46         0.02742    0.03230  17.8%  31.3 18565s
 63190265 3588195     cutoff   41         0.02742    0.03230  17.8%  31.3 18570s
 63211006 3588151     cutoff   89         0.02742    0.03230  17.8%  31.3 18575s
 63231830 3588125     cutoff   47         0.02742    0.03229  17.8%  31.3 18580s
 63248891 3588066    0.03052   41   55    0.02742    0.03229  17.8%  31.3 18585s
 63268948 3587979    0.02891   44   60    0.02742    0.03229  17.7%  31.3 18590s
 63289600 3587937    0.02772   49   56    0.02742    0.03229  17.7%  31.3 18595s
 63310574 3587945     cutoff   80         0.02742    0.03229  17.7%  31.3 18600s
 63330830 3587842    0.02889   46   55    0.02742    0.03228  17.7%  31.3 18605s
 63351518 3587645     cutoff   43         0.02742    0.03228  17.7%  31.3 18610s
 63371538 3587508    0.03013   43   58    0.02742    0.03228  17.7%  31.3 18615s
 63392507 3587604    0.02991   40   55    0.02742    0.03228  17.7%  31.3 18620s
 63412157 3587609    0.02819   38   61    0.02742    0.03228  17.7%  31.3 18625s
 63432715 3587607    0.02781   51   48    0.02742    0.03227  17.7%  31.3 18630s
 63454010 3587662    0.03095   40   51    0.02742    0.03227  17.7%  31.3 18635s
 63473188 3587718     cutoff   50         0.02742    0.03227  17.7%  31.3 18640s
 63493872 3587710     cutoff   42         0.02742    0.03227  17.7%  31.3 18645s
 63513827 3587643    0.02944   40   60    0.02742    0.03226  17.7%  31.3 18650s
 63533691 3587552    0.02981   35   62    0.02742    0.03226  17.6%  31.3 18655s
 63551312 3587444    0.02783   39   54    0.02742    0.03226  17.6%  31.3 18660s
 63567582 3587458 infeasible   90         0.02742    0.03226  17.6%  31.3 18665s
 63588364 3587330 infeasible  101         0.02742    0.03226  17.6%  31.3 18670s
 63609445 3587267     cutoff   32         0.02742    0.03225  17.6%  31.3 18675s
 63627275 3587171     cutoff   48         0.02742    0.03225  17.6%  31.3 18680s
 63649052 3587282     cutoff   47         0.02742    0.03225  17.6%  31.3 18685s
 63669464 3587299    0.02899   44   52    0.02742    0.03225  17.6%  31.3 18690s
 63690295 3587467    0.02853   39   56    0.02742    0.03225  17.6%  31.3 18695s
 63711808 3588991     cutoff   77         0.02742    0.03224  17.6%  31.3 18700s
 63732443 3587607     cutoff   39         0.02742    0.03224  17.6%  31.3 18705s
 63751135 3587718    0.02781   46   58    0.02742    0.03224  17.6%  31.2 18710s
 63771752 3587749    0.03185   46   56    0.02742    0.03224  17.6%  31.2 18715s
 63792370 3587832    0.03101   35   61    0.02742    0.03224  17.6%  31.2 18720s
 63811906 3588019    0.02916   53   55    0.02742    0.03224  17.5%  31.2 18725s
 63831665 3587978    0.03009   45   57    0.02742    0.03223  17.5%  31.2 18730s
 63852119 3587933    0.02743   75   10    0.02742    0.03223  17.5%  31.2 18735s
 63872077 3587836     cutoff   41         0.02742    0.03223  17.5%  31.2 18740s
 63894349 3588328    0.02830   38   55    0.02742    0.03223  17.5%  31.2 18745s
 63912292 3588236     cutoff   45         0.02742    0.03223  17.5%  31.2 18750s
 63935849 3588156     cutoff   47         0.02742    0.03222  17.5%  31.2 18755s
 63957920 3588187     cutoff   53         0.02742    0.03222  17.5%  31.2 18760s
 63982544 3588576     cutoff   88         0.02742    0.03222  17.5%  31.2 18765s
 64005930 3588713    0.02808   45   52    0.02742    0.03222  17.5%  31.2 18770s
 64028948 3588912    0.03044   56   37    0.02742    0.03222  17.5%  31.2 18775s
 64049568 3588636     cutoff   45         0.02742    0.03222  17.5%  31.2 18780s
 64069094 3588354    0.02995   45   54    0.02742    0.03221  17.5%  31.2 18785s
 64089410 3588114    0.02818   52   39    0.02742    0.03221  17.5%  31.2 18790s
 64109463 3588124    0.02980   44   51    0.02742    0.03221  17.5%  31.2 18795s
 64128241 3588216    0.02925   42   50    0.02742    0.03221  17.4%  31.2 18800s
 64149132 3588197     cutoff   44         0.02742    0.03221  17.4%  31.2 18805s
 64169314 3588002    0.02903   47   58    0.02742    0.03220  17.4%  31.2 18810s
 64188623 3587899    0.02964   42   58    0.02742    0.03220  17.4%  31.2 18815s
 64204256 3587992     cutoff   46         0.02742    0.03220  17.4%  31.2 18820s
 64224767 3587990     cutoff   46         0.02742    0.03220  17.4%  31.2 18825s
 64245098 3588002    0.03057   40   52    0.02742    0.03220  17.4%  31.2 18830s
 64264976 3588187     cutoff   80         0.02742    0.03219  17.4%  31.2 18835s
 64284890 3588029    0.02856   46   59    0.02742    0.03219  17.4%  31.2 18840s
 64303835 3588039    0.02777   50   54    0.02742    0.03219  17.4%  31.2 18845s
 64324336 3588026     cutoff   47         0.02742    0.03219  17.4%  31.2 18850s
 64345844 3588075     cutoff   51         0.02742    0.03218  17.4%  31.2 18855s
 64365486 3588085     cutoff   49         0.02742    0.03218  17.4%  31.2 18860s
 64385899 3587816     cutoff   47         0.02742    0.03218  17.3%  31.2 18865s
 64406241 3587746     cutoff   45         0.02742    0.03218  17.3%  31.2 18870s
 64427439 3588238 infeasible   49         0.02742    0.03218  17.3%  31.1 18875s
 64453422 3589027    0.03218   84   13    0.02742    0.03218  17.3%  31.1 18880s
 64481340 3589565    0.02915   80   20    0.02742    0.03217  17.3%  31.1 18885s
 64501541 3589565    0.02898   45   52    0.02742    0.03217  17.3%  31.1 18890s
 64519197 3589548    0.02940   51   51    0.02742    0.03217  17.3%  31.1 18895s
 64539914 3589507    0.02977   56   33    0.02742    0.03217  17.3%  31.1 18900s
 64563530 3589715    0.02869   29   44    0.02742    0.03217  17.3%  31.1 18905s
 64586379 3590051    0.02853   47   54    0.02742    0.03217  17.3%  31.1 18910s
 64609502 3590321     cutoff   46         0.02742    0.03216  17.3%  31.1 18915s
 64631113 3590789    0.03216   84   11    0.02742    0.03216  17.3%  31.1 18920s
 64655419 3591294    0.03215   52   51    0.02742    0.03216  17.3%  31.1 18925s
 64679167 3591770     cutoff   47         0.02742    0.03216  17.3%  31.1 18930s
 64701931 3592272    0.02862   43   60    0.02742    0.03216  17.3%  31.1 18935s
 64724005 3592957    0.02832   49   54    0.02742    0.03215  17.3%  31.1 18940s
 64744705 3593574    0.03020   42   52    0.02742    0.03215  17.2%  31.1 18945s
 64768860 3594408     cutoff   45         0.02742    0.03215  17.2%  31.1 18950s
 64792575 3595380    0.02755   40   48    0.02742    0.03215  17.2%  31.1 18955s
 64815009 3595615 infeasible   87         0.02742    0.03215  17.2%  31.1 18960s
 64839996 3595922     cutoff   50         0.02742    0.03215  17.2%  31.1 18965s
 64862826 3596116    0.03214   86   10    0.02742    0.03214  17.2%  31.1 18970s
 64886384 3596704     cutoff   44         0.02742    0.03214  17.2%  31.1 18975s
 64908396 3597210    0.03088   42   59    0.02742    0.03214  17.2%  31.1 18980s
 64930475 3597837     cutoff   52         0.02742    0.03214  17.2%  31.1 18985s
 64952200 3598808     cutoff   52         0.02742    0.03214  17.2%  31.1 18990s
 64973528 3599590    0.03086   47   53    0.02742    0.03213  17.2%  31.0 18995s
 64989722 3600176     cutoff   52         0.02742    0.03213  17.2%  31.0 19000s
 65011575 3600843     cutoff   54         0.02742    0.03213  17.2%  31.0 19005s
 65033077 3601877    0.02776   84   19    0.02742    0.03213  17.2%  31.0 19010s
 65054319 3602411 infeasible   38         0.02742    0.03213  17.2%  31.0 19015s
 65074015 3602712     cutoff   63         0.02742    0.03213  17.1%  31.0 19020s
 65095205 3602642     cutoff   45         0.02742    0.03212  17.1%  31.0 19025s
 65116666 3602547     cutoff   46         0.02742    0.03212  17.1%  31.0 19030s
 65137172 3602561    0.03049   41   54    0.02742    0.03212  17.1%  31.0 19035s
 65157489 3602441     cutoff   38         0.02742    0.03212  17.1%  31.0 19040s
 65178079 3602560     cutoff   47         0.02742    0.03211  17.1%  31.0 19045s
 65201124 3602601    0.02963   42   39    0.02742    0.03211  17.1%  31.0 19050s
 65221760 3602407    0.02749   53   47    0.02742    0.03211  17.1%  31.0 19055s
 65244157 3602377    0.02751   41   47    0.02742    0.03211  17.1%  31.0 19060s
 65263259 3602604    0.02831   45   59    0.02742    0.03210  17.1%  31.0 19065s
 65284491 3602591    0.03166   41   48    0.02742    0.03210  17.1%  31.0 19070s
 65304737 3602461    0.03158   41   55    0.02742    0.03210  17.1%  31.0 19075s
 65326310 3602349    0.02831   39   45    0.02742    0.03210  17.0%  31.0 19080s
 65344131 3602295    0.03074   43   59    0.02742    0.03210  17.0%  31.0 19085s
 65363607 3602198    0.03209   52   54    0.02742    0.03209  17.0%  31.0 19090s
 65384141 3602200     cutoff   87         0.02742    0.03209  17.0%  31.0 19095s
 65405236 3602113     cutoff   59         0.02742    0.03209  17.0%  31.0 19100s
 65425080 3602091     cutoff   33         0.02742    0.03209  17.0%  31.0 19105s
 65446122 3602031     cutoff   46         0.02742    0.03209  17.0%  31.0 19110s
 65468033 3601853    0.02807   50   22    0.02742    0.03208  17.0%  31.0 19115s
 65488504 3601940     cutoff   44         0.02742    0.03208  17.0%  31.0 19120s
 65510683 3601857    0.02872   50   49    0.02742    0.03208  17.0%  31.0 19125s
 65532349 3601755    0.03052   51   46    0.02742    0.03208  17.0%  31.0 19130s
 65553683 3601626     cutoff   47         0.02742    0.03207  17.0%  31.0 19135s
 65573234 3601711 infeasible   81         0.02742    0.03207  16.9%  31.0 19140s
 65593680 3601817    0.03148   40   57    0.02742    0.03207  16.9%  31.0 19145s
 65614861 3601714     cutoff   47         0.02742    0.03207  16.9%  31.0 19150s
 65635952 3601489     cutoff   47         0.02742    0.03207  16.9%  31.0 19155s
 65657045 3601400     cutoff   47         0.02742    0.03206  16.9%  31.0 19160s
 65675923 3601234    0.02788   51   60    0.02742    0.03206  16.9%  31.0 19165s
 65696625 3601178    0.02777   52   56    0.02742    0.03206  16.9%  31.0 19170s
 65718268 3600857     cutoff   48         0.02742    0.03206  16.9%  31.0 19175s
 65739484 3600852    0.03205   42   60    0.02742    0.03205  16.9%  30.9 19180s
 65758403 3600939    0.02845   45   60    0.02742    0.03205  16.9%  30.9 19185s
 65780250 3600867    0.02882   43   50    0.02742    0.03205  16.9%  30.9 19190s
 65801446 3600730    0.02973   52   49    0.02742    0.03205  16.9%  30.9 19195s
 65821479 3600641    0.02824   43   65    0.02742    0.03205  16.9%  30.9 19200s
 65840161 3600434     cutoff   45         0.02742    0.03204  16.8%  30.9 19205s
 65860551 3600506     cutoff   43         0.02742    0.03204  16.8%  30.9 19210s
 65880778 3600356     cutoff   43         0.02742    0.03204  16.8%  30.9 19215s
 65899203 3600107    0.03113   47   58    0.02742    0.03204  16.8%  30.9 19220s
 65919549 3599905    0.02861   37   56    0.02742    0.03204  16.8%  30.9 19225s
 65940278 3599689    0.02909   42   52    0.02742    0.03203  16.8%  30.9 19230s
 65961588 3599538     cutoff   41         0.02742    0.03203  16.8%  30.9 19235s
 65983088 3599461    0.03085   46   51    0.02742    0.03203  16.8%  30.9 19240s
 66002840 3599273 infeasible   77         0.02742    0.03203  16.8%  30.9 19245s
 66023986 3599292    0.03084   44   62    0.02742    0.03202  16.8%  30.9 19250s
 66044471 3599181    0.02969   58   54    0.02742    0.03202  16.8%  30.9 19255s
 66065848 3599015     cutoff   51         0.02742    0.03202  16.8%  30.9 19260s
 66084692 3598949     cutoff   45         0.02742    0.03202  16.8%  30.9 19265s
 66105788 3598773 infeasible   48         0.02742    0.03202  16.7%  30.9 19270s
 66126956 3598885    0.03164   50   45    0.02742    0.03201  16.7%  30.9 19275s
 66147327 3598598     cutoff   44         0.02742    0.03201  16.7%  30.9 19280s
 66167038 3598495    0.02786   53   42    0.02742    0.03201  16.7%  30.9 19285s
 66188531 3598455     cutoff   44         0.02742    0.03201  16.7%  30.9 19290s
 66209957 3598191    0.03047   44   47    0.02742    0.03200  16.7%  30.9 19295s
 66231100 3598216     cutoff   47         0.02742    0.03200  16.7%  30.9 19300s
 66250154 3597972    0.02849   44   54    0.02742    0.03200  16.7%  30.9 19305s
 66272375 3597875    0.03068   37   62    0.02742    0.03200  16.7%  30.9 19310s
 66293280 3597675     cutoff   44         0.02742    0.03200  16.7%  30.9 19315s
 66314373 3597654    0.02776   41   55    0.02742    0.03199  16.7%  30.9 19320s
 66336089 3597506    0.02819   48   55    0.02742    0.03199  16.7%  30.9 19325s
 66351511 3597315     cutoff   40         0.02742    0.03199  16.7%  30.9 19330s
 66372775 3597156     cutoff   45         0.02742    0.03199  16.6%  30.9 19335s
 66394549 3597215    0.03009   43   54    0.02742    0.03199  16.6%  30.9 19340s
 66415484 3596851    0.02908   49   53    0.02742    0.03198  16.6%  30.9 19345s
 66432296 3596828     cutoff   44         0.02742    0.03198  16.6%  30.9 19350s
 66453851 3596628     cutoff   50         0.02742    0.03198  16.6%  30.9 19355s
 66476115 3596889    0.03198   77   10    0.02742    0.03198  16.6%  30.9 19360s
 66496707 3596620    0.03093   44   40    0.02742    0.03197  16.6%  30.9 19365s
 66518240 3596486    0.03086   41   51    0.02742    0.03197  16.6%  30.9 19370s
 66539918 3596205     cutoff   38         0.02742    0.03197  16.6%  30.9 19375s
 66560949 3595844     cutoff   44         0.02742    0.03197  16.6%  30.8 19380s
 66582228 3595790     cutoff   42         0.02742    0.03197  16.6%  30.8 19385s
 66603680 3595553    0.03181   47   59    0.02742    0.03196  16.6%  30.8 19390s
 66624752 3595363     cutoff   54         0.02742    0.03196  16.5%  30.8 19395s
 66645599 3595260    0.02994   42   57    0.02742    0.03196  16.5%  30.8 19400s
 66666745 3595271     cutoff   50         0.02742    0.03196  16.5%  30.8 19405s
 66685791 3595032     cutoff   56         0.02742    0.03195  16.5%  30.8 19410s
 66706627 3595062    0.02990   44   60    0.02742    0.03195  16.5%  30.8 19415s
 66723419 3595226     cutoff   77         0.02742    0.03195  16.5%  30.8 19420s
 66744901 3594943     cutoff   49         0.02742    0.03195  16.5%  30.8 19425s
 66764259 3594985    0.03188   43   53    0.02742    0.03195  16.5%  30.8 19430s
 66786166 3595110    0.02823   45   44    0.02742    0.03195  16.5%  30.8 19435s
 66807079 3595147     cutoff   41         0.02742    0.03194  16.5%  30.8 19440s
 66829812 3595764    0.03194   60   28    0.02742    0.03194  16.5%  30.8 19445s
 66857362 3596716    0.02972   44   57    0.02742    0.03194  16.5%  30.8 19450s
 66880495 3597672     cutoff   39         0.02742    0.03194  16.5%  30.8 19455s
 66904003 3598365    0.03194   80   14    0.02742    0.03194  16.5%  30.8 19460s
 66929262 3599128     cutoff   53         0.02742    0.03194  16.5%  30.8 19465s
 66953333 3599817    0.03193   91   11    0.02742    0.03194  16.5%  30.8 19470s
 66976591 3600406     cutoff   40         0.02742    0.03193  16.4%  30.8 19475s
 67001313 3601332    0.03188   43   57    0.02742    0.03193  16.4%  30.8 19480s
 67025313 3602176    0.02948   41   47    0.02742    0.03193  16.4%  30.8 19485s
 67050847 3602932    0.02976   92    5    0.02742    0.03193  16.4%  30.8 19490s
 67076853 3603731    0.02798   43   56    0.02742    0.03193  16.4%  30.8 19495s
 67094799 3604288 infeasible   95         0.02742    0.03193  16.4%  30.8 19500s
 67120297 3604739     cutoff   82         0.02742    0.03193  16.4%  30.7 19505s
 67143406 3604788    0.02973   94    5    0.02742    0.03193  16.4%  30.7 19510s
 67166440 3604812     cutoff   51         0.02742    0.03193  16.4%  30.7 19515s
 67190664 3604630    0.02791   44   53    0.02742    0.03192  16.4%  30.7 19520s
 67213227 3604477     cutoff   56         0.02742    0.03192  16.4%  30.7 19525s
 67236153 3604718     cutoff   46         0.02742    0.03192  16.4%  30.7 19530s
 67258941 3605026    0.02998   47   60    0.02742    0.03192  16.4%  30.7 19535s
 67282289 3605483    0.03162   50   54    0.02742    0.03192  16.4%  30.7 19540s
 67305705 3605851    0.03174   38   50    0.02742    0.03192  16.4%  30.7 19545s
 67327816 3606233    0.03066   42   58    0.02742    0.03192  16.4%  30.7 19550s
 67349916 3606367     cutoff   44         0.02742    0.03191  16.4%  30.7 19555s
 67372559 3606660    0.03191   84    6    0.02742    0.03191  16.4%  30.7 19560s
 67393225 3606952    0.03027   39   51    0.02742    0.03191  16.4%  30.7 19565s
 67415551 3607111    0.03047   36   56    0.02742    0.03191  16.4%  30.7 19570s
 67438144 3607413     cutoff   44         0.02742    0.03191  16.3%  30.7 19575s
 67461400 3607691    0.02836   48   24    0.02742    0.03191  16.3%  30.7 19580s
 67481885 3608222     cutoff   41         0.02742    0.03190  16.3%  30.7 19585s
 67503628 3608518    0.02769   45   50    0.02742    0.03190  16.3%  30.7 19590s
 67525729 3608664 infeasible   91         0.02742    0.03190  16.3%  30.7 19595s
 67548877 3609352    0.03171   42   54    0.02742    0.03190  16.3%  30.7 19600s
 67572001 3609722    0.03115   74    8    0.02742    0.03190  16.3%  30.7 19605s
 67591694 3610296    0.03032   47   54    0.02742    0.03190  16.3%  30.7 19610s
 67614770 3610488     cutoff   45         0.02742    0.03189  16.3%  30.7 19615s
 67637549 3610894     cutoff   40         0.02742    0.03189  16.3%  30.7 19620s
 67657281 3611072    0.03117   75   14    0.02742    0.03189  16.3%  30.7 19625s
 67673968 3611221    0.03007   46   61    0.02742    0.03189  16.3%  30.7 19630s
 67696895 3611362     cutoff   48         0.02742    0.03189  16.3%  30.7 19635s
 67719487 3611563     cutoff   48         0.02742    0.03189  16.3%  30.7 19640s
 67742498 3611843     cutoff   43         0.02742    0.03188  16.3%  30.7 19645s
 67764915 3612180     cutoff   44         0.02742    0.03188  16.3%  30.6 19650s
 67787622 3612517    0.03153   53   55    0.02742    0.03188  16.3%  30.6 19655s
 67808600 3612664    0.02743   48   43    0.02742    0.03188  16.2%  30.6 19660s
 67831235 3613162     cutoff   50         0.02742    0.03188  16.2%  30.6 19665s
 67853793 3613477    0.02745   46   51    0.02742    0.03188  16.2%  30.6 19670s
 67876183 3613798    0.02961   83    9    0.02742    0.03187  16.2%  30.6 19675s
 67898963 3613964    0.03109   41   57    0.02742    0.03187  16.2%  30.6 19680s
 67921013 3614203     cutoff   52         0.02742    0.03187  16.2%  30.6 19685s
 67943880 3614694    0.02848   53   57    0.02742    0.03187  16.2%  30.6 19690s
 67966404 3615056    0.02754   44   51    0.02742    0.03187  16.2%  30.6 19695s
 67989274 3615364     cutoff   49         0.02742    0.03187  16.2%  30.6 19700s
 68009466 3615566     cutoff   47         0.02742    0.03186  16.2%  30.6 19705s
 68033426 3615844    0.02762   52   55    0.02742    0.03186  16.2%  30.6 19710s
 68054571 3616332    0.02790   46   46    0.02742    0.03186  16.2%  30.6 19715s
 68077388 3616603    0.02820   43   51    0.02742    0.03186  16.2%  30.6 19720s
 68093543 3616723    0.03184   93    6    0.02742    0.03186  16.2%  30.6 19725s
 68114720 3616696    0.02979   47   50    0.02742    0.03186  16.2%  30.6 19730s
 68137723 3617022    0.02757   45   58    0.02742    0.03185  16.2%  30.6 19735s
 68159860 3617023     cutoff   53         0.02742    0.03185  16.1%  30.6 19740s
 68182463 3617327    0.02883   41   62    0.02742    0.03185  16.1%  30.6 19745s
 68204929 3617747     cutoff   49         0.02742    0.03185  16.1%  30.6 19750s
 68227216 3617981    0.02753   54   56    0.02742    0.03185  16.1%  30.6 19755s
 68250537 3618478     cutoff   46         0.02742    0.03185  16.1%  30.6 19760s
 68272855 3618895 infeasible   48         0.02742    0.03184  16.1%  30.6 19765s
 68295819 3619060     cutoff   40         0.02742    0.03184  16.1%  30.6 19770s
 68318493 3619502     cutoff   53         0.02742    0.03184  16.1%  30.6 19775s
 68339980 3619615    0.02758   45   52    0.02742    0.03184  16.1%  30.6 19780s
 68361430 3619937    0.03082   34   51    0.02742    0.03184  16.1%  30.6 19785s
 68382881 3620322     cutoff   55         0.02742    0.03183  16.1%  30.6 19790s
 68404816 3620499    0.02798   47   57    0.02742    0.03183  16.1%  30.6 19795s
 68425605 3620491     cutoff   42         0.02742    0.03183  16.1%  30.6 19800s

Cutting planes:
  Gomory: 35
  Implied bound: 30
  Projected implied bound: 1
  MIR: 19
  Mixing: 1
  Flow cover: 251
  Inf proof: 11
  RLT: 209
  Relax-and-lift: 11
  BQP: 78

Explored 68425705 nodes (2090528578 simplex iterations) in 19800.00 seconds (25762.83 work units)
Thread count was 4 (of 4 available processors)

Solution count 10: 0.0274235 0.0273445 0.0255964 ... 0.0245489

Time limit reached
Best objective 2.742346202831e-02, best bound 3.183075623996e-02, gap 16.0713%
{"verdict": "UNRESOLVED", "status": "TIME_LIMIT", "runtime": 19800.002763032913, "objval": 0.027423462028306374, "objbound": 0.03183075623995534, "binaries": 70}
