Set parameter NodefileStart to value 6
Read parameters from file gurobi.env
Restricted license - for non-production use only - expires 2027-11-29
Set parameter OutputFlag to value 1
Set parameter Threads to value 4
Set parameter TimeLimit to value 19800
Set parameter MIPGap to value 5e-05
Set parameter MIPFocus to value 2
Set parameter NonConvex to value 2
Set parameter BestBdStop to value 2.7426211734693878e-02
Gurobi Optimizer version 13.0.3 build v13.0.3rc0 (linux64 - "Ubuntu 24.04.5 LTS")

CPU model: AMD EPYC 7763 64-Core Processor, instruction set [SSE2|AVX|AVX2]
Thread count: 2 physical cores, 4 logical processors, using up to 4 threads

Non-default parameters:
TimeLimit  19800
BestBdStop  2.7426211734693878e-02
MIPGap  5e-05
MIPFocus  2
NodefileStart  6
NonConvex  2
Threads  4

Optimize a model with 165 rows, 135 columns and 976 nonzeros (Max)
Model fingerprint: 0x1c9cd79b
Model has 1 linear objective coefficients
Model has 50 quadratic constraints
Variable types: 65 continuous, 70 integer (70 binary)
Coefficient statistics:
  Matrix range     [5e-01, 1e+00]
  QMatrix range    [1e+00, 1e+00]
  QLMatrix range   [1e+00, 1e+00]
  Objective range  [1e+00, 1e+00]
  Bounds range     [5e-01, 1e+00]
  RHS range        [1e+00, 1e+00]

Found heuristic solution: objective -0.0000000
Presolve time: 0.00s
Presolved: 365 rows, 136 columns, 1376 nonzeros
Presolved model has 50 bilinear constraint(s)

Solving non-convex MIQCP to global optimality

Variable types: 66 continuous, 70 integer (70 binary)
Found heuristic solution: objective 0.0000001
Root relaxation presolve removed 50 rows and 1 columns
Root relaxation presolved: 315 rows, 135 columns, 1326 nonzeros


Root relaxation: objective 2.500000e-01, 131 iterations, 0.00 seconds (0.00 work units)

    Nodes    |    Current Node    |     Objective Bounds      |     Work
 Expl Unexpl |  Obj  Depth IntInf | Incumbent    BestBd   Gap | It/Node Time

     0     0    0.25000    0   43    0.00000    0.25000      -     -    0s
     0     0    0.16667    0  102    0.00000    0.16667      -     -    0s
     0     0    0.16667    0   76    0.00000    0.16667      -     -    0s
     0     0    0.16667    0   92    0.00000    0.16667      -     -    0s
     0     0    0.16667    0   67    0.00000    0.16667      -     -    0s
     0     0    0.14286    0   71    0.00000    0.14286      -     -    0s
     0     0    0.14286    0   58    0.00000    0.14286      -     -    0s
     0     0    0.14286    0   58    0.00000    0.14286      -     -    0s
     0     0    0.13819    0   58    0.00000    0.13819      -     -    0s
     0     0    0.12500    0   59    0.00000    0.12500      -     -    0s
     0     0    0.12500    0   58    0.00000    0.12500      -     -    0s
     0     0    0.12500    0   58    0.00000    0.12500      -     -    0s
     0     0    0.12500    0   58    0.00000    0.12500      -     -    0s
     0     0    0.12500    0   58    0.00000    0.12500      -     -    0s
     0     0    0.12500    0   58    0.00000    0.12500      -     -    0s
     0     0    0.12500    0   58    0.00000    0.12500      -     -    0s
     0     0    0.12500    0   58    0.00000    0.12500      -     -    0s
     0     2    0.12500    0   58    0.00000    0.12500      -     -    0s
H  123   132                       0.0038369    0.12500  3158%  23.7    0s
H  237   266                       0.0038369    0.10838  2725%  25.8    0s
H 1631  1244                       0.0059858    0.10179  1601%  25.6    1s
H 1792  1275                       0.0059858    0.10179  1601%  25.2    1s
H 1910  1212                       0.0077804    0.10179  1208%  25.0    1s
H 3385  1671                       0.0077810    0.09348  1101%  29.4    2s
H 3449  1646                       0.0078007    0.09348  1098%  29.7    2s
H 3464  1681                       0.0078007    0.09348  1098%  29.9    2s
H 4621  1856                       0.0129327    0.08964   593%  31.7    3s
 10502  5698     cutoff   41         0.01293    0.08260   539%  32.2    5s
 24603 11607    0.04528   34   47    0.01293    0.07634   490%  32.2   10s
H25254 12014                       0.0129327    0.07613   489%  32.3   10s
H25575 12020                       0.0129327    0.07608   488%  32.1   10s
H25950 12054                       0.0134021    0.07588   466%  32.2   10s
H26002 12172                       0.0134021    0.07588   466%  32.1   11s
 40615 19083    0.03746   35   59    0.01340    0.07250   441%  32.9   15s
H55626 24920                       0.0140611    0.07070   403%  33.0   19s
 57586 25990     cutoff   44         0.01406    0.07049   401%  33.0   20s
 75575 34408     cutoff   39         0.01406    0.06863   388%  33.1   25s
 94409 42936    0.06687   23   62    0.01406    0.06755   380%  33.1   30s
*101509 46432             151       0.0140837    0.06716   377%  33.1   32s
H106181 40020                       0.0196135    0.06697   241%  33.3   34s
 107677 40716     cutoff   37         0.01961    0.06690   241%  33.3   35s
 124766 46865    0.02290   42   60    0.01961    0.06582   236%  33.7   40s
H137873 51433                       0.0196721    0.06519   231%  33.8   43s
H137874 51289                       0.0197627    0.06519   230%  33.8   43s
H137875 48710                       0.0213706    0.06519   205%  33.8   43s
 141809 50197     cutoff   32         0.02137    0.06496   204%  33.8   45s
H154019 53515                       0.0215793    0.06432   198%  33.9   48s
H154181 53663                       0.0215793    0.06432   198%  33.9   48s
 158974 55377     cutoff   33         0.02158    0.06413   197%  33.9   50s
 174201 60299     cutoff   31         0.02158    0.06354   194%  34.0   55s
 191209 65879     cutoff   41         0.02158    0.06291   192%  34.1   60s
H202745 69105                       0.0216676    0.06261   189%  34.1   63s
H202955 69215                       0.0216676    0.06259   189%  34.1   63s
 208434 70836    0.05610   35   56    0.02167    0.06238   188%  34.2   65s
 220118 74231 infeasible   44         0.02167    0.06205   186%  34.3   70s
 237347 79285    0.05574   26   67    0.02167    0.06156   184%  34.5   75s
 254445 84281    0.03137   35   54    0.02167    0.06114   182%  34.7   80s
 270887 88787    0.04347   33   57    0.02167    0.06076   180%  34.9   85s
 287758 93329     cutoff   40         0.02167    0.06036   179%  35.1   90s
 304321 97965    0.02884   29   43    0.02167    0.05998   177%  35.2   95s
 321365 102594     cutoff   35         0.02167    0.05961   175%  35.3  100s
 337854 107163    0.05241   33   63    0.02167    0.05931   174%  35.4  105s
 355058 111813    0.02934   41   50    0.02167    0.05896   172%  35.4  110s
 371491 116110    0.05147   33   59    0.02167    0.05863   171%  35.5  115s
 386755 119874    0.04145   32   55    0.02167    0.05837   169%  35.6  120s
 400689 123157     cutoff   33         0.02167    0.05817   168%  35.7  125s
 417149 127516     cutoff   33         0.02167    0.05791   167%  35.8  130s
 433998 132125    0.04548   36   57    0.02167    0.05762   166%  35.8  135s
 450972 136541     cutoff   40         0.02167    0.05735   165%  35.9  140s
 466318 140323     cutoff   41         0.02167    0.05711   164%  36.0  145s
 481277 144278     cutoff   44         0.02167    0.05689   163%  36.1  150s
 498093 148392    0.03838   38   60    0.02167    0.05667   162%  36.1  155s
 515199 152394     cutoff   39         0.02167    0.05644   160%  36.1  160s
 531734 156814     cutoff   40         0.02167    0.05627   160%  36.1  165s
 544600 160005     cutoff   34         0.02167    0.05610   159%  36.2  170s
 561403 164086     cutoff   37         0.02167    0.05592   158%  36.2  175s
 577986 167750    0.02594   41   59    0.02167    0.05572   157%  36.3  180s
 594678 171984     cutoff   43         0.02167    0.05550   156%  36.3  185s
 611086 176026     cutoff   36         0.02167    0.05533   155%  36.3  190s
 628022 180367     cutoff   40         0.02167    0.05515   155%  36.3  195s
 644306 184073    0.02940   45   60    0.02167    0.05498   154%  36.4  200s
 659975 188166     cutoff   33         0.02167    0.05484   153%  36.4  205s
 676384 192045     cutoff   37         0.02167    0.05470   152%  36.5  210s
 692726 195952    0.02331   40   47    0.02167    0.05457   152%  36.5  215s
 708931 199826    0.03022   36   55    0.02167    0.05443   151%  36.5  220s
 725263 203364    0.03748   38   60    0.02167    0.05430   151%  36.6  225s
 737790 206480    0.05419   28   67    0.02167    0.05419   150%  36.6  230s
 754052 210393    0.02424   34   60    0.02167    0.05406   149%  36.6  235s
 769892 213998    0.02262   41   51    0.02167    0.05394   149%  36.6  240s
 786801 217736    0.03206   29   51    0.02167    0.05380   148%  36.6  245s
 803508 221732     cutoff   38         0.02167    0.05370   148%  36.7  250s
 820384 225729    0.02335   36   59    0.02167    0.05357   147%  36.6  255s
 836944 229466    0.03742   39   62    0.02167    0.05345   147%  36.7  260s
 853361 232984     cutoff   43         0.02167    0.05333   146%  36.7  265s
 869387 236641    0.02499   45   54    0.02167    0.05321   146%  36.7  270s
 884003 239957     cutoff   42         0.02167    0.05311   145%  36.7  275s
 897226 243307    0.02834   38   55    0.02167    0.05303   145%  36.7  280s
 914175 247295    0.03774   35   57    0.02167    0.05293   144%  36.7  285s
 930671 250841     cutoff   39         0.02167    0.05282   144%  36.7  290s
 946470 253954    0.02297   35   53    0.02167    0.05271   143%  36.7  295s
 962253 257100    0.02414   37   61    0.02167    0.05263   143%  36.7  300s
 977626 260183     cutoff   43         0.02167    0.05255   143%  36.7  305s
 992771 263303     cutoff   35         0.02167    0.05245   142%  36.7  310s
 1008202 266339     cutoff   31         0.02167    0.05237   142%  36.7  315s
 1023558 269298    0.05208   35   58    0.02167    0.05227   141%  36.7  320s
 1039105 272464     cutoff   41         0.02167    0.05218   141%  36.7  325s
 1054090 275775    0.03628   28   52    0.02167    0.05211   140%  36.7  330s
 1066605 278305     cutoff   40         0.02167    0.05204   140%  36.7  335s
 1082181 281476     cutoff   42         0.02167    0.05195   140%  36.8  340s
 1097181 284417    0.02396   35   53    0.02167    0.05186   139%  36.8  345s
 1113232 287613    0.02699   41   57    0.02167    0.05177   139%  36.8  350s
 1129269 290788    0.02705   35   56    0.02167    0.05169   139%  36.8  355s
 1145847 293801    0.03565   33   59    0.02167    0.05161   138%  36.8  360s
 1162073 296622 infeasible   40         0.02167    0.05152   138%  36.8  365s
 1178265 299691     cutoff   39         0.02167    0.05144   137%  36.8  370s
 1194518 302782     cutoff   34         0.02167    0.05136   137%  36.8  375s
 1210827 306655    0.02335   39   59    0.02167    0.05127   137%  36.8  380s
 1227165 309456    0.03353   36   50    0.02167    0.05120   136%  36.8  385s
 1240896 311896    0.02432   40   43    0.02167    0.05112   136%  36.8  390s
 1256896 315015     cutoff   43         0.02167    0.05104   136%  36.8  395s
 1272858 317891     cutoff   34         0.02167    0.05096   135%  36.8  400s
 1286635 320366    0.04906   31   60    0.02167    0.05090   135%  36.8  405s
 1302055 323301     cutoff   42         0.02167    0.05083   135%  36.8  410s
 1318499 326366    0.02547   41   52    0.02167    0.05075   134%  36.8  415s
 1334874 329692    0.04360   33   66    0.02167    0.05067   134%  36.8  420s
 1351273 333084    0.03029   40   58    0.02167    0.05059   133%  36.8  425s
 1367440 335992    0.02506   38   48    0.02167    0.05052   133%  36.8  430s
 1382964 338999     cutoff   40         0.02167    0.05044   133%  36.8  435s
 1399884 341908    0.04656   33   57    0.02167    0.05037   132%  36.8  440s
 1416022 344762     cutoff   44         0.02167    0.05030   132%  36.8  445s
 1432551 347676 infeasible   40         0.02167    0.05023   132%  36.8  450s
 1444980 349996    0.02240   41   53    0.02167    0.05017   132%  36.8  455s
 1461443 352747     cutoff   42         0.02167    0.05010   131%  36.8  460s
 1477666 355474     cutoff   41         0.02167    0.05002   131%  36.8  465s
 1493623 358992    0.03713   40   62    0.02167    0.04997   131%  36.7  470s
 1509938 361652    0.02238   35   55    0.02167    0.04990   130%  36.8  475s
 1525766 364304    0.03469   29   55    0.02167    0.04983   130%  36.8  480s
 1542168 367843    0.02921   31   46    0.02167    0.04976   130%  36.8  485s
 1558389 370438     cutoff   42         0.02167    0.04970   129%  36.8  490s
 1575082 373294     cutoff   36         0.02167    0.04964   129%  36.8  495s
 1590825 376011    0.03306   38   60    0.02167    0.04959   129%  36.8  500s
 1607391 379048    0.03121   42   42    0.02167    0.04953   129%  36.8  505s
 1623871 381881     cutoff   39         0.02167    0.04946   128%  36.7  510s
 1637120 383986     cutoff   31         0.02167    0.04940   128%  36.7  515s
 1653324 386813    0.03335   38   61    0.02167    0.04935   128%  36.7  520s
 1669726 389654    0.02319   43   54    0.02167    0.04929   127%  36.7  525s
 1685508 392320    0.02646   38   54    0.02167    0.04923   127%  36.7  530s
 1701926 395441    0.02377   44   45    0.02167    0.04917   127%  36.7  535s
 1716143 397762    0.04310   34   61    0.02167    0.04912   127%  36.7  540s
 1732363 400942     cutoff   37         0.02167    0.04907   126%  36.7  545s
 1748489 403486    0.03871   34   59    0.02167    0.04902   126%  36.7  550s
 1764816 406303    0.04690   37   60    0.02167    0.04896   126%  36.7  555s
 1780728 409081    0.04392   29   54    0.02167    0.04891   126%  36.8  560s
 1796220 411677    0.03525   32   61    0.02167    0.04886   126%  36.8  565s
 1809548 413878     cutoff   32         0.02167    0.04883   125%  36.8  570s
 1825577 416650    0.02254   39   46    0.02167    0.04878   125%  36.7  575s
 1841653 419050 infeasible   35         0.02167    0.04873   125%  36.7  580s
 1857099 421963    0.02593   95   23    0.02167    0.04868   125%  36.7  585s
 1873682 424808 infeasible   40         0.02167    0.04863   124%  36.7  590s
 1889677 427306     cutoff   37         0.02167    0.04858   124%  36.7  595s
 1904994 429866    0.03344   39   60    0.02167    0.04853   124%  36.7  600s
 1921876 432778     cutoff   43         0.02167    0.04848   124%  36.7  605s
 1938245 435630     cutoff   37         0.02167    0.04844   124%  36.7  610s
 1954151 438485    0.04422   42   62    0.02167    0.04839   123%  36.7  615s
 1970493 441194    0.03993   40   60    0.02167    0.04834   123%  36.7  620s
 1986389 443616    0.03552   35   55    0.02167    0.04829   123%  36.7  625s
 2002786 446135    0.02607   36   47    0.02167    0.04824   123%  36.7  630s
 2015899 448171     cutoff   44         0.02167    0.04820   122%  36.7  635s
 2032126 450822    0.03166   42   58    0.02167    0.04815   122%  36.7  640s
 2048408 453546    0.04081   38   61    0.02167    0.04810   122%  36.7  645s
 2064572 456292    0.02394   34   56    0.02167    0.04806   122%  36.7  650s
 2080495 458737     cutoff   40         0.02167    0.04802   122%  36.7  655s
 2096876 461212    0.03354   28   56    0.02167    0.04797   121%  36.7  660s
 2113164 463672     cutoff   42         0.02167    0.04792   121%  36.7  665s
 2128925 466385    0.02615   38   60    0.02167    0.04788   121%  36.7  670s
 2143205 468705     cutoff   40         0.02167    0.04784   121%  36.7  675s
 2156297 470712    0.02397   43   54    0.02167    0.04780   121%  36.7  680s
 2172324 473123    0.03718   42   62    0.02167    0.04775   120%  36.8  685s
 2188738 476071     cutoff   40         0.02167    0.04771   120%  36.8  690s
 2205088 478526    0.02432   38   55    0.02167    0.04767   120%  36.8  695s
 2221510 481174     cutoff   42         0.02167    0.04762   120%  36.8  700s
 2237348 483854    0.02512   40   52    0.02167    0.04758   120%  36.8  705s
 2253481 486272     cutoff   36         0.02167    0.04753   119%  36.8  710s
 2269884 488815    0.02670   38   37    0.02167    0.04749   119%  36.8  715s
 2286387 491209     cutoff   37         0.02167    0.04745   119%  36.8  720s
 2302229 493363     cutoff   36         0.02167    0.04741   119%  36.8  725s
 2318216 495958     cutoff   41         0.02167    0.04736   119%  36.8  730s
 2330807 497895     cutoff   44         0.02167    0.04733   118%  36.8  735s
 2347151 500553     cutoff   36         0.02167    0.04729   118%  36.8  740s
 2363420 503002    0.02419   37   56    0.02167    0.04724   118%  36.8  745s
 2379088 505117    0.02547   44   49    0.02167    0.04720   118%  36.8  750s
 2395562 507321    0.02494   37   44    0.02167    0.04715   118%  36.8  755s
 2411734 509534     cutoff   41         0.02167    0.04711   117%  36.8  760s
 2428009 511857    0.02375   38   53    0.02167    0.04707   117%  36.8  765s
 2444322 514397    0.02453   37   50    0.02167    0.04702   117%  36.8  770s
 2460802 516800    0.04225   33   56    0.02167    0.04698   117%  36.8  775s
 2477212 519006    0.02984   39   58    0.02167    0.04693   117%  36.8  780s
 2493256 521287 infeasible   43         0.02167    0.04688   116%  36.8  785s
H2493769 521320                       0.0216677    0.04688   116%  36.8  785s
 2504066 523033    0.03738   39   60    0.02167    0.04686   116%  36.8  790s
 2520556 525495     cutoff   39         0.02167    0.04681   116%  36.8  795s
 2536534 527571     cutoff   44         0.02167    0.04677   116%  36.8  800s
 2553057 530186     cutoff   39         0.02167    0.04673   116%  36.8  805s
 2567125 532230    0.03722   38   58    0.02167    0.04669   116%  36.8  810s
 2582992 534327    0.02192   36   54    0.02167    0.04666   115%  36.8  815s
 2599524 536699    0.02203   42   43    0.02167    0.04662   115%  36.8  820s
 2616086 539035    0.03472   38   57    0.02167    0.04658   115%  36.8  825s
 2632011 541454    0.02491   37   52    0.02167    0.04654   115%  36.8  830s
 2646553 543230    0.02457   40   57    0.02167    0.04651   115%  36.8  835s
 2660127 545229    0.02861   36   57    0.02167    0.04647   114%  36.8  840s
 2677143 547879    0.03641   32   51    0.02167    0.04644   114%  36.8  845s
 2692294 550148    0.04299   42   54    0.02167    0.04640   114%  36.8  850s
 2707608 552167     cutoff   40         0.02167    0.04636   114%  36.8  855s
 2723464 554159     cutoff   37         0.02167    0.04632   114%  36.8  860s
 2738715 556321    0.04626   34   60    0.02167    0.04629   114%  36.8  865s
 2753098 558328     cutoff   41         0.02167    0.04626   113%  36.8  870s
 2769143 560463    0.02330   42   53    0.02167    0.04621   113%  36.8  875s
 2784072 562537    0.03482   42   57    0.02167    0.04617   113%  36.8  880s
 2799079 564572    0.02266   34   51    0.02167    0.04614   113%  36.8  885s
 2814253 566647     cutoff   40         0.02167    0.04610   113%  36.8  890s
 2826778 568382     cutoff   44         0.02167    0.04608   113%  36.8  895s
 2841925 570668    0.03901   35   49    0.02167    0.04604   112%  36.8  900s
 2856477 572588     cutoff   41         0.02167    0.04601   112%  36.8  905s
 2871721 574670    0.02835   31   51    0.02167    0.04598   112%  36.8  910s
 2886467 576715     cutoff   38         0.02167    0.04594   112%  36.7  915s
 2901677 578557    0.02415   39   57    0.02167    0.04591   112%  36.7  920s
 2916057 580650    0.04303   34   53    0.02167    0.04587   112%  36.7  925s
 2932412 582973    0.04384   39   57    0.02167    0.04584   112%  36.7  930s
 2949070 585031    0.03570   21   59    0.02167    0.04581   111%  36.7  935s
 2965160 587044    0.03347   36   59    0.02167    0.04577   111%  36.8  940s
 2981450 589374    0.03137   38   53    0.02167    0.04573   111%  36.8  945s
 2992073 591018     cutoff   37         0.02167    0.04571   111%  36.8  950s
 3008757 593232     cutoff   40         0.02167    0.04567   111%  36.8  955s
 3025098 595507 infeasible   38         0.02167    0.04563   111%  36.8  960s
 3041451 598171    0.04206   28   55    0.02167    0.04560   110%  36.7  965s
 3057607 600518    0.02376   38   57    0.02167    0.04556   110%  36.7  970s
 3073673 602592    0.02610   42   58    0.02167    0.04553   110%  36.7  975s
 3090207 604821    0.03320   39   52    0.02167    0.04550   110%  36.7  980s
 3106057 607015     cutoff   40         0.02167    0.04546   110%  36.7  985s
 3122828 608997    0.03135   41   62    0.02167    0.04543   110%  36.7  990s
 3138798 611135     cutoff   42         0.02167    0.04539   109%  36.7  995s
 3155487 613218    0.02920   40   55    0.02167    0.04535   109%  36.7 1000s
 3167836 614895     cutoff   36         0.02167    0.04532   109%  36.7 1005s
 3184898 616995     cutoff   41         0.02167    0.04529   109%  36.7 1010s
 3200843 618984    0.02263   43   54    0.02167    0.04525   109%  36.7 1015s
 3216317 620884    0.02548   42   56    0.02167    0.04522   109%  36.7 1020s
 3233257 623222    0.03466   33   55    0.02167    0.04518   109%  36.7 1025s
 3248439 624955    0.02556   38   57    0.02167    0.04515   108%  36.7 1030s
 3264711 627015    0.03072   44   57    0.02167    0.04511   108%  36.7 1035s
 3281157 629104    0.03086   41   51    0.02167    0.04508   108%  36.7 1040s
 3297048 631062    0.02331   35   49    0.02167    0.04504   108%  36.7 1045s
 3313150 632972     cutoff   39         0.02167    0.04501   108%  36.7 1050s
 3329364 634978    0.02549   37   51    0.02167    0.04497   108%  36.7 1055s
 3342547 636730     cutoff   41         0.02167    0.04494   107%  36.7 1060s
 3357816 638668     cutoff   43         0.02167    0.04491   107%  36.7 1065s
 3374299 640547     cutoff   40         0.02167    0.04488   107%  36.7 1070s
 3390101 642514     cutoff   48         0.02167    0.04485   107%  36.7 1075s
 3404334 644372    0.02485   43   60    0.02167    0.04481   107%  36.7 1080s
 3420307 646195     cutoff   37         0.02167    0.04478   107%  36.7 1085s
 3436811 648216     cutoff   39         0.02167    0.04475   107%  36.7 1090s
 3452977 650325    0.04102   41   55    0.02167    0.04472   106%  36.7 1095s
 3469450 652483     cutoff   38         0.02167    0.04469   106%  36.7 1100s
 3484560 654351    0.03100   44   59    0.02167    0.04466   106%  36.7 1105s
 3501390 656351     cutoff   44         0.02167    0.04463   106%  36.7 1110s
 3513951 658011    0.03724   37   65    0.02167    0.04461   106%  36.7 1115s
 3530121 660042     cutoff   41         0.02167    0.04458   106%  36.7 1120s
 3546831 662064     cutoff   40         0.02167    0.04455   106%  36.7 1125s
 3562748 663905    0.02452   38   51    0.02167    0.04451   105%  36.7 1130s
 3578429 665817    0.03959   31   47    0.02167    0.04448   105%  36.7 1135s
 3594830 667978     cutoff   50         0.02167    0.04445   105%  36.7 1140s
 3610513 669975 infeasible   36         0.02167    0.04442   105%  36.7 1145s
 3626424 671865    0.02650   36   52    0.02167    0.04439   105%  36.7 1150s
 3642216 673991    0.02509   43   58    0.02167    0.04435   105%  36.7 1155s
 3658309 676010     cutoff   34         0.02167    0.04432   105%  36.7 1160s
 3674035 677879    0.02330   40   55    0.02167    0.04429   104%  36.7 1165s
 3690809 679941    0.02889   36   56    0.02167    0.04426   104%  36.7 1170s
 3704152 681653     cutoff   40         0.02167    0.04424   104%  36.7 1175s
 3719987 683931    0.03827   35   60    0.02167    0.04421   104%  36.7 1180s
 3735790 685641     cutoff   42         0.02167    0.04418   104%  36.7 1185s
 3751890 687509     cutoff   41         0.02167    0.04415   104%  36.7 1190s
 3768135 689192     cutoff   43         0.02167    0.04412   104%  36.7 1195s
 3784634 691092    0.03016   33   55    0.02167    0.04409   103%  36.7 1200s
 3800993 693058    0.04264   33   67    0.02167    0.04406   103%  36.7 1205s
 3817303 695193    0.02476   36   50    0.02167    0.04403   103%  36.7 1210s
 3831860 696863    0.02698   39   58    0.02167    0.04400   103%  36.7 1215s
 3844339 698151    0.02613   44   57    0.02167    0.04398   103%  36.7 1220s
 3860138 700128    0.03123   33   67    0.02167    0.04395   103%  36.7 1225s
 3876837 702172    0.02629   42   55    0.02167    0.04393   103%  36.7 1230s
 3893235 703920    0.03055   29   54    0.02167    0.04390   103%  36.7 1235s
 3909445 705834     cutoff   40         0.02167    0.04387   102%  36.7 1240s
 3926007 707835    0.02452   33   60    0.02167    0.04383   102%  36.7 1245s
 3942171 709648    0.02859   41   48    0.02167    0.04381   102%  36.7 1250s
 3958122 711374    0.02324   34   52    0.02167    0.04378   102%  36.7 1255s
 3974589 713180     cutoff   42         0.02167    0.04375   102%  36.7 1260s
 3990577 715043     cutoff   29         0.02167    0.04372   102%  36.7 1265s
 4006799 716982    0.03599   40   47    0.02167    0.04369   102%  36.6 1270s
 4021804 718471     cutoff   42         0.02167    0.04367   102%  36.6 1275s
 4036025 720012    0.02445   41   55    0.02167    0.04364   101%  36.6 1280s
 4052282 721766     cutoff   41         0.02167    0.04362   101%  36.6 1285s
 4068451 723629    0.02202   38   55    0.02167    0.04359   101%  36.6 1290s
 4084760 725522     cutoff   42         0.02167    0.04356   101%  36.6 1295s
 4101221 727510    0.03123   36   56    0.02167    0.04353   101%  36.6 1300s
 4117932 729261     cutoff   36         0.02167    0.04350   101%  36.6 1305s
 4134430 731191 infeasible   45         0.02167    0.04348   101%  36.6 1310s
 4150684 732896     cutoff   37         0.02167    0.04345   101%  36.6 1315s
 4166703 734495    0.02262   41   51    0.02167    0.04343   100%  36.6 1320s
 4183111 736287    0.02541   38   58    0.02167    0.04340   100%  36.6 1325s
 4196652 737750    0.02293   39   42    0.02167    0.04338   100%  36.6 1330s
 4212824 739484     cutoff   30         0.02167    0.04335   100%  36.6 1335s
 4228463 741424     cutoff   39         0.02167    0.04332   100%  36.6 1340s
 4245132 743261     cutoff   42         0.02167    0.04330   100%  36.6 1345s
H4252978 744019                       0.0216713    0.04329   100%  36.6 1347s
 4257743 744547    0.04071   36   56    0.02167    0.04328   100%  36.6 1350s
 4274731 746307     cutoff   45         0.02167    0.04325   100%  36.6 1355s
 4291051 748078    0.03832   32   60    0.02167    0.04323  99.5%  36.6 1360s
 4306282 749697    0.02201   46   51    0.02167    0.04320  99.3%  36.6 1365s
 4323060 751544    0.02318   36   54    0.02167    0.04317  99.2%  36.6 1370s
 4336160 752894     cutoff   43         0.02167    0.04315  99.1%  36.6 1375s
 4352907 754680     cutoff   37         0.02167    0.04312  99.0%  36.6 1380s
 4368718 756478    0.04304   32   62    0.02167    0.04310  98.9%  36.6 1385s
 4384599 758156    0.02731   47   43    0.02167    0.04308  98.8%  36.6 1390s
 4401249 759993    0.02974   33   50    0.02167    0.04305  98.7%  36.6 1395s
 4417510 761581    0.03581   35   70    0.02167    0.04303  98.5%  36.6 1400s
 4433756 763180     cutoff   36         0.02167    0.04300  98.4%  36.6 1405s
H4447083 764285                       0.0216808    0.04298  98.2%  36.6 1409s
H4447302 764331                       0.0216808    0.04298  98.2%  36.6 1409s
H4448424 764399                       0.0216808    0.04298  98.2%  36.6 1409s
 4449017 764461    0.02264   41   47    0.02168    0.04298  98.2%  36.6 1410s
 4462506 765795    0.02647   44   50    0.02168    0.04296  98.1%  36.6 1415s
 4479280 767600    0.03191   44   53    0.02168    0.04293  98.0%  36.6 1420s
 4493357 768941    0.02362   40   58    0.02168    0.04291  97.9%  36.6 1425s
 4506892 770284    0.03436   38   60    0.02168    0.04289  97.8%  36.6 1430s
 4523166 771903    0.03102   41   56    0.02168    0.04287  97.7%  36.6 1435s
 4539263 773750     cutoff   39         0.02168    0.04285  97.6%  36.6 1440s
 4555250 775388     cutoff   41         0.02168    0.04282  97.5%  36.6 1445s
 4571247 777170    0.03273   40   56    0.02168    0.04280  97.4%  36.6 1450s
 4587471 778977     cutoff   32         0.02168    0.04277  97.3%  36.6 1455s
 4603738 780702    0.02284   43   51    0.02168    0.04275  97.2%  36.6 1460s
 4620273 782427    0.02639   39   55    0.02168    0.04272  97.1%  36.6 1465s
 4636564 784502    0.02914   35   49    0.02168    0.04270  96.9%  36.6 1470s
 4650084 785894    0.02789   45   55    0.02168    0.04268  96.8%  36.6 1475s
 4666234 787334     cutoff   41         0.02168    0.04265  96.7%  36.6 1480s
 4682781 788923    0.02338   38   53    0.02168    0.04263  96.6%  36.6 1485s
 4699099 790560     cutoff   42         0.02168    0.04260  96.5%  36.6 1490s
 4715397 792216    0.03054   34   63    0.02168    0.04257  96.4%  36.6 1495s
 4731651 793890    0.02323   43   51    0.02168    0.04255  96.2%  36.6 1500s
 4747685 795754     cutoff   45         0.02168    0.04253  96.1%  36.6 1505s
 4764137 797532    0.03236   37   51    0.02168    0.04250  96.0%  36.5 1510s
 4780249 799128    0.03059   43   56    0.02168    0.04248  95.9%  36.5 1515s
 4793609 800430     cutoff   36         0.02168    0.04246  95.8%  36.5 1520s
 4809655 801973    0.03326   40   55    0.02168    0.04244  95.7%  36.5 1525s
 4825733 803547    0.04240   38   62    0.02168    0.04241  95.6%  36.5 1530s
 4841840 805288    0.02185   38   56    0.02168    0.04239  95.5%  36.5 1535s
 4857415 806874    0.02697   38   43    0.02168    0.04237  95.4%  36.5 1540s
 4874248 808522    0.03242   40   56    0.02168    0.04234  95.3%  36.5 1545s
H4883333 807516                       0.0217448    0.04233  94.7%  36.5 1547s
H4883467 807529                       0.0217448    0.04233  94.7%  36.5 1547s
H4884011 807540                       0.0217448    0.04233  94.7%  36.5 1548s
 4887760 807995    0.02246   42   50    0.02174    0.04233  94.6%  36.5 1550s
 4903962 809573    0.02244   40   57    0.02174    0.04230  94.5%  36.5 1555s
 4918298 810979    0.04224   35   61    0.02174    0.04228  94.4%  36.5 1560s
 4934899 812693     cutoff   39         0.02174    0.04226  94.3%  36.5 1565s
 4947069 813904    0.04162   34   55    0.02174    0.04224  94.2%  36.5 1570s
 4963250 815581     cutoff   43         0.02174    0.04221  94.1%  36.5 1575s
 4979908 817329     cutoff   39         0.02174    0.04219  94.0%  36.5 1580s
 4996126 818965    0.02653   41   52    0.02174    0.04217  93.9%  36.5 1585s
 5012233 820672     cutoff   45         0.02174    0.04214  93.8%  36.5 1590s
 5028736 822299     cutoff   44         0.02174    0.04212  93.7%  36.5 1595s
 5044403 823726     cutoff   38         0.02174    0.04209  93.6%  36.5 1600s
 5060805 825580    0.02622   40   50    0.02174    0.04207  93.5%  36.5 1605s
 5077124 827006     cutoff   41         0.02174    0.04205  93.4%  36.5 1610s
 5093744 829649    0.02184   44   53    0.02174    0.04203  93.3%  36.5 1615s
 5109310 831014    0.02350   36   60    0.02174    0.04200  93.2%  36.5 1620s
 5124413 832348     cutoff   37         0.02174    0.04198  93.1%  36.5 1625s
 5139084 834073    0.02582   34   53    0.02174    0.04196  93.0%  36.5 1632s
 5151889 834940    0.02508   40   59    0.02174    0.04194  92.9%  36.5 1635s
 5168448 836434    0.03064   33   56    0.02174    0.04192  92.8%  36.5 1640s
 5184229 838055    0.02432   40   51    0.02174    0.04190  92.7%  36.5 1645s
 5200739 839678 infeasible   41         0.02174    0.04188  92.6%  36.5 1650s
 5216441 841344     cutoff   41         0.02174    0.04186  92.5%  36.5 1655s
 5233149 842950     cutoff   40         0.02174    0.04183  92.4%  36.5 1660s
 5249208 844309     cutoff   45         0.02174    0.04181  92.3%  36.5 1665s
 5265549 846078    0.02187   38   58    0.02174    0.04179  92.2%  36.5 1670s
 5282282 847537     cutoff   34         0.02174    0.04176  92.1%  36.5 1675s
 5295841 848721    0.02628   38   59    0.02174    0.04174  92.0%  36.5 1680s
 5309207 850261    0.04133   31   65    0.02174    0.04173  91.9%  36.5 1685s
 5325583 851699     cutoff   42         0.02174    0.04170  91.8%  36.5 1690s
 5342231 853115    0.02268   41   54    0.02174    0.04168  91.7%  36.5 1695s
 5358213 854758     cutoff   42         0.02174    0.04166  91.6%  36.5 1700s
 5373944 856411     cutoff   45         0.02174    0.04164  91.5%  36.5 1705s
 5390094 857796    0.03407   36   51    0.02174    0.04162  91.4%  36.5 1710s
 5406539 859185    0.02396   49   55    0.02174    0.04160  91.3%  36.5 1715s
 5422830 860755    0.02809   43   54    0.02174    0.04158  91.2%  36.5 1720s
 5439392 862296    0.03084   38   54    0.02174    0.04155  91.1%  36.5 1725s
 5455307 863810    0.03058   43   55    0.02174    0.04153  91.0%  36.4 1730s
 5470690 865301     cutoff   39         0.02174    0.04151  90.9%  36.4 1735s
 5487444 866573    0.02962   41   55    0.02174    0.04149  90.8%  36.4 1740s
 5501704 867813    0.04054   42   49    0.02174    0.04147  90.7%  36.4 1745s
 5516857 868930     cutoff   39         0.02174    0.04145  90.6%  36.4 1750s
 5533506 870336     cutoff   39         0.02174    0.04143  90.5%  36.4 1755s
 5549233 871730    0.02367   45   56    0.02174    0.04141  90.4%  36.4 1760s
 5565480 873233    0.03719   40   58    0.02174    0.04139  90.3%  36.4 1765s
 5581839 874472    0.02319   36   62    0.02174    0.04137  90.2%  36.4 1770s
 5597287 876138 infeasible   43         0.02174    0.04135  90.2%  36.4 1775s
 5614253 877512     cutoff   38         0.02174    0.04133  90.0%  36.4 1780s
 5630640 879150    0.03448   32   59    0.02174    0.04130  89.9%  36.4 1785s
 5647132 880812     cutoff   41         0.02174    0.04128  89.8%  36.4 1790s
 5662826 882210    0.02369   40   55    0.02174    0.04126  89.8%  36.4 1795s
 5676588 883342     cutoff   37         0.02174    0.04124  89.7%  36.4 1800s
 5692570 884659     cutoff   46         0.02174    0.04122  89.6%  36.4 1805s
 5706938 885895    0.02216   39   58    0.02174    0.04120  89.5%  36.4 1810s
 5723703 887473     cutoff   45         0.02174    0.04118  89.4%  36.4 1815s
 5740365 888832    0.02457   44   59    0.02174    0.04116  89.3%  36.4 1820s
 5755742 890466     cutoff   44         0.02174    0.04114  89.2%  36.4 1825s
 5772399 892128    0.03037   36   57    0.02174    0.04111  89.1%  36.4 1830s
 5789071 893778    0.04087   41   59    0.02174    0.04109  89.0%  36.4 1835s
 5802448 894881    0.02987   34   58    0.02174    0.04107  88.9%  36.4 1840s
 5819217 896754    0.03391   43   59    0.02174    0.04105  88.8%  36.4 1845s
 5835631 898156    0.02409   42   54    0.02174    0.04103  88.7%  36.4 1850s
 5852022 899675     cutoff   44         0.02174    0.04101  88.6%  36.4 1855s
 5868663 901111    0.02423   77   14    0.02174    0.04099  88.5%  36.4 1860s
 5884094 902376    0.02534   35   55    0.02174    0.04097  88.4%  36.4 1865s
 5901266 903820    0.02893   38   58    0.02174    0.04095  88.3%  36.4 1870s
 5917336 905329     cutoff   42         0.02174    0.04093  88.2%  36.4 1875s
 5933383 906622     cutoff   42         0.02174    0.04091  88.1%  36.3 1880s
 5949880 907918 infeasible   40         0.02174    0.04089  88.0%  36.3 1885s
 5962262 908789     cutoff   42         0.02174    0.04087  88.0%  36.3 1890s
 5978840 910402    0.02820   37   53    0.02174    0.04085  87.9%  36.3 1895s
 5995900 912121     cutoff   37         0.02174    0.04083  87.8%  36.3 1900s
 6012334 913900    0.02458   41   44    0.02174    0.04081  87.7%  36.3 1905s
 6028766 915576    0.02493   37   51    0.02174    0.04079  87.6%  36.3 1910s
 6045566 916940    0.02208   43   51    0.02174    0.04077  87.5%  36.3 1915s
 6061145 918291    0.02540   41   57    0.02174    0.04075  87.4%  36.3 1920s
 6078000 919747    0.02994   44   55    0.02174    0.04073  87.3%  36.3 1925s
 6094590 921467    0.03131   37   53    0.02174    0.04071  87.2%  36.3 1930s
 6111412 922971    0.02441   36   53    0.02174    0.04069  87.1%  36.3 1935s
 6125257 923957     cutoff   33         0.02174    0.04067  87.0%  36.3 1940s
 6141499 925392    0.03498   35   52    0.02174    0.04065  86.9%  36.3 1945s
 6158237 926762     cutoff   40         0.02174    0.04063  86.8%  36.3 1950s
 6172850 928107    0.03192   45   54    0.02174    0.04061  86.8%  36.3 1955s
 6187560 929508     cutoff   33         0.02174    0.04060  86.7%  36.3 1960s
 6203984 930946    0.03095   43   60    0.02174    0.04058  86.6%  36.3 1965s
 6220786 932465    0.02986   36   55    0.02174    0.04056  86.5%  36.3 1970s
 6236981 933639     cutoff   35         0.02174    0.04054  86.4%  36.3 1975s
 6253494 934911     cutoff   51         0.02174    0.04051  86.3%  36.3 1980s
 6270285 936189    0.03168   40   53    0.02174    0.04050  86.2%  36.3 1985s
 6287262 937727     cutoff   46         0.02174    0.04048  86.1%  36.3 1990s
 6303793 938929    0.02254   39   45    0.02174    0.04045  86.0%  36.3 1995s
 6320054 940347    0.02913   42   62    0.02174    0.04044  86.0%  36.3 2000s
 6336717 941679    0.02410   45   50    0.02174    0.04042  85.9%  36.3 2005s
 6346625 942786    0.03166   35   53    0.02174    0.04041  85.8%  36.3 2010s
 6366004 943938    0.02215   45   53    0.02174    0.04038  85.7%  36.3 2015s
 6382776 945466     cutoff   43         0.02174    0.04036  85.6%  36.3 2020s
 6399412 947121    0.02710   37   50    0.02174    0.04034  85.5%  36.2 2025s
 6415690 948410    0.03663   37   58    0.02174    0.04033  85.4%  36.2 2030s
 6432426 949860    0.02459   42   52    0.02174    0.04030  85.4%  36.2 2035s
 6448957 951257     cutoff   43         0.02174    0.04029  85.3%  36.2 2040s
 6465437 952382    0.03237   34   56    0.02174    0.04026  85.2%  36.2 2045s
 6482246 953710    0.03789   36   57    0.02174    0.04025  85.1%  36.2 2050s
 6498472 955180    0.02546   38   54    0.02174    0.04023  85.0%  36.2 2055s
 6515292 956436     cutoff   43         0.02174    0.04021  84.9%  36.2 2060s
 6531163 957562    0.02503   34   54    0.02174    0.04019  84.8%  36.2 2065s
 6544288 958587    0.02950   34   57    0.02174    0.04017  84.7%  36.2 2070s
 6559125 959841    0.04006   34   59    0.02174    0.04015  84.7%  36.2 2075s
 6575517 960906     cutoff   38         0.02174    0.04013  84.6%  36.2 2080s
 6591905 962554     cutoff   40         0.02174    0.04011  84.5%  36.2 2085s
 6608622 963795     cutoff   39         0.02174    0.04009  84.4%  36.2 2090s
 6625173 964878    0.02398   38   57    0.02174    0.04007  84.3%  36.2 2095s
 6640571 965970    0.02734   39   57    0.02174    0.04005  84.2%  36.2 2100s
 6657266 967428    0.03779   36   53    0.02174    0.04004  84.1%  36.2 2105s
 6673997 968748    0.02471   41   41    0.02174    0.04002  84.0%  36.2 2110s
 6690674 970327    0.03362   41   46    0.02174    0.04000  84.0%  36.2 2115s
 6703934 971261    0.03955   37   61    0.02174    0.03998  83.9%  36.2 2120s
 6719890 972400     cutoff   46         0.02174    0.03996  83.8%  36.2 2125s
 6736145 973836     cutoff   38         0.02174    0.03994  83.7%  36.2 2130s
 6752881 974865     cutoff   43         0.02174    0.03993  83.6%  36.2 2135s
 6769534 976124    0.02265   38   48    0.02174    0.03991  83.5%  36.2 2140s
 6786066 977279    0.03359   36   59    0.02174    0.03989  83.4%  36.2 2145s
 6802646 978450    0.02872   42   57    0.02174    0.03987  83.4%  36.2 2150s
 6818847 979637    0.02470   35   47    0.02174    0.03985  83.3%  36.2 2155s
 6834690 980870    0.03167   38   41    0.02174    0.03983  83.2%  36.2 2160s
 6848068 981834     cutoff   39         0.02174    0.03982  83.1%  36.2 2165s
 6864046 982875    0.02707   44   54    0.02174    0.03980  83.0%  36.2 2170s
 6880626 984243    0.02531   38   50    0.02174    0.03978  82.9%  36.2 2175s
 6897135 985714     cutoff   40         0.02174    0.03976  82.9%  36.1 2180s
 6913547 986936    0.02988   38   57    0.02174    0.03974  82.8%  36.1 2185s
 6930121 988404    0.02205   37   53    0.02174    0.03973  82.7%  36.1 2190s
 6946949 989624    0.02541   30   58    0.02174    0.03971  82.6%  36.1 2195s
 6961587 990561    0.03225   34   55    0.02174    0.03969  82.5%  36.1 2200s
 6976963 991542    0.02538   35   59    0.02174    0.03967  82.4%  36.1 2205s
 6993674 992707    0.02910   38   54    0.02174    0.03965  82.4%  36.1 2210s
 7010395 993974     cutoff   41         0.02174    0.03964  82.3%  36.1 2215s
 7024314 994986     cutoff   40         0.02174    0.03962  82.2%  36.1 2220s
 7039748 996663     cutoff   41         0.02174    0.03960  82.1%  36.1 2225s
 7056487 997927    0.03028   34   50    0.02174    0.03958  82.0%  36.1 2230s
 7072716 999049     cutoff   41         0.02174    0.03956  81.9%  36.1 2235s
 7089274 1000315     cutoff   37         0.02174    0.03954  81.8%  36.1 2240s
 7104906 1001384    0.03806   36   65    0.02174    0.03952  81.8%  36.1 2245s
 7121686 1002661     cutoff   39         0.02174    0.03951  81.7%  36.1 2250s
 7138171 1003838    0.03916   36   62    0.02174    0.03949  81.6%  36.1 2255s
 7154281 1005094     cutoff   41         0.02174    0.03947  81.5%  36.1 2260s
 7171118 1006216    0.02217   40   59    0.02174    0.03945  81.4%  36.1 2265s
 7187806 1007394     cutoff   46         0.02174    0.03944  81.4%  36.1 2270s
 7204508 1008629    0.02290   41   55    0.02174    0.03942  81.3%  36.1 2275s
 7220593 1009978     cutoff   41         0.02174    0.03940  81.2%  36.1 2280s
 7237202 1011028    0.03938   34   65    0.02174    0.03938  81.1%  36.1 2285s
 7249493 1012119    0.02300   44   53    0.02174    0.03937  81.1%  36.1 2290s
 7266193 1013247    0.02422   40   57    0.02174    0.03935  81.0%  36.1 2295s
 7283089 1014408    0.02563   38   51    0.02174    0.03933  80.9%  36.1 2300s
 7299536 1015619 infeasible   40         0.02174    0.03932  80.8%  36.1 2305s
 7315933 1016569    0.03537   41   58    0.02174    0.03930  80.7%  36.1 2310s
 7332750 1017866     cutoff   45         0.02174    0.03928  80.6%  36.1 2315s
 7348389 1019303     cutoff   37         0.02174    0.03926  80.6%  36.1 2320s
 7363766 1020644    0.02676   40   51    0.02174    0.03925  80.5%  36.1 2325s
 7380156 1021869    0.03086   36   65    0.02174    0.03923  80.4%  36.1 2330s
 7397071 1023189    0.02652   32   60    0.02174    0.03921  80.3%  36.0 2335s
 7413320 1024710    0.02363   87   21    0.02174    0.03920  80.3%  36.0 2340s
H7418324 1024649                       0.0217517    0.03919  80.2%  36.0 2341s
 7424238 1025161     cutoff   46         0.02175    0.03919  80.2%  36.0 2345s
 7440401 1026333    0.03120   46   52    0.02175    0.03917  80.1%  36.0 2350s
 7457066 1027434     cutoff   38         0.02175    0.03916  80.0%  36.0 2355s
 7474224 1028934     cutoff   42         0.02175    0.03914  79.9%  36.0 2360s
 7490602 1029955     cutoff   38         0.02175    0.03912  79.9%  36.0 2365s
 7507307 1031026     cutoff   43         0.02175    0.03910  79.8%  36.0 2370s
 7524343 1032075    0.02357   55   48    0.02175    0.03909  79.7%  36.0 2375s
 7541184 1033403    0.02368   41   53    0.02175    0.03907  79.6%  36.0 2380s
 7557885 1034881    0.02227   43   39    0.02175    0.03905  79.5%  36.0 2385s
 7574884 1036131     cutoff   45         0.02175    0.03904  79.5%  36.0 2390s
 7591481 1037301     cutoff   36         0.02175    0.03902  79.4%  36.0 2395s
H7603501 1038086                       0.0217517    0.03901  79.3%  36.0 2398s
 7604652 1038149    0.02252   45   54    0.02175    0.03901  79.3%  36.0 2400s
 7619912 1039372     cutoff   36         0.02175    0.03899  79.3%  36.0 2405s
 7636245 1040494    0.02376   44   51    0.02175    0.03897  79.2%  36.0 2410s
 7653096 1041597    0.03431   35   58    0.02175    0.03896  79.1%  36.0 2415s
 7669996 1042707     cutoff   36         0.02175    0.03894  79.0%  36.0 2420s
 7686938 1043903    0.03853   36   58    0.02175    0.03892  78.9%  36.0 2425s
 7703527 1044889    0.03382   40   58    0.02175    0.03891  78.9%  36.0 2430s
 7719842 1045872    0.02200   45   56    0.02175    0.03889  78.8%  36.0 2435s
 7733497 1046645    0.02256   46   56    0.02175    0.03888  78.7%  36.0 2440s
 7750103 1047953     cutoff   36         0.02175    0.03886  78.7%  36.0 2445s
 7766798 1049112    0.02585   41   54    0.02175    0.03884  78.6%  36.0 2450s
 7781109 1050113    0.02578   44   54    0.02175    0.03883  78.5%  36.0 2455s
 7797871 1051386     cutoff   37         0.02175    0.03881  78.4%  36.0 2460s
 7814968 1052626    0.02306   39   53    0.02175    0.03880  78.4%  36.0 2465s
 7831135 1053593    0.03369   43   54    0.02175    0.03878  78.3%  35.9 2470s
 7848518 1054828     cutoff   42         0.02175    0.03876  78.2%  35.9 2475s
 7865071 1055909    0.02561   34   55    0.02175    0.03875  78.1%  35.9 2480s
 7881441 1056992     cutoff   41         0.02175    0.03873  78.1%  35.9 2485s
 7898182 1058204     cutoff   40         0.02175    0.03871  78.0%  35.9 2490s
 7914815 1059194    0.03004   37   53    0.02175    0.03869  77.9%  35.9 2495s
 7928435 1060252     cutoff   43         0.02175    0.03868  77.8%  35.9 2500s
 7945404 1061429    0.03840   31   61    0.02175    0.03866  77.8%  35.9 2505s
H7958064 1015365                       0.0226491    0.03865  70.6%  35.9 2508s
H7958151 1015374                       0.0226491    0.03865  70.6%  35.9 2509s
H7958526 1015386                       0.0226492    0.03865  70.6%  35.9 2509s
H7958618 1015386                       0.0226492    0.03865  70.6%  35.9 2509s
 7959805 1015417    0.03699   38   52    0.02265    0.03865  70.6%  35.9 2510s
 7975979 1016118     cutoff   41         0.02265    0.03863  70.6%  35.9 2515s
 7992595 1016890    0.02382   50   49    0.02265    0.03861  70.5%  35.9 2520s
 8009650 1017553     cutoff   43         0.02265    0.03859  70.4%  35.9 2525s
 8026282 1018260    0.03767   32   55    0.02265    0.03857  70.3%  35.9 2530s
 8043755 1019187    0.02398   45   52    0.02265    0.03855  70.2%  35.9 2535s
 8059977 1019773    0.02633   40   48    0.02265    0.03854  70.1%  35.9 2540s
 8076877 1020449     cutoff   37         0.02265    0.03852  70.1%  35.9 2545s
 8090244 1021044    0.02498   45   50    0.02265    0.03850  70.0%  35.9 2550s
 8105644 1021580    0.03103   34   49    0.02265    0.03848  69.9%  35.9 2555s
 8122701 1022174 infeasible   39         0.02265    0.03847  69.8%  35.9 2560s
 8139056 1022951    0.02466   39   54    0.02265    0.03845  69.8%  35.9 2565s
 8155826 1023708    0.02544   38   53    0.02265    0.03843  69.7%  35.9 2570s
 8173097 1024428    0.02366   39   52    0.02265    0.03841  69.6%  35.9 2575s
 8189841 1025058    0.03188   40   55    0.02265    0.03840  69.5%  35.9 2580s
 8204263 1026041     cutoff   42         0.02265    0.03838  69.5%  35.9 2585s
 8221154 1026844    0.03119   31   57    0.02265    0.03836  69.4%  35.8 2590s
 8238278 1027743 infeasible   40         0.02265    0.03835  69.3%  35.8 2595s
 8255223 1028608     cutoff   38         0.02265    0.03833  69.2%  35.8 2600s
 8271842 1029338    0.03121   36   59    0.02265    0.03831  69.2%  35.8 2605s
 8288946 1030203     cutoff   40         0.02265    0.03829  69.1%  35.8 2610s
 8305602 1031648     cutoff   44         0.02265    0.03828  69.0%  35.8 2615s
 8318360 1032293     cutoff   43         0.02265    0.03826  68.9%  35.8 2620s
 8335468 1033024    0.02687   40   58    0.02265    0.03825  68.9%  35.8 2625s
 8350871 1033669    0.02952   38   63    0.02265    0.03823  68.8%  35.8 2630s
 8367276 1034163    0.03190   38   55    0.02265    0.03821  68.7%  35.8 2635s
 8383722 1034711    0.03815   35   60    0.02265    0.03819  68.6%  35.8 2640s
 8400868 1035456    0.03594   34   59    0.02265    0.03818  68.5%  35.8 2645s
 8417162 1036128    0.03040   35   55    0.02265    0.03816  68.5%  35.8 2650s
 8434008 1036923     cutoff   38         0.02265    0.03814  68.4%  35.8 2655s
 8450664 1037489    0.02633   35   60    0.02265    0.03812  68.3%  35.8 2660s
 8467468 1038207    0.03172   41   61    0.02265    0.03811  68.2%  35.8 2665s
 8484383 1039035     cutoff   38         0.02265    0.03809  68.2%  35.8 2670s
 8500391 1039820     cutoff   39         0.02265    0.03808  68.1%  35.8 2675s
 8514100 1040378    0.02826   40   60    0.02265    0.03806  68.1%  35.8 2680s
 8531061 1041291     cutoff   40         0.02265    0.03805  68.0%  35.8 2685s
 8547572 1041870    0.02357   37   58    0.02265    0.03803  67.9%  35.8 2690s
 8563614 1042441    0.03238   35   60    0.02265    0.03802  67.8%  35.8 2695s
 8580149 1043476     cutoff   37         0.02265    0.03800  67.8%  35.8 2700s
 8597047 1044168    0.02592   36   40    0.02265    0.03798  67.7%  35.8 2705s
 8612972 1044935    0.02364   78   23    0.02265    0.03797  67.6%  35.8 2710s
 8628603 1045535     cutoff   34         0.02265    0.03795  67.6%  35.8 2715s
 8643423 1046270     cutoff   45         0.02265    0.03794  67.5%  35.8 2720s
 8656538 1046816     cutoff   36         0.02265    0.03793  67.5%  35.8 2725s
 8672936 1047463     cutoff   44         0.02265    0.03791  67.4%  35.8 2730s
 8689514 1048362    0.02663   35   50    0.02265    0.03790  67.3%  35.8 2735s
 8706738 1049237    0.02370   36   52    0.02265    0.03788  67.3%  35.7 2740s
 8723296 1049837     cutoff   40         0.02265    0.03787  67.2%  35.7 2745s
 8739827 1050405    0.02608   39   51    0.02265    0.03785  67.1%  35.7 2750s
 8756564 1050937     cutoff   40         0.02265    0.03783  67.0%  35.7 2755s
 8773137 1051543    0.02301   42   55    0.02265    0.03782  67.0%  35.7 2760s
 8789172 1052209    0.03185   41   53    0.02265    0.03780  66.9%  35.7 2765s
 8806077 1052892     cutoff   33         0.02265    0.03778  66.8%  35.7 2770s
 8819328 1053552    0.02514   40   55    0.02265    0.03777  66.8%  35.7 2775s
 8836193 1054252    0.02480   41   57    0.02265    0.03775  66.7%  35.7 2780s
 8852635 1054779     cutoff   38         0.02265    0.03774  66.6%  35.7 2785s
 8869672 1055286    0.02693   42   63    0.02265    0.03772  66.5%  35.7 2790s
 8886834 1055936     cutoff   37         0.02265    0.03770  66.5%  35.7 2795s
 8903027 1056435    0.03638   33   46    0.02265    0.03769  66.4%  35.7 2800s
 8919227 1057286     cutoff   44         0.02265    0.03767  66.3%  35.7 2805s
 8936072 1057811 infeasible   41         0.02265    0.03765  66.3%  35.7 2810s
 8952180 1058342 infeasible   42         0.02265    0.03764  66.2%  35.7 2815s
 8968404 1058840     cutoff   36         0.02265    0.03762  66.1%  35.7 2820s
 8985000 1059732     cutoff   33         0.02265    0.03761  66.0%  35.7 2825s
 9001531 1060679    0.02761   39   51    0.02265    0.03759  66.0%  35.7 2830s
 9017859 1061271    0.03552   34   59    0.02265    0.03758  65.9%  35.7 2835s
 9030559 1061761    0.02855   35   56    0.02265    0.03756  65.9%  35.7 2840s
 9046528 1062395    0.02823   38   51    0.02265    0.03755  65.8%  35.7 2845s
 9059950 1063081     cutoff   44         0.02265    0.03754  65.7%  35.7 2850s
 9075808 1063626    0.02371   40   42    0.02265    0.03752  65.7%  35.7 2855s
 9091890 1064221    0.02929   37   57    0.02265    0.03751  65.6%  35.7 2860s
 9107373 1064921    0.02269   42   53    0.02265    0.03749  65.5%  35.6 2865s
 9122926 1065444    0.02778   41   55    0.02265    0.03748  65.5%  35.6 2870s
 9138915 1066208    0.03080   35   50    0.02265    0.03746  65.4%  35.6 2875s
 9154635 1066488    0.03705   35   56    0.02265    0.03745  65.3%  35.6 2880s
 9170410 1067021    0.02318   43   56    0.02265    0.03743  65.3%  35.6 2885s
 9186412 1067819    0.02798   45   55    0.02265    0.03742  65.2%  35.6 2890s
 9202351 1068260    0.02472   41   52    0.02265    0.03740  65.1%  35.6 2895s
 9214118 1068701     cutoff   38         0.02265    0.03739  65.1%  35.6 2900s
 9229456 1069515    0.02819   41   50    0.02265    0.03738  65.0%  35.6 2905s
 9244570 1070215    0.02312   41   56    0.02265    0.03736  65.0%  35.6 2910s
 9260136 1070742     cutoff   40         0.02265    0.03735  64.9%  35.6 2915s
 9274829 1071312    0.02624   37   58    0.02265    0.03733  64.8%  35.6 2920s
 9291232 1071998     cutoff   41         0.02265    0.03732  64.8%  35.6 2925s
 9307105 1072810     cutoff   41         0.02265    0.03730  64.7%  35.6 2930s
 9322480 1073329    0.02652   42   51    0.02265    0.03729  64.6%  35.6 2935s
 9338513 1073773     cutoff   40         0.02265    0.03727  64.6%  35.6 2940s
 9353776 1074023    0.03100   39   46    0.02265    0.03726  64.5%  35.6 2945s
 9369826 1074747    0.03021   40   54    0.02265    0.03724  64.4%  35.6 2950s
 9385363 1075093    0.03538   36   57    0.02265    0.03723  64.4%  35.6 2955s
 9401459 1075562     cutoff   35         0.02265    0.03721  64.3%  35.6 2960s
 9414432 1076082     cutoff   32         0.02265    0.03720  64.2%  35.6 2965s
 9429455 1076719    0.02904   35   50    0.02265    0.03719  64.2%  35.6 2970s
 9445353 1077111     cutoff   39         0.02265    0.03717  64.1%  35.6 2975s
 9461213 1077745     cutoff   35         0.02265    0.03716  64.1%  35.6 2980s
 9476755 1078208    0.02317   38   55    0.02265    0.03714  64.0%  35.6 2985s
 9490759 1078598     cutoff   40         0.02265    0.03713  63.9%  35.6 2990s
 9506086 1079176    0.03150   36   57    0.02265    0.03711  63.9%  35.5 2995s
 9522333 1079615    0.02325   40   55    0.02265    0.03710  63.8%  35.5 3000s
 9538003 1080139    0.02933   41   54    0.02265    0.03709  63.7%  35.5 3005s
 9553562 1081084    0.02508   45   56    0.02265    0.03707  63.7%  35.5 3010s
 9568828 1081764     cutoff   39         0.02265    0.03706  63.6%  35.5 3015s
 9584410 1082240     cutoff   44         0.02265    0.03704  63.5%  35.5 3020s
 9597582 1083481     cutoff   45         0.02265    0.03703  63.5%  35.5 3025s
 9613075 1084090    0.02597   40   54    0.02265    0.03702  63.4%  35.5 3030s
 9628526 1084539     cutoff   40         0.02265    0.03700  63.4%  35.5 3035s
 9644315 1085031    0.02855   40   55    0.02265    0.03699  63.3%  35.5 3040s
 9659948 1085541    0.02422   40   56    0.02265    0.03697  63.3%  35.5 3045s
 9675359 1086027    0.02341   36   53    0.02265    0.03696  63.2%  35.5 3050s
 9690885 1086644    0.03389   39   59    0.02265    0.03695  63.1%  35.5 3055s
 9705580 1087207    0.02619   40   53    0.02265    0.03693  63.1%  35.5 3060s
 9720896 1087604    0.02384   39   54    0.02265    0.03692  63.0%  35.5 3065s
 9735886 1088286     cutoff   49         0.02265    0.03691  63.0%  35.5 3070s
 9752039 1088860     cutoff   43         0.02265    0.03689  62.9%  35.5 3075s
 9765713 1089361    0.02501   41   42    0.02265    0.03688  62.8%  35.5 3080s
 9780968 1089966     cutoff   34         0.02265    0.03687  62.8%  35.5 3085s
 9798556 1090586     cutoff   41         0.02265    0.03685  62.7%  35.5 3090s
 9815147 1091319     cutoff   43         0.02265    0.03684  62.6%  35.5 3095s
 9832209 1091813    0.02528   37   52    0.02265    0.03682  62.6%  35.5 3100s
 9849438 1092302    0.02784   35   52    0.02265    0.03681  62.5%  35.5 3105s
 9866617 1092589    0.02611   37   59    0.02265    0.03679  62.4%  35.4 3110s
 9883186 1093039    0.02418   42   50    0.02265    0.03677  62.4%  35.4 3115s
 9900462 1093584     cutoff   40         0.02265    0.03676  62.3%  35.4 3120s
 9917901 1093955     cutoff   39         0.02265    0.03674  62.2%  35.4 3125s
 9932829 1094531     cutoff   38         0.02265    0.03673  62.2%  35.4 3130s
 9945811 1095025    0.02316   41   56    0.02265    0.03672  62.1%  35.4 3135s
 9962666 1095915     cutoff   35         0.02265    0.03670  62.0%  35.4 3140s
 9979501 1096330    0.02620   41   51    0.02265    0.03669  62.0%  35.4 3145s
 9996204 1096814    0.02386   34   54    0.02265    0.03667  61.9%  35.4 3150s
 10012984 1097346     cutoff   41         0.02265    0.03666  61.9%  35.4 3155s
 10030828 1099305    0.02461   32   55    0.02265    0.03664  61.8%  35.4 3160s
 10047973 1099796    0.03192   35   62    0.02265    0.03663  61.7%  35.4 3165s
 10065251 1100566    0.02843   33   52    0.02265    0.03661  61.7%  35.4 3170s
 10082074 1101136     cutoff   39         0.02265    0.03660  61.6%  35.4 3175s
 10099303 1101890    0.02776   49   53    0.02265    0.03659  61.5%  35.4 3180s
 10116309 1102295    0.03494   38   46    0.02265    0.03657  61.5%  35.4 3185s
 10133363 1102710    0.02353   38   56    0.02265    0.03656  61.4%  35.4 3190s
 10150809 1103169     cutoff   39         0.02265    0.03654  61.3%  35.4 3195s
 10164986 1103638    0.02898   42   56    0.02265    0.03653  61.3%  35.4 3200s
 10181536 1103966    0.03110   39   54    0.02265    0.03652  61.2%  35.4 3205s
 10198810 1104667    0.02689   40   53    0.02265    0.03650  61.2%  35.4 3210s
 10216280 1104965    0.02491   37   56    0.02265    0.03649  61.1%  35.3 3215s
 10232192 1105558     cutoff   36         0.02265    0.03647  61.0%  35.3 3220s
 10249336 1106209    0.02460   37   56    0.02265    0.03646  61.0%  35.3 3225s
 10266765 1106660    0.03090   34   60    0.02265    0.03644  60.9%  35.3 3230s
 10284266 1107259    0.02559   44   51    0.02265    0.03643  60.8%  35.3 3235s
 10301518 1107695    0.02487   33   52    0.02265    0.03641  60.8%  35.3 3240s
 10314136 1107997    0.02375   42   61    0.02265    0.03640  60.7%  35.3 3245s
 10331853 1108575     cutoff   31         0.02265    0.03639  60.7%  35.3 3250s
 10347030 1109169     cutoff   41         0.02265    0.03637  60.6%  35.3 3255s
 10364305 1110123    0.03116   37   53    0.02265    0.03636  60.5%  35.3 3260s
 10381190 1110404    0.03240   46   60    0.02265    0.03634  60.5%  35.3 3265s
 10398627 1110676     cutoff   41         0.02265    0.03633  60.4%  35.3 3270s
 10415690 1111163     cutoff   42         0.02265    0.03631  60.3%  35.3 3275s
 10432772 1111901    0.03628   35   57    0.02265    0.03630  60.3%  35.3 3280s
 10449847 1112344     cutoff   41         0.02265    0.03628  60.2%  35.3 3285s
 10466523 1112934    0.02974   30   61    0.02265    0.03627  60.1%  35.3 3290s
 10483074 1113078    0.02594   35   57    0.02265    0.03625  60.1%  35.3 3295s
 10499700 1113431    0.02757   39   60    0.02265    0.03624  60.0%  35.3 3300s
 10516343 1113855    0.02497   42   59    0.02265    0.03622  59.9%  35.3 3305s
 10529329 1114131     cutoff   38         0.02265    0.03621  59.9%  35.3 3310s
 10546276 1114597    0.03263   39   57    0.02265    0.03620  59.8%  35.3 3315s
 10563007 1114930    0.02282   40   53    0.02265    0.03618  59.7%  35.3 3320s
 10579850 1115192     cutoff   33         0.02265    0.03617  59.7%  35.3 3325s
 10596968 1115724    0.03615   37   57    0.02265    0.03615  59.6%  35.3 3330s
 10613576 1116129    0.02495   36   54    0.02265    0.03614  59.5%  35.3 3335s
 10630703 1116455    0.02754   39   50    0.02265    0.03612  59.5%  35.3 3340s
 10646735 1116743    0.02558   32   67    0.02265    0.03611  59.4%  35.3 3345s
 10663346 1117279     cutoff   44         0.02265    0.03609  59.4%  35.3 3350s
 10680710 1117594     cutoff   45         0.02265    0.03608  59.3%  35.2 3355s
 10697802 1117970     cutoff   32         0.02265    0.03606  59.2%  35.2 3360s
 10714131 1118397    0.02513   41   53    0.02265    0.03605  59.2%  35.2 3365s
 10731328 1118876    0.02266   39   60    0.02265    0.03604  59.1%  35.2 3370s
 10744391 1119210    0.02817   46   55    0.02265    0.03602  59.1%  35.2 3375s
 10761319 1119730    0.02323   36   54    0.02265    0.03601  59.0%  35.2 3380s
 10776429 1120190    0.02690   41   42    0.02265    0.03600  58.9%  35.2 3385s
 10793242 1120360    0.03341   42   61    0.02265    0.03598  58.9%  35.2 3390s
 10809936 1120797    0.03510   43   57    0.02265    0.03597  58.8%  35.2 3395s
 10827277 1121129    0.02981   36   44    0.02265    0.03595  58.7%  35.2 3400s
 10844390 1121406    0.03261   37   50    0.02265    0.03594  58.7%  35.2 3405s
 10861495 1121739    0.02602   40   56    0.02265    0.03592  58.6%  35.2 3410s
 10878083 1122092     cutoff   37         0.02265    0.03591  58.5%  35.2 3415s
 10895342 1122565     cutoff   43         0.02265    0.03589  58.5%  35.2 3420s
 10911797 1122959    0.02524   36   51    0.02265    0.03588  58.4%  35.2 3425s
 10929100 1123241    0.02828   36   45    0.02265    0.03587  58.4%  35.2 3430s
 10942365 1123560    0.02870   33   60    0.02265    0.03586  58.3%  35.2 3435s
 10959454 1123910    0.02486   43   50    0.02265    0.03584  58.2%  35.2 3440s
 10976211 1124141     cutoff   35         0.02265    0.03583  58.2%  35.2 3445s
 10993341 1124536     cutoff   42         0.02265    0.03581  58.1%  35.2 3450s
 11010256 1124713    0.02521   36   53    0.02265    0.03580  58.0%  35.2 3455s
 11027497 1125020     cutoff   45         0.02265    0.03578  58.0%  35.2 3460s
 11044533 1125306    0.02780   30   54    0.02265    0.03577  57.9%  35.2 3465s
 11061375 1125664     cutoff   38         0.02265    0.03575  57.9%  35.2 3470s
 11077974 1126013    0.02487   30   50    0.02265    0.03574  57.8%  35.2 3475s
 11095281 1126364    0.02950   38   52    0.02265    0.03572  57.7%  35.2 3480s
 11112346 1126757     cutoff   43         0.02265    0.03571  57.7%  35.2 3485s
 11125603 1126746    0.02993   34   62    0.02265    0.03570  57.6%  35.2 3491s
 11141772 1126958    0.02371   38   50    0.02265    0.03569  57.6%  35.2 3495s
 11158948 1127432    0.02709   42   55    0.02265    0.03567  57.5%  35.2 3500s
 11175728 1127942    0.02647   33   65    0.02265    0.03565  57.4%  35.2 3505s
 11192599 1128237     cutoff   38         0.02265    0.03564  57.4%  35.2 3510s
 11207675 1128395    0.02902   39   53    0.02265    0.03563  57.3%  35.2 3515s
 11225039 1128654     cutoff   36         0.02265    0.03561  57.2%  35.2 3520s
 11241763 1129139    0.02632   39   57    0.02265    0.03560  57.2%  35.2 3525s
 11258753 1129461     cutoff   43         0.02265    0.03558  57.1%  35.1 3530s
 11275628 1129881     cutoff   36         0.02265    0.03557  57.1%  35.1 3535s
 11291754 1130211     cutoff   45         0.02265    0.03556  57.0%  35.1 3540s
 11308268 1130442     cutoff   30         0.02265    0.03554  56.9%  35.1 3545s
 11324983 1130791     cutoff   38         0.02265    0.03553  56.9%  35.1 3550s
 11339032 1131265 infeasible   31         0.02265    0.03552  56.8%  35.1 3555s
 11355820 1131605    0.02336   46   38    0.02265    0.03550  56.8%  35.1 3560s
 11372575 1132060    0.02271   48   50    0.02265    0.03549  56.7%  35.1 3565s
 11389521 1132752    0.03069   41   54    0.02265    0.03548  56.6%  35.1 3570s
 11406444 1133362 infeasible   46         0.02265    0.03546  56.6%  35.1 3575s
 11423908 1133727    0.02434   40   38    0.02265    0.03545  56.5%  35.1 3580s
 11440615 1134187    0.02564   49   19    0.02265    0.03543  56.4%  35.1 3585s
 11457397 1134409    0.02762   42   56    0.02265    0.03542  56.4%  35.1 3590s
 11474565 1134955    0.02731   40   57    0.02265    0.03541  56.3%  35.1 3595s
 11490202 1135215    0.02645   39   55    0.02265    0.03539  56.3%  35.1 3600s
 11503858 1135391    0.03367   36   58    0.02265    0.03538  56.2%  35.1 3605s
 11520958 1135729    0.02895   38   55    0.02265    0.03537  56.2%  35.1 3610s
 11537758 1136076    0.02434   43   45    0.02265    0.03535  56.1%  35.1 3615s
 11555004 1136870     cutoff   44         0.02265    0.03534  56.0%  35.1 3620s
 11572067 1137108    0.03218   37   47    0.02265    0.03533  56.0%  35.1 3625s
 11588835 1137373     cutoff   41         0.02265    0.03531  55.9%  35.1 3630s
 11605645 1137614     cutoff   44         0.02265    0.03530  55.8%  35.1 3635s
 11622523 1137809     cutoff   45         0.02265    0.03528  55.8%  35.1 3640s
 11639764 1137765     cutoff   38         0.02265    0.03527  55.7%  35.1 3645s
 11654512 1137972    0.02575   39   42    0.02265    0.03526  55.7%  35.1 3650s
 11670654 1138120    0.02276   41   55    0.02265    0.03524  55.6%  35.1 3655s
 11684389 1138354    0.02833   38   50    0.02265    0.03523  55.6%  35.1 3660s
 11701005 1138617    0.02497   41   51    0.02265    0.03522  55.5%  35.1 3665s
 11718380 1138757    0.02908   34   48    0.02265    0.03520  55.4%  35.1 3670s
 11734719 1138859    0.02632   40   52    0.02265    0.03519  55.4%  35.1 3675s
 11751874 1139345    0.03514   41   60    0.02265    0.03518  55.3%  35.1 3680s
 11768498 1139661     cutoff   42         0.02265    0.03516  55.2%  35.1 3685s
 11785455 1139919 infeasible   39         0.02265    0.03515  55.2%  35.1 3690s
 11801725 1140200 infeasible   38         0.02265    0.03514  55.1%  35.0 3695s
 11818877 1140582    0.03156   39   59    0.02265    0.03512  55.1%  35.0 3700s
 11836136 1140846    0.02996   33   60    0.02265    0.03511  55.0%  35.0 3705s
 11849788 1141119    0.03206   37   56    0.02265    0.03510  55.0%  35.0 3710s
 11866899 1141334    0.02696   36   55    0.02265    0.03508  54.9%  35.0 3715s
 11883923 1141638    0.02917   39   51    0.02265    0.03507  54.8%  35.0 3720s
 11900883 1141811 infeasible   34         0.02265    0.03506  54.8%  35.0 3725s
 11918095 1141963 infeasible   36         0.02265    0.03504  54.7%  35.0 3730s
 11935281 1142309    0.02424   39   60    0.02265    0.03503  54.7%  35.0 3735s
 11952329 1142568    0.03111   48   58    0.02265    0.03501  54.6%  35.0 3740s
 11968623 1142708    0.02269   36   52    0.02265    0.03500  54.5%  35.0 3745s
 11985603 1142872     cutoff   43         0.02265    0.03499  54.5%  35.0 3750s
 12002614 1143113     cutoff   43         0.02265    0.03497  54.4%  35.0 3755s
 12019305 1143272     cutoff   43         0.02265    0.03496  54.3%  35.0 3760s
 12033186 1143381     cutoff   44         0.02265    0.03495  54.3%  35.0 3765s
 12049821 1143578     cutoff   42         0.02265    0.03493  54.2%  35.0 3770s
 12067303 1144244     cutoff   38         0.02265    0.03492  54.2%  35.0 3775s
 12083971 1144559    0.03491   39   56    0.02265    0.03491  54.1%  35.0 3780s
 12099001 1145155    0.03353   35   53    0.02265    0.03490  54.1%  35.0 3785s
 12116273 1145457     cutoff   41         0.02265    0.03488  54.0%  35.0 3790s
 12133545 1145520    0.02328   43   40    0.02265    0.03487  54.0%  35.0 3795s
 12150752 1145676     cutoff   40         0.02265    0.03486  53.9%  35.0 3800s
 12167492 1145827     cutoff   38         0.02265    0.03484  53.8%  35.0 3805s
 12180962 1145922     cutoff   36         0.02265    0.03483  53.8%  35.0 3810s
 12197938 1146082     cutoff   45         0.02265    0.03482  53.7%  35.0 3815s
 12215051 1146409     cutoff   42         0.02265    0.03480  53.7%  35.0 3820s
 12232314 1146638    0.02900   37   50    0.02265    0.03479  53.6%  35.0 3825s
 12248982 1146657    0.02577   34   45    0.02265    0.03478  53.5%  35.0 3830s
 12266256 1147272    0.02994   37   56    0.02265    0.03476  53.5%  35.0 3835s
 12282292 1147496    0.03308   45   58    0.02265    0.03475  53.4%  35.0 3840s
 12299401 1147704     cutoff   40         0.02265    0.03474  53.4%  35.0 3845s
 12316820 1147938     cutoff   33         0.02265    0.03472  53.3%  35.0 3850s
 12333788 1148119    0.02336   42   50    0.02265    0.03471  53.2%  35.0 3855s
 12350359 1148382     cutoff   38         0.02265    0.03470  53.2%  34.9 3860s
 12368159 1148535     cutoff   48         0.02265    0.03468  53.1%  34.9 3865s
 12380888 1148550     cutoff   43         0.02265    0.03467  53.1%  34.9 3870s
 12398105 1148765    0.02448   34   45    0.02265    0.03466  53.0%  34.9 3875s
 12415618 1149298     cutoff   40         0.02265    0.03464  53.0%  34.9 3880s
 12432717 1149323     cutoff   41         0.02265    0.03463  52.9%  34.9 3885s
 12449463 1149353    0.03192   38   50    0.02265    0.03461  52.8%  34.9 3890s
 12466721 1149578     cutoff   36         0.02265    0.03460  52.8%  34.9 3895s
 12483946 1149725     cutoff   33         0.02265    0.03459  52.7%  34.9 3900s
 12501137 1149924     cutoff   41         0.02265    0.03457  52.7%  34.9 3905s
 12517812 1150106    0.03010   38   57    0.02265    0.03456  52.6%  34.9 3910s
 12533071 1150212    0.02867   40   53    0.02265    0.03455  52.5%  34.9 3915s
 12549929 1150639     cutoff   43         0.02265    0.03454  52.5%  34.9 3920s
 12561635 1150625     cutoff   44         0.02265    0.03453  52.4%  34.9 3925s
 12579050 1150840    0.03094   39   52    0.02265    0.03451  52.4%  34.9 3930s
 12595261 1150975 infeasible   44         0.02265    0.03450  52.3%  34.9 3935s
 12611826 1151011    0.02272   46   47    0.02265    0.03449  52.3%  34.9 3940s
 12628979 1150923    0.02426   41   50    0.02265    0.03447  52.2%  34.9 3945s
 12646013 1151085     cutoff   43         0.02265    0.03446  52.1%  34.9 3950s
 12663452 1151084     cutoff   47         0.02265    0.03445  52.1%  34.9 3955s
 12680525 1151072    0.02595   41   53    0.02265    0.03443  52.0%  34.9 3960s
 12697388 1151229    0.02521   36   52    0.02265    0.03442  52.0%  34.9 3965s
 12714457 1151252    0.02519   37   53    0.02265    0.03441  51.9%  34.9 3970s
 12730980 1151278     cutoff   43         0.02265    0.03439  51.8%  34.9 3975s
 12748396 1151351    0.02635   39   55    0.02265    0.03438  51.8%  34.9 3980s
 12765606 1151493    0.02703   36   54    0.02265    0.03436  51.7%  34.9 3985s
 12779524 1151759 infeasible   43         0.02265    0.03435  51.7%  34.9 3990s
 12796648 1152057    0.03429   37   60    0.02265    0.03434  51.6%  34.9 3995s
 12813926 1152036    0.02597   35   63    0.02265    0.03433  51.6%  34.9 4000s
 12831223 1152159    0.02457   47   46    0.02265    0.03431  51.5%  34.9 4005s
 12848183 1152381     cutoff   40         0.02265    0.03430  51.4%  34.8 4010s
 12864635 1152304     cutoff   41         0.02265    0.03429  51.4%  34.8 4015s
 12881432 1152152     cutoff   45         0.02265    0.03427  51.3%  34.8 4020s
 12898595 1152211     cutoff   41         0.02265    0.03426  51.3%  34.8 4025s
 12916103 1152243    0.02936   38   53    0.02265    0.03425  51.2%  34.8 4030s
 12929000 1152208    0.02654   42   54    0.02265    0.03424  51.2%  34.8 4035s
 12945631 1152322    0.02300   45   31    0.02265    0.03422  51.1%  34.8 4040s
 12962117 1152489     cutoff   37         0.02265    0.03421  51.1%  34.8 4045s
 12977452 1152607     cutoff   40         0.02265    0.03420  51.0%  34.8 4050s
 12994305 1152921    0.02521   40   52    0.02265    0.03419  50.9%  34.8 4055s
 13011516 1153236     cutoff   42         0.02265    0.03418  50.9%  34.8 4060s
 13028253 1153409     cutoff   43         0.02265    0.03416  50.8%  34.8 4065s
 13045841 1153378     cutoff   47         0.02265    0.03415  50.8%  34.8 4070s
 13062687 1153294    0.02603   37   50    0.02265    0.03413  50.7%  34.8 4075s
 13079770 1153381    0.03375   35   52    0.02265    0.03412  50.7%  34.8 4080s
 13096180 1153200    0.02886   31   64    0.02265    0.03411  50.6%  34.8 4085s
 13113626 1153218    0.03265   38   54    0.02265    0.03409  50.5%  34.8 4090s
 13127130 1153283    0.02529   36   56    0.02265    0.03408  50.5%  34.8 4095s
 13143686 1153270     cutoff   40         0.02265    0.03407  50.4%  34.8 4100s
 13160704 1153515 infeasible   43         0.02265    0.03406  50.4%  34.8 4105s
 13177786 1153564    0.02641   34   54    0.02265    0.03404  50.3%  34.8 4110s
 13194831 1153446     cutoff   34         0.02265    0.03403  50.2%  34.8 4115s
 13212313 1153463    0.02563   40   58    0.02265    0.03402  50.2%  34.8 4120s
 13229551 1153392    0.02507   43   47    0.02265    0.03400  50.1%  34.8 4125s
 13247269 1153444    0.02288   46   57    0.02265    0.03399  50.1%  34.8 4130s
 13263697 1153409     cutoff   41         0.02265    0.03398  50.0%  34.8 4135s
 13280538 1153347    0.02382   43   50    0.02265    0.03396  49.9%  34.8 4140s
 13297592 1153490    0.02319   45   58    0.02265    0.03395  49.9%  34.8 4145s
 13314714 1153453    0.02858   44   60    0.02265    0.03394  49.8%  34.8 4150s
 13328553 1153431    0.03016   43   65    0.02265    0.03392  49.8%  34.7 4155s
 13346017 1153399    0.02950   41   56    0.02265    0.03391  49.7%  34.7 4160s
 13362829 1153351    0.03306   36   45    0.02265    0.03390  49.7%  34.7 4165s
 13380388 1153443    0.02662   41   59    0.02265    0.03388  49.6%  34.7 4170s
 13397507 1153462    0.03010   39   55    0.02265    0.03387  49.5%  34.7 4175s
 13413896 1153719     cutoff   37         0.02265    0.03386  49.5%  34.7 4180s
 13429891 1153778     cutoff   43         0.02265    0.03384  49.4%  34.7 4185s
 13447339 1153719    0.02304   43   61    0.02265    0.03383  49.4%  34.7 4190s
 13464598 1153591     cutoff   43         0.02265    0.03382  49.3%  34.7 4195s
 13478298 1153599    0.03379   35   65    0.02265    0.03381  49.3%  34.7 4200s
 13495333 1153421    0.02891   38   59    0.02265    0.03379  49.2%  34.7 4205s
 13512673 1153185     cutoff   30         0.02265    0.03378  49.1%  34.7 4210s
 13530374 1153236     cutoff   39         0.02265    0.03376  49.1%  34.7 4215s
 13547758 1153218     cutoff   43         0.02265    0.03375  49.0%  34.7 4220s
 13564863 1153215    0.02440   43   54    0.02265    0.03374  49.0%  34.7 4225s
 13581549 1153210    0.03099   38   54    0.02265    0.03372  48.9%  34.7 4230s
 13599257 1153357    0.02586   42   54    0.02265    0.03371  48.8%  34.7 4235s
 13616531 1153305    0.02694   33   50    0.02265    0.03369  48.8%  34.7 4240s
 13633922 1153394     cutoff   40         0.02265    0.03368  48.7%  34.7 4245s
 13650875 1153381    0.03127   38   61    0.02265    0.03367  48.7%  34.7 4250s
 13664541 1153250     cutoff   40         0.02265    0.03366  48.6%  34.7 4255s
 13681870 1153423    0.03160   40   59    0.02265    0.03365  48.5%  34.7 4260s
 13699579 1153440     cutoff   47         0.02265    0.03363  48.5%  34.7 4265s
 13716908 1153588    0.02816   36   59    0.02265    0.03362  48.4%  34.7 4270s
 13734369 1153656    0.02857   37   60    0.02265    0.03361  48.4%  34.7 4275s
 13751891 1153722     cutoff   44         0.02265    0.03359  48.3%  34.7 4280s
 13768579 1153624     cutoff   38         0.02265    0.03358  48.3%  34.6 4285s
 13786300 1153582     cutoff   41         0.02265    0.03357  48.2%  34.6 4290s
 13803454 1153808     cutoff   41         0.02265    0.03355  48.1%  34.6 4295s
 13821132 1153562     cutoff   42         0.02265    0.03354  48.1%  34.6 4300s
 13838664 1153577    0.02843   41   51    0.02265    0.03353  48.0%  34.6 4305s
 13853038 1153605    0.02365   43   50    0.02265    0.03352  48.0%  34.6 4310s
 13869511 1153866     cutoff   36         0.02265    0.03350  47.9%  34.6 4315s
 13886386 1153785     cutoff   42         0.02265    0.03349  47.9%  34.6 4320s
 13903802 1153792    0.02375   42   53    0.02265    0.03348  47.8%  34.6 4325s
 13920707 1153597    0.03151   40   49    0.02265    0.03346  47.7%  34.6 4330s
 13938023 1153740    0.02673   38   37    0.02265    0.03345  47.7%  34.6 4335s
 13955691 1153727    0.02664   31   59    0.02265    0.03344  47.6%  34.6 4340s
 13973176 1153681    0.02682   41   64    0.02265    0.03342  47.6%  34.6 4345s
 13987842 1153705    0.02803   37   60    0.02265    0.03341  47.5%  34.6 4350s
 14003059 1153796    0.02908   37   55    0.02265    0.03340  47.5%  34.6 4355s
 14020480 1153931    0.02883   43   54    0.02265    0.03339  47.4%  34.6 4360s
 14037823 1154079     cutoff   44         0.02265    0.03337  47.4%  34.6 4365s
 14055566 1153906     cutoff   43         0.02265    0.03336  47.3%  34.6 4370s
 14072157 1153699    0.02835   37   47    0.02265    0.03335  47.2%  34.6 4375s
 14089569 1153703     cutoff   42         0.02265    0.03333  47.2%  34.6 4380s
 14107026 1153819     cutoff   39         0.02265    0.03332  47.1%  34.6 4385s
 14124757 1153603     cutoff   42         0.02265    0.03331  47.1%  34.6 4390s
 14138059 1153609     cutoff   37         0.02265    0.03330  47.0%  34.6 4395s
 14155718 1153592    0.02769   41   58    0.02265    0.03328  47.0%  34.6 4400s
 14172946 1153513    0.02318   39   44    0.02265    0.03327  46.9%  34.6 4405s
 14190756 1153397     cutoff   36         0.02265    0.03326  46.8%  34.5 4410s
 14208140 1153172     cutoff   43         0.02265    0.03324  46.8%  34.5 4415s
 14225586 1152947     cutoff   48         0.02265    0.03323  46.7%  34.5 4420s
 14242572 1152754    0.02527   37   56    0.02265    0.03322  46.7%  34.5 4425s
 14259638 1152590    0.02457   42   50    0.02265    0.03320  46.6%  34.5 4430s
 14277444 1152232    0.03234   42   51    0.02265    0.03319  46.5%  34.5 4435s
 14294913 1152670    0.03017   37   52    0.02265    0.03318  46.5%  34.5 4440s
 14312036 1152503     cutoff   44         0.02265    0.03316  46.4%  34.5 4445s
 14329613 1152352    0.02672   44   54    0.02265    0.03315  46.4%  34.5 4450s
 14344190 1152333     cutoff   41         0.02265    0.03314  46.3%  34.5 4455s
 14361857 1152293    0.02276   42   54    0.02265    0.03313  46.3%  34.5 4460s
 14379142 1152283    0.02629   42   31    0.02265    0.03311  46.2%  34.5 4465s
 14396327 1152323     cutoff   48         0.02265    0.03310  46.1%  34.5 4470s
 14413747 1152161     cutoff   48         0.02265    0.03309  46.1%  34.5 4475s
 14429089 1152002    0.03037   41   36    0.02265    0.03308  46.0%  34.5 4480s
 14446946 1152269     cutoff   44         0.02265    0.03306  46.0%  34.5 4485s
 14463951 1152095     cutoff   36         0.02265    0.03305  45.9%  34.5 4490s
 14481254 1152107     cutoff   39         0.02265    0.03304  45.9%  34.5 4495s
 14498678 1151856     cutoff   38         0.02265    0.03302  45.8%  34.5 4500s
 14511904 1151555     cutoff   44         0.02265    0.03301  45.8%  34.5 4505s
 14528929 1151391     cutoff   41         0.02265    0.03300  45.7%  34.5 4510s
 14546204 1151238    0.02460   36   51    0.02265    0.03299  45.6%  34.5 4515s
 14563363 1151094     cutoff   42         0.02265    0.03297  45.6%  34.5 4520s
 14580536 1150929    0.03037   33   57    0.02265    0.03296  45.5%  34.5 4525s
 14597949 1150662 infeasible   33         0.02265    0.03295  45.5%  34.4 4530s
 14615112 1150498    0.02473   53   56    0.02265    0.03293  45.4%  34.4 4535s
 14632458 1150428    0.02998   43   54    0.02265    0.03292  45.4%  34.4 4540s
 14650231 1150337    0.02849   33   59    0.02265    0.03291  45.3%  34.4 4545s
 14668127 1150456     cutoff   37         0.02265    0.03290  45.2%  34.4 4550s
 14685581 1150248    0.02698   36   62    0.02265    0.03288  45.2%  34.4 4555s
 14702542 1150133    0.02649   36   50    0.02265    0.03287  45.1%  34.4 4560s
 14716145 1150254     cutoff   44         0.02265    0.03286  45.1%  34.4 4565s
 14733154 1150188    0.03118   39   50    0.02265    0.03285  45.0%  34.4 4570s
 14750963 1150242     cutoff   34         0.02265    0.03284  45.0%  34.4 4575s
 14768315 1150242    0.02369   40   59    0.02265    0.03282  44.9%  34.4 4580s
 14785477 1150599    0.02313   42   52    0.02265    0.03281  44.9%  34.4 4585s
 14802543 1150450    0.02444   45   46    0.02265    0.03280  44.8%  34.4 4590s
 14820158 1150156    0.02606   37   60    0.02265    0.03278  44.7%  34.4 4595s
 14837679 1149880     cutoff   43         0.02265    0.03277  44.7%  34.4 4600s
 14855244 1149639    0.03187   32   61    0.02265    0.03276  44.6%  34.4 4605s
 14871774 1149302     cutoff   38         0.02265    0.03274  44.6%  34.4 4610s
 14887031 1149346    0.02311   44   57    0.02265    0.03273  44.5%  34.4 4615s
 14904345 1149118     cutoff   38         0.02265    0.03272  44.5%  34.4 4620s
 14918272 1149283    0.02360   37   52    0.02265    0.03271  44.4%  34.4 4625s
 14935517 1149105    0.02273   38   56    0.02265    0.03270  44.4%  34.4 4630s
 14953140 1148937     cutoff   41         0.02265    0.03268  44.3%  34.4 4635s
 14970927 1148740    0.02746   40   51    0.02265    0.03267  44.2%  34.4 4640s
 14987610 1148699     cutoff   41         0.02265    0.03266  44.2%  34.3 4645s
 15005285 1148423     cutoff   38         0.02265    0.03265  44.1%  34.3 4650s
 15022753 1148242     cutoff   41         0.02265    0.03263  44.1%  34.3 4655s
 15039944 1148415     cutoff   42         0.02265    0.03262  44.0%  34.3 4660s
 15057559 1148471    0.02643   41   57    0.02265    0.03261  44.0%  34.3 4665s
 15075039 1148336    0.02733   40   53    0.02265    0.03259  43.9%  34.3 4670s
 15092719 1148383     cutoff   39         0.02265    0.03258  43.9%  34.3 4675s
 15110144 1148116    0.02593   33   63    0.02265    0.03257  43.8%  34.3 4680s
 15124318 1148043     cutoff   38         0.02265    0.03256  43.8%  34.3 4685s
 15141551 1147724     cutoff   44         0.02265    0.03255  43.7%  34.3 4690s
 15159461 1147701    0.02636   40   54    0.02265    0.03253  43.6%  34.3 4695s
 15176829 1147362    0.02592   37   52    0.02265    0.03252  43.6%  34.3 4700s
 15193957 1147197    0.02379   48   57    0.02265    0.03251  43.5%  34.3 4705s
 15211858 1147024     cutoff   42         0.02265    0.03249  43.5%  34.3 4710s
 15229158 1146783     cutoff   42         0.02265    0.03248  43.4%  34.3 4715s
 15247068 1147376     cutoff   37         0.02265    0.03247  43.4%  34.3 4720s
 15264785 1147241    0.02275   40   53    0.02265    0.03246  43.3%  34.3 4725s
 15282116 1146997    0.02541   44   39    0.02265    0.03244  43.2%  34.3 4730s
 15299944 1147016    0.02580   37   56    0.02265    0.03243  43.2%  34.3 4735s
 15317625 1147307    0.02354   42   51    0.02265    0.03242  43.1%  34.3 4740s
 15330647 1147035    0.02510   38   42    0.02265    0.03241  43.1%  34.3 4745s
 15346257 1146939    0.02611   47   56    0.02265    0.03240  43.0%  34.3 4750s
 15363484 1146723     cutoff   42         0.02265    0.03238  43.0%  34.2 4755s
 15380696 1146456     cutoff   34         0.02265    0.03237  42.9%  34.2 4760s
 15397865 1145965    0.02456   40   51    0.02265    0.03236  42.9%  34.2 4765s
 15415263 1145747     cutoff   43         0.02265    0.03235  42.8%  34.2 4770s
 15432489 1145316    0.02491   45   43    0.02265    0.03234  42.8%  34.2 4775s
 15450004 1145208     cutoff   43         0.02265    0.03232  42.7%  34.2 4780s
 15467493 1144862     cutoff   38         0.02265    0.03231  42.7%  34.2 4785s
 15485561 1144575    0.02830   44   54    0.02265    0.03230  42.6%  34.2 4790s
 15502914 1144381     cutoff   42         0.02265    0.03228  42.5%  34.2 4795s
 15520326 1144697    0.02678   44   56    0.02265    0.03227  42.5%  34.2 4800s
 15537216 1144598    0.02379   42   54    0.02265    0.03226  42.4%  34.2 4805s
 15551803 1144601     cutoff   39         0.02265    0.03225  42.4%  34.2 4810s
 15568768 1144370    0.02388   59   16    0.02265    0.03224  42.3%  34.2 4815s
 15586871 1144089    0.02369   44   53    0.02265    0.03222  42.3%  34.2 4820s
 15604384 1143833     cutoff   41         0.02265    0.03221  42.2%  34.2 4825s
 15622110 1143660     cutoff   38         0.02265    0.03220  42.2%  34.2 4830s
 15639721 1143336    0.02484   36   56    0.02265    0.03219  42.1%  34.2 4835s
 15657321 1143131    0.02466   40   54    0.02265    0.03217  42.0%  34.2 4840s
 15674085 1142886    0.02902   34   58    0.02265    0.03216  42.0%  34.2 4845s
 15692103 1142904    0.02392   48   52    0.02265    0.03215  41.9%  34.2 4850s
 15709456 1142482     cutoff   44         0.02265    0.03214  41.9%  34.2 4855s
 15723590 1142250     cutoff   58         0.02265    0.03213  41.8%  34.2 4860s
 15740793 1142041     cutoff   38         0.02265    0.03211  41.8%  34.1 4865s
 15758955 1141814     cutoff   43         0.02265    0.03210  41.7%  34.1 4870s
 15776669 1141323     cutoff   38         0.02265    0.03209  41.7%  34.1 4875s
 15794452 1141205    0.02317   49   53    0.02265    0.03208  41.6%  34.1 4880s
 15811583 1140873     cutoff   34         0.02265    0.03206  41.6%  34.1 4885s
 15827299 1141060    0.02592   44   53    0.02265    0.03205  41.5%  34.1 4890s
 15844684 1140892    0.02599   38   59    0.02265    0.03204  41.5%  34.1 4895s
 15862051 1140548     cutoff   42         0.02265    0.03203  41.4%  34.1 4900s
 15880018 1140504     cutoff   42         0.02265    0.03201  41.3%  34.1 4905s
 15892836 1140124    0.02441   41   59    0.02265    0.03200  41.3%  34.1 4910s
 15911164 1139910     cutoff   44         0.02265    0.03199  41.3%  34.1 4915s
 15928853 1139901     cutoff   44         0.02265    0.03198  41.2%  34.1 4920s
 15946064 1139767     cutoff   43         0.02265    0.03197  41.1%  34.1 4925s
 15963777 1139418     cutoff   46         0.02265    0.03195  41.1%  34.1 4930s
 15981493 1139100    0.02664   45   57    0.02265    0.03194  41.0%  34.1 4935s
 15999281 1138744     cutoff   44         0.02265    0.03193  41.0%  34.1 4940s
 16016603 1138339    0.02267   33   57    0.02265    0.03192  40.9%  34.1 4945s
 16034197 1138372    0.02946   42   55    0.02265    0.03190  40.9%  34.1 4950s
 16051987 1137975     cutoff   45         0.02265    0.03189  40.8%  34.1 4955s
 16070129 1138349    0.02715   39   60    0.02265    0.03188  40.8%  34.1 4960s
 16088163 1138121     cutoff   41         0.02265    0.03187  40.7%  34.0 4965s
 16102678 1137810 infeasible   54         0.02265    0.03186  40.7%  34.0 4970s
 16120035 1137689     cutoff   42         0.02265    0.03184  40.6%  34.0 4975s
 16138134 1137339    0.02367   51   22    0.02265    0.03183  40.5%  34.0 4980s
 16156394 1137275    0.03168   35   61    0.02265    0.03182  40.5%  34.0 4985s
 16173970 1137090    0.02541   36   63    0.02265    0.03181  40.4%  34.0 4990s
 16191580 1136700     cutoff   39         0.02265    0.03179  40.4%  34.0 4995s
 16209743 1136415     cutoff   40         0.02265    0.03178  40.3%  34.0 5000s
 16227753 1136143     cutoff   45         0.02265    0.03177  40.3%  34.0 5005s
 16245355 1135825 infeasible   39         0.02265    0.03176  40.2%  34.0 5010s
 16262847 1135512 infeasible   47         0.02265    0.03174  40.2%  34.0 5015s
 16276532 1135444 infeasible   44         0.02265    0.03173  40.1%  34.0 5020s
 16294342 1135294     cutoff   42         0.02265    0.03172  40.1%  34.0 5025s
 16309715 1134991     cutoff   40         0.02265    0.03171  40.0%  34.0 5030s
 16327370 1135422 infeasible   39         0.02265    0.03170  40.0%  34.0 5035s
 16345556 1136205     cutoff   44         0.02265    0.03169  39.9%  34.0 5040s
 16363378 1135862     cutoff   48         0.02265    0.03167  39.8%  34.0 5045s
 16381511 1135835     cutoff   41         0.02265    0.03166  39.8%  34.0 5050s
 16399047 1135702     cutoff   41         0.02265    0.03165  39.7%  34.0 5055s
 16417195 1135434     cutoff   40         0.02265    0.03164  39.7%  34.0 5060s
 16434192 1135523    0.02885   41   50    0.02265    0.03163  39.6%  33.9 5065s
 16452046 1135090     cutoff   38         0.02265    0.03161  39.6%  33.9 5070s
 16470042 1134785     cutoff   40         0.02265    0.03160  39.5%  33.9 5075s
 16487656 1134762    0.02889   38   61    0.02265    0.03159  39.5%  33.9 5080s
 16501794 1134787     cutoff   40         0.02265    0.03158  39.4%  33.9 5085s
 16519376 1134434    0.02899   38   50    0.02265    0.03157  39.4%  33.9 5090s
 16537125 1134316     cutoff   48         0.02265    0.03155  39.3%  33.9 5095s
 16554830 1134133    0.02790   42   52    0.02265    0.03154  39.3%  33.9 5100s
 16573077 1135222     cutoff   44         0.02265    0.03153  39.2%  33.9 5105s
 16591369 1135646    0.03000   40   57    0.02265    0.03152  39.2%  33.9 5110s
 16609733 1135670    0.02325   55   30    0.02265    0.03150  39.1%  33.9 5115s
 16627195 1135375    0.02770   32   59    0.02265    0.03149  39.0%  33.9 5120s
 16644712 1135544     cutoff   40         0.02265    0.03148  39.0%  33.9 5125s
 16662476 1135500    0.02297   45   52    0.02265    0.03147  38.9%  33.9 5130s
 16681459 1136672     cutoff   44         0.02265    0.03146  38.9%  33.9 5135s
 16697154 1137588     cutoff   42         0.02265    0.03145  38.9%  33.9 5140s
 16716136 1138799    0.02868   37   57    0.02265    0.03144  38.8%  33.8 5145s
 16734801 1139343    0.03143   59   21    0.02265    0.03143  38.8%  33.8 5150s
 16753325 1139984     cutoff   46         0.02265    0.03142  38.7%  33.8 5155s
 16771746 1139628     cutoff   38         0.02265    0.03141  38.7%  33.8 5160s
 16789370 1139520    0.02493   41   56    0.02265    0.03139  38.6%  33.8 5165s
 16807593 1140100    0.03093   40   58    0.02265    0.03138  38.6%  33.8 5170s
 16823861 1140195    0.03099   41   56    0.02265    0.03137  38.5%  33.8 5175s
 16841938 1140155    0.02899   36   66    0.02265    0.03136  38.5%  33.8 5180s
 16860572 1140397    0.03058   38   59    0.02265    0.03135  38.4%  33.8 5185s
 16875351 1140819    0.02588   43   56    0.02265    0.03134  38.4%  33.8 5190s
 16893868 1140827    0.02487   37   58    0.02265    0.03133  38.3%  33.8 5195s
 16912161 1140914    0.02660   38   54    0.02265    0.03132  38.3%  33.8 5200s
 16930176 1140844    0.02738   43   60    0.02265    0.03130  38.2%  33.8 5205s
 16947764 1140754    0.02624   41   40    0.02265    0.03129  38.2%  33.8 5210s
 16966284 1140844    0.02275   48   33    0.02265    0.03128  38.1%  33.8 5215s
 16984636 1140848    0.02876   37   57    0.02265    0.03127  38.1%  33.8 5220s
 17007224 1140640    0.02524   39   57    0.02265    0.03126  38.0%  33.7 5225s
 17025668 1140397    0.03123   25   61    0.02265    0.03125  38.0%  33.7 5230s
 17044184 1140393    0.03097   33   56    0.02265    0.03123  37.9%  33.7 5235s
 17057948 1140305    0.02661   34   54    0.02265    0.03122  37.9%  33.7 5240s
 17076579 1139906    0.02344   44   67    0.02265    0.03121  37.8%  33.7 5245s
 17094352 1139570    0.02284   46   57    0.02265    0.03120  37.8%  33.7 5250s
 17113555 1140930     cutoff   38         0.02265    0.03119  37.7%  33.7 5255s
 17131382 1140492    0.02373   41   45    0.02265    0.03118  37.7%  33.7 5260s
 17150020 1140440    0.02458   35   43    0.02265    0.03117  37.6%  33.7 5265s
 17168485 1140805     cutoff   42         0.02265    0.03115  37.5%  33.7 5270s
 17186380 1141406    0.02340   60   35    0.02265    0.03114  37.5%  33.7 5275s
 17204923 1141766     cutoff   47         0.02265    0.03113  37.4%  33.7 5280s
 17223656 1142142    0.02499   37   48    0.02265    0.03112  37.4%  33.7 5285s
 17241490 1141930    0.02328   38   58    0.02265    0.03111  37.3%  33.7 5290s
 17256503 1142330     cutoff   41         0.02265    0.03110  37.3%  33.6 5295s
 17275031 1142215    0.02453   36   53    0.02265    0.03109  37.2%  33.6 5300s
 17293322 1142560     cutoff   41         0.02265    0.03107  37.2%  33.6 5305s
H17306707 1118288                       0.0228511    0.03107  36.0%  33.6 5308s
 17308782 1118308    0.02631   40   50    0.02285    0.03107  35.9%  33.6 5310s
 17324582 1118243     cutoff   41         0.02285    0.03105  35.9%  33.6 5315s
H17329322 1118165                       0.0228511    0.03105  35.9%  33.6 5316s
 17340759 1118692     cutoff   45         0.02285    0.03104  35.9%  33.6 5320s
 17359668 1119105     cutoff   41         0.02285    0.03103  35.8%  33.6 5325s
 17378243 1119090    0.02382   41   27    0.02285    0.03102  35.8%  33.6 5330s
 17396065 1118842    0.02986   40   54    0.02285    0.03101  35.7%  33.6 5335s
 17414390 1118424    0.02486   34   56    0.02285    0.03100  35.6%  33.6 5340s
 17432152 1118202    0.02306   38   47    0.02285    0.03098  35.6%  33.6 5345s
 17450225 1118113     cutoff   47         0.02285    0.03097  35.5%  33.6 5350s
 17464814 1117626     cutoff   42         0.02285    0.03096  35.5%  33.6 5355s
 17483266 1117183     cutoff   44         0.02285    0.03095  35.4%  33.6 5360s
 17501627 1117705     cutoff   46         0.02285    0.03094  35.4%  33.6 5365s
 17520342 1117782     cutoff   43         0.02285    0.03092  35.3%  33.6 5370s
 17538775 1117905    0.02402   45   57    0.02285    0.03091  35.3%  33.5 5375s
 17556474 1117554    0.02642   39   52    0.02285    0.03090  35.2%  33.5 5380s
 17574417 1117354     cutoff   38         0.02285    0.03089  35.2%  33.5 5385s
 17592782 1117252     cutoff   40         0.02285    0.03088  35.1%  33.5 5390s
 17611328 1116961    0.02819   45   52    0.02285    0.03086  35.1%  33.5 5395s
 17630095 1117157    0.02743   45   44    0.02285    0.03085  35.0%  33.5 5400s
 17648373 1116977     cutoff   42         0.02285    0.03084  35.0%  33.5 5405s
 17662699 1116782    0.02707   42   60    0.02285    0.03083  34.9%  33.5 5410s
 17681053 1116596    0.02472   42   53    0.02285    0.03082  34.9%  33.5 5415s
 17699099 1116039     cutoff   42         0.02285    0.03080  34.8%  33.5 5420s
 17717320 1116096    0.02567   41   54    0.02285    0.03079  34.8%  33.5 5425s
 17736105 1116283    0.02964   41   56    0.02285    0.03078  34.7%  33.5 5430s
 17754737 1116107     cutoff   38         0.02285    0.03077  34.6%  33.5 5435s
 17773133 1116218     cutoff   39         0.02285    0.03076  34.6%  33.5 5440s
 17791722 1115786     cutoff   45         0.02285    0.03074  34.5%  33.5 5445s
 17810338 1115480    0.02697   37   54    0.02285    0.03073  34.5%  33.4 5450s
 17826507 1116193     cutoff   46         0.02285    0.03072  34.4%  33.4 5455s
 17845782 1116842     cutoff   36         0.02285    0.03071  34.4%  33.4 5460s
 17860431 1117362     cutoff   44         0.02285    0.03070  34.3%  33.4 5465s
 17879148 1118309     cutoff   43         0.02285    0.03069  34.3%  33.4 5470s
 17899331 1121406     cutoff   40         0.02285    0.03068  34.3%  33.4 5475s
 17930125 1133473    0.02392  111    6    0.02285    0.03068  34.3%  33.4 5480s
 17960230 1143882    0.03068   66   14    0.02285    0.03068  34.3%  33.3 5485s
 17990200 1153488     cutoff   68         0.02285    0.03068  34.2%  33.3 5490s
 18020462 1163087    0.02286   97    8    0.02285    0.03068  34.2%  33.3 5495s
 18050352 1172532     cutoff  114         0.02285    0.03068  34.2%  33.2 5500s
 18078310 1181244    0.02300   78   36    0.02285    0.03067  34.2%  33.2 5505s
 18106101 1189933     cutoff   63         0.02285    0.03067  34.2%  33.2 5510s
 18132512 1197962     cutoff   71         0.02285    0.03067  34.2%  33.1 5515s
 18160114 1205695    0.03067   59   17    0.02285    0.03067  34.2%  33.1 5520s
 18188245 1213998    0.02335   74   40    0.02285    0.03067  34.2%  33.1 5525s
 18214904 1221146    0.02510   58   38    0.02285    0.03067  34.2%  33.0 5530s
 18239625 1227885    0.02482   67   24    0.02285    0.03067  34.2%  33.0 5535s
 18259844 1233204    0.03067   58   13    0.02285    0.03067  34.2%  33.0 5540s
 18283004 1239825    0.02431   72   40    0.02285    0.03066  34.2%  33.0 5545s
 18307065 1246300    0.02462   70   38    0.02285    0.03066  34.2%  32.9 5550s
 18331646 1252944 infeasible   63         0.02285    0.03066  34.2%  32.9 5555s
 18356619 1259485    0.02433   69   29    0.02285    0.03066  34.2%  32.9 5560s
 18381171 1265774     cutoff   73         0.02285    0.03066  34.2%  32.9 5565s
 18405898 1272239     cutoff   64         0.02285    0.03066  34.2%  32.8 5570s
 18431551 1278709     cutoff   43         0.02285    0.03066  34.2%  32.8 5575s
 18457182 1284920    0.02605   65   36    0.02285    0.03065  34.1%  32.8 5580s
 18482188 1291485    0.02911   67   41    0.02285    0.03065  34.1%  32.8 5585s
 18507121 1297614    0.02346   36   51    0.02285    0.03065  34.1%  32.7 5590s
 18531820 1303597     cutoff   78         0.02285    0.03065  34.1%  32.7 5595s
 18548725 1307643    0.02473   65   24    0.02285    0.03065  34.1%  32.7 5600s
 18573479 1313523    0.02542   46   53    0.02285    0.03065  34.1%  32.7 5605s
 18598276 1319136    0.02454   70   35    0.02285    0.03064  34.1%  32.7 5610s
 18622753 1324846    0.02662   55   42    0.02285    0.03064  34.1%  32.6 5615s
 18645813 1329759    0.02508   66   37    0.02285    0.03064  34.1%  32.6 5620s
 18670524 1335243    0.02494   68   36    0.02285    0.03064  34.1%  32.6 5625s
 18695006 1340616     cutoff   78         0.02285    0.03064  34.1%  32.6 5630s
 18719393 1345884    0.02448   60   35    0.02285    0.03063  34.1%  32.5 5635s
 18743462 1350808    0.02508   65   35    0.02285    0.03063  34.1%  32.5 5640s
 18765049 1355603     cutoff   64         0.02285    0.03063  34.0%  32.5 5645s
 18787378 1360297    0.02827   45   50    0.02285    0.03063  34.0%  32.5 5650s
 18810481 1365040     cutoff   75         0.02285    0.03063  34.0%  32.5 5655s
 18830911 1369019 infeasible   65         0.02285    0.03062  34.0%  32.5 5660s
 18851929 1373034    0.02397   64   36    0.02285    0.03062  34.0%  32.4 5665s
 18875997 1377903    0.02461   64   41    0.02285    0.03062  34.0%  32.4 5670s
 18898519 1382429    0.02602   43   51    0.02285    0.03062  34.0%  32.4 5675s
 18921616 1386955     cutoff   68         0.02285    0.03062  34.0%  32.4 5680s
 18945063 1391643    0.02419   64   36    0.02285    0.03061  34.0%  32.4 5685s
 18967883 1396053    0.02990   43   46    0.02285    0.03061  34.0%  32.3 5690s
 18990611 1400367    0.02355   83   21    0.02285    0.03061  33.9%  32.3 5695s
 19012921 1404800    0.02741   42   58    0.02285    0.03061  33.9%  32.3 5700s
 19030705 1408611    0.02446   57   50    0.02285    0.03060  33.9%  32.3 5705s
 19054240 1413670    0.02533   65   25    0.02285    0.03060  33.9%  32.3 5710s
 19079699 1419592 infeasible   90         0.02285    0.03060  33.9%  32.3 5715s
 19103806 1424563    0.02476   71   33    0.02285    0.03060  33.9%  32.2 5720s
 19126211 1429060     cutoff   74         0.02285    0.03060  33.9%  32.2 5725s
 19148444 1433452    0.02369   77   37    0.02285    0.03059  33.9%  32.2 5730s
 19171180 1437746    0.02294   75   33    0.02285    0.03059  33.9%  32.2 5735s
 19193460 1441910    0.02359   74   34    0.02285    0.03059  33.9%  32.2 5740s
 19213930 1445189     cutoff   43         0.02285    0.03059  33.9%  32.2 5745s
 19236191 1449098     cutoff   75         0.02285    0.03058  33.8%  32.1 5750s
 19258168 1453278    0.02504   59   29    0.02285    0.03058  33.8%  32.1 5755s
 19280112 1456980     cutoff   77         0.02285    0.03058  33.8%  32.1 5760s
 19298553 1459745    0.02402   64   36    0.02285    0.03058  33.8%  32.1 5765s
 19322048 1462797    0.02502   66   26    0.02285    0.03057  33.8%  32.1 5770s
 19344774 1465344     cutoff   69         0.02285    0.03057  33.8%  32.1 5775s
 19368272 1468005    0.02409   41   55    0.02285    0.03057  33.8%  32.0 5780s
 19391837 1470380     cutoff   74         0.02285    0.03056  33.8%  32.0 5785s
 19414171 1472641     cutoff   73         0.02285    0.03056  33.7%  32.0 5790s
 19436779 1474950     cutoff   38         0.02285    0.03056  33.7%  32.0 5795s
 19458760 1477222    0.03056   61   15    0.02285    0.03056  33.7%  32.0 5800s
 19481343 1479318    0.02338   64   35    0.02285    0.03055  33.7%  32.0 5805s
 19500310 1480996    0.02464   61   31    0.02285    0.03055  33.7%  31.9 5810s
 19521721 1483631     cutoff   51         0.02285    0.03055  33.7%  31.9 5815s
 19544778 1486092    0.02789   39   54    0.02285    0.03055  33.7%  31.9 5820s
 19565518 1488358     cutoff   45         0.02285    0.03054  33.7%  31.9 5825s
 19588469 1490773     cutoff   70         0.02285    0.03054  33.6%  31.9 5830s
 19610181 1492796    0.02885   63   37    0.02285    0.03054  33.6%  31.9 5835s
 19629725 1494722 infeasible   82         0.02285    0.03054  33.6%  31.9 5840s
 19649918 1496709     cutoff   74         0.02285    0.03053  33.6%  31.8 5845s
 19672328 1498838    0.03053   53   23    0.02285    0.03053  33.6%  31.8 5850s
 19693795 1501147     cutoff   73         0.02285    0.03053  33.6%  31.8 5855s
 19713619 1503343    0.02556   42   52    0.02285    0.03052  33.6%  31.8 5860s
 19726190 1505323     cutoff   64         0.02285    0.03052  33.6%  31.8 5865s
 19750370 1507697     cutoff   62         0.02285    0.03052  33.6%  31.8 5870s
 19774261 1510585    0.02390   38   58    0.02285    0.03052  33.5%  31.8 5875s
 19796704 1513286 infeasible   73         0.02285    0.03052  33.5%  31.8 5880s
 19819622 1516181     cutoff   80         0.02285    0.03051  33.5%  31.7 5885s
 19840434 1518470    0.02647   70   39    0.02285    0.03051  33.5%  31.7 5890s
 19863360 1521091     cutoff   41         0.02285    0.03051  33.5%  31.7 5895s
 19887210 1523639    0.02373   43   47    0.02285    0.03050  33.5%  31.7 5900s
 19908679 1525882 infeasible   73         0.02285    0.03050  33.5%  31.7 5905s
 19931402 1527762 infeasible   42         0.02285    0.03050  33.5%  31.7 5910s
 19954492 1530082    0.02589   60   29    0.02285    0.03050  33.5%  31.7 5915s
 19977211 1532467    0.02802   62   35    0.02285    0.03049  33.4%  31.6 5920s
 20000497 1535396     cutoff   78         0.02285    0.03049  33.4%  31.6 5925s
 20023050 1537823 infeasible   74         0.02285    0.03049  33.4%  31.6 5930s
 20041596 1540295    0.02306   45   37    0.02285    0.03049  33.4%  31.6 5935s
 20064360 1543982     cutoff   73         0.02285    0.03049  33.4%  31.6 5940s
 20086408 1548034    0.02692   63   41    0.02285    0.03048  33.4%  31.6 5945s
 20113533 1551061     cutoff   77         0.02285    0.03048  33.4%  31.5 5950s
 20141094 1553928    0.03048   71   18    0.02285    0.03048  33.4%  31.5 5955s
 20169415 1556525     cutoff   73         0.02285    0.03048  33.4%  31.5 5960s
 20196568 1558759 infeasible   74         0.02285    0.03048  33.4%  31.5 5965s
 20223992 1561346     cutoff   76         0.02285    0.03048  33.4%  31.5 5970s
 20251823 1564237     cutoff   74         0.02285    0.03048  33.4%  31.4 5975s
 20280508 1566305    0.02785   76   29    0.02285    0.03048  33.4%  31.4 5980s
 20301888 1568427    0.03048   70   15    0.02285    0.03048  33.4%  31.4 5985s
 20329777 1570886     cutoff   75         0.02285    0.03048  33.4%  31.4 5990s
 20358475 1573469    0.02329   77   37    0.02285    0.03048  33.4%  31.4 5995s
 20387473 1575678    0.03048   70   15    0.02285    0.03048  33.4%  31.3 6000s
 20416004 1578580     cutoff   78         0.02285    0.03048  33.4%  31.3 6005s
 20444248 1581076    0.02398   76   39    0.02285    0.03048  33.4%  31.3 6010s
 20470322 1582593     cutoff   73         0.02285    0.03048  33.4%  31.3 6015s
 20498423 1584855    0.02886   80   13    0.02285    0.03048  33.4%  31.3 6020s
 20526330 1587600    0.02597   76   38    0.02285    0.03048  33.4%  31.3 6025s
 20550709 1588648     cutoff   73         0.02285    0.03048  33.4%  31.2 6030s
 20579144 1591170     cutoff   75         0.02285    0.03048  33.4%  31.2 6035s
 20608202 1594373 infeasible   72         0.02285    0.03048  33.4%  31.2 6040s
 20635405 1596097    0.02328   70   39    0.02285    0.03048  33.4%  31.2 6045s
 20660010 1598599    0.03047   70   13    0.02285    0.03047  33.4%  31.2 6050s
 20686418 1600233 infeasible   79         0.02285    0.03047  33.4%  31.1 6055s
 20715761 1604240    0.02886   77   15    0.02285    0.03047  33.4%  31.1 6060s
 20744364 1606604     cutoff   73         0.02285    0.03047  33.4%  31.1 6065s
 20773757 1610185    0.02677   70   32    0.02285    0.03047  33.4%  31.1 6070s
 20803306 1613810     cutoff   49         0.02285    0.03047  33.4%  31.1 6075s
 20832583 1616716    0.02560   79   38    0.02285    0.03047  33.4%  31.0 6080s
 20861696 1619703     cutoff   74         0.02285    0.03047  33.4%  31.0 6085s
 20891085 1622687    0.02846   71   44    0.02285    0.03047  33.4%  31.0 6090s
 20920420 1626399     cutoff   77         0.02285    0.03047  33.4%  31.0 6095s
 20944643 1629226    0.03047   70   13    0.02285    0.03047  33.3%  31.0 6100s
 20971701 1632205     cutoff   75         0.02285    0.03047  33.3%  31.0 6105s
 21000460 1634803     cutoff   77         0.02285    0.03047  33.3%  30.9 6110s
 21027961 1636381     cutoff   70         0.02285    0.03047  33.3%  30.9 6115s
 21053525 1637675    0.02450   78   45    0.02285    0.03047  33.3%  30.9 6120s
 21077824 1638896    0.02435   64   41    0.02285    0.03047  33.3%  30.9 6125s
 21099728 1640245    0.02747   34   54    0.02285    0.03047  33.3%  30.9 6130s
 21121711 1641823     cutoff   46         0.02285    0.03046  33.3%  30.9 6135s
 21142981 1643009    0.02587   44   50    0.02285    0.03046  33.3%  30.9 6140s
 21161851 1643664    0.02344   43   36    0.02285    0.03046  33.3%  30.8 6145s
 21179397 1644477    0.02733   60   46    0.02285    0.03045  33.3%  30.8 6150s
 21199512 1645197    0.03014   36   55    0.02285    0.03045  33.2%  30.8 6155s
 21216670 1645245     cutoff   65         0.02285    0.03044  33.2%  30.8 6160s
 21230691 1644877    0.02310   44   52    0.02285    0.03044  33.2%  30.8 6165s
 21250923 1643866    0.02672   76   38    0.02285    0.03044  33.2%  30.8 6170s
 21273755 1641754     cutoff   75         0.02285    0.03044  33.2%  30.8 6175s
 21295698 1639822    0.02784   74   29    0.02285    0.03043  33.2%  30.8 6180s
 21314104 1638799     cutoff   69         0.02285    0.03043  33.2%  30.8 6185s
 21332074 1638633    0.02521   43   50    0.02285    0.03042  33.1%  30.8 6190s
 21347898 1639229 infeasible   44         0.02285    0.03042  33.1%  30.8 6195s
 21368992 1640019     cutoff   39         0.02285    0.03041  33.1%  30.8 6200s
 21389665 1640495     cutoff   39         0.02285    0.03040  33.1%  30.8 6205s
 21406286 1641068     cutoff   43         0.02285    0.03040  33.0%  30.7 6210s
 21427284 1641539    0.02411   45   52    0.02285    0.03039  33.0%  30.7 6215s
 21447053 1642544    0.02592   46   52    0.02285    0.03038  33.0%  30.7 6220s
 21467097 1643094     cutoff   38         0.02285    0.03037  32.9%  30.7 6225s
 21487683 1643756    0.02385   40   52    0.02285    0.03037  32.9%  30.7 6230s
 21507380 1644050    0.02378   43   55    0.02285    0.03036  32.9%  30.7 6235s
 21528789 1644349    0.02538   37   62    0.02285    0.03035  32.8%  30.7 6240s
 21549178 1644694     cutoff   42         0.02285    0.03034  32.8%  30.7 6245s
 21569385 1645178     cutoff   42         0.02285    0.03033  32.7%  30.7 6250s
 21589256 1646039     cutoff   38         0.02285    0.03033  32.7%  30.7 6255s
 21605366 1646440     cutoff   50         0.02285    0.03032  32.7%  30.7 6260s
 21623873 1646639    0.02433   34   47    0.02285    0.03031  32.6%  30.7 6265s
 21644549 1647131    0.02881   40   56    0.02285    0.03030  32.6%  30.7 6270s
 21665562 1647672    0.02347   40   55    0.02285    0.03029  32.6%  30.7 6275s
 21686648 1648368     cutoff   52         0.02285    0.03029  32.5%  30.7 6280s
 21707380 1648763    0.03028   41   54    0.02285    0.03028  32.5%  30.6 6285s
 21727625 1648887    0.02617   37   50    0.02285    0.03027  32.5%  30.6 6290s
 21747784 1649347    0.02374   42   51    0.02285    0.03026  32.4%  30.6 6295s
 21767549 1649474     cutoff   52         0.02285    0.03025  32.4%  30.6 6300s
 21785296 1649688    0.02318   42   39    0.02285    0.03024  32.3%  30.6 6305s
 21805699 1649945     cutoff   46         0.02285    0.03023  32.3%  30.6 6310s
 21826219 1650297     cutoff   41         0.02285    0.03022  32.3%  30.6 6315s
 21839878 1650587     cutoff   40         0.02285    0.03022  32.2%  30.6 6320s
 21860254 1651287     cutoff   48         0.02285    0.03021  32.2%  30.6 6325s
 21880647 1651570    0.02378   41   52    0.02285    0.03020  32.2%  30.6 6330s
 21901095 1651846    0.02480   38   61    0.02285    0.03019  32.1%  30.6 6335s
 21921388 1652494    0.02868   42   52    0.02285    0.03018  32.1%  30.6 6340s
 21941936 1652922    0.02285   50   30    0.02285    0.03017  32.0%  30.6 6345s
 21961636 1653219     cutoff   36         0.02285    0.03016  32.0%  30.6 6350s
 21981198 1653518    0.02689   39   58    0.02285    0.03015  32.0%  30.6 6355s
 22001650 1653758    0.03012   38   47    0.02285    0.03014  31.9%  30.6 6360s
 22022372 1655130    0.02419   39   53    0.02285    0.03014  31.9%  30.6 6365s
 22042950 1655407    0.02774   43   33    0.02285    0.03013  31.8%  30.6 6370s
 22063218 1656015     cutoff   36         0.02285    0.03012  31.8%  30.5 6375s
 22083989 1656659     cutoff   44         0.02285    0.03011  31.8%  30.5 6380s
 22104145 1656781    0.02928   42   54    0.02285    0.03010  31.7%  30.5 6385s
 22120156 1657089    0.02727   41   49    0.02285    0.03010  31.7%  30.5 6390s
 22140976 1657447    0.02296   60   27    0.02285    0.03009  31.7%  30.5 6395s
 22162089 1657709     cutoff   40         0.02285    0.03008  31.6%  30.5 6400s
 22182867 1658083    0.02837   42   60    0.02285    0.03007  31.6%  30.5 6405s
 22203664 1658222     cutoff   42         0.02285    0.03006  31.6%  30.5 6410s
 22222969 1658547    0.02312   67   28    0.02285    0.03005  31.5%  30.5 6415s
 22243451 1658840     cutoff   33         0.02285    0.03005  31.5%  30.5 6420s
 22263560 1659015     cutoff   61         0.02285    0.03004  31.4%  30.5 6425s
 22284424 1659590    0.02433   41   54    0.02285    0.03003  31.4%  30.5 6430s
 22304894 1659841    0.02586   36   52    0.02285    0.03002  31.4%  30.5 6435s
 22322849 1660159    0.02726   45   50    0.02285    0.03001  31.3%  30.5 6440s
 22338243 1660516    0.02369   45   54    0.02285    0.03001  31.3%  30.5 6445s
 22358435 1660764     cutoff   38         0.02285    0.03000  31.3%  30.5 6450s
 22378663 1660915    0.02485   39   59    0.02285    0.02999  31.2%  30.5 6455s
 22399339 1661224    0.02539   44   57    0.02285    0.02998  31.2%  30.5 6460s
 22420123 1661577    0.02953   49   55    0.02285    0.02997  31.2%  30.4 6465s
 22440308 1662011    0.02727   45   49    0.02285    0.02996  31.1%  30.4 6470s
 22461275 1662672     cutoff   43         0.02285    0.02995  31.1%  30.4 6475s
 22481491 1662880    0.02341   44   48    0.02285    0.02995  31.0%  30.4 6480s
 22501996 1662917    0.02667   40   55    0.02285    0.02994  31.0%  30.4 6485s
 22521650 1663326    0.02722   40   62    0.02285    0.02993  31.0%  30.4 6490s
 22542340 1663702    0.02991   46   51    0.02285    0.02992  30.9%  30.4 6495s
 22561892 1663864    0.02947   39   55    0.02285    0.02991  30.9%  30.4 6500s
 22576695 1664098    0.02751   36   57    0.02285    0.02990  30.9%  30.4 6505s
 22596766 1664408    0.02456   34   52    0.02285    0.02989  30.8%  30.4 6510s
 22617254 1664509    0.02415   35   51    0.02285    0.02988  30.8%  30.4 6515s
 22637103 1664953    0.02777   36   62    0.02285    0.02988  30.7%  30.4 6520s
 22657589 1665629     cutoff   39         0.02285    0.02987  30.7%  30.4 6525s
 22677937 1665994     cutoff   54         0.02285    0.02986  30.7%  30.4 6530s
 22698011 1666491     cutoff   49         0.02285    0.02985  30.6%  30.4 6535s
 22718863 1667069     cutoff   43         0.02285    0.02984  30.6%  30.4 6540s
 22738403 1667705     cutoff   53         0.02285    0.02983  30.6%  30.4 6545s
 22759436 1668028    0.02366   39   56    0.02285    0.02983  30.5%  30.4 6550s
 22780220 1668718 infeasible   44         0.02285    0.02982  30.5%  30.3 6555s
 22800083 1669098     cutoff   35         0.02285    0.02981  30.5%  30.3 6560s
 22817529 1669319    0.02733   35   61    0.02285    0.02980  30.4%  30.3 6565s
 22836092 1669503     cutoff   50         0.02285    0.02980  30.4%  30.3 6570s
 22853826 1669946     cutoff   44         0.02285    0.02979  30.4%  30.3 6575s
 22873152 1670370     cutoff   44         0.02285    0.02978  30.3%  30.3 6580s
 22893773 1670789 infeasible   41         0.02285    0.02977  30.3%  30.3 6585s
 22913504 1671140 infeasible   39         0.02285    0.02976  30.3%  30.3 6590s
 22934793 1671802    0.02976   37   55    0.02285    0.02976  30.2%  30.3 6595s
 22955161 1672266    0.02975   37   53    0.02285    0.02975  30.2%  30.3 6600s
 22975650 1673040    0.02597   33   60    0.02285    0.02974  30.1%  30.3 6605s
 22996501 1673782    0.02286   42   59    0.02285    0.02973  30.1%  30.3 6610s
 23017421 1674282     cutoff   44         0.02285    0.02972  30.1%  30.3 6615s
 23038364 1674764    0.02651   46   54    0.02285    0.02972  30.0%  30.3 6620s
 23058277 1674919     cutoff   46         0.02285    0.02971  30.0%  30.3 6625s
 23074171 1675170 infeasible   39         0.02285    0.02970  30.0%  30.3 6630s
 23094568 1675517     cutoff   46         0.02285    0.02969  29.9%  30.3 6635s
 23115377 1675922 infeasible   52         0.02285    0.02968  29.9%  30.3 6640s
 23135746 1676412     cutoff   39         0.02285    0.02968  29.9%  30.2 6645s
 23155913 1676587     cutoff   44         0.02285    0.02967  29.8%  30.2 6650s
 23176503 1676923     cutoff   43         0.02285    0.02966  29.8%  30.2 6655s
 23196941 1677189    0.02960   36   59    0.02285    0.02965  29.8%  30.2 6660s
 23216463 1677716    0.02421   44   24    0.02285    0.02964  29.7%  30.2 6665s
 23237297 1678180     cutoff   32         0.02285    0.02963  29.7%  30.2 6670s
 23258156 1678414    0.02784   45   45    0.02285    0.02963  29.6%  30.2 6675s
 23278872 1678476     cutoff   34         0.02285    0.02962  29.6%  30.2 6680s
 23298856 1678494    0.02958   37   56    0.02285    0.02961  29.6%  30.2 6685s
 23315217 1678661     cutoff   41         0.02285    0.02960  29.5%  30.2 6690s
 23335714 1678829     cutoff   56         0.02285    0.02959  29.5%  30.2 6695s
 23356609 1679119     cutoff   40         0.02285    0.02958  29.5%  30.2 6700s
 23377301 1679234    0.02531   35   56    0.02285    0.02958  29.4%  30.2 6705s
 23396752 1679345     cutoff   42         0.02285    0.02957  29.4%  30.2 6710s
 23414253 1679526     cutoff   47         0.02285    0.02956  29.4%  30.2 6715s
 23435292 1679610    0.02393   36   66    0.02285    0.02955  29.3%  30.2 6720s
 23455610 1679685    0.02564   39   57    0.02285    0.02954  29.3%  30.2 6725s
 23475857 1679772    0.02630   34   50    0.02285    0.02953  29.2%  30.2 6730s
 23496500 1679791    0.02290   42   52    0.02285    0.02952  29.2%  30.2 6735s
 23515862 1679866    0.02863   42   60    0.02285    0.02951  29.2%  30.1 6740s
 23536005 1679870     cutoff   44         0.02285    0.02951  29.1%  30.1 6745s
 23551970 1680021    0.02548   41   53    0.02285    0.02950  29.1%  30.1 6750s
 23572556 1680170     cutoff   40         0.02285    0.02949  29.0%  30.1 6755s
 23593240 1680321    0.02417   40   58    0.02285    0.02948  29.0%  30.1 6760s
 23614375 1681017     cutoff   47         0.02285    0.02947  29.0%  30.1 6765s
 23634886 1681290    0.02418   49   49    0.02285    0.02946  28.9%  30.1 6770s
 23654761 1681281    0.02793   55   55    0.02285    0.02945  28.9%  30.1 6775s
 23675201 1681460     cutoff   41         0.02285    0.02944  28.9%  30.1 6780s
 23695486 1681569     cutoff   47         0.02285    0.02943  28.8%  30.1 6785s
 23715460 1681537     cutoff   39         0.02285    0.02943  28.8%  30.1 6790s
 23735958 1681740     cutoff   39         0.02285    0.02942  28.7%  30.1 6795s
 23755495 1682170    0.02511   42   57    0.02285    0.02941  28.7%  30.1 6800s
 23771741 1682261    0.02362   44   55    0.02285    0.02940  28.7%  30.1 6805s
 23791807 1682293     cutoff   50         0.02285    0.02939  28.6%  30.1 6810s
 23812657 1682532    0.02816   36   55    0.02285    0.02938  28.6%  30.1 6815s
 23833154 1682621    0.02764   62   47    0.02285    0.02937  28.5%  30.1 6820s
 23853582 1682735     cutoff   57         0.02285    0.02937  28.5%  30.1 6825s
 23873500 1682905     cutoff   41         0.02285    0.02936  28.5%  30.1 6830s
 23894308 1682922    0.02394   38   58    0.02285    0.02935  28.4%  30.1 6835s
 23914654 1683027    0.02286   37   58    0.02285    0.02934  28.4%  30.0 6840s
 23934809 1683105     cutoff   36         0.02285    0.02933  28.4%  30.0 6845s
 23953058 1683229     cutoff   45         0.02285    0.02932  28.3%  30.0 6850s
 23973825 1683580    0.02909   42   57    0.02285    0.02931  28.3%  30.0 6855s
 23994524 1683807    0.02749   44   44    0.02285    0.02931  28.2%  30.0 6860s
 24014510 1684242    0.02462   41   60    0.02285    0.02930  28.2%  30.0 6865s
 24031215 1684519 infeasible   38         0.02285    0.02929  28.2%  30.0 6870s
 24051819 1684788    0.02452   41   54    0.02285    0.02928  28.1%  30.0 6875s
 24072373 1685236     cutoff   47         0.02285    0.02927  28.1%  30.0 6880s
 24094057 1685838    0.02456   44   53    0.02285    0.02927  28.1%  30.0 6885s
 24114683 1686406    0.02836   41   57    0.02285    0.02926  28.0%  30.0 6890s
 24134739 1686414     cutoff   42         0.02285    0.02925  28.0%  30.0 6895s
 24155256 1686801    0.02442   39   51    0.02285    0.02924  28.0%  30.0 6900s
 24176039 1687069    0.02464   33   54    0.02285    0.02923  27.9%  30.0 6905s
 24197189 1687573     cutoff   37         0.02285    0.02922  27.9%  30.0 6910s
 24217841 1687776    0.02796   43   63    0.02285    0.02921  27.8%  30.0 6915s
 24238097 1687701     cutoff   37         0.02285    0.02921  27.8%  30.0 6920s
 24254273 1687783 infeasible   72         0.02285    0.02920  27.8%  30.0 6925s
 24275346 1687889    0.02552   43   50    0.02285    0.02919  27.7%  30.0 6930s
 24296633 1687979    0.02337   48   44    0.02285    0.02918  27.7%  29.9 6935s
 24317073 1688336     cutoff   37         0.02285    0.02917  27.7%  29.9 6940s
 24337570 1688374     cutoff   50         0.02285    0.02917  27.6%  29.9 6945s
 24358387 1689201     cutoff   33         0.02285    0.02916  27.6%  29.9 6950s
 24381257 1689699    0.02650   73   23    0.02285    0.02915  27.6%  29.9 6955s
 24406960 1690342    0.02651   74   24    0.02285    0.02915  27.6%  29.9 6960s
 24433697 1691163     cutoff   52         0.02285    0.02914  27.5%  29.9 6965s
 24453643 1691567     cutoff   45         0.02285    0.02914  27.5%  29.9 6970s
 24480824 1692246     cutoff   38         0.02285    0.02914  27.5%  29.9 6975s
 24507730 1692741    0.02299   76   26    0.02285    0.02914  27.5%  29.9 6980s
 24533828 1693729    0.02563   75   21    0.02285    0.02913  27.5%  29.9 6985s
 24555125 1694294    0.02737   45   55    0.02285    0.02913  27.5%  29.8 6990s
 24579251 1694714     cutoff   74         0.02285    0.02912  27.5%  29.8 6995s
 24604155 1695423     cutoff   76         0.02285    0.02912  27.4%  29.8 7000s
 24627193 1696443 infeasible   77         0.02285    0.02911  27.4%  29.8 7005s
 24651141 1699006     cutoff   44         0.02285    0.02911  27.4%  29.8 7010s
 24675258 1700855    0.02536   39   44    0.02285    0.02910  27.4%  29.8 7015s
 24695781 1701083    0.02567   38   66    0.02285    0.02910  27.3%  29.8 7020s
 24717104 1701368     cutoff   35         0.02285    0.02909  27.3%  29.8 7025s
 24737439 1701444    0.02576   40   55    0.02285    0.02908  27.3%  29.8 7030s
 24754206 1701677    0.02508   41   55    0.02285    0.02907  27.2%  29.8 7035s
 24774127 1701974    0.02563   41   62    0.02285    0.02906  27.2%  29.8 7040s
 24794361 1702404     cutoff   41         0.02285    0.02906  27.2%  29.8 7045s
 24815620 1702579    0.02905   48   53    0.02285    0.02905  27.1%  29.8 7050s
 24836384 1702819     cutoff   62         0.02285    0.02904  27.1%  29.8 7055s
 24856709 1703110    0.02336   43   54    0.02285    0.02903  27.1%  29.8 7060s
 24879006 1703675    0.02563   45   61    0.02285    0.02903  27.0%  29.7 7065s
 24899849 1704010    0.02607   44   56    0.02285    0.02902  27.0%  29.7 7070s
 24920940 1704134     cutoff   38         0.02285    0.02901  27.0%  29.7 7075s
 24940516 1704142    0.02427   43   43    0.02285    0.02900  26.9%  29.7 7080s
 24961406 1704214    0.02822   37   60    0.02285    0.02900  26.9%  29.7 7085s
 24977583 1704224    0.02891   36   58    0.02285    0.02899  26.9%  29.7 7090s
 24997788 1704448     cutoff   67         0.02285    0.02898  26.8%  29.7 7095s
 25017366 1704672     cutoff   44         0.02285    0.02898  26.8%  29.7 7100s
 25037588 1704853    0.02496   38   59    0.02285    0.02897  26.8%  29.7 7105s
 25057933 1705207     cutoff   74         0.02285    0.02896  26.7%  29.7 7110s
 25078664 1705734    0.02542   42   51    0.02285    0.02895  26.7%  29.7 7115s
 25099274 1706085    0.02543   36   58    0.02285    0.02895  26.7%  29.7 7120s
 25118093 1706232    0.02481   40   53    0.02285    0.02894  26.6%  29.7 7125s
 25138248 1706312     cutoff   42         0.02285    0.02893  26.6%  29.7 7130s
 25155500 1706266     cutoff   38         0.02285    0.02892  26.6%  29.7 7135s
 25175458 1706186     cutoff   42         0.02285    0.02891  26.5%  29.7 7140s
 25189764 1706857     cutoff   71         0.02285    0.02891  26.5%  29.7 7145s
 25209911 1706857    0.02345   43   53    0.02285    0.02890  26.5%  29.7 7150s
 25229824 1706539    0.02370   44   54    0.02285    0.02890  26.5%  29.6 7155s
 25250019 1706099     cutoff   78         0.02285    0.02889  26.4%  29.6 7160s
 25270318 1705661    0.02577   46   49    0.02285    0.02888  26.4%  29.6 7165s
 25290987 1705703     cutoff   51         0.02285    0.02888  26.4%  29.6 7170s
 25311233 1706154    0.02554   46   53    0.02285    0.02887  26.4%  29.6 7175s
 25331576 1705385    0.02739   36   62    0.02285    0.02887  26.3%  29.6 7180s
 25352774 1704684    0.02323   80   22    0.02285    0.02886  26.3%  29.6 7185s
 25373420 1703431     cutoff   71         0.02285    0.02886  26.3%  29.6 7190s
 25394484 1702384     cutoff   77         0.02285    0.02885  26.3%  29.6 7195s
 25416071 1701402    0.02413   45   44    0.02285    0.02885  26.2%  29.6 7200s
 25432092 1701297    0.02844   33   56    0.02285    0.02884  26.2%  29.6 7205s
 25451712 1701208 infeasible   68         0.02285    0.02884  26.2%  29.6 7210s
 25472102 1701187     cutoff   64         0.02285    0.02883  26.2%  29.6 7215s
 25492525 1701360    0.02457   51   57    0.02285    0.02883  26.2%  29.6 7220s
 25512460 1701784     cutoff   46         0.02285    0.02882  26.1%  29.6 7225s
 25530532 1701818     cutoff   43         0.02285    0.02881  26.1%  29.6 7230s
 25552063 1702238    0.02587   33   56    0.02285    0.02881  26.1%  29.6 7235s
 25570937 1702628    0.02503   47   55    0.02285    0.02880  26.0%  29.5 7240s
 25591804 1702929    0.02876   69   16    0.02285    0.02879  26.0%  29.5 7245s
 25611633 1703163     cutoff   42         0.02285    0.02879  26.0%  29.5 7250s
 25631760 1703306     cutoff   42         0.02285    0.02878  26.0%  29.5 7255s
 25652481 1702966     cutoff   42         0.02285    0.02878  25.9%  29.5 7260s
 25667130 1702112     cutoff   40         0.02285    0.02877  25.9%  29.5 7265s
 25686878 1700852     cutoff   71         0.02285    0.02876  25.9%  29.5 7270s
 25706502 1699474    0.02572   43   55    0.02285    0.02876  25.9%  29.5 7275s
 25723870 1698432    0.02836   37   57    0.02285    0.02875  25.8%  29.5 7280s
 25744076 1698033    0.02839   52   49    0.02285    0.02875  25.8%  29.5 7285s
 25764588 1697820     cutoff   72         0.02285    0.02874  25.8%  29.5 7290s
 25785571 1697568     cutoff   83         0.02285    0.02874  25.8%  29.5 7295s
 25806141 1697330     cutoff   60         0.02285    0.02873  25.7%  29.5 7300s
 25826715 1697164     cutoff   39         0.02285    0.02872  25.7%  29.5 7305s
 25846966 1697254     cutoff   40         0.02285    0.02871  25.7%  29.5 7310s
 25865581 1697205     cutoff   40         0.02285    0.02871  25.6%  29.5 7315s
 25885517 1696918     cutoff   37         0.02285    0.02870  25.6%  29.5 7320s
 25906236 1696569     cutoff   71         0.02285    0.02869  25.6%  29.5 7325s
 25922560 1696426    0.02304   45   54    0.02285    0.02869  25.5%  29.5 7330s
 25942843 1697460    0.02337   50   52    0.02285    0.02868  25.5%  29.4 7335s
 25960848 1697453    0.02778   40   57    0.02285    0.02868  25.5%  29.4 7340s
 25982173 1697502     cutoff   48         0.02285    0.02867  25.5%  29.4 7345s
 26002094 1697677     cutoff   44         0.02285    0.02866  25.4%  29.4 7350s
 26022426 1697481     cutoff   43         0.02285    0.02866  25.4%  29.4 7355s
 26043369 1697339    0.02668   39   45    0.02285    0.02865  25.4%  29.4 7360s
 26063877 1697465    0.02348   41   59    0.02285    0.02864  25.4%  29.4 7365s
 26085237 1697319    0.02645   47   45    0.02285    0.02864  25.3%  29.4 7370s
 26105669 1697501     cutoff   46         0.02285    0.02863  25.3%  29.4 7375s
 26126741 1697305     cutoff   40         0.02285    0.02863  25.3%  29.4 7380s
 26142699 1697052    0.02453   34   64    0.02285    0.02862  25.3%  29.4 7385s
 26164177 1696732    0.02291   33   56    0.02285    0.02862  25.2%  29.4 7390s
 26184209 1696148    0.02821   41   51    0.02285    0.02861  25.2%  29.4 7395s
 26205780 1695434     cutoff   74         0.02285    0.02861  25.2%  29.4 7400s
 26225392 1694839     cutoff   52         0.02285    0.02860  25.2%  29.4 7405s
 26246884 1694682     cutoff   68         0.02285    0.02859  25.1%  29.4 7410s
 26269319 1693981    0.02859   72   38    0.02285    0.02859  25.1%  29.3 7415s
 26293267 1692806    0.02299   84   10    0.02285    0.02859  25.1%  29.3 7420s
 26315102 1691758     cutoff   75         0.02285    0.02858  25.1%  29.3 7425s
 26339466 1690426 infeasible   77         0.02285    0.02858  25.1%  29.3 7430s
 26364609 1688836     cutoff   75         0.02285    0.02858  25.1%  29.3 7435s
 26389400 1687132     cutoff   74         0.02285    0.02858  25.1%  29.3 7440s
 26414271 1685532     cutoff   76         0.02285    0.02858  25.1%  29.3 7445s
 26434528 1684006    0.02719   72   38    0.02285    0.02858  25.1%  29.3 7450s
 26452886 1683016    0.02707   44   50    0.02285    0.02858  25.1%  29.3 7455s
 26474821 1682299    0.02720   74   34    0.02285    0.02857  25.0%  29.3 7460s
 26494857 1681974 infeasible   49         0.02285    0.02857  25.0%  29.3 7465s
 26516801 1681920    0.02543   37   44    0.02285    0.02856  25.0%  29.3 7470s
 26537981 1681778     cutoff   39         0.02285    0.02855  25.0%  29.2 7475s
 26558656 1681573    0.02441   37   54    0.02285    0.02855  24.9%  29.2 7480s
 26579076 1681630     cutoff   43         0.02285    0.02854  24.9%  29.2 7485s
 26599874 1682073    0.02438   64   40    0.02285    0.02853  24.9%  29.2 7490s
 26618814 1682028    0.02624   45   50    0.02285    0.02852  24.8%  29.2 7495s
 26640026 1682177     cutoff   41         0.02285    0.02852  24.8%  29.2 7500s
 26661652 1682400    0.02661   45   56    0.02285    0.02851  24.8%  29.2 7505s
 26682701 1682718     cutoff   44         0.02285    0.02851  24.7%  29.2 7510s
 26699691 1682972    0.02820   43   56    0.02285    0.02850  24.7%  29.2 7515s
 26721213 1683541    0.02335   53   53    0.02285    0.02850  24.7%  29.2 7520s
 26741853 1683954    0.02655   43   56    0.02285    0.02849  24.7%  29.2 7525s
 26763724 1684445    0.02807   38   56    0.02285    0.02849  24.7%  29.2 7530s
 26784989 1684612     cutoff   74         0.02285    0.02848  24.6%  29.2 7535s
 26804936 1684593    0.02392   42   53    0.02285    0.02847  24.6%  29.2 7540s
 26825492 1684635    0.02847   61   17    0.02285    0.02847  24.6%  29.2 7545s
 26845798 1684598    0.02344   51   48    0.02285    0.02846  24.6%  29.2 7550s
 26865945 1684542    0.02744   32   54    0.02285    0.02846  24.5%  29.2 7555s
 26885818 1684739    0.02295   61   55    0.02285    0.02845  24.5%  29.1 7560s
 26907090 1685229    0.02433   36   60    0.02285    0.02844  24.5%  29.1 7565s
 26927890 1685469    0.02358   43   45    0.02285    0.02844  24.5%  29.1 7570s
 26945609 1685368    0.02767   41   52    0.02285    0.02843  24.4%  29.1 7575s
 26966914 1685564    0.02536   43   45    0.02285    0.02843  24.4%  29.1 7580s
 26981725 1685647    0.02311   37   44    0.02285    0.02842  24.4%  29.1 7585s
 27004225 1685580    0.02693   41   52    0.02285    0.02841  24.3%  29.1 7590s
 27025424 1685373    0.02803   78   14    0.02285    0.02841  24.3%  29.1 7595s
 27046901 1685360     cutoff   36         0.02285    0.02840  24.3%  29.1 7600s
 27068412 1685357     cutoff   44         0.02285    0.02839  24.2%  29.1 7605s
 27090612 1685503    0.02709   30   53    0.02285    0.02838  24.2%  29.1 7610s
 27112095 1685333     cutoff   40         0.02285    0.02838  24.2%  29.1 7615s
 27133932 1684718    0.02290   44   51    0.02285    0.02837  24.2%  29.1 7620s
 27155085 1684656    0.02563   38   51    0.02285    0.02836  24.1%  29.1 7625s
 27176655 1684446    0.02836   41   48    0.02285    0.02836  24.1%  29.1 7630s
 27196430 1684563     cutoff   45         0.02285    0.02835  24.1%  29.1 7635s
 27218388 1684764     cutoff   34         0.02285    0.02834  24.0%  29.1 7640s
 27239254 1685009     cutoff   43         0.02285    0.02834  24.0%  29.1 7645s
 27255947 1685022    0.02527   36   57    0.02285    0.02833  24.0%  29.0 7650s
 27277705 1685204     cutoff   46         0.02285    0.02832  23.9%  29.0 7655s
 27298898 1685023     cutoff   50         0.02285    0.02831  23.9%  29.0 7660s
 27320253 1684936    0.02395   47   53    0.02285    0.02831  23.9%  29.0 7665s
 27341946 1685073    0.02829   42   58    0.02285    0.02830  23.8%  29.0 7670s
 27364087 1685107    0.02806   43   44    0.02285    0.02829  23.8%  29.0 7675s
 27385999 1685056    0.02829   40   57    0.02285    0.02829  23.8%  29.0 7680s
 27407061 1685186     cutoff   44         0.02285    0.02828  23.8%  29.0 7685s
 27428537 1685176 infeasible   73         0.02285    0.02827  23.7%  29.0 7690s
 27449457 1685092     cutoff   43         0.02285    0.02827  23.7%  29.0 7695s
 27471052 1684874     cutoff   46         0.02285    0.02826  23.7%  29.0 7700s
 27492404 1684816    0.02811   42   47    0.02285    0.02825  23.6%  29.0 7705s
 27509287 1684671     cutoff   34         0.02285    0.02825  23.6%  29.0 7710s
 27526474 1684632    0.02489   40   54    0.02285    0.02824  23.6%  29.0 7715s
 27547705 1684613     cutoff   46         0.02285    0.02823  23.5%  29.0 7720s
 27569235 1684701     cutoff   45         0.02285    0.02822  23.5%  29.0 7725s
 27590937 1684493     cutoff   42         0.02285    0.02822  23.5%  29.0 7730s
 27612458 1684471    0.02459   42   50    0.02285    0.02821  23.5%  29.0 7735s
 27634827 1684792     cutoff   44         0.02285    0.02820  23.4%  28.9 7740s
 27657107 1684846    0.02343   42   58    0.02285    0.02820  23.4%  28.9 7745s
 27678414 1684984    0.02496   44   52    0.02285    0.02819  23.4%  28.9 7750s
 27700418 1685264     cutoff   62         0.02285    0.02818  23.3%  28.9 7755s
 27721648 1685431    0.02769   45   48    0.02285    0.02818  23.3%  28.9 7760s
 27743767 1685308     cutoff   55         0.02285    0.02817  23.3%  28.9 7765s
 27765334 1685244     cutoff   35         0.02285    0.02816  23.2%  28.9 7770s
 27786922 1685358     cutoff   38         0.02285    0.02816  23.2%  28.9 7775s
 27803227 1685199    0.02456   44   53    0.02285    0.02815  23.2%  28.9 7780s
 27825503 1685072     cutoff   47         0.02285    0.02814  23.2%  28.9 7785s
 27846508 1684960     cutoff   41         0.02285    0.02814  23.1%  28.9 7790s
 27867701 1684645     cutoff   49         0.02285    0.02813  23.1%  28.9 7795s
 27888347 1684493    0.02390   43   52    0.02285    0.02812  23.1%  28.9 7800s
 27910346 1684303    0.02394   58   22    0.02285    0.02811  23.0%  28.9 7805s
 27932727 1684289     cutoff   54         0.02285    0.02811  23.0%  28.9 7810s
 27954037 1684337    0.02340   54   14    0.02285    0.02810  23.0%  28.9 7815s
 27976604 1683515    0.02438   74   31    0.02285    0.02809  22.9%  28.9 7820s
 27997511 1683562    0.02647   45   47    0.02285    0.02809  22.9%  28.9 7825s
 28018756 1683044    0.02485   47   45    0.02285    0.02808  22.9%  28.8 7830s
 28040172 1682635     cutoff   47         0.02285    0.02807  22.9%  28.8 7835s
 28056499 1682246    0.02305   36   59    0.02285    0.02807  22.8%  28.8 7840s
 28078867 1681321    0.02306   45   56    0.02285    0.02806  22.8%  28.8 7845s
 28102396 1679460    0.02783   41   52    0.02285    0.02806  22.8%  28.8 7850s
 28124323 1679666     cutoff   44         0.02285    0.02805  22.8%  28.8 7855s
 28144647 1679607     cutoff   41         0.02285    0.02805  22.7%  28.8 7860s
 28164638 1679530     cutoff   43         0.02285    0.02804  22.7%  28.8 7865s
 28186530 1679615     cutoff   40         0.02285    0.02803  22.7%  28.8 7870s
 28208266 1679522     cutoff   41         0.02285    0.02802  22.6%  28.8 7875s
 28229296 1679213     cutoff   52         0.02285    0.02802  22.6%  28.8 7880s
 28250471 1678881     cutoff   45         0.02285    0.02801  22.6%  28.8 7885s
 28272340 1678702    0.02318   44   53    0.02285    0.02800  22.5%  28.8 7890s
 28293385 1678355    0.02586   76   23    0.02285    0.02800  22.5%  28.8 7895s
 28310822 1678559     cutoff   70         0.02285    0.02799  22.5%  28.8 7900s
 28331777 1678230     cutoff   72         0.02285    0.02798  22.5%  28.8 7905s
 28353601 1677737    0.02402   43   45    0.02285    0.02798  22.4%  28.8 7910s
 28374531 1675576     cutoff   44         0.02285    0.02797  22.4%  28.7 7915s
 28396146 1674815    0.02539   38   53    0.02285    0.02796  22.4%  28.7 7920s
 28417029 1674787    0.02794   43   53    0.02285    0.02796  22.3%  28.7 7925s
 28438282 1675225     cutoff   46         0.02285    0.02795  22.3%  28.7 7930s
 28459192 1674944     cutoff   82         0.02285    0.02794  22.3%  28.7 7935s
 28481067 1674510    0.02356   42   54    0.02285    0.02793  22.2%  28.7 7940s
 28502058 1674136     cutoff   44         0.02285    0.02793  22.2%  28.7 7945s
 28523520 1674100    0.02428   46   56    0.02285    0.02792  22.2%  28.7 7950s
 28544724 1673748     cutoff   42         0.02285    0.02791  22.2%  28.7 7955s
 28560719 1673274    0.02369   74   29    0.02285    0.02791  22.1%  28.7 7960s
 28582479 1673012    0.02385   41   46    0.02285    0.02790  22.1%  28.7 7965s
 28603434 1672225    0.02789   51   57    0.02285    0.02789  22.1%  28.7 7970s
 28624202 1671598     cutoff   54         0.02285    0.02789  22.0%  28.7 7975s
 28644938 1671217     cutoff   46         0.02285    0.02788  22.0%  28.7 7980s
 28667388 1670884    0.02367   34   52    0.02285    0.02787  22.0%  28.7 7985s
 28688345 1670701 infeasible   45         0.02285    0.02787  21.9%  28.7 7990s
 28710182 1669784    0.02596   49   48    0.02285    0.02786  21.9%  28.7 7995s
 28731240 1669098     cutoff   42         0.02285    0.02785  21.9%  28.7 8000s
 28749973 1668319    0.02622   46   55    0.02285    0.02784  21.8%  28.7 8005s
 28770019 1667085    0.02783   41   56    0.02285    0.02784  21.8%  28.6 8010s
 28791267 1666432    0.02484   42   56    0.02285    0.02783  21.8%  28.6 8015s
 28808013 1666068     cutoff   94         0.02285    0.02782  21.8%  28.6 8020s
 28829032 1665722 infeasible   44         0.02285    0.02782  21.7%  28.6 8025s
 28849330 1665273    0.02312   46   48    0.02285    0.02781  21.7%  28.6 8030s
 28871015 1665087     cutoff   43         0.02285    0.02780  21.7%  28.6 8035s
 28892206 1664662     cutoff   53         0.02285    0.02779  21.6%  28.6 8040s
 28913114 1664177     cutoff   49         0.02285    0.02779  21.6%  28.6 8045s
 28934035 1663793    0.02383   43   65    0.02285    0.02778  21.6%  28.6 8050s
 28955608 1663425     cutoff   46         0.02285    0.02777  21.5%  28.6 8055s
 28977320 1663452     cutoff   43         0.02285    0.02776  21.5%  28.6 8060s
 28998238 1662766    0.02776   43   58    0.02285    0.02776  21.5%  28.6 8065s
 29018874 1662395     cutoff   45         0.02285    0.02775  21.4%  28.6 8070s
 29040591 1661881    0.02366   47   56    0.02285    0.02774  21.4%  28.6 8075s
 29058690 1661498    0.02399   38   57    0.02285    0.02774  21.4%  28.6 8080s
 29080192 1660819     cutoff   43         0.02285    0.02773  21.3%  28.6 8085s
 29102145 1660564     cutoff   43         0.02285    0.02772  21.3%  28.6 8090s
 29123610 1659900    0.02687   30   58    0.02285    0.02771  21.3%  28.6 8095s
 29144857 1659337    0.02482   47   34    0.02285    0.02770  21.2%  28.6 8100s
 29166414 1658771     cutoff   43         0.02285    0.02770  21.2%  28.6 8105s
 29188550 1658543    0.02299   82   13    0.02285    0.02769  21.2%  28.6 8110s
 29209190 1658253     cutoff   43         0.02285    0.02768  21.1%  28.5 8115s
 29231171 1658238     cutoff   39         0.02285    0.02767  21.1%  28.5 8120s
 29252514 1657584    0.02411   40   56    0.02285    0.02767  21.1%  28.5 8125s
 29269433 1657155    0.02558   45   48    0.02285    0.02766  21.0%  28.5 8130s
 29291156 1655939 infeasible   56         0.02285    0.02765  21.0%  28.5 8135s
 29311654 1653688     cutoff   51         0.02285    0.02765  21.0%  28.5 8140s
 29328176 1651771    0.02534   52   46    0.02285    0.02764  21.0%  28.5 8145s
 29349189 1650419    0.02628   36   56    0.02285    0.02764  20.9%  28.5 8150s
 29369917 1649312    0.02633   32   60    0.02285    0.02763  20.9%  28.5 8155s
 29390484 1648521     cutoff   38         0.02285    0.02762  20.9%  28.5 8160s
 29411663 1647781    0.02758   38   55    0.02285    0.02761  20.8%  28.5 8165s
 29432911 1647159    0.02486   46   55    0.02285    0.02761  20.8%  28.5 8170s
 29454330 1646512     cutoff   42         0.02285    0.02760  20.8%  28.5 8175s
 29475851 1645895    0.02574   40   54    0.02285    0.02759  20.7%  28.5 8180s
 29492241 1645497     cutoff   41         0.02285    0.02759  20.7%  28.5 8185s
 29513643 1644985     cutoff   47         0.02285    0.02758  20.7%  28.5 8190s
 29535526 1644279    0.02313   31   62    0.02285    0.02757  20.7%  28.5 8195s
 29556617 1643724     cutoff   44         0.02285    0.02756  20.6%  28.5 8200s
 29577710 1643374     cutoff   40         0.02285    0.02756  20.6%  28.5 8205s
 29599711 1642862    0.02488   45   57    0.02285    0.02755  20.6%  28.5 8210s
 29620592 1642741     cutoff   42         0.02285    0.02754  20.5%  28.5 8215s
 29642375 1642377     cutoff   56         0.02285    0.02753  20.5%  28.4 8220s
 29663579 1641832     cutoff   46         0.02285    0.02753  20.5%  28.4 8225s
 29684890 1641148     cutoff   53         0.02285    0.02752  20.4%  28.4 8230s
 29704729 1640779     cutoff   71         0.02285    0.02751  20.4%  28.4 8235s
 29724240 1640414     cutoff   43         0.02285    0.02751  20.4%  28.4 8240s
 29745522 1640130     cutoff   43         0.02285    0.02750  20.3%  28.4 8245s
 29767288 1639995     cutoff   44         0.02285    0.02749  20.3%  28.4 8250s
 29789386 1639586    0.02739   37   52    0.02285    0.02748  20.3%  28.4 8255s
 29811356 1639442    0.02674   40   56    0.02285    0.02748  20.2%  28.4 8260s
 29831970 1638882    0.02604   67   40    0.02285    0.02747  20.2%  28.4 8265s
 29854427 1638737    0.02723   35   54    0.02285    0.02746  20.2%  28.4 8270s
 29875898 1638135     cutoff   42         0.02285    0.02745  20.1%  28.4 8275s
 29896992 1637419     cutoff   43         0.02285    0.02745  20.1%  28.4 8280s
 29914255 1637213    0.02447   42   50    0.02285    0.02744  20.1%  28.4 8285s
 29933583 1636586     cutoff   62         0.02285    0.02743  20.1%  28.4 8290s
 29954212 1636369     cutoff   45         0.02285    0.02743  20.0%  28.4 8295s

Cutting planes:
  Gomory: 16
  Implied bound: 38
  MIR: 22
  Mixing: 3
  Flow cover: 88
  Inf proof: 1
  RLT: 130
  Relax-and-lift: 8
  BQP: 61

Explored 29959741 nodes (849889256 simplex iterations) in 8296.16 seconds (9149.19 work units)
Thread count was 4 (of 4 available processors)

Solution count 10: 0.0228511 0.0226492 0.0217517 ... 0.0197627

Optimization achieved user objective limit
Best objective 2.285107536585e-02, best bound 2.742616996430e-02, gap 20.0214%
{"verdict": "PROVED", "status": "BOUND_REACHED", "runtime": 8296.157413959503, "objval": 0.022851075365847857, "objbound": 0.027426169964296067, "binaries": 70}
